region_id,grid_lat,grid_lon,year,month,date,raw_probability,raw_probability_percent,calibrated_probability,calibrated_probability_percent,predicted_event,activity_level,actual_next_month_event
GRID_N00_E020,0,20,2025,1,2025-01-01,1.0,100.0,1.0,100.0,1,VERY HIGH,1
GRID_N00_E020,0,20,2025,11,2025-11-01,1.0,100.0,1.0,100.0,1,VERY HIGH,1
GRID_N30_W100,30,-100,2025,3,2025-03-01,1.0,100.0,1.0,100.0,1,VERY HIGH,1
GRID_N50_E110,50,110,2025,5,2025-05-01,1.0,100.0,1.0,100.0,1,VERY HIGH,1
GRID_N30_W120,30,-120,2025,6,2025-06-01,1.0,100.0,0.9999999999999964,99.99999999999964,1,VERY HIGH,1
GRID_N30_W120,30,-120,2025,5,2025-05-01,1.0,100.0,0.9999999999999757,99.99999999999757,1,VERY HIGH,1
GRID_S20_E130,-20,130,2025,8,2025-08-01,1.0,100.0,0.9999999999999736,99.99999999999736,1,VERY HIGH,1
GRID_S20_E020,-20,20,2025,8,2025-08-01,1.0,100.0,0.9999999999999609,99.99999999999609,1,VERY HIGH,1
GRID_S20_E130,-20,130,2025,6,2025-06-01,1.0,100.0,0.9999999999998661,99.99999999998661,1,VERY HIGH,1
GRID_N40_W120,40,-120,2025,7,2025-07-01,1.0,100.0,0.9999999999989371,99.9999999998937,1,VERY HIGH,1
GRID_S20_E130,-20,130,2025,7,2025-07-01,1.0,100.0,0.9999999999983323,99.99999999983324,1,VERY HIGH,1
GRID_S10_E020,-10,20,2025,7,2025-07-01,1.0,100.0,0.999999999995965,99.9999999995965,1,VERY HIGH,1
GRID_N30_W100,30,-100,2025,4,2025-04-01,1.0,100.0,0.999999999991536,99.9999999991536,1,VERY HIGH,1
GRID_N30_W120,30,-120,2025,4,2025-04-01,1.0,100.0,0.9999999999881217,99.99999999881217,1,VERY HIGH,1
GRID_N50_W110,50,-110,2025,7,2025-07-01,1.0,100.0,0.9999999999873672,99.99999999873673,1,VERY HIGH,1
GRID_S20_W050,-20,-50,2025,9,2025-09-01,1.0,100.0,0.9999999999790685,99.99999999790685,1,VERY HIGH,1
GRID_N40_W120,40,-120,2025,8,2025-08-01,1.0,100.0,0.9999999999733064,99.99999999733063,1,VERY HIGH,1
GRID_N30_W120,30,-120,2025,3,2025-03-01,1.0,100.0,0.9999999999439207,99.99999999439207,1,VERY HIGH,1
GRID_N30_W120,30,-120,2025,2,2025-02-01,1.0,100.0,0.9999999999403943,99.99999999403943,1,VERY HIGH,1
GRID_S20_E130,-20,130,2025,5,2025-05-01,1.0,100.0,0.9999999999359842,99.99999999359842,1,VERY HIGH,1
GRID_N30_W120,30,-120,2025,1,2025-01-01,1.0,100.0,0.9999999999221194,99.99999999221194,1,VERY HIGH,1
GRID_S20_E030,-20,30,2025,8,2025-08-01,1.0,100.0,0.9999999989689912,99.99999989689911,1,VERY HIGH,1
GRID_S20_E120,-20,120,2025,9,2025-09-01,1.0,100.0,0.9999999988458818,99.99999988458818,1,VERY HIGH,1
GRID_N30_W130,30,-130,2025,6,2025-06-01,1.0,100.0,0.9999999965270966,99.99999965270966,1,VERY HIGH,1
GRID_S20_E120,-20,120,2025,8,2025-08-01,1.0,100.0,0.9999999935093896,99.99999935093896,1,VERY HIGH,1
GRID_N30_W100,30,-100,2025,2,2025-02-01,1.0,100.0,0.9999999929780353,99.99999929780353,1,VERY HIGH,1
GRID_S10_E010,-10,10,2025,8,2025-08-01,1.0,100.0,0.999999987873486,99.9999987873486,1,VERY HIGH,1
GRID_S20_W060,-20,-60,2025,8,2025-08-01,1.0,100.0,0.9999999811501095,99.99999811501095,1,VERY HIGH,1
GRID_N40_W120,40,-120,2025,6,2025-06-01,1.0,100.0,0.9999999481275745,99.99999481275745,1,VERY HIGH,1
GRID_N50_W100,50,-100,2025,7,2025-07-01,1.0,100.0,0.999999923676002,99.9999923676002,1,VERY HIGH,1
GRID_N50_E110,50,110,2025,4,2025-04-01,1.0,100.0,0.9999998659649817,99.99998659649818,1,VERY HIGH,1
GRID_S20_E130,-20,130,2025,9,2025-09-01,0.9999999999999969,99.99999999999969,0.9999997730453132,99.99997730453131,1,VERY HIGH,1
GRID_S20_E120,-20,120,2025,5,2025-05-01,1.0,100.0,0.9999997650438953,99.99997650438954,1,VERY HIGH,1
GRID_N40_W120,40,-120,2025,5,2025-05-01,0.9999999999999993,99.99999999999993,0.9999997506055763,99.99997506055763,1,VERY HIGH,1
GRID_N30_W130,30,-130,2025,5,2025-05-01,0.999999999999942,99.9999999999942,0.9999987660578084,99.99987660578084,1,VERY HIGH,1
GRID_S10_E010,-10,10,2025,7,2025-07-01,0.9999999999998657,99.99999999998657,0.9999984969571225,99.99984969571226,1,VERY HIGH,1
GRID_S10_E020,-10,20,2025,6,2025-06-01,0.9999999999999427,99.99999999999427,0.9999984717368635,99.99984717368635,1,VERY HIGH,1
GRID_S20_E010,-20,10,2025,7,2025-07-01,0.9999999999997131,99.99999999997131,0.9999983109937858,99.99983109937858,1,VERY HIGH,1
GRID_N40_W120,40,-120,2025,4,2025-04-01,0.9999999999999585,99.99999999999585,0.9999981311474759,99.9998131147476,1,VERY HIGH,1
GRID_N50_E110,50,110,2025,6,2025-06-01,0.9999999999998388,99.99999999998388,0.9999980623346982,99.99980623346983,1,VERY HIGH,0
GRID_N30_W100,30,-100,2025,11,2025-11-01,0.9999999999997982,99.99999999997982,0.9999979676404532,99.99979676404533,1,VERY HIGH,1
GRID_N30_W090,30,-90,2025,3,2025-03-01,0.9999999999999998,99.99999999999997,0.9999971699942535,99.99971699942535,1,VERY HIGH,1
GRID_N30_W090,30,-90,2025,2,2025-02-01,0.9999999999999993,99.99999999999993,0.9999964030265798,99.99964030265798,1,VERY HIGH,1
GRID_N30_W110,30,-110,2025,5,2025-05-01,0.9999999999996012,99.99999999996012,0.9999963508619578,99.99963508619578,1,VERY HIGH,1
GRID_N30_W110,30,-110,2025,6,2025-06-01,0.9999999999998395,99.99999999998394,0.9999954587455147,99.99954587455147,1,VERY HIGH,1
GRID_N30_W130,30,-130,2025,4,2025-04-01,0.9999999999986768,99.99999999986768,0.9999935328976332,99.99935328976332,1,VERY HIGH,1
GRID_S20_E010,-20,10,2025,8,2025-08-01,0.9999999999991531,99.99999999991532,0.9999924232142355,99.99924232142355,1,VERY HIGH,1
GRID_N30_W110,30,-110,2025,3,2025-03-01,0.9999999999986484,99.99999999986484,0.9999920535329061,99.9992053532906,1,VERY HIGH,1
GRID_S20_E130,-20,130,2025,10,2025-10-01,0.999999999999585,99.9999999999585,0.9999920487250987,99.99920487250988,1,VERY HIGH,1
GRID_S10_E020,-10,20,2025,8,2025-08-01,0.9999999999995757,99.99999999995757,0.9999910580792741,99.9991058079274,1,VERY HIGH,0
GRID_N00_E030,0,30,2025,11,2025-11-01,0.9999999999998948,99.99999999998947,0.9999905025107803,99.99905025107803,1,VERY HIGH,1
GRID_N30_W130,30,-130,2025,3,2025-03-01,0.9999999999969582,99.99999999969582,0.9999903271143632,99.99903271143631,1,VERY HIGH,0
GRID_N40_W130,40,-130,2025,7,2025-07-01,0.9999999999999911,99.99999999999912,0.9999902055794084,99.99902055794084,1,VERY HIGH,1
GRID_S20_W050,-20,-50,2025,8,2025-08-01,0.9999999999994662,99.99999999994662,0.9999897870555845,99.99897870555844,1,VERY HIGH,1
GRID_N40_W130,40,-130,2025,6,2025-06-01,0.9999999999992697,99.99999999992697,0.9999896908383971,99.99896908383971,1,VERY HIGH,1
GRID_N30_W130,30,-130,2025,2,2025-02-01,0.9999999999964762,99.99999999964761,0.9999895048788086,99.99895048788086,1,VERY HIGH,0
GRID_S20_W060,-20,-60,2025,9,2025-09-01,0.9999999999978837,99.99999999978837,0.9999890670328652,99.99890670328652,1,VERY HIGH,1
GRID_S20_W060,-20,-60,2025,7,2025-07-01,0.9999999999986244,99.99999999986244,0.9999883454672759,99.9988345467276,1,VERY HIGH,1
GRID_N30_W110,30,-110,2025,2,2025-02-01,0.9999999999919089,99.99999999919089,0.9999860705389383,99.99860705389383,1,VERY HIGH,1
GRID_N40_W110,40,-110,2025,6,2025-06-01,0.9999999999920755,99.99999999920755,0.9999859552124839,99.99859552124839,1,VERY HIGH,1
GRID_N40_W110,40,-110,2025,3,2025-03-01,0.9999999999991396,99.99999999991395,0.9999848251856142,99.99848251856142,1,VERY HIGH,1
GRID_N30_W130,30,-130,2025,1,2025-01-01,0.9999999999916138,99.99999999916139,0.9999830915346977,99.99830915346976,1,VERY HIGH,0
GRID_S20_E030,-20,30,2025,9,2025-09-01,0.9999999999904137,99.99999999904136,0.9999823931700582,99.99823931700583,1,VERY HIGH,0
GRID_S20_W060,-20,-60,2025,6,2025-06-01,0.9999999999971321,99.99999999971321,0.9999814063833747,99.99814063833747,1,VERY HIGH,1
GRID_N40_W110,40,-110,2025,5,2025-05-01,0.9999999999632414,99.99999999632414,0.9999776148517576,99.99776148517576,1,VERY HIGH,1
GRID_N40_W110,40,-110,2025,4,2025-04-01,0.9999999999815106,99.99999999815105,0.99997492641531,99.99749264153101,1,VERY HIGH,1
GRID_N40_W120,40,-120,2025,3,2025-03-01,0.9999999999950089,99.99999999950089,0.9999714819262335,99.99714819262336,1,VERY HIGH,1
GRID_S20_W060,-20,-60,2025,5,2025-05-01,0.9999999999912152,99.99999999912153,0.9999712335954349,99.9971233595435,1,VERY HIGH,0
GRID_N60_W150,60,-150,2025,6,2025-06-01,0.9999999999980005,99.99999999980005,0.9999550547348217,99.99550547348217,1,VERY HIGH,1
GRID_N30_W090,30,-90,2025,4,2025-04-01,0.999999999999889,99.9999999999889,0.9999538482223068,99.99538482223068,1,VERY HIGH,1
GRID_N40_W110,40,-110,2025,7,2025-07-01,0.9999999999796372,99.99999999796371,0.9999408633279732,99.99408633279731,1,VERY HIGH,1
GRID_N60_W160,60,-160,2025,6,2025-06-01,0.9999999999799449,99.9999999979945,0.9999357286733181,99.99357286733182,1,VERY HIGH,1
GRID_S20_E120,-20,120,2025,7,2025-07-01,0.9999999999233058,99.99999999233057,0.9999312688421244,99.99312688421243,1,VERY HIGH,1
GRID_S20_W060,-20,-60,2025,4,2025-04-01,0.9999999999407556,99.99999999407557,0.9999249500621012,99.99249500621012,1,VERY HIGH,0
GRID_S10_E020,-10,20,2025,5,2025-05-01,0.9999999998796691,99.99999998796692,0.999918528785878,99.99185287858779,1,VERY HIGH,1
GRID_N50_W110,50,-110,2025,5,2025-05-01,0.9999999999973783,99.99999999973784,0.9999151773007837,99.99151773007837,1,VERY HIGH,1
GRID_N40_W110,40,-110,2025,8,2025-08-01,0.999999999996682,99.9999999996682,0.9999134590918535,99.99134590918534,1,VERY HIGH,1
GRID_N40_W130,40,-130,2025,5,2025-05-01,0.9999999999133018,99.99999999133018,0.9999128554887399,99.99128554887399,1,VERY HIGH,1
GRID_S20_E020,-20,20,2025,7,2025-07-01,0.9999999999227625,99.99999999227624,0.9998794118723364,99.98794118723364,1,VERY HIGH,1
GRID_S10_W050,-10,-50,2025,9,2025-09-01,0.9999999999749558,99.99999999749558,0.9998656765571603,99.98656765571603,1,VERY HIGH,1
GRID_N30_W100,30,-100,2025,10,2025-10-01,0.9999999997447593,99.99999997447593,0.999863801394986,99.98638013949859,1,VERY HIGH,1
GRID_N30_W110,30,-110,2025,4,2025-04-01,0.9999999994613564,99.99999994613565,0.9998625232864906,99.98625232864906,1,VERY HIGH,1
GRID_N30_W110,30,-110,2025,1,2025-01-01,0.9999999990949042,99.99999990949043,0.9998158440688767,99.98158440688766,1,VERY HIGH,1
GRID_S10_E020,-10,20,2025,4,2025-04-01,0.9999999992057318,99.99999992057317,0.9997367082625257,99.97367082625257,1,VERY HIGH,1
GRID_N40_W130,40,-130,2025,4,2025-04-01,0.9999999986445514,99.99999986445513,0.999715602084754,99.9715602084754,1,VERY HIGH,1
GRID_S10_W050,-10,-50,2025,8,2025-08-01,0.9999999981563412,99.99999981563413,0.9996872627947695,99.96872627947695,1,VERY HIGH,1
GRID_S10_E020,-10,20,2025,3,2025-03-01,0.9999999986934038,99.99999986934039,0.9996584880342925,99.96584880342925,1,VERY HIGH,0
GRID_N00_E020,0,20,2025,10,2025-10-01,0.9999999985382693,99.99999985382692,0.9996047114434317,99.96047114434316,1,VERY HIGH,1
GRID_N30_W090,30,-90,2025,11,2025-11-01,0.9999999954591543,99.99999954591543,0.999588790947643,99.9588790947643,1,VERY HIGH,1
GRID_S20_W070,-20,-70,2025,7,2025-07-01,0.9999999968115585,99.99999968115586,0.9995614522617913,99.95614522617913,1,VERY HIGH,1
GRID_S20_E120,-20,120,2025,6,2025-06-01,0.9999999927201637,99.99999927201637,0.9995196049284338,99.95196049284338,1,VERY HIGH,1
GRID_N00_E020,0,20,2025,9,2025-09-01,0.999999997554279,99.99999975542791,0.9994939287584959,99.94939287584958,1,VERY HIGH,0
GRID_N00_E020,0,20,2025,8,2025-08-01,0.9999999958837464,99.99999958837465,0.9993498200867895,99.93498200867896,1,VERY HIGH,0
GRID_S20_E130,-20,130,2025,11,2025-11-01,0.9999999999986058,99.99999999986058,0.9992440003861308,99.92440003861309,1,VERY HIGH,1
GRID_S20_E020,-20,20,2025,6,2025-06-01,0.999999993412924,99.9999993412924,0.9992228943594356,99.92228943594355,1,VERY HIGH,1
GRID_N30_W120,30,-120,2025,7,2025-07-01,0.9999999999999267,99.99999999999267,0.9991743587391488,99.91743587391488,1,VERY HIGH,1
GRID_S20_E020,-20,20,2025,5,2025-05-01,0.9999999922348376,99.99999922348375,0.9991680930680922,99.91680930680921,1,VERY HIGH,0
GRID_N40_W120,40,-120,2025,2,2025-02-01,0.999999998524113,99.9999998524113,0.9991280468865724,99.91280468865725,1,VERY HIGH,1
GRID_N40_W100,40,-100,2025,4,2025-04-01,0.9999999885452738,99.99999885452738,0.9990851990629093,99.90851990629093,1,VERY HIGH,1
GRID_N20_E090,20,90,2025,3,2025-03-01,0.9999999996628433,99.99999996628432,0.998964678574078,99.8964678574078,1,VERY HIGH,1
GRID_S20_E140,-20,140,2025,11,2025-11-01,0.999999993205752,99.9999993205752,0.998958705132489,99.8958705132489,1,VERY HIGH,1
GRID_S20_E020,-20,20,2025,4,2025-04-01,0.9999999851551447,99.99999851551446,0.9988357624126838,99.88357624126837,1,VERY HIGH,0
GRID_N30_W100,30,-100,2025,1,2025-01-01,0.9999999960335573,99.99999960335573,0.9988016459475478,99.88016459475479,1,VERY HIGH,1
GRID_N40_W130,40,-130,2025,3,2025-03-01,0.9999999805530077,99.99999805530076,0.9986708488896234,99.86708488896234,1,VERY HIGH,1
GRID_S20_E120,-20,120,2025,10,2025-10-01,0.9999999989614126,99.99999989614126,0.9986029253801563,99.86029253801563,1,VERY HIGH,1
GRID_N50_E120,50,120,2025,5,2025-05-01,0.9999998934160188,99.99998934160188,0.9982853113198257,99.82853113198257,1,VERY HIGH,0
GRID_N50_W110,50,-110,2025,6,2025-06-01,0.9999999949580993,99.99999949580993,0.998203172577982,99.8203172577982,1,VERY HIGH,1
GRID_S20_E140,-20,140,2025,8,2025-08-01,0.9999999518151076,99.99999518151076,0.9979887373472469,99.7988737347247,1,VERY HIGH,1
GRID_S20_E030,-20,30,2025,7,2025-07-01,0.9999999623982995,99.99999623982994,0.9977937824349159,99.77937824349159,1,VERY HIGH,1
GRID_S10_E030,-10,30,2025,8,2025-08-01,0.9999998937682313,99.99998937682312,0.997412535634432,99.7412535634432,1,VERY HIGH,1
GRID_N40_W130,40,-130,2025,2,2025-02-01,0.9999999339065787,99.99999339065788,0.9972585326114046,99.72585326114046,1,VERY HIGH,0
GRID_S20_E020,-20,20,2025,3,2025-03-01,0.9999999032357141,99.99999032357141,0.9969298002228427,99.69298002228427,1,VERY HIGH,0
GRID_N40_W130,40,-130,2025,8,2025-08-01,0.9999999993111495,99.99999993111494,0.9968806259813588,99.68806259813589,1,VERY HIGH,1
GRID_N40_W010,40,-10,2025,8,2025-08-01,0.9999999873804174,99.99999873804174,0.9966396768664852,99.66396768664852,1,VERY HIGH,1
GRID_S20_E130,-20,130,2025,4,2025-04-01,0.99999998409803,99.999998409803,0.9966343999472158,99.66343999472159,1,VERY HIGH,1
GRID_S20_E120,-20,120,2025,4,2025-04-01,0.9999999824156361,99.99999824156362,0.9965820507286803,99.65820507286803,1,VERY HIGH,1
GRID_N30_W100,30,-100,2025,5,2025-05-01,0.9999999787044598,99.99999787044598,0.9962878412867182,99.62878412867182,1,VERY HIGH,0
GRID_N10_E000,10,0,2025,11,2025-11-01,0.9999998851660167,99.99998851660166,0.9962339733778958,99.62339733778958,1,VERY HIGH,1
GRID_S10_E010,-10,10,2025,6,2025-06-01,0.9999997773873834,99.99997773873834,0.995878332184993,99.5878332184993,1,VERY HIGH,1
GRID_N20_W090,20,-90,2025,1,2025-01-01,0.9999999827622071,99.99999827622071,0.9956173183719322,99.56173183719322,1,VERY HIGH,1
GRID_S20_E010,-20,10,2025,6,2025-06-01,0.9999997795854787,99.99997795854787,0.9955343236004495,99.55343236004495,1,VERY HIGH,1
GRID_S20_E010,-20,10,2025,5,2025-05-01,0.9999997705203136,99.99997705203137,0.9954358302015869,99.54358302015869,1,VERY HIGH,0
GRID_S20_E030,-20,30,2025,6,2025-06-01,0.9999997487113196,99.99997487113195,0.9954276892425845,99.54276892425845,1,VERY HIGH,0
GRID_S20_E030,-20,30,2025,5,2025-05-01,0.9999997383763685,99.99997383763684,0.9953278670627677,99.53278670627677,1,VERY HIGH,0
GRID_S30_E140,-30,140,2025,11,2025-11-01,0.9999998621923151,99.9999862192315,0.9950253046907467,99.50253046907467,1,VERY HIGH,1
GRID_S10_E010,-10,10,2025,5,2025-05-01,0.999999543395016,99.9999543395016,0.9942941397626809,99.4294139762681,1,VERY HIGH,1
GRID_S20_W070,-20,-70,2025,8,2025-08-01,0.9999996898799031,99.9999689879903,0.9941883521203309,99.41883521203309,1,VERY HIGH,1
GRID_N40_W100,40,-100,2025,5,2025-05-01,0.9999995582309642,99.99995582309641,0.9941451175431413,99.41451175431413,1,VERY HIGH,0
GRID_S20_E010,-20,10,2025,4,2025-04-01,0.9999995999355726,99.99995999355727,0.9938879938235031,99.38879938235031,1,VERY HIGH,0
GRID_S10_E010,-10,10,2025,4,2025-04-01,0.9999994361888568,99.99994361888568,0.9934685186784609,99.34685186784608,1,VERY HIGH,1
GRID_S10_E020,-10,20,2025,2,2025-02-01,0.9999994403960154,99.99994403960154,0.9924660660584571,99.24660660584571,1,VERY HIGH,0
GRID_S20_E030,-20,30,2025,4,2025-04-01,0.999999320352115,99.9999320352115,0.9922450789806593,99.22450789806592,1,VERY HIGH,0
GRID_S20_W070,-20,-70,2025,6,2025-06-01,0.9999990604041009,99.9999060404101,0.9914689229573306,99.14689229573305,1,VERY HIGH,1
GRID_S20_W070,-20,-70,2025,5,2025-05-01,0.9999989937895434,99.99989937895434,0.9912710037524306,99.12710037524306,1,VERY HIGH,0
GRID_N30_W090,30,-90,2025,10,2025-10-01,0.999998952092055,99.9998952092055,0.9911230512939827,99.11230512939827,1,VERY HIGH,1
GRID_S20_W070,-20,-70,2025,4,2025-04-01,0.99999878115039,99.999878115039,0.9909716531940036,99.09716531940036,1,VERY HIGH,0
GRID_N40_W110,40,-110,2025,2,2025-02-01,0.9999996624497696,99.99996624497696,0.989562517849423,98.9562517849423,1,VERY HIGH,1
GRID_N20_W090,20,-90,2025,6,2025-06-01,0.9999998710018421,99.9999871001842,0.9893508336136545,98.93508336136546,1,VERY HIGH,1
GRID_S20_E140,-20,140,2025,9,2025-09-01,0.9999976497921234,99.99976497921233,0.9883550849463731,98.83550849463731,1,VERY HIGH,1
GRID_S20_W060,-20,-60,2025,3,2025-03-01,0.9999991085079797,99.99991085079797,0.9874767751160395,98.74767751160395,1,VERY HIGH,0
GRID_N20_W090,20,-90,2025,3,2025-03-01,0.9999983536376791,99.99983536376791,0.9852707467008939,98.52707467008939,1,VERY HIGH,1
GRID_S30_E130,-30,130,2025,1,2025-01-01,0.999999788977849,99.9999788977849,0.9843012728937068,98.43012728937069,1,VERY HIGH,1
GRID_S20_E140,-20,140,2025,7,2025-07-01,0.9999935454049779,99.99935454049779,0.9815051476378563,98.15051476378564,1,VERY HIGH,1
GRID_S20_E010,-20,10,2025,3,2025-03-01,0.9999965613594675,99.99965613594675,0.9812785146643203,98.12785146643202,1,VERY HIGH,0
GRID_N50_W120,50,-120,2025,5,2025-05-01,0.9999957702367424,99.99957702367423,0.980854524673148,98.08545246731481,1,VERY HIGH,1
GRID_N50_W120,50,-120,2025,6,2025-06-01,0.9999955198260836,99.99955198260835,0.9799023547579633,97.99023547579633,1,VERY HIGH,1
GRID_N20_W090,20,-90,2025,4,2025-04-01,0.9999972151614773,99.99972151614773,0.9792425121110279,97.92425121110278,1,VERY HIGH,1
GRID_N00_E030,0,30,2025,1,2025-01-01,0.9999988272219423,99.99988272219423,0.9775816929786039,97.75816929786039,1,VERY HIGH,1
GRID_S10_E010,-10,10,2025,3,2025-03-01,0.9999930675984047,99.99930675984047,0.9737638398670316,97.37638398670316,1,VERY HIGH,1
GRID_N20_W090,20,-90,2025,5,2025-05-01,0.999995154366548,99.99951543665479,0.9660768449192974,96.60768449192973,1,VERY HIGH,1
GRID_N50_E120,50,120,2025,6,2025-06-01,0.9999927471082681,99.99927471082681,0.9630732191469218,96.30732191469218,1,VERY HIGH,0
GRID_N40_W130,40,-130,2025,1,2025-01-01,0.9999962632934252,99.99962632934252,0.9594946352096525,95.94946352096525,1,VERY HIGH,0
GRID_S30_E140,-30,140,2025,1,2025-01-01,0.9999970052605859,99.99970052605859,0.9591728807675013,95.91728807675013,1,VERY HIGH,1
GRID_N20_W090,20,-90,2025,7,2025-07-01,0.9999944746959213,99.99944746959213,0.9571321721092823,95.71321721092822,1,VERY HIGH,1
GRID_N40_W130,40,-130,2025,9,2025-09-01,0.9999999724317886,99.99999724317887,0.9550868494608207,95.50868494608207,1,VERY HIGH,0
GRID_S10_W060,-10,-60,2025,8,2025-08-01,0.9999735948286274,99.99735948286273,0.9543615564778609,95.4361556477861,1,VERY HIGH,1
GRID_S20_E140,-20,140,2025,10,2025-10-01,0.9999658150273059,99.99658150273059,0.9522162806696338,95.22162806696338,1,VERY HIGH,1
GRID_N30_W110,30,-110,2025,7,2025-07-01,0.9999999252590732,99.99999252590732,0.9515657472028469,95.1565747202847,1,VERY HIGH,1
GRID_S20_E010,-20,10,2025,9,2025-09-01,0.9999943970037841,99.99943970037842,0.951134130394984,95.1134130394984,1,VERY HIGH,0
GRID_N30_W090,30,-90,2025,1,2025-01-01,0.9999774699799022,99.99774699799022,0.9508080660271803,95.08080660271803,1,VERY HIGH,1
GRID_N50_W130,50,-130,2025,6,2025-06-01,0.9999847113974519,99.99847113974519,0.949199454301513,94.9199454301513,1,VERY HIGH,0
GRID_N40_W100,40,-100,2025,3,2025-03-01,0.9999531517686091,99.99531517686091,0.9481096467031737,94.81096467031736,1,VERY HIGH,1
GRID_N10_E090,10,90,2025,3,2025-03-01,0.9999895787958872,99.99895787958873,0.9473465078131115,94.73465078131115,1,VERY HIGH,0
GRID_N50_W100,50,-100,2025,5,2025-05-01,0.9999961001308545,99.99961001308544,0.94696868798569,94.696868798569,1,VERY HIGH,1
GRID_S30_E140,-30,140,2025,9,2025-09-01,0.9999424158374532,99.99424158374532,0.9425300463186461,94.25300463186461,1,VERY HIGH,1
GRID_S10_W060,-10,-60,2025,7,2025-07-01,0.9999671092644803,99.99671092644803,0.939039663128737,93.9039663128737,1,VERY HIGH,1
GRID_N00_E030,0,30,2025,2,2025-02-01,0.9999746749533036,99.99746749533035,0.9333792314104785,93.33792314104785,1,VERY HIGH,1
GRID_N40_W090,40,-90,2025,3,2025-03-01,0.9999247382571637,99.99247382571636,0.930764547390854,93.0764547390854,1,VERY HIGH,1
GRID_N20_W110,20,-110,2025,5,2025-05-01,0.9999601503394805,99.99601503394805,0.9269856635550335,92.69856635550336,1,VERY HIGH,1
GRID_N30_W090,30,-90,2025,9,2025-09-01,0.9999779188337226,99.99779188337226,0.9257675264006642,92.57675264006642,1,VERY HIGH,1
GRID_N40_W110,40,-110,2025,9,2025-09-01,0.999989470051513,99.9989470051513,0.9254187817043578,92.54187817043578,1,VERY HIGH,0
GRID_N30_W080,30,-80,2025,4,2025-04-01,0.9999601227412934,99.99601227412934,0.9222171160185917,92.22171160185917,1,VERY HIGH,1
GRID_S10_E030,-10,30,2025,7,2025-07-01,0.9998953902493141,99.9895390249314,0.9199981640397598,91.99981640397597,1,VERY HIGH,1
GRID_N50_W100,50,-100,2025,6,2025-06-01,0.9999862929340378,99.99862929340378,0.9195669770032454,91.95669770032454,1,VERY HIGH,1
GRID_N40_W090,40,-90,2025,4,2025-04-01,0.9998893349083459,99.98893349083458,0.9173146470698942,91.73146470698941,1,VERY HIGH,1
GRID_N30_W090,30,-90,2025,6,2025-06-01,0.9999587851974073,99.99587851974073,0.9056500278790851,90.56500278790851,1,VERY HIGH,1
GRID_N40_E020,40,20,2025,7,2025-07-01,0.99991286152645,99.991286152645,0.9043368674092271,90.43368674092271,1,VERY HIGH,1
GRID_N60_W150,60,-150,2025,4,2025-04-01,0.9998224874126677,99.98224874126677,0.8988889024561212,89.88889024561212,1,VERY HIGH,1
GRID_N60_W130,60,-130,2025,8,2025-08-01,0.9998453813732525,99.98453813732525,0.8940950842401281,89.40950842401281,1,VERY HIGH,0
GRID_S20_W050,-20,-50,2025,7,2025-07-01,0.999806955896845,99.9806955896845,0.893694404696767,89.3694404696767,1,VERY HIGH,1
GRID_S20_E120,-20,120,2025,11,2025-11-01,0.9999898802125127,99.99898802125126,0.8930466518767087,89.30466518767088,1,VERY HIGH,1
GRID_N60_W120,60,-120,2025,8,2025-08-01,0.9998414907050537,99.98414907050537,0.8885984601068593,88.85984601068593,1,VERY HIGH,1
GRID_N50_W120,50,-120,2025,7,2025-07-01,0.9998848244354259,99.9884824435426,0.886393153463537,88.6393153463537,1,VERY HIGH,1
GRID_S20_W070,-20,-70,2025,3,2025-03-01,0.9998498138471533,99.98498138471533,0.878618864408945,87.8618864408945,1,VERY HIGH,1
GRID_S30_E120,-30,120,2025,8,2025-08-01,0.9998246986466993,99.98246986466994,0.8759596016080348,87.59596016080347,1,VERY HIGH,1
GRID_N40_W110,40,-110,2025,1,2025-01-01,0.9999362132144165,99.99362132144165,0.8742130599951652,87.42130599951652,1,VERY HIGH,1
GRID_N30_W110,30,-110,2025,8,2025-08-01,0.9999987146742124,99.99987146742124,0.8718108881637869,87.18108881637869,1,VERY HIGH,1
GRID_S20_W070,-20,-70,2025,9,2025-09-01,0.9998547991199724,99.98547991199725,0.8713046849338966,87.13046849338966,1,VERY HIGH,0
GRID_N10_W090,10,-90,2025,9,2025-09-01,0.9998919896633813,99.98919896633814,0.8700624986845685,87.00624986845685,1,VERY HIGH,1
GRID_N20_W090,20,-90,2025,2,2025-02-01,0.9996812701885114,99.96812701885113,0.8665204420363655,86.65204420363655,1,VERY HIGH,1
GRID_S20_E140,-20,140,2025,6,2025-06-01,0.9997201979251453,99.97201979251453,0.8662892013055175,86.62892013055175,1,VERY HIGH,1
GRID_N40_W100,40,-100,2025,2,2025-02-01,0.9996852021249167,99.96852021249167,0.8658503627197941,86.5850362719794,1,VERY HIGH,1
GRID_N50_W110,50,-110,2025,8,2025-08-01,0.999765267169143,99.97652671691431,0.8625057234108056,86.25057234108056,1,VERY HIGH,0
GRID_N30_W120,30,-120,2025,8,2025-08-01,0.9999999977142655,99.99999977142654,0.8586098334965179,85.86098334965179,1,VERY HIGH,1
GRID_S20_E130,-20,130,2025,1,2025-01-01,0.999982151345873,99.9982151345873,0.8558944552805727,85.58944552805727,1,VERY HIGH,1
GRID_N20_W090,20,-90,2025,8,2025-08-01,0.9997867312026871,99.97867312026871,0.8536554572127202,85.36554572127201,1,VERY HIGH,1
GRID_S30_E130,-30,130,2025,10,2025-10-01,0.999744897548048,99.9744897548048,0.8524928368763105,85.24928368763105,1,VERY HIGH,0
GRID_N60_W150,60,-150,2025,5,2025-05-01,0.9996795603547113,99.96795603547113,0.8447142604916223,84.47142604916223,1,VERY HIGH,1
GRID_N10_E010,10,10,2025,11,2025-11-01,0.9995907792697338,99.95907792697338,0.8373318252245134,83.73318252245134,1,VERY HIGH,1
GRID_N10_E030,10,30,2025,11,2025-11-01,0.9995541042435794,99.95541042435794,0.8349458262099233,83.49458262099233,1,VERY HIGH,1
GRID_N40_E010,40,10,2025,8,2025-08-01,0.9996567728251737,99.96567728251738,0.8336332985008204,83.36332985008204,1,VERY HIGH,1
GRID_S30_E130,-30,130,2025,9,2025-09-01,0.9994978703421323,99.94978703421323,0.832507307423518,83.25073074235179,1,VERY HIGH,1
GRID_S30_E120,-30,120,2025,11,2025-11-01,0.9996038599120716,99.96038599120716,0.8290694986879767,82.90694986879768,1,VERY HIGH,1
GRID_S10_E030,-10,30,2025,5,2025-05-01,0.9994271425362047,99.94271425362047,0.8242254639384937,82.42254639384937,1,VERY HIGH,1
GRID_N40_W120,40,-120,2025,9,2025-09-01,0.9999995414327192,99.99995414327192,0.8191047985996575,81.91047985996575,1,VERY HIGH,1
GRID_N30_W090,30,-90,2025,5,2025-05-01,0.9996204845591158,99.96204845591159,0.8186309947205466,81.86309947205466,1,VERY HIGH,1
GRID_S20_E130,-20,130,2025,3,2025-03-01,0.9999414706552858,99.99414706552858,0.8121875150090361,81.21875150090361,1,VERY HIGH,1
GRID_N30_W130,30,-130,2025,9,2025-09-01,0.9999676206693714,99.99676206693714,0.8090460556971693,80.90460556971692,1,VERY HIGH,0
GRID_S10_W050,-10,-50,2025,7,2025-07-01,0.9993381126205737,99.93381126205738,0.8072490742297675,80.72490742297676,1,VERY HIGH,1
GRID_N30_W090,30,-90,2025,7,2025-07-01,0.9998406350635601,99.98406350635601,0.8061313375676967,80.61313375676967,1,VERY HIGH,1
GRID_N10_W090,10,-90,2025,7,2025-07-01,0.9995255355426944,99.95255355426944,0.8040840526124879,80.40840526124879,1,VERY HIGH,1
GRID_N40_W120,40,-120,2025,1,2025-01-01,0.9999893077814987,99.99893077814987,0.7940725628739767,79.40725628739767,1,VERY HIGH,0
GRID_N20_W090,20,-90,2025,9,2025-09-01,0.9994462277575284,99.94462277575285,0.7930054687083707,79.30054687083708,1,VERY HIGH,1
GRID_S30_E020,-30,20,2025,8,2025-08-01,0.9992583522710407,99.92583522710406,0.7899683122788076,78.99683122788076,1,VERY HIGH,1
GRID_S10_W060,-10,-60,2025,6,2025-06-01,0.9992767413444682,99.92767413444682,0.7883186248799176,78.83186248799176,1,VERY HIGH,1
GRID_N20_W110,20,-110,2025,4,2025-04-01,0.9992135073055473,99.92135073055472,0.7874119398882381,78.74119398882381,1,VERY HIGH,1
GRID_N30_W100,30,-100,2025,9,2025-09-01,0.9999688603076232,99.99688603076233,0.7863762793026476,78.63762793026477,1,VERY HIGH,1
GRID_N10_W090,10,-90,2025,10,2025-10-01,0.99928055089808,99.928055089808,0.7823349195564195,78.23349195564195,1,VERY HIGH,0
GRID_S10_E030,-10,30,2025,6,2025-06-01,0.9990317801704606,99.90317801704606,0.7748269758516899,77.48269758516899,1,VERY HIGH,1
GRID_N10_W090,10,-90,2025,5,2025-05-01,0.9992165795381359,99.9216579538136,0.7744955127269477,77.44955127269478,1,VERY HIGH,1
GRID_S30_E130,-30,130,2025,8,2025-08-01,0.9990217780999155,99.90217780999156,0.770738469499513,77.0738469499513,1,VERY HIGH,1
GRID_N30_W110,30,-110,2025,10,2025-10-01,0.9997549434999258,99.97549434999257,0.7681551847832736,76.81551847832736,1,VERY HIGH,1
GRID_N50_E110,50,110,2025,3,2025-03-01,0.9991100700530852,99.91100700530852,0.7652715875322716,76.52715875322717,1,VERY HIGH,1
GRID_N10_W090,10,-90,2025,8,2025-08-01,0.9990536147520087,99.90536147520088,0.7635315671570317,76.35315671570318,1,VERY HIGH,1
GRID_N40_E010,40,10,2025,7,2025-07-01,0.9990078928183846,99.90078928183847,0.761170629311047,76.1170629311047,1,VERY HIGH,1
GRID_S10_W060,-10,-60,2025,5,2025-05-01,0.9990073421384553,99.90073421384554,0.7571804460049767,75.71804460049766,1,VERY HIGH,0
GRID_N10_W110,10,-110,2025,6,2025-06-01,0.9990453030615364,99.90453030615363,0.7563872864034976,75.63872864034977,1,VERY HIGH,0
GRID_N50_W130,50,-130,2025,8,2025-08-01,0.9994275981576507,99.94275981576507,0.7541419587629079,75.41419587629079,1,VERY HIGH,1
GRID_N10_W090,10,-90,2025,6,2025-06-01,0.9989645591271975,99.89645591271974,0.7527982266673529,75.27982266673528,1,VERY HIGH,1
GRID_N60_W160,60,-160,2025,7,2025-07-01,0.9989389165755311,99.89389165755311,0.7515943943475094,75.15943943475094,1,VERY HIGH,0
GRID_N50_E120,50,120,2025,4,2025-04-01,0.9989044200037357,99.89044200037357,0.7475814069926832,74.75814069926831,1,VERY HIGH,1
GRID_S10_W060,-10,-60,2025,4,2025-04-01,0.9989087000479909,99.8908700047991,0.746565175345433,74.6565175345433,1,VERY HIGH,0
GRID_S30_W060,-30,-60,2025,5,2025-05-01,0.9985838557660295,99.85838557660294,0.7389583848878467,73.89583848878468,1,VERY HIGH,1
GRID_N60_W120,60,-120,2025,7,2025-07-01,0.9986169958766639,99.86169958766638,0.7350455573704804,73.50455573704804,1,VERY HIGH,1
GRID_N30_W090,30,-90,2025,8,2025-08-01,0.9995060395806472,99.95060395806472,0.7310997647195034,73.10997647195035,1,VERY HIGH,1
GRID_N00_E020,0,20,2025,7,2025-07-01,0.9996182871578152,99.96182871578152,0.7251777957296676,72.51777957296676,1,VERY HIGH,0
GRID_N50_E120,50,120,2025,3,2025-03-01,0.9986418270095683,99.86418270095683,0.7237111896201645,72.37111896201644,1,VERY HIGH,0
GRID_S30_E140,-30,140,2025,10,2025-10-01,0.9984625264663033,99.84625264663033,0.720040728916492,72.0040728916492,1,VERY HIGH,1
GRID_N20_W100,20,-100,2025,3,2025-03-01,0.998164860682124,99.8164860682124,0.7168382825932713,71.68382825932713,1,VERY HIGH,1
GRID_N20_W090,20,-90,2025,10,2025-10-01,0.9985583422637603,99.85583422637603,0.7139809672683075,71.39809672683074,1,VERY HIGH,0
GRID_N50_W130,50,-130,2025,7,2025-07-01,0.9994756249193512,99.94756249193512,0.7139545372843943,71.39545372843943,1,VERY HIGH,1
GRID_N20_W090,20,-90,2025,11,2025-11-01,0.9985389779973788,99.85389779973788,0.7124232147852192,71.24232147852192,1,VERY HIGH,1
GRID_N40_W100,40,-100,2025,1,2025-01-01,0.9982124289260974,99.82124289260975,0.7076430736693669,70.76430736693669,1,VERY HIGH,1
GRID_S40_W080,-40,-80,2025,3,2025-03-01,0.9986031317536596,99.86031317536596,0.7049106112293588,70.49106112293589,1,VERY HIGH,0
GRID_N40_W110,40,-110,2025,10,2025-10-01,0.9992475412131974,99.92475412131974,0.7046499613309025,70.46499613309025,1,VERY HIGH,1
GRID_N10_E000,10,0,2025,1,2025-01-01,0.9980945243718174,99.80945243718175,0.7041146002756076,70.41146002756076,1,VERY HIGH,1
GRID_N10_E120,10,120,2025,7,2025-07-01,0.9979359210198638,99.79359210198638,0.7037005419234225,70.37005419234225,1,VERY HIGH,0
GRID_N50_E110,50,110,2025,2,2025-02-01,0.9984148088235001,99.84148088235001,0.7031813445711499,70.318134457115,1,VERY HIGH,0
GRID_S10_E030,-10,30,2025,9,2025-09-01,0.9985313615620462,99.85313615620463,0.7025768748814114,70.25768748814114,1,VERY HIGH,0
GRID_N10_W110,10,-110,2025,9,2025-09-01,0.9982868877417067,99.82868877417067,0.6999671122707926,69.99671122707926,1,HIGH,1
GRID_N50_E120,50,120,2025,2,2025-02-01,0.9983262626125619,99.83262626125618,0.6991338709603822,69.91338709603822,1,HIGH,0
GRID_N40_E000,40,0,2025,8,2025-08-01,0.9978760635895141,99.78760635895141,0.6933697046636462,69.33697046636462,1,HIGH,1
GRID_N10_W090,10,-90,2025,4,2025-04-01,0.997668016860482,99.7668016860482,0.6930884476757202,69.30884476757203,1,HIGH,1
GRID_S30_E140,-30,140,2025,8,2025-08-01,0.9978952816891723,99.78952816891723,0.6909612595078316,69.09612595078316,1,HIGH,1
GRID_N10_W090,10,-90,2025,11,2025-11-01,0.9973693701968106,99.73693701968106,0.6863055027564197,68.63055027564197,1,HIGH,0
GRID_S30_W060,-30,-60,2025,6,2025-06-01,0.9978548729693396,99.78548729693397,0.6857269665730413,68.57269665730414,1,HIGH,0
GRID_N20_W100,20,-100,2025,11,2025-11-01,0.9973420436729198,99.73420436729198,0.6829059025864243,68.29059025864242,1,HIGH,1
GRID_S30_E120,-30,120,2025,1,2025-01-01,0.9976243734623857,99.76243734623857,0.6758042392098315,67.58042392098315,1,HIGH,0
GRID_N10_W100,10,-100,2025,9,2025-09-01,0.9972203445552967,99.72203445552967,0.6709873732168667,67.09873732168667,1,HIGH,1
GRID_N10_W090,10,-90,2025,3,2025-03-01,0.9969025253871565,99.69025253871565,0.6692481762794648,66.92481762794648,1,HIGH,1
GRID_N30_W100,30,-100,2025,7,2025-07-01,0.9991541128137417,99.91541128137416,0.6690257431824898,66.90257431824898,1,HIGH,1
GRID_N10_W090,10,-90,2025,1,2025-01-01,0.9968075256717063,99.68075256717063,0.6660814080432568,66.60814080432567,1,HIGH,0
GRID_N00_E030,0,30,2025,10,2025-10-01,0.9972981524597806,99.72981524597806,0.6641303493318984,66.41303493318983,1,HIGH,1
GRID_S20_E020,-20,20,2025,9,2025-09-01,0.9983426720437683,99.83426720437683,0.6626354432959445,66.26354432959445,1,HIGH,0
GRID_N20_E070,20,70,2025,11,2025-11-01,0.9971623426556331,99.71623426556332,0.6621850273918597,66.21850273918596,1,HIGH,0
GRID_N00_W010,0,-10,2025,11,2025-11-01,0.9971336077034287,99.71336077034287,0.6620957637700253,66.20957637700253,1,HIGH,1
GRID_N40_E000,40,0,2025,6,2025-06-01,0.997046806053535,99.7046806053535,0.6608964146521374,66.08964146521375,1,HIGH,1
GRID_S20_W050,-20,-50,2025,6,2025-06-01,0.9973619429233906,99.73619429233906,0.6556089408857415,65.56089408857414,1,HIGH,1
GRID_S20_W050,-20,-50,2025,5,2025-05-01,0.9972537433691515,99.72537433691515,0.6494239684328972,64.94239684328971,1,HIGH,0
GRID_N20_W100,20,-100,2025,8,2025-08-01,0.9965158888731029,99.6515888873103,0.6464581783454861,64.64581783454861,1,HIGH,0
GRID_N30_W100,30,-100,2025,8,2025-08-01,0.9993687346662596,99.93687346662597,0.6406195661483846,64.06195661483845,1,HIGH,1
GRID_N50_W130,50,-130,2025,5,2025-05-01,0.9974281599626412,99.74281599626413,0.6371894665965188,63.71894665965188,1,HIGH,1
GRID_N60_W150,60,-150,2025,3,2025-03-01,0.9966103286514291,99.6610328651429,0.6365066743295464,63.65066743295464,1,HIGH,1
GRID_N00_E020,0,20,2025,3,2025-03-01,0.9955326522751499,99.55326522751498,0.6332963986518478,63.32963986518478,1,HIGH,0
GRID_S10_E010,-10,10,2025,2,2025-02-01,0.9983657938001264,99.83657938001264,0.6322632881590643,63.22632881590643,1,HIGH,0
GRID_S20_E120,-20,120,2025,2,2025-02-01,0.99736568318183,99.736568318183,0.626064706568497,62.6064706568497,1,HIGH,1
GRID_N40_E020,40,20,2025,5,2025-05-01,0.9957181570581846,99.57181570581845,0.6228510832313148,62.285108323131475,1,HIGH,0
GRID_N40_E000,40,0,2025,7,2025-07-01,0.9960671861617059,99.60671861617058,0.6220290231426084,62.20290231426085,1,HIGH,1
GRID_N10_W110,10,-110,2025,10,2025-10-01,0.9955909799905882,99.55909799905882,0.6210967207717131,62.10967207717131,1,HIGH,0
GRID_N50_W100,50,-100,2025,8,2025-08-01,0.9973075813646877,99.73075813646876,0.6165790125393545,61.65790125393546,1,HIGH,0
GRID_N10_E120,10,120,2025,10,2025-10-01,0.9952443055703716,99.52443055703716,0.6116373160293322,61.163731602933225,1,HIGH,1
GRID_N30_W130,30,-130,2025,8,2025-08-01,0.9978468686463269,99.78468686463269,0.6111526657186567,61.11526657186567,1,HIGH,1
GRID_S20_E120,-20,120,2025,3,2025-03-01,0.9969918740073295,99.69918740073295,0.6096012833652203,60.96012833652203,1,HIGH,1
GRID_N60_W150,60,-150,2025,2,2025-02-01,0.9958247296681727,99.58247296681726,0.6083466313398229,60.83466313398229,1,HIGH,0
GRID_S10_E030,-10,30,2025,4,2025-04-01,0.9961161881271625,99.61161881271624,0.6077913953888748,60.779139538887485,1,HIGH,1
GRID_S10_W050,-10,-50,2025,6,2025-06-01,0.9957615999014038,99.57615999014038,0.598542288659057,59.854228865905704,1,HIGH,1
GRID_N00_E020,0,20,2025,2,2025-02-01,0.9921869003595846,99.21869003595846,0.5942694303883239,59.42694303883239,1,HIGH,1
GRID_S10_W070,-10,-70,2025,8,2025-08-01,0.9957551218382843,99.57551218382844,0.5937404856460716,59.374048564607165,1,HIGH,0
GRID_N10_E120,10,120,2025,9,2025-09-01,0.9939601188872189,99.39601188872189,0.5934612182714322,59.346121827143214,1,HIGH,1
GRID_S40_W080,-40,-80,2025,1,2025-01-01,0.9953260234850849,99.53260234850849,0.5877561570373373,58.77561570373373,1,HIGH,0
GRID_N10_W090,10,-90,2025,2,2025-02-01,0.9933478562397238,99.33478562397238,0.5876809848912936,58.76809848912936,1,HIGH,1
GRID_N60_W150,60,-150,2025,1,2025-01-01,0.9950501563907884,99.50501563907885,0.5846602887305786,58.466028873057866,1,HIGH,0
GRID_S30_W060,-30,-60,2025,7,2025-07-01,0.9955281402482812,99.55281402482812,0.5822506516898287,58.22506516898287,1,HIGH,0
GRID_S30_W060,-30,-60,2025,8,2025-08-01,0.996245793582378,99.6245793582378,0.5767032583601074,57.67032583601074,1,HIGH,1
GRID_N10_E120,10,120,2025,6,2025-06-01,0.9924986898935844,99.24986898935843,0.5718672278674993,57.18672278674993,1,HIGH,1
GRID_N00_W070,0,-70,2025,2,2025-02-01,0.9943017337279246,99.43017337279247,0.5715367604457926,57.15367604457926,1,HIGH,1
GRID_N10_W100,10,-100,2025,8,2025-08-01,0.9929253485964956,99.29253485964956,0.5702774912595437,57.02774912595437,1,HIGH,1
GRID_N10_W100,10,-100,2025,6,2025-06-01,0.9932882651173622,99.32882651173622,0.5699542742211186,56.99542742211185,1,HIGH,1
GRID_N40_W090,40,-90,2025,5,2025-05-01,0.9954448851927966,99.54448851927967,0.5665390182153043,56.653901821530425,1,HIGH,0
GRID_N30_W110,30,-110,2025,11,2025-11-01,0.9926466940492757,99.26466940492757,0.5574033793015287,55.740337930152876,1,HIGH,1
GRID_S10_W050,-10,-50,2025,5,2025-05-01,0.9941904936783499,99.41904936783499,0.5520608230160402,55.20608230160402,1,HIGH,0
GRID_N50_E120,50,120,2025,1,2025-01-01,0.9947093797514925,99.47093797514925,0.5517809696695342,55.17809696695342,1,HIGH,0
GRID_N30_W100,30,-100,2025,6,2025-06-01,0.9947096043219966,99.47096043219966,0.5510419534105043,55.104195341050435,1,HIGH,1
GRID_N10_W110,10,-110,2025,7,2025-07-01,0.9923846812309717,99.23846812309716,0.5461194638865243,54.611946388652434,1,HIGH,0
GRID_N10_W120,10,-120,2025,8,2025-08-01,0.9926875631233024,99.26875631233024,0.5451443410845935,54.514434108459355,1,HIGH,0
GRID_S20_W050,-20,-50,2025,4,2025-04-01,0.9942601496259185,99.42601496259185,0.5443158386720655,54.43158386720655,1,HIGH,0
GRID_N10_E120,10,120,2025,11,2025-11-01,0.9906809465351019,99.06809465351019,0.5430807703375166,54.30807703375166,1,HIGH,0
GRID_S30_E150,-30,150,2025,9,2025-09-01,0.9917546296431292,99.17546296431293,0.5412136741170681,54.121367411706814,1,HIGH,0
GRID_S30_E020,-30,20,2025,9,2025-09-01,0.9944711913203564,99.44711913203564,0.537382084977628,53.7382084977628,1,HIGH,1
GRID_N30_W080,30,-80,2025,3,2025-03-01,0.9921022947044627,99.21022947044627,0.5370218550740734,53.70218550740734,1,HIGH,1
GRID_N10_W110,10,-110,2025,5,2025-05-01,0.9904002381147172,99.04002381147173,0.5353277974053873,53.53277974053873,1,HIGH,1
GRID_N10_W100,10,-100,2025,5,2025-05-01,0.9902874510752423,99.02874510752423,0.5258546508501691,52.585465085016914,1,HIGH,1
GRID_S10_W060,-10,-60,2025,3,2025-03-01,0.9941127319728986,99.41127319728986,0.5241732772282267,52.41732772282267,1,HIGH,0
GRID_N10_W110,10,-110,2025,8,2025-08-01,0.9910364354000325,99.10364354000325,0.523144544450698,52.3144544450698,1,HIGH,1
GRID_N60_W150,60,-150,2025,7,2025-07-01,0.9909478973716789,99.09478973716789,0.5210240988973565,52.10240988973565,1,HIGH,1
GRID_N00_W070,0,-70,2025,3,2025-03-01,0.9913700528484097,99.13700528484097,0.5183128714357876,51.83128714357876,1,HIGH,0
GRID_N50_E110,50,110,2025,7,2025-07-01,0.9930958510111586,99.30958510111586,0.5174344215578025,51.74344215578025,1,HIGH,0
GRID_N30_W080,30,-80,2025,11,2025-11-01,0.9899287939181017,98.99287939181018,0.5170437484853668,51.70437484853668,1,HIGH,0
GRID_S10_W050,-10,-50,2025,4,2025-04-01,0.9923335542845454,99.23335542845454,0.5091023206316817,50.91023206316817,1,HIGH,0
GRID_N30_W120,30,-120,2025,9,2025-09-01,0.9943111324255932,99.43111324255932,0.5046735129421643,50.467351294216435,1,HIGH,1
GRID_N10_E120,10,120,2025,8,2025-08-01,0.9871424948847933,98.71424948847934,0.5024176321146896,50.24176321146896,1,HIGH,1
GRID_N00_E030,0,30,2025,9,2025-09-01,0.9909565217493308,99.09565217493308,0.49694446228941674,49.69444622894167,0,MODERATE,1
GRID_S20_E040,-20,40,2025,11,2025-11-01,0.98908933864945,98.908933864945,0.4963355294898208,49.63355294898208,0,MODERATE,0
GRID_N60_W130,60,-130,2025,7,2025-07-01,0.9908399221756029,99.0839922175603,0.4956883894963916,49.56883894963916,0,MODERATE,1
GRID_N10_E120,10,120,2025,4,2025-04-01,0.9856523907466468,98.56523907466467,0.4930061894188132,49.30061894188132,0,MODERATE,0
GRID_N40_W110,40,-110,2025,11,2025-11-01,0.9903197490766025,99.03197490766024,0.4908177761767544,49.081777617675435,0,MODERATE,1
GRID_N30_E030,30,30,2025,7,2025-07-01,0.9886696015937432,98.86696015937432,0.4879596010908845,48.79596010908845,0,MODERATE,0
GRID_S10_E140,-10,140,2025,3,2025-03-01,0.986357413477349,98.63574134773489,0.4876189645242578,48.76189645242578,0,MODERATE,0
GRID_S20_E130,-20,130,2025,2,2025-02-01,0.9946628786432744,99.46628786432744,0.4766879217713328,47.66879217713328,0,MODERATE,1
GRID_N10_E120,10,120,2025,5,2025-05-01,0.9838617633005947,98.38617633005947,0.47375015617881056,47.375015617881054,0,MODERATE,1
GRID_S30_E130,-30,130,2025,7,2025-07-01,0.9908040023636604,99.08040023636605,0.4726558374014414,47.26558374014414,0,MODERATE,1
GRID_N00_E010,0,10,2025,11,2025-11-01,0.987586883270931,98.7586883270931,0.46820739250159304,46.820739250159306,0,MODERATE,1
GRID_N20_W100,20,-100,2025,2,2025-02-01,0.9857211161191204,98.57211161191204,0.46762379853170966,46.76237985317096,0,MODERATE,1
GRID_S30_W060,-30,-60,2025,4,2025-04-01,0.9895324413793714,98.95324413793713,0.46760460593445324,46.76046059344532,0,MODERATE,1
GRID_S10_E100,-10,100,2025,8,2025-08-01,0.9839267320235827,98.39267320235827,0.4664558169286023,46.645581692860226,0,MODERATE,0
GRID_N00_E030,0,30,2025,3,2025-03-01,0.986580232539261,98.6580232539261,0.4657113921860872,46.57113921860872,0,MODERATE,1
GRID_N30_W110,30,-110,2025,9,2025-09-01,0.9832823016752615,98.32823016752616,0.46397200850406534,46.397200850406534,0,MODERATE,1
GRID_N00_E030,0,30,2025,8,2025-08-01,0.9891316687920314,98.91316687920315,0.46293023629730945,46.293023629730946,0,MODERATE,0
GRID_S40_W080,-40,-80,2025,6,2025-06-01,0.9810012333139186,98.10012333139187,0.4620334607437176,46.20334607437176,0,MODERATE,0
GRID_N10_W100,10,-100,2025,7,2025-07-01,0.9828666235928595,98.28666235928594,0.46143380166707704,46.1433801667077,0,MODERATE,1
GRID_N20_E140,20,140,2025,7,2025-07-01,0.9843345452082043,98.43345452082043,0.4612246476566432,46.122464765664326,0,MODERATE,0
GRID_N10_W110,10,-110,2025,4,2025-04-01,0.9814835315755694,98.14835315755694,0.4599436817308179,45.99436817308179,0,MODERATE,1
GRID_S30_E140,-30,140,2025,7,2025-07-01,0.9889868609261864,98.89868609261863,0.459272443843043,45.9272443843043,0,MODERATE,1
GRID_N30_W080,30,-80,2025,6,2025-06-01,0.9844637300913076,98.44637300913077,0.45879835106841105,45.87983510684111,0,MODERATE,1
GRID_N10_W100,10,-100,2025,10,2025-10-01,0.9828987298207535,98.28987298207535,0.45407102610330546,45.40710261033055,0,MODERATE,1
GRID_S20_E030,-20,30,2025,3,2025-03-01,0.9947012795521535,99.47012795521535,0.453045564854631,45.304556485463095,0,MODERATE,0
GRID_N30_E020,30,20,2025,8,2025-08-01,0.986681696699508,98.6681696699508,0.45285381910538736,45.28538191053874,0,MODERATE,0
GRID_S20_E160,-20,160,2025,4,2025-04-01,0.9826847302745787,98.26847302745787,0.4526608396694044,45.26608396694044,0,MODERATE,0
GRID_N00_E120,0,120,2025,10,2025-10-01,0.9827160700095555,98.27160700095556,0.4500289551420509,45.002895514205086,0,MODERATE,1
GRID_S40_W080,-40,-80,2025,11,2025-11-01,0.9821547877406968,98.21547877406968,0.44986869941041496,44.9868699410415,0,MODERATE,0
GRID_N50_W120,50,-120,2025,4,2025-04-01,0.9864300678988343,98.64300678988343,0.44771262424902797,44.771262424902794,0,MODERATE,1
GRID_N30_W080,30,-80,2025,5,2025-05-01,0.9822737909257477,98.22737909257478,0.4402957903898523,44.029579038985226,0,MODERATE,1
GRID_N30_W080,30,-80,2025,7,2025-07-01,0.9807890303658772,98.07890303658772,0.4323376543731733,43.23376543731733,0,MODERATE,1
GRID_N40_W010,40,-10,2025,9,2025-09-01,0.9837788181383479,98.37788181383479,0.43115735956424306,43.1157359564243,0,MODERATE,1
GRID_N50_W120,50,-120,2025,3,2025-03-01,0.9846823188531729,98.4682318853173,0.4282429962498274,42.82429962498274,0,MODERATE,0
GRID_S30_E130,-30,130,2025,6,2025-06-01,0.9870684750138572,98.70684750138572,0.4263768731921971,42.63768731921971,0,MODERATE,0
GRID_N60_W130,60,-130,2025,6,2025-06-01,0.9841216608186967,98.41216608186967,0.42587941622485054,42.587941622485054,0,MODERATE,1
GRID_N10_W100,10,-100,2025,11,2025-11-01,0.9770613599215888,97.70613599215888,0.4240639660802644,42.40639660802644,0,MODERATE,1
GRID_N10_W120,10,-120,2025,7,2025-07-01,0.9808107921844553,98.08107921844554,0.42164677309045506,42.16467730904551,0,MODERATE,1
GRID_S40_W080,-40,-80,2025,2,2025-02-01,0.9826279081700534,98.26279081700534,0.4186632168612605,41.86632168612605,0,MODERATE,1
GRID_S30_E020,-30,20,2025,6,2025-06-01,0.9837410109024203,98.37410109024202,0.41612114258133504,41.6121142581335,0,MODERATE,0
GRID_S30_E020,-30,20,2025,7,2025-07-01,0.9837261284984428,98.37261284984427,0.41423231783830083,41.42323178383008,0,MODERATE,1
GRID_N40_W010,40,-10,2025,7,2025-07-01,0.9792812340415926,97.92812340415927,0.4129170825113513,41.29170825113513,0,MODERATE,1
GRID_N10_W110,10,-110,2025,11,2025-11-01,0.9739824434028678,97.39824434028678,0.40946261900759995,40.94626190075999,0,MODERATE,0
GRID_N30_W130,30,-130,2025,7,2025-07-01,0.9861330258121054,98.61330258121053,0.4093890876393953,40.93890876393953,0,MODERATE,1
GRID_N40_E000,40,0,2025,5,2025-05-01,0.9778633506202986,97.78633506202986,0.40812245213232573,40.81224521323257,0,MODERATE,1
GRID_N40_E010,40,10,2025,11,2025-11-01,0.9791493695462726,97.91493695462727,0.4032807429553277,40.328074295532765,0,MODERATE,1
GRID_N10_E100,10,100,2025,8,2025-08-01,0.9785398095348289,97.85398095348289,0.4028249274618325,40.28249274618325,0,MODERATE,1
GRID_S20_E160,-20,160,2025,2,2025-02-01,0.9761817235958539,97.61817235958539,0.4025616250047829,40.25616250047829,0,MODERATE,0
GRID_S30_E020,-30,20,2025,5,2025-05-01,0.9820190092940697,98.20190092940697,0.4008120049602937,40.08120049602937,0,MODERATE,0
GRID_N10_W020,10,-20,2025,11,2025-11-01,0.9794301771775584,97.94301771775584,0.3961544083149192,39.615440831491924,0,MODERATE,1
GRID_S20_E140,-20,140,2025,5,2025-05-01,0.9848210315029117,98.48210315029117,0.39485119723195367,39.48511972319537,0,MODERATE,0
GRID_N10_W010,10,-10,2025,11,2025-11-01,0.9820745051661733,98.20745051661733,0.39455447329811566,39.45544732981156,0,MODERATE,1
GRID_S40_W080,-40,-80,2025,4,2025-04-01,0.9716362370272774,97.16362370272775,0.3934630004362299,39.34630004362299,0,MODERATE,0
GRID_S10_E140,-10,140,2025,10,2025-10-01,0.9714380927444171,97.14380927444171,0.3892696718289309,38.926967182893094,0,MODERATE,1
GRID_N20_W100,20,-100,2025,6,2025-06-01,0.9750511641267768,97.50511641267768,0.3890680774460645,38.906807744606446,0,MODERATE,1
GRID_S40_W080,-40,-80,2025,5,2025-05-01,0.9692248010564661,96.92248010564661,0.3878826675437593,38.788266754375925,0,MODERATE,1
GRID_N10_E100,10,100,2025,3,2025-03-01,0.9778760880431132,97.78760880431132,0.38741924984571996,38.741924984571995,0,MODERATE,1
GRID_S30_E130,-30,130,2025,5,2025-05-01,0.9828640757195544,98.28640757195544,0.3846989718486856,38.469897184868564,0,MODERATE,0
GRID_S10_E140,-10,140,2025,11,2025-11-01,0.9694901171583017,96.94901171583017,0.38295489139775085,38.295489139775086,0,MODERATE,0
GRID_S10_E140,-10,140,2025,6,2025-06-01,0.9688254840972284,96.88254840972283,0.3802604356048544,38.02604356048544,0,MODERATE,0
GRID_S40_W080,-40,-80,2025,8,2025-08-01,0.9662448980207097,96.62448980207097,0.3798900771084242,37.98900771084242,0,MODERATE,0
GRID_N10_E100,10,100,2025,9,2025-09-01,0.9740453943942992,97.40453943942991,0.3782269659876206,37.822696598762064,0,MODERATE,0
GRID_N60_W160,60,-160,2025,5,2025-05-01,0.9779229961432506,97.79229961432506,0.37817876770702175,37.81787677070218,0,MODERATE,1
GRID_S40_W080,-40,-80,2025,7,2025-07-01,0.9627932459144454,96.27932459144454,0.3713426946909064,37.13426946909064,0,MODERATE,0
GRID_N20_W100,20,-100,2025,4,2025-04-01,0.9700701835271188,97.00701835271188,0.36988157897327356,36.988157897327355,0,MODERATE,0
GRID_S40_W080,-40,-80,2025,10,2025-10-01,0.9653950943801665,96.53950943801665,0.36586741939641243,36.58674193964124,0,MODERATE,1
GRID_S20_E160,-20,160,2025,5,2025-05-01,0.9637167660765076,96.37167660765076,0.36284862768393294,36.284862768393296,0,MODERATE,0
GRID_S40_E140,-40,140,2025,2,2025-02-01,0.9740867806147481,97.4086780614748,0.3589832707996743,35.89832707996743,0,MODERATE,0
GRID_N00_E120,0,120,2025,7,2025-07-01,0.9646840170258105,96.46840170258105,0.3569885268698468,35.69885268698468,0,MODERATE,1
GRID_S10_E140,-10,140,2025,5,2025-05-01,0.961202491872291,96.1202491872291,0.35468864054604243,35.468864054604246,0,MODERATE,0
GRID_S10_E140,-10,140,2025,4,2025-04-01,0.9632157461408224,96.32157461408224,0.35178412626786704,35.1784126267867,0,MODERATE,0
GRID_N40_E000,40,0,2025,9,2025-09-01,0.9648460163173379,96.4846016317338,0.35133689263659773,35.133689263659775,0,MODERATE,1
GRID_S40_W080,-40,-80,2025,9,2025-09-01,0.9571105395077861,95.71105395077862,0.3506195842692342,35.06195842692342,0,MODERATE,0
GRID_N20_W100,20,-100,2025,7,2025-07-01,0.9646975831844776,96.46975831844776,0.3504295708702754,35.04295708702754,0,MODERATE,1
GRID_N10_E120,10,120,2025,1,2025-01-01,0.9610083650275355,96.10083650275355,0.34876929520571187,34.87692952057119,0,MODERATE,0
GRID_N30_W080,30,-80,2025,8,2025-08-01,0.9613168879181078,96.13168879181077,0.3481568228698807,34.81568228698807,0,MODERATE,0
GRID_S20_E160,-20,160,2025,6,2025-06-01,0.957579999308265,95.7579999308265,0.3475987773782664,34.75987773782664,0,MODERATE,0
GRID_N00_W010,0,-10,2025,1,2025-01-01,0.9715377520873875,97.15377520873875,0.3455970890357553,34.55970890357553,0,MODERATE,1
GRID_S30_E020,-30,20,2025,4,2025-04-01,0.9741404054740642,97.41404054740642,0.3445609518223456,34.456095182234556,0,MODERATE,0
GRID_N10_E120,10,120,2025,3,2025-03-01,0.9570324812331815,95.70324812331815,0.34415899132432404,34.4158991324324,0,MODERATE,1
GRID_N50_E160,50,160,2025,4,2025-04-01,0.9617970399224091,96.1797039922409,0.34371937440118067,34.37193744011807,0,MODERATE,0
GRID_N40_W100,40,-100,2025,9,2025-09-01,0.9695189317170929,96.95189317170929,0.3436215781685411,34.36215781685411,0,MODERATE,0
GRID_N30_E130,30,130,2025,8,2025-08-01,0.9619758580706131,96.19758580706132,0.3432070238842478,34.32070238842478,0,MODERATE,1
GRID_N40_E010,40,10,2025,6,2025-06-01,0.9651479229573172,96.51479229573172,0.34280307637199064,34.280307637199066,0,MODERATE,1
GRID_S40_W070,-40,-70,2025,11,2025-11-01,0.9692229108826935,96.92229108826935,0.34254332329699383,34.25433232969938,0,MODERATE,1
GRID_S20_E160,-20,160,2025,7,2025-07-01,0.9547637968236944,95.47637968236944,0.3419148959221811,34.19148959221811,0,MODERATE,0
GRID_N10_W120,10,-120,2025,10,2025-10-01,0.9597234846014528,95.97234846014528,0.3388053561479118,33.88053561479118,0,MODERATE,0
GRID_N00_E120,0,120,2025,11,2025-11-01,0.960523071903978,96.0523071903978,0.33782047530915754,33.782047530915754,0,MODERATE,0
GRID_N00_E120,0,120,2025,8,2025-08-01,0.9580767004724837,95.80767004724837,0.33768613985898527,33.768613985898526,0,MODERATE,1
GRID_N50_E160,50,160,2025,8,2025-08-01,0.9567977785156795,95.67977785156795,0.3375808581404498,33.75808581404498,0,MODERATE,0
GRID_S20_E160,-20,160,2025,3,2025-03-01,0.9597926138691973,95.97926138691973,0.33648067864498266,33.648067864498266,0,MODERATE,1
GRID_S10_E140,-10,140,2025,8,2025-08-01,0.9569397537929611,95.69397537929612,0.33636520611319987,33.63652061131999,0,MODERATE,0
GRID_S10_E100,-10,100,2025,7,2025-07-01,0.9575212783738171,95.7521278373817,0.3358601255756842,33.58601255756842,0,MODERATE,1
GRID_N60_W160,60,-160,2025,4,2025-04-01,0.9691591972653301,96.915919726533,0.335533423247547,33.553342324754695,0,MODERATE,0
GRID_N00_E120,0,120,2025,9,2025-09-01,0.9559662200075536,95.59662200075536,0.3324807424533577,33.248074245335765,0,MODERATE,1
GRID_S10_E140,-10,140,2025,7,2025-07-01,0.9526314824920685,95.26314824920685,0.33088526516419775,33.088526516419776,0,MODERATE,0
GRID_N40_E020,40,20,2025,11,2025-11-01,0.9644302729893051,96.4430272989305,0.32728155943107085,32.72815594310708,0,MODERATE,1
GRID_N10_W100,10,-100,2025,4,2025-04-01,0.9530445677288555,95.30445677288554,0.32713501278254214,32.71350127825421,0,MODERATE,1
GRID_N10_W110,10,-110,2025,3,2025-03-01,0.9496106353103816,94.96106353103816,0.32641978896337936,32.64197889633794,0,MODERATE,1
GRID_N10_E120,10,120,2025,2,2025-02-01,0.9519537744569697,95.19537744569698,0.3256626410500042,32.56626410500042,0,MODERATE,0
GRID_N50_W120,50,-120,2025,8,2025-08-01,0.9668056718475502,96.68056718475502,0.32528163126477366,32.52816312647737,0,MODERATE,0
GRID_S20_E160,-20,160,2025,8,2025-08-01,0.9486117083006962,94.86117083006963,0.32142119597695695,32.1421195976957,0,MODERATE,0
GRID_N40_E000,40,0,2025,10,2025-10-01,0.9569846118174415,95.69846118174415,0.32063923336303174,32.063923336303176,0,MODERATE,1
GRID_N10_W120,10,-120,2025,6,2025-06-01,0.9496197893020393,94.96197893020393,0.31791125488712263,31.791125488712265,0,MODERATE,1
GRID_N10_E110,10,110,2025,9,2025-09-01,0.9544269685734402,95.44269685734402,0.317363150617587,31.736315061758702,0,MODERATE,1
GRID_N60_W160,60,-160,2025,3,2025-03-01,0.9652653612785208,96.52653612785208,0.3163375230670679,31.633752306706793,0,MODERATE,0
GRID_N00_E120,0,120,2025,6,2025-06-01,0.9506836242727821,95.0683624272782,0.3161256586157742,31.61256586157742,0,MODERATE,1
GRID_N10_E110,10,110,2025,8,2025-08-01,0.9517916262122765,95.17916262122765,0.3125523801545945,31.25523801545945,0,MODERATE,1
GRID_N10_E110,10,110,2025,7,2025-07-01,0.9536534486163889,95.36534486163889,0.3121509425139779,31.21509425139779,0,MODERATE,1
GRID_S10_W080,-10,-80,2025,6,2025-06-01,0.9529498325879451,95.2949832587945,0.31034605451158354,31.034605451158352,0,MODERATE,0
GRID_S10_E100,-10,100,2025,5,2025-05-01,0.9500823606464897,95.00823606464897,0.3085713407877518,30.85713407877518,0,MODERATE,0
GRID_N50_W120,50,-120,2025,2,2025-02-01,0.9647265247795728,96.47265247795728,0.30823226810342,30.823226810342003,0,MODERATE,0
GRID_N10_E100,10,100,2025,11,2025-11-01,0.9596045361950869,95.96045361950868,0.3058555428828606,30.58555428828606,0,MODERATE,1
GRID_N20_W100,20,-100,2025,1,2025-01-01,0.9550846775469425,95.50846775469425,0.3046595782051561,30.46595782051561,0,MODERATE,1
GRID_N20_W100,20,-100,2025,5,2025-05-01,0.9501193176944321,95.01193176944321,0.3040789839830997,30.407898398309968,0,MODERATE,1
GRID_N20_W100,20,-100,2025,9,2025-09-01,0.9509412104873973,95.09412104873974,0.30385738280744645,30.385738280744647,0,MODERATE,0
GRID_S30_E120,-30,120,2025,7,2025-07-01,0.9560622147278178,95.60622147278178,0.30363845242724014,30.363845242724015,0,MODERATE,1
GRID_N40_E010,40,10,2025,5,2025-05-01,0.9540797507856198,95.40797507856198,0.3035150706713799,30.35150706713799,0,MODERATE,1
GRID_N10_E110,10,110,2025,10,2025-10-01,0.9506128233680062,95.06128233680062,0.30303253209880276,30.303253209880275,0,MODERATE,0
GRID_N10_W120,10,-120,2025,9,2025-09-01,0.947680526424023,94.7680526424023,0.30221683228139795,30.221683228139796,0,MODERATE,1
GRID_N30_E020,30,20,2025,6,2025-06-01,0.951192037147477,95.1192037147477,0.30218400831794534,30.218400831794533,0,MODERATE,1
GRID_N10_W080,10,-80,2025,10,2025-10-01,0.9553294876064556,95.53294876064557,0.3004799375390119,30.047993753901192,0,MODERATE,0
GRID_N40_W120,40,-120,2025,10,2025-10-01,0.9198837705803826,91.98837705803827,0.2997752450641312,29.977524506413122,0,LOW,1
GRID_N60_W160,60,-160,2025,2,2025-02-01,0.9611202374236429,96.1120237423643,0.2987222071798971,29.872220717989713,0,LOW,0
GRID_N20_W100,20,-100,2025,10,2025-10-01,0.9490179287882708,94.90179287882708,0.29863447389379244,29.863447389379242,0,LOW,1
GRID_N10_W110,10,-110,2025,2,2025-02-01,0.9386033206321701,93.86033206321702,0.29800726369118413,29.800726369118415,0,LOW,0
GRID_N50_E160,50,160,2025,7,2025-07-01,0.9427851328428244,94.27851328428244,0.2976076079311851,29.760760793118514,0,LOW,1
GRID_S10_E150,-10,150,2025,8,2025-08-01,0.94148948565667,94.148948565667,0.29670245096284364,29.670245096284365,0,LOW,0
GRID_S20_E160,-20,160,2025,1,2025-01-01,0.9496276386015732,94.96276386015732,0.295029080011371,29.5029080011371,0,LOW,1
GRID_N30_W120,30,-120,2025,11,2025-11-01,0.8913777551965423,89.13777551965423,0.29341109221317213,29.341109221317215,0,LOW,1
GRID_N50_E110,50,110,2025,1,2025-01-01,0.9709333592362356,97.09333592362356,0.2914171972766123,29.14171972766123,0,LOW,0
GRID_S20_E140,-20,140,2025,4,2025-04-01,0.966677725182394,96.6677725182394,0.2909071042446332,29.090710424463317,0,LOW,0
GRID_S20_E160,-20,160,2025,9,2025-09-01,0.9346057180715196,93.46057180715196,0.29075111404081044,29.075111404081046,0,LOW,0
GRID_N50_E150,50,150,2025,8,2025-08-01,0.9415242681472916,94.15242681472917,0.29044697055721447,29.044697055721446,0,LOW,0
GRID_S10_E140,-10,140,2025,9,2025-09-01,0.9364892931111327,93.64892931111328,0.28928904255547927,28.928904255547927,0,LOW,1
GRID_N10_E140,10,140,2025,8,2025-08-01,0.9490053327649757,94.90053327649757,0.2888029185221384,28.88029185221384,0,LOW,0
GRID_S30_W050,-30,-50,2025,8,2025-08-01,0.9633312977035166,96.33312977035166,0.28798840241746315,28.798840241746316,0,LOW,0
GRID_N10_W110,10,-110,2025,1,2025-01-01,0.9352252936897685,93.52252936897685,0.2878935219022691,28.789352190226907,0,LOW,0
GRID_S10_E150,-10,150,2025,4,2025-04-01,0.9396433550934257,93.96433550934256,0.28401741313186113,28.401741313186115,0,LOW,0
GRID_N30_E020,30,20,2025,7,2025-07-01,0.9444383699479445,94.44383699479445,0.27970424764075996,27.970424764075997,0,LOW,1
GRID_N40_W010,40,-10,2025,6,2025-06-01,0.9435960971567764,94.35960971567764,0.27889476390198364,27.889476390198364,0,LOW,1
GRID_N40_E020,40,20,2025,8,2025-08-01,0.9469240579377074,94.69240579377075,0.27866919576054905,27.866919576054904,0,LOW,0
GRID_N50_E160,50,160,2025,6,2025-06-01,0.9295384082187761,92.9538408218776,0.2778194570144235,27.78194570144235,0,LOW,0
GRID_S20_E020,-20,20,2025,2,2025-02-01,0.9812279759104635,98.12279759104635,0.2770476970492265,27.70476970492265,0,LOW,0
GRID_N60_W160,60,-160,2025,1,2025-01-01,0.954203559162568,95.42035591625681,0.27560714147429916,27.560714147429916,0,LOW,0
GRID_N00_E010,0,10,2025,2,2025-02-01,0.9516125190207068,95.16125190207067,0.27511826666420464,27.511826666420465,0,LOW,0
GRID_N30_E010,30,10,2025,8,2025-08-01,0.9408675977942443,94.08675977942444,0.2732007331462928,27.32007331462928,0,LOW,0
GRID_S30_E120,-30,120,2025,10,2025-10-01,0.9483163988059071,94.83163988059071,0.27299157429430343,27.299157429430345,0,LOW,1
GRID_N00_W080,0,-80,2025,8,2025-08-01,0.9385775179152207,93.85775179152208,0.27219402359606715,27.219402359606715,0,LOW,1
GRID_S30_E120,-30,120,2025,6,2025-06-01,0.9439499612915186,94.39499612915186,0.2719211200043425,27.19211200043425,0,LOW,1
GRID_N00_W080,0,-80,2025,9,2025-09-01,0.9394306636621356,93.94306636621356,0.27140286487072735,27.140286487072736,0,LOW,1
GRID_S20_E160,-20,160,2025,10,2025-10-01,0.926153099327583,92.61530993275831,0.27064573723304947,27.064573723304946,0,LOW,0
GRID_N40_E020,40,20,2025,10,2025-10-01,0.9436000970177212,94.36000970177211,0.2697698790540045,26.976987905400453,0,LOW,1
GRID_S10_E150,-10,150,2025,6,2025-06-01,0.9310820720093173,93.10820720093173,0.2685517772129006,26.855177721290058,0,LOW,0
GRID_N10_E100,10,100,2025,5,2025-05-01,0.9422049954018423,94.22049954018424,0.26803227629960824,26.803227629960823,0,LOW,1
GRID_N10_E100,10,100,2025,7,2025-07-01,0.9387151998388135,93.87151998388134,0.2675477308497403,26.754773084974033,0,LOW,1
GRID_S30_W060,-30,-60,2025,3,2025-03-01,0.9582045121694547,95.82045121694547,0.26546846237796445,26.546846237796444,0,LOW,0
GRID_S10_E110,-10,110,2025,5,2025-05-01,0.9299972485546305,92.99972485546306,0.2653085331774051,26.53085331774051,0,LOW,0
GRID_N50_E160,50,160,2025,5,2025-05-01,0.922311179077341,92.23111790773409,0.26500078933385546,26.500078933385545,0,LOW,0
GRID_N20_E140,20,140,2025,9,2025-09-01,0.9330093328977362,93.30093328977362,0.2649285982942779,26.49285982942779,0,LOW,1
GRID_N30_E130,30,130,2025,9,2025-09-01,0.9309765540355295,93.09765540355295,0.2625882408839451,26.258824088394512,0,LOW,0
GRID_N10_W010,10,-10,2025,8,2025-08-01,0.9427755573861878,94.27755573861877,0.26098411565771773,26.098411565771773,0,LOW,0
GRID_N30_W120,30,-120,2025,10,2025-10-01,0.9102854538236917,91.02854538236917,0.2599583496094644,25.99583496094644,0,LOW,1
GRID_N10_W020,10,-20,2025,1,2025-01-01,0.945822674856155,94.5822674856155,0.2598502635808721,25.98502635808721,0,LOW,1
GRID_S20_E160,-20,160,2025,11,2025-11-01,0.921040309129889,92.1040309129889,0.2590257283317044,25.90257283317044,0,LOW,1
GRID_N60_E120,60,120,2025,7,2025-07-01,0.9509970591884954,95.09970591884954,0.2583158362259961,25.83158362259961,0,LOW,0
GRID_S10_E100,-10,100,2025,9,2025-09-01,0.9227503995359512,92.27503995359511,0.2582379843615407,25.82379843615407,0,LOW,0
GRID_N10_E110,10,110,2025,6,2025-06-01,0.9266479213828782,92.66479213828782,0.25800112202186193,25.80011220218619,0,LOW,1
GRID_N40_W100,40,-100,2025,6,2025-06-01,0.9435889087141018,94.35889087141018,0.25661888929303067,25.661888929303068,0,LOW,1
GRID_N30_W080,30,-80,2025,9,2025-09-01,0.9192020195839758,91.92020195839758,0.25352384513111414,25.352384513111414,0,LOW,0
GRID_N10_E090,10,90,2025,11,2025-11-01,0.9365597296553054,93.65597296553054,0.25351931571811714,25.351931571811715,0,LOW,0
GRID_N00_E030,0,30,2025,7,2025-07-01,0.9459422823711869,94.5942282371187,0.25173787877736603,25.173787877736604,0,LOW,1
GRID_N10_E130,10,130,2025,11,2025-11-01,0.93069483979974,93.069483979974,0.25173750607616446,25.173750607616448,0,LOW,0
GRID_N30_W080,30,-80,2025,2,2025-02-01,0.9296453419066805,92.96453419066805,0.25173068667372167,25.173068667372167,0,LOW,1
GRID_S10_E150,-10,150,2025,7,2025-07-01,0.9161398817491085,91.61398817491086,0.25057138343338264,25.057138343338263,0,LOW,1
GRID_N50_E160,50,160,2025,10,2025-10-01,0.9199098177259033,91.99098177259033,0.2490190691242696,24.90190691242696,0,LOW,0
GRID_S40_E110,-40,110,2025,5,2025-05-01,0.9295369319172396,92.95369319172396,0.2487648580237595,24.87648580237595,0,LOW,0
GRID_N00_E120,0,120,2025,4,2025-04-01,0.9207792746745244,92.07792746745244,0.2486847840402263,24.86847840402263,0,LOW,0
GRID_N40_E010,40,10,2025,9,2025-09-01,0.9266648677130999,92.66648677130999,0.24856086083946405,24.856086083946405,0,LOW,0
GRID_S10_E100,-10,100,2025,6,2025-06-01,0.9154042941006586,91.54042941006585,0.2476839784439949,24.76839784439949,0,LOW,1
GRID_N20_E140,20,140,2025,10,2025-10-01,0.924020417047571,92.4020417047571,0.24711254543627179,24.711254543627177,0,LOW,0
GRID_N50_E160,50,160,2025,9,2025-09-01,0.9105421292385337,91.05421292385337,0.2467148605774565,24.67148605774565,0,LOW,0
GRID_N10_E020,10,20,2025,11,2025-11-01,0.9359285088435267,93.59285088435267,0.2459453125392807,24.59453125392807,0,LOW,1
GRID_S10_E110,-10,110,2025,9,2025-09-01,0.9194912840098227,91.94912840098227,0.24544506551620918,24.544506551620916,0,LOW,0
GRID_S10_E100,-10,100,2025,1,2025-01-01,0.925004710120444,92.5004710120444,0.24399755822896602,24.3997558228966,0,LOW,0
GRID_S10_E140,-10,140,2025,1,2025-01-01,0.9170023575322173,91.70023575322173,0.24273075422333132,24.273075422333132,0,LOW,0
GRID_S40_E110,-40,110,2025,2,2025-02-01,0.9335743391547292,93.35743391547292,0.24211798846042037,24.211798846042036,0,LOW,0
GRID_N10_E130,10,130,2025,10,2025-10-01,0.9223300598224637,92.23300598224637,0.24127848485533301,24.127848485533303,0,LOW,1
GRID_N30_E030,30,30,2025,11,2025-11-01,0.9308250321457922,93.08250321457922,0.2408389790719437,24.08389790719437,0,LOW,1
GRID_S10_E140,-10,140,2025,2,2025-02-01,0.9146237171384426,91.46237171384426,0.24053970767379318,24.05397076737932,0,LOW,1
GRID_N10_E130,10,130,2025,9,2025-09-01,0.9206405039166164,92.06405039166164,0.23956980546221152,23.956980546221153,0,LOW,1
GRID_S10_E100,-10,100,2025,10,2025-10-01,0.9133884726443698,91.33884726443698,0.23933631725066684,23.933631725066682,0,LOW,0
GRID_N50_E150,50,150,2025,5,2025-05-01,0.9083768612275428,90.83768612275428,0.23787276158760795,23.787276158760797,0,LOW,0
GRID_N10_W120,10,-120,2025,11,2025-11-01,0.9116811530925302,91.16811530925301,0.2375361607979313,23.75361607979313,0,LOW,0
GRID_N50_E130,50,130,2025,6,2025-06-01,0.940179992776072,94.0179992776072,0.23668962562798415,23.668962562798416,0,LOW,0
GRID_N10_E090,10,90,2025,8,2025-08-01,0.9143354459623386,91.43354459623386,0.23615344455770862,23.615344455770863,0,LOW,0
GRID_S10_E150,-10,150,2025,5,2025-05-01,0.9046087336770399,90.46087336770398,0.2346771144886953,23.46771144886953,0,LOW,0
GRID_N00_E000,0,0,2025,1,2025-01-01,0.9321638442682705,93.21638442682705,0.23384489902764583,23.38448990276458,0,LOW,0
GRID_N20_E140,20,140,2025,8,2025-08-01,0.9179722887127707,91.79722887127707,0.23370096158548118,23.37009615854812,0,LOW,1
GRID_N60_W120,60,-120,2025,6,2025-06-01,0.9271563917387896,92.71563917387896,0.23360986996403818,23.360986996403817,0,LOW,1
GRID_S10_E030,-10,30,2025,3,2025-03-01,0.9480825236844289,94.8082523684429,0.2331400462947537,23.31400462947537,0,LOW,0
GRID_N10_E090,10,90,2025,6,2025-06-01,0.9121952632855133,91.21952632855132,0.23239593579352982,23.23959357935298,0,LOW,0
GRID_S60_W040,-60,-40,2025,9,2025-09-01,0.9213210282875408,92.13210282875409,0.23235270878050737,23.235270878050738,0,LOW,1
GRID_N30_W080,30,-80,2025,10,2025-10-01,0.9044995704922276,90.44995704922276,0.23227054406697684,23.227054406697683,0,LOW,1
GRID_S10_E100,-10,100,2025,11,2025-11-01,0.9151086779866181,91.5108677986618,0.23183082342720657,23.183082342720656,0,LOW,1
GRID_S10_E110,-10,110,2025,11,2025-11-01,0.9111080958188132,91.11080958188133,0.23108605005260124,23.108605005260124,0,LOW,1
GRID_N50_E000,50,0,2025,7,2025-07-01,0.9191753288349095,91.91753288349095,0.2303179590779131,23.03179590779131,0,LOW,1
GRID_S10_E110,-10,110,2025,7,2025-07-01,0.9050576318559456,90.50576318559456,0.22994344169780395,22.994344169780394,0,LOW,0
GRID_N60_E150,60,150,2025,7,2025-07-01,0.9190401818452602,91.90401818452601,0.22990729469315196,22.9907294693152,0,LOW,0
GRID_N50_E160,50,160,2025,3,2025-03-01,0.907539232909082,90.7539232909082,0.22821925934213327,22.821925934213326,0,LOW,1
GRID_S10_E150,-10,150,2025,9,2025-09-01,0.9017324928111299,90.17324928111299,0.228075873451767,22.8075873451767,0,LOW,0
GRID_N10_E080,10,80,2025,10,2025-10-01,0.9158899023241064,91.58899023241064,0.2279851054494447,22.79851054494447,0,LOW,0
GRID_S20_W070,-20,-70,2025,2,2025-02-01,0.9625635518153275,96.25635518153275,0.22786592518510923,22.786592518510922,0,LOW,0
GRID_N30_W080,30,-80,2025,1,2025-01-01,0.9148934311531508,91.48934311531508,0.22755836392771264,22.755836392771265,0,LOW,0
GRID_N30_E130,30,130,2025,6,2025-06-01,0.9044766758360255,90.44766758360255,0.2269822490920023,22.698224909200228,0,LOW,1
GRID_N50_E150,50,150,2025,6,2025-06-01,0.9016354185834261,90.16354185834261,0.22587023883816637,22.587023883816638,0,LOW,0
GRID_S20_E140,-20,140,2025,1,2025-01-01,0.9298093565586993,92.98093565586993,0.22553851511399384,22.553851511399383,0,LOW,0
GRID_N30_E130,30,130,2025,7,2025-07-01,0.8999484947018455,89.99484947018455,0.22540757780341045,22.540757780341046,0,LOW,1
GRID_N10_E140,10,140,2025,7,2025-07-01,0.9020891830433843,90.20891830433843,0.22440509954780213,22.440509954780214,0,LOW,1
GRID_N10_E140,10,140,2025,9,2025-09-01,0.9187062697944389,91.8706269794439,0.2238149008202895,22.38149008202895,0,LOW,0
GRID_N60_E120,60,120,2025,6,2025-06-01,0.9236730436792072,92.36730436792072,0.22259207896285327,22.259207896285325,0,LOW,0
GRID_N00_E010,0,10,2025,1,2025-01-01,0.9256389127005932,92.56389127005932,0.22221511076528336,22.221511076528337,0,LOW,1
GRID_N00_E120,0,120,2025,5,2025-05-01,0.896478589783881,89.6478589783881,0.2216336862149634,22.16336862149634,0,LOW,1
GRID_S30_W050,-30,-50,2025,7,2025-07-01,0.9256907874913098,92.56907874913098,0.22160817217535875,22.160817217535875,0,LOW,0
GRID_N60_W130,60,-130,2025,5,2025-05-01,0.9204489318400138,92.04489318400138,0.22097894688946193,22.097894688946194,0,LOW,1
GRID_S20_E120,-20,120,2025,1,2025-01-01,0.9246408608101319,92.46408608101319,0.2207122491166674,22.07122491166674,0,LOW,1
GRID_N50_E150,50,150,2025,7,2025-07-01,0.8917238444297547,89.17238444297547,0.218190674973114,21.8190674973114,0,LOW,1
GRID_S30_W050,-30,-50,2025,6,2025-06-01,0.9231723228662779,92.3172322866278,0.21806553917775284,21.806553917775283,0,LOW,0
GRID_N50_E160,50,160,2025,11,2025-11-01,0.892848829741206,89.2848829741206,0.21781630895074183,21.781630895074183,0,LOW,0
GRID_S30_E140,-30,140,2025,4,2025-04-01,0.9263691249705869,92.63691249705869,0.21682877892568592,21.68287789256859,0,LOW,0
GRID_N10_W020,10,-20,2025,9,2025-09-01,0.9146857111290049,91.46857111290049,0.21674584885129494,21.674584885129494,0,LOW,0
GRID_N10_W120,10,-120,2025,5,2025-05-01,0.8823659820856609,88.23659820856608,0.21531377706748372,21.531377706748373,0,LOW,1
GRID_S20_E040,-20,40,2025,9,2025-09-01,0.9087361772746805,90.87361772746804,0.21477401130266577,21.47740113026658,0,LOW,0
GRID_N40_E000,40,0,2025,11,2025-11-01,0.8997241968266217,89.97241968266218,0.2146600764859838,21.466007648598378,0,LOW,1
GRID_N00_E010,0,10,2025,8,2025-08-01,0.9112639591810403,91.12639591810404,0.21375825753676128,21.37582575367613,0,LOW,0
GRID_N40_W100,40,-100,2025,11,2025-11-01,0.9258744488234918,92.58744488234917,0.21337215801691026,21.337215801691027,0,LOW,0
GRID_S10_E110,-10,110,2025,6,2025-06-01,0.887087952988423,88.7087952988423,0.21312901183776023,21.312901183776024,0,LOW,0
GRID_S20_E140,-20,140,2025,2,2025-02-01,0.9251191297252954,92.51191297252954,0.21246224249582402,21.2462242495824,0,LOW,0
GRID_N10_W100,10,-100,2025,3,2025-03-01,0.8847749955718484,88.47749955718484,0.2117187259548233,21.17187259548233,0,LOW,1
GRID_S30_W050,-30,-50,2025,5,2025-05-01,0.9202645131285122,92.02645131285122,0.21147587956784797,21.147587956784797,0,LOW,0
GRID_N20_E140,20,140,2025,6,2025-06-01,0.8886224945379699,88.86224945379699,0.21016114096964283,21.016114096964284,0,LOW,1
GRID_N10_E000,10,0,2025,7,2025-07-01,0.9142830255786096,91.42830255786096,0.20917631477740323,20.917631477740322,0,LOW,0
GRID_S10_E110,-10,110,2025,4,2025-04-01,0.8911100204447041,89.11100204447041,0.20898815678135424,20.898815678135424,0,LOW,1
GRID_N40_W100,40,-100,2025,7,2025-07-01,0.9020042856072626,90.20042856072627,0.20880304929425222,20.880304929425222,0,LOW,1
GRID_N10_E000,10,0,2025,8,2025-08-01,0.9117181326614026,91.17181326614026,0.2086163942742342,20.86163942742342,0,LOW,0
GRID_N60_W130,60,-130,2025,4,2025-04-01,0.913221912374445,91.3221912374445,0.20835502505014186,20.835502505014187,0,LOW,0
GRID_S30_E140,-30,140,2025,6,2025-06-01,0.924568998121015,92.4568998121015,0.2080899450199211,20.80899450199211,0,LOW,1
GRID_N10_E110,10,110,2025,11,2025-11-01,0.8932049090617252,89.32049090617252,0.20599957993587395,20.599957993587395,0,LOW,0
GRID_S30_E120,-30,120,2025,9,2025-09-01,0.9047684125868202,90.47684125868201,0.20582204186620726,20.582204186620725,0,LOW,1
GRID_N10_W080,10,-80,2025,9,2025-09-01,0.8977620073009678,89.77620073009678,0.205655292331677,20.5655292331677,0,LOW,1
GRID_S20_E140,-20,140,2025,3,2025-03-01,0.9325291293992444,93.25291293992444,0.20504950530905455,20.504950530905454,0,LOW,0
GRID_S10_E100,-10,100,2025,4,2025-04-01,0.8826433605590458,88.26433605590458,0.20474357443048322,20.474357443048323,0,LOW,1
GRID_N10_E000,10,0,2025,9,2025-09-01,0.9093116553203551,90.93116553203551,0.20329707604498037,20.329707604498036,0,LOW,0
GRID_S10_E150,-10,150,2025,10,2025-10-01,0.8805286280347252,88.05286280347252,0.20290773191148812,20.290773191148812,0,LOW,0
GRID_N30_E120,30,120,2025,3,2025-03-01,0.9055485369407892,90.55485369407891,0.20217069496565906,20.217069496565905,0,LOW,0
GRID_S10_E150,-10,150,2025,11,2025-11-01,0.8858667314791019,88.58667314791019,0.20211003833100816,20.211003833100815,0,LOW,0
GRID_N10_W020,10,-20,2025,2,2025-02-01,0.9091174077055948,90.91174077055948,0.2018865812943142,20.18865812943142,0,LOW,0
GRID_N10_W120,10,-120,2025,4,2025-04-01,0.8721597403175115,87.21597403175116,0.20156641445449316,20.156641445449317,0,LOW,0
GRID_N30_E020,30,20,2025,11,2025-11-01,0.8946846820566676,89.46846820566677,0.20137598281009478,20.137598281009478,0,LOW,1
GRID_S10_E010,-10,10,2025,9,2025-09-01,0.9206368549024002,92.06368549024002,0.2010596069406046,20.10596069406046,0,LOW,0
GRID_N20_E090,20,90,2025,5,2025-05-01,0.8935614275786474,89.35614275786475,0.19864192964653946,19.864192964653945,0,LOW,0
GRID_S10_W070,-10,-70,2025,7,2025-07-01,0.9131694409115662,91.31694409115661,0.19864123989481744,19.864123989481744,0,LOW,1
GRID_N30_E010,30,10,2025,5,2025-05-01,0.8777750789120253,87.77750789120253,0.19822222411755858,19.822222411755856,0,LOW,0
GRID_S30_E030,-30,30,2025,7,2025-07-01,0.8953098039245448,89.53098039245448,0.1980763313247536,19.80763313247536,0,LOW,1
GRID_N10_W100,10,-100,2025,2,2025-02-01,0.8722952071253022,87.22952071253022,0.19620871209495036,19.620871209495036,0,LOW,0
GRID_N60_W130,60,-130,2025,3,2025-03-01,0.9029727125431891,90.29727125431891,0.1935814975315798,19.35814975315798,0,LOW,0
GRID_N50_E010,50,10,2025,7,2025-07-01,0.8857495824228057,88.57495824228056,0.1934902989046498,19.34902989046498,0,LOW,0
GRID_N10_E000,10,0,2025,10,2025-10-01,0.9034998400477032,90.34998400477032,0.19287940152197675,19.287940152197674,0,LOW,1
GRID_N30_W010,30,-10,2025,7,2025-07-01,0.8827300139902768,88.27300139902768,0.19284544291841405,19.284544291841403,0,LOW,0
GRID_S30_W060,-30,-60,2025,9,2025-09-01,0.9153920630056508,91.53920630056508,0.19164227780212534,19.164227780212535,0,LOW,1
GRID_S30_E030,-30,30,2025,8,2025-08-01,0.8905329489109212,89.05329489109212,0.19150771410135578,19.15077141013558,0,LOW,1
GRID_N50_W130,50,-130,2025,4,2025-04-01,0.9071299281297853,90.71299281297853,0.1909571392440405,19.095713924404052,0,LOW,1
GRID_N60_E120,60,120,2025,5,2025-05-01,0.8949606084341825,89.49606084341825,0.19066019828689348,19.06601982868935,0,LOW,0
GRID_N20_E090,20,90,2025,10,2025-10-01,0.8987946270048092,89.87946270048091,0.1905593608190105,19.055936081901052,0,LOW,0
GRID_N60_W150,60,-150,2025,8,2025-08-01,0.8658048089177548,86.58048089177548,0.18979491584082236,18.979491584082236,0,LOW,0
GRID_S10_E100,-10,100,2025,2,2025-02-01,0.8750581073789089,87.50581073789088,0.18940775898335152,18.94077589833515,0,LOW,0
GRID_N40_E030,40,30,2025,7,2025-07-01,0.8813846057088438,88.13846057088438,0.18921291468051787,18.921291468051788,0,LOW,0
GRID_S10_E100,-10,100,2025,3,2025-03-01,0.8692994740077554,86.92994740077555,0.1884579271446357,18.84579271446357,0,LOW,0
GRID_S40_E110,-40,110,2025,9,2025-09-01,0.8859944613962039,88.59944613962038,0.1883077100125116,18.830771001251158,0,LOW,0
GRID_N10_E090,10,90,2025,10,2025-10-01,0.8847065110473838,88.47065110473838,0.18803369480293886,18.803369480293885,0,LOW,1
GRID_N50_W110,50,-110,2025,4,2025-04-01,0.8945111060694831,89.45111060694832,0.1879396453256364,18.79396453256364,0,LOW,1
GRID_N00_E100,0,100,2025,10,2025-10-01,0.8901907661672166,89.01907661672166,0.1867318166448698,18.67318166448698,0,LOW,1
GRID_N50_E150,50,150,2025,9,2025-09-01,0.8584292991577741,85.8429299157774,0.18641492211617056,18.641492211617056,0,LOW,0
GRID_N50_E120,50,120,2025,7,2025-07-01,0.905492740848021,90.54927408480211,0.1864029094343542,18.64029094343542,0,LOW,0
GRID_N30_W010,30,-10,2025,11,2025-11-01,0.8799424750067946,87.99424750067945,0.18616938429383412,18.61693842938341,0,LOW,1
GRID_N40_W010,40,-10,2025,10,2025-10-01,0.8753824244804425,87.53824244804424,0.18585671742501703,18.585671742501702,0,LOW,0
GRID_N60_E130,60,130,2025,7,2025-07-01,0.8964485025025688,89.64485025025688,0.18583760602198607,18.583760602198605,0,LOW,1
GRID_S10_E110,-10,110,2025,8,2025-08-01,0.8542554838149446,85.42554838149447,0.18546331414488654,18.546331414488655,0,LOW,1
GRID_N10_W120,10,-120,2025,3,2025-03-01,0.8578158495350765,85.78158495350765,0.18527123182365032,18.52712318236503,0,LOW,0
GRID_N50_E160,50,160,2025,2,2025-02-01,0.8613145241013228,86.13145241013228,0.1850323836252224,18.50323836252224,0,LOW,0
GRID_N20_E090,20,90,2025,11,2025-11-01,0.8954280363766131,89.54280363766131,0.1842779423117586,18.42779423117586,0,LOW,0
GRID_N10_E030,10,30,2025,2,2025-02-01,0.8943711386255992,89.43711386255993,0.18312678009224187,18.312678009224186,0,LOW,1
GRID_N30_E130,30,130,2025,10,2025-10-01,0.8678422211871967,86.78422211871967,0.18280566981198015,18.280566981198014,0,LOW,0
GRID_S10_W060,-10,-60,2025,9,2025-09-01,0.9123160763867744,91.23160763867743,0.18168102471036843,18.168102471036843,0,LOW,0
GRID_N50_E160,50,160,2025,1,2025-01-01,0.8631432643848342,86.31432643848342,0.1810873595265035,18.108735952650353,0,LOW,0
GRID_S10_E150,-10,150,2025,3,2025-03-01,0.862395435023458,86.2395435023458,0.18053673437550444,18.053673437550444,0,LOW,1
GRID_N40_W100,40,-100,2025,8,2025-08-01,0.8788692093893657,87.88692093893657,0.18022492266164297,18.022492266164296,0,LOW,1
GRID_N60_E120,60,120,2025,4,2025-04-01,0.8857055651055802,88.57055651055802,0.1792280441793884,17.92280441793884,0,LOW,0
GRID_N10_W100,10,-100,2025,1,2025-01-01,0.847924318795683,84.7924318795683,0.17787203651411967,17.787203651411968,0,LOW,0
GRID_N30_E040,30,40,2025,11,2025-11-01,0.8842509555946707,88.42509555946707,0.17729140694224535,17.729140694224537,0,LOW,1
GRID_N00_W080,0,-80,2025,10,2025-10-01,0.8619791325494233,86.19791325494232,0.17725694339370296,17.725694339370296,0,LOW,0
GRID_S10_E020,-10,20,2025,1,2025-01-01,0.9485596099835611,94.85596099835611,0.17674550996117994,17.674550996117993,0,LOW,1
GRID_N20_W110,20,-110,2025,6,2025-06-01,0.8603433328536757,86.03433328536757,0.1767143452341426,17.67143452341426,0,LOW,0
GRID_N10_E010,10,10,2025,6,2025-06-01,0.8658587532289197,86.58587532289197,0.1760832677615531,17.60832677615531,0,LOW,0
GRID_N10_E130,10,130,2025,7,2025-07-01,0.8480095956491136,84.80095956491137,0.17569247736161123,17.569247736161124,0,LOW,0
GRID_N00_W080,0,-80,2025,7,2025-07-01,0.849009285784651,84.9009285784651,0.17432922231099782,17.43292223109978,0,LOW,1
GRID_S10_W080,-10,-80,2025,4,2025-04-01,0.8578769866655013,85.78769866655013,0.1741791286416187,17.41791286416187,0,LOW,0
GRID_N30_W010,30,-10,2025,10,2025-10-01,0.861619030317779,86.1619030317779,0.17403923497743953,17.403923497743953,0,LOW,1
GRID_N50_W110,50,-110,2025,3,2025-03-01,0.8823367398604952,88.23367398604952,0.17323273276884427,17.323273276884425,0,LOW,0
GRID_N30_E010,30,10,2025,7,2025-07-01,0.8404781698285777,84.04781698285777,0.1731362155257967,17.31362155257967,0,LOW,1
GRID_N10_E130,10,130,2025,6,2025-06-01,0.8433040415311328,84.33040415311328,0.1730810470097195,17.30810470097195,0,LOW,0
GRID_N30_W010,30,-10,2025,6,2025-06-01,0.8579960802681105,85.79960802681104,0.17272425410630418,17.27242541063042,0,LOW,1
GRID_S50_E140,-50,140,2025,2,2025-02-01,0.8772205294107165,87.72205294107165,0.17174078624309969,17.174078624309967,0,LOW,0
GRID_N10_E030,10,30,2025,3,2025-03-01,0.8766461903070932,87.66461903070932,0.1717090909328702,17.17090909328702,0,LOW,0
GRID_N50_E150,50,150,2025,10,2025-10-01,0.8421999244183133,84.21999244183132,0.1706822816223222,17.06822816223222,0,LOW,0
GRID_N40_W090,40,-90,2025,2,2025-02-01,0.881457258214194,88.14572582141939,0.17027892533709407,17.02789253370941,0,LOW,1
GRID_N20_E120,20,120,2025,10,2025-10-01,0.8516020262025991,85.16020262025991,0.16876146541171821,16.87614654117182,0,LOW,0
GRID_N60_E130,60,130,2025,6,2025-06-01,0.8709924581192032,87.09924581192033,0.16753617780007762,16.75361778000776,0,LOW,1
GRID_N20_W110,20,-110,2025,3,2025-03-01,0.8667291069509344,86.67291069509344,0.16728214931358992,16.72821493135899,0,LOW,1
GRID_N30_E010,30,10,2025,6,2025-06-01,0.829558036039542,82.95580360395421,0.1670172131452022,16.70172131452022,0,LOW,0
GRID_N50_E010,50,10,2025,9,2025-09-01,0.8541748725197126,85.41748725197125,0.16674906250198274,16.674906250198273,0,LOW,1
GRID_S30_E030,-30,30,2025,9,2025-09-01,0.8595391359555571,85.9539135955557,0.1666905334809225,16.66905334809225,0,LOW,0
GRID_N10_E130,10,130,2025,8,2025-08-01,0.8365247594683959,83.65247594683959,0.16661075043980372,16.66107504398037,0,LOW,1
GRID_N60_E120,60,120,2025,3,2025-03-01,0.8726596295344325,87.26596295344325,0.16612369826536155,16.612369826536156,0,LOW,0
GRID_N20_E120,20,120,2025,9,2025-09-01,0.8441733698997897,84.41733698997898,0.16582886799642232,16.582886799642232,0,LOW,1
GRID_N10_W130,10,-130,2025,8,2025-08-01,0.8467895604461733,84.67895604461732,0.16435428426946228,16.435428426946228,0,LOW,0
GRID_N20_E120,20,120,2025,7,2025-07-01,0.8360537081557232,83.60537081557233,0.1636092078758496,16.36092078758496,0,LOW,0
GRID_N00_E080,0,80,2025,11,2025-11-01,0.8606354845579196,86.06354845579196,0.1628982154616944,16.28982154616944,0,LOW,0
GRID_N10_W050,10,-50,2025,10,2025-10-01,0.8505211195832633,85.05211195832632,0.1625224864422301,16.25224864422301,0,LOW,0
GRID_S10_E110,-10,110,2025,10,2025-10-01,0.8288754733544668,82.88754733544667,0.1623575486406942,16.23575486406942,0,LOW,1
GRID_S10_W050,-10,-50,2025,3,2025-03-01,0.8964909219363528,89.64909219363528,0.16210578478486143,16.21057847848614,0,LOW,0
GRID_N00_E120,0,120,2025,3,2025-03-01,0.8368913348272558,83.68913348272558,0.16168620434541883,16.168620434541882,0,LOW,1
GRID_N50_W130,50,-130,2025,3,2025-03-01,0.870759750441291,87.0759750441291,0.1589235597155245,15.89235597155245,0,LOW,0
GRID_S10_W080,-10,-80,2025,7,2025-07-01,0.8187906285921731,81.87906285921731,0.15836597154584403,15.836597154584403,0,LOW,0
GRID_N20_E100,20,100,2025,10,2025-10-01,0.8451854659300982,84.51854659300983,0.1581304326135555,15.81304326135555,0,LOW,0
GRID_N40_W090,40,-90,2025,1,2025-01-01,0.865819387255936,86.5819387255936,0.15749103173312315,15.749103173312315,0,LOW,0
GRID_N50_E150,50,150,2025,4,2025-04-01,0.81822352769942,81.822352769942,0.15714863858363193,15.714863858363193,0,LOW,1
GRID_S30_E140,-30,140,2025,5,2025-05-01,0.8745074365743817,87.45074365743817,0.1571239847710854,15.712398477108541,0,LOW,0
GRID_S20_E170,-20,170,2025,7,2025-07-01,0.8204576185391261,82.04576185391261,0.15699156874684062,15.69915687468406,0,LOW,0
GRID_N30_E130,30,130,2025,3,2025-03-01,0.8360669097573004,83.60669097573003,0.156785727224435,15.678572722443501,0,LOW,0
GRID_S30_W050,-30,-50,2025,4,2025-04-01,0.8687709384197702,86.87709384197701,0.1564802901570897,15.64802901570897,0,LOW,0
GRID_N10_W120,10,-120,2025,2,2025-02-01,0.8169527495920087,81.69527495920087,0.1564695456248034,15.646954562480339,0,LOW,0
GRID_N40_E030,40,30,2025,6,2025-06-01,0.8353979837150863,83.53979837150864,0.15613377085762106,15.613377085762107,0,LOW,1
GRID_N50_E000,50,0,2025,9,2025-09-01,0.8403739726353248,84.03739726353248,0.15606725858498488,15.606725858498487,0,LOW,0
GRID_N10_E090,10,90,2025,5,2025-05-01,0.823712066133702,82.37120661337019,0.1557906779932218,15.57906779932218,0,LOW,1
GRID_N10_E140,10,140,2025,6,2025-06-01,0.8160515357906678,81.60515357906678,0.15544495588302037,15.544495588302038,0,LOW,1
GRID_N30_E070,30,70,2025,8,2025-08-01,0.8392660398323417,83.92660398323417,0.15530520204000292,15.530520204000291,0,LOW,0
GRID_S10_E150,-10,150,2025,2,2025-02-01,0.8222899714276323,82.22899714276323,0.15511475454373952,15.511475454373953,0,LOW,0
GRID_N40_E000,40,0,2025,4,2025-04-01,0.8214614724379893,82.14614724379892,0.15395031302482481,15.395031302482481,0,LOW,1
GRID_S30_E020,-30,20,2025,10,2025-10-01,0.8479935870959546,84.79935870959547,0.15270095075378887,15.270095075378887,0,LOW,1
GRID_N40_W100,40,-100,2025,10,2025-10-01,0.8550555160671092,85.50555160671092,0.15248080535108435,15.248080535108436,0,LOW,0
GRID_N10_W080,10,-80,2025,5,2025-05-01,0.8243507934217655,82.43507934217655,0.15242236939256731,15.242236939256731,0,LOW,1
GRID_S20_E110,-20,110,2025,3,2025-03-01,0.8441920530527598,84.41920530527598,0.15203002538283167,15.203002538283167,0,LOW,0
GRID_S30_E150,-30,150,2025,4,2025-04-01,0.8346073842423718,83.46073842423718,0.15146811317491274,15.146811317491274,0,LOW,0
GRID_S10_E110,-10,110,2025,1,2025-01-01,0.8364872055982033,83.64872055982033,0.15101255801732077,15.101255801732078,0,LOW,0
GRID_N50_E150,50,150,2025,11,2025-11-01,0.8096747195312928,80.96747195312928,0.15087212406542322,15.087212406542323,0,LOW,0
GRID_S10_W070,-10,-70,2025,6,2025-06-01,0.844977815529956,84.4977815529956,0.15043998766025715,15.043998766025716,0,LOW,0
GRID_N10_E070,10,70,2025,5,2025-05-01,0.8245922859859192,82.45922859859192,0.1502562284094478,15.02562284094478,0,LOW,0
GRID_N10_E110,10,110,2025,5,2025-05-01,0.7967981784873904,79.67981784873905,0.15019228478628405,15.019228478628404,0,LOW,1
GRID_N60_W120,60,-120,2025,5,2025-05-01,0.8351221207816248,83.51221207816249,0.15010468801061097,15.010468801061098,0,LOW,1
GRID_N40_E040,40,40,2025,9,2025-09-01,0.8355779490606475,83.55779490606476,0.15009071246426348,15.009071246426348,0,LOW,1
GRID_S60_W040,-60,-40,2025,7,2025-07-01,0.8249366660437855,82.49366660437855,0.1498078956792723,14.98078956792723,0,VERY LOW,1
GRID_N10_E140,10,140,2025,5,2025-05-01,0.8099241374162873,80.99241374162874,0.14977452588891835,14.977452588891834,0,VERY LOW,0
GRID_S40_W070,-40,-70,2025,5,2025-05-01,0.8375129584931812,83.75129584931813,0.14954841956662407,14.954841956662406,0,VERY LOW,0
GRID_S40_E140,-40,140,2025,1,2025-01-01,0.8517275365694507,85.17275365694506,0.1495144820727961,14.951448207279611,0,VERY LOW,1
GRID_N00_W080,0,-80,2025,5,2025-05-01,0.8130750161943379,81.3075016194338,0.1493715649645894,14.93715649645894,0,VERY LOW,0
GRID_S40_E150,-40,150,2025,8,2025-08-01,0.8271821869766784,82.71821869766785,0.149020212632006,14.902021263200599,0,VERY LOW,0
GRID_N00_E030,0,30,2025,5,2025-05-01,0.8372339668706565,83.72339668706566,0.14889187409032023,14.889187409032022,0,VERY LOW,0
GRID_N10_W080,10,-80,2025,8,2025-08-01,0.8138265816755548,81.38265816755548,0.14881876841561853,14.881876841561853,0,VERY LOW,1
GRID_S30_E110,-30,110,2025,6,2025-06-01,0.8252315435741217,82.52315435741217,0.14836959428627175,14.836959428627175,0,VERY LOW,0
GRID_S10_E110,-10,110,2025,3,2025-03-01,0.8112952320737217,81.12952320737217,0.14806088937150896,14.806088937150896,0,VERY LOW,1
GRID_N20_E120,20,120,2025,8,2025-08-01,0.8235545299579055,82.35545299579054,0.14787618791076276,14.787618791076277,0,VERY LOW,1
GRID_S20_W180,-20,-180,2025,2,2025-02-01,0.8363171765013561,83.63171765013561,0.14736310256478194,14.736310256478195,0,VERY LOW,0
GRID_S10_E110,-10,110,2025,2,2025-02-01,0.8216780782428831,82.1678078242883,0.14727021883589902,14.727021883589902,0,VERY LOW,0
GRID_N00_W090,0,-90,2025,10,2025-10-01,0.8386520443363573,83.86520443363572,0.14705312063510517,14.705312063510517,0,VERY LOW,1
GRID_N30_E130,30,130,2025,5,2025-05-01,0.8003795317631117,80.03795317631118,0.1469360903788624,14.69360903788624,0,VERY LOW,1
GRID_N60_E140,60,140,2025,6,2025-06-01,0.8344308193887496,83.44308193887497,0.14608799516427234,14.608799516427235,0,VERY LOW,0
GRID_N10_E130,10,130,2025,2,2025-02-01,0.8154094128522602,81.54094128522603,0.14591120782241326,14.591120782241326,0,VERY LOW,0
GRID_N00_E120,0,120,2025,2,2025-02-01,0.8109386725126886,81.09386725126886,0.14553084813631784,14.553084813631784,0,VERY LOW,0
GRID_S10_W070,-10,-70,2025,5,2025-05-01,0.8396246013922509,83.96246013922509,0.14533342992670079,14.533342992670079,0,VERY LOW,0
GRID_S10_W080,-10,-80,2025,11,2025-11-01,0.8146285043487089,81.46285043487089,0.14522928185397857,14.522928185397857,0,VERY LOW,0
GRID_N10_E140,10,140,2025,10,2025-10-01,0.807475948748755,80.74759487487549,0.14514337145576722,14.514337145576722,0,VERY LOW,0
GRID_N30_E130,30,130,2025,11,2025-11-01,0.8037739604111983,80.37739604111984,0.14440201869719507,14.440201869719507,0,VERY LOW,0
GRID_N20_E080,20,80,2025,7,2025-07-01,0.8189000306686934,81.89000306686934,0.14418292242494588,14.418292242494587,0,VERY LOW,0
GRID_S30_E130,-30,130,2025,11,2025-11-01,0.8533168570617365,85.33168570617366,0.1441632213501307,14.416322135013072,0,VERY LOW,1
GRID_N10_E030,10,30,2025,10,2025-10-01,0.8330087544142879,83.30087544142879,0.1441370394195675,14.413703941956749,0,VERY LOW,1
GRID_S10_E150,-10,150,2025,1,2025-01-01,0.8007618960944332,80.07618960944332,0.14382811450539865,14.382811450539865,0,VERY LOW,0
GRID_N10_E090,10,90,2025,4,2025-04-01,0.8033717208814022,80.33717208814022,0.1437300707624996,14.37300707624996,0,VERY LOW,0
GRID_N30_E020,30,20,2025,10,2025-10-01,0.81017328379122,81.017328379122,0.14364045342832027,14.364045342832027,0,VERY LOW,1
GRID_N40_E010,40,10,2025,4,2025-04-01,0.8109798727984374,81.09798727984374,0.14295500439869002,14.295500439869002,0,VERY LOW,1
GRID_N10_W080,10,-80,2025,6,2025-06-01,0.7996138752934584,79.96138752934584,0.1423084113620637,14.23084113620637,0,VERY LOW,0
GRID_N00_W080,0,-80,2025,4,2025-04-01,0.8119401588171719,81.19401588171719,0.14200290052109535,14.200290052109535,0,VERY LOW,1
GRID_N30_E010,30,10,2025,9,2025-09-01,0.7847402127640677,78.47402127640677,0.14184470854531564,14.184470854531565,0,VERY LOW,0
GRID_S10_W050,-10,-50,2025,10,2025-10-01,0.8239625758556491,82.39625758556491,0.14169556630597935,14.169556630597935,0,VERY LOW,0
GRID_N10_W120,10,-120,2025,1,2025-01-01,0.789992787697767,78.99927876977671,0.1415960413447476,14.15960413447476,0,VERY LOW,0
GRID_N10_E010,10,10,2025,3,2025-03-01,0.8271324050821485,82.71324050821485,0.14151566188520773,14.151566188520773,0,VERY LOW,1
GRID_N10_W150,10,-150,2025,7,2025-07-01,0.8032520043950209,80.32520043950208,0.14098315872675413,14.098315872675412,0,VERY LOW,0
GRID_S30_E030,-30,30,2025,4,2025-04-01,0.8221114551612151,82.2111455161215,0.14086819742414952,14.086819742414953,0,VERY LOW,0
GRID_N50_E130,50,130,2025,5,2025-05-01,0.8226215378751793,82.26215378751793,0.14064005888685024,14.064005888685024,0,VERY LOW,0
GRID_S20_E170,-20,170,2025,2,2025-02-01,0.8198610220551876,81.98610220551876,0.14051244503012816,14.051244503012816,0,VERY LOW,0
GRID_N60_W120,60,-120,2025,4,2025-04-01,0.8216454160090052,82.16454160090052,0.14026329017027805,14.026329017027805,0,VERY LOW,0
GRID_N50_E150,50,150,2025,3,2025-03-01,0.7890679649165254,78.90679649165254,0.14004811198980743,14.004811198980743,0,VERY LOW,0
GRID_S10_W060,-10,-60,2025,2,2025-02-01,0.8819284768534337,88.19284768534337,0.13977460237839495,13.977460237839495,0,VERY LOW,0
GRID_N10_E110,10,110,2025,4,2025-04-01,0.7810103902112248,78.10103902112247,0.13938194578400492,13.938194578400493,0,VERY LOW,0
GRID_S10_W080,-10,-80,2025,8,2025-08-01,0.7831100027350066,78.31100027350067,0.13925922205535612,13.925922205535613,0,VERY LOW,0
GRID_N10_E130,10,130,2025,1,2025-01-01,0.8032591079287235,80.32591079287235,0.13853948967316815,13.853948967316814,0,VERY LOW,0
GRID_S20_E060,-20,60,2025,1,2025-01-01,0.8203704878278079,82.03704878278079,0.13801920950977836,13.801920950977836,0,VERY LOW,0
GRID_S10_W080,-10,-80,2025,5,2025-05-01,0.7798636563572457,77.98636563572458,0.13747089023328787,13.747089023328787,0,VERY LOW,1
GRID_N10_E100,10,100,2025,6,2025-06-01,0.7949904329209878,79.49904329209878,0.13648775622585857,13.648775622585857,0,VERY LOW,1
GRID_N30_E000,30,0,2025,9,2025-09-01,0.8013947322539238,80.13947322539238,0.1362947163313765,13.62947163313765,0,VERY LOW,1
GRID_N30_E130,30,130,2025,4,2025-04-01,0.7842830203543295,78.42830203543295,0.13622885064071366,13.622885064071365,0,VERY LOW,0
GRID_N20_W080,20,-80,2025,9,2025-09-01,0.8016771565477612,80.16771565477612,0.13616534041786732,13.616534041786732,0,VERY LOW,1
GRID_N30_E000,30,0,2025,10,2025-10-01,0.8056383142999642,80.56383142999643,0.1359734747768238,13.597347477682382,0,VERY LOW,0
GRID_N50_E150,50,150,2025,2,2025-02-01,0.7902627235894196,79.02627235894197,0.13583094316149977,13.583094316149976,0,VERY LOW,0
GRID_S10_W070,-10,-70,2025,4,2025-04-01,0.826439433461338,82.6439433461338,0.13578319957995402,13.578319957995403,0,VERY LOW,0
GRID_S20_E050,-20,50,2025,2,2025-02-01,0.8104299771389929,81.0429977138993,0.13569034466520757,13.569034466520758,0,VERY LOW,0
GRID_S40_E110,-40,110,2025,4,2025-04-01,0.8022133977326013,80.22133977326013,0.13526694539227319,13.526694539227318,0,VERY LOW,1
GRID_N00_W070,0,-70,2025,10,2025-10-01,0.817298803876764,81.7298803876764,0.13526303712310167,13.526303712310167,0,VERY LOW,0
GRID_N10_E130,10,130,2025,5,2025-05-01,0.7649085200231105,76.49085200231104,0.1350199486895865,13.50199486895865,0,VERY LOW,0
GRID_N10_E080,10,80,2025,5,2025-05-01,0.7912963784187963,79.12963784187963,0.13475555192357716,13.475555192357715,0,VERY LOW,0
GRID_N00_E120,0,120,2025,1,2025-01-01,0.7883893589712381,78.8389358971238,0.1347287261200804,13.472872612008041,0,VERY LOW,0
GRID_N40_W090,40,-90,2025,11,2025-11-01,0.8190761081495284,81.90761081495283,0.13441047121208394,13.441047121208394,0,VERY LOW,0
GRID_N20_E140,20,140,2025,11,2025-11-01,0.7745972916559346,77.45972916559346,0.1324497499600872,13.244974996008722,0,VERY LOW,0
GRID_N10_W070,10,-70,2025,8,2025-08-01,0.7847777716439995,78.47777716439995,0.1314078632480681,13.140786324806811,0,VERY LOW,0
GRID_N30_W010,30,-10,2025,5,2025-05-01,0.7784363071194338,77.84363071194338,0.13119921483904382,13.119921483904381,0,VERY LOW,1
GRID_N20_W110,20,-110,2025,2,2025-02-01,0.8084514327525146,80.84514327525146,0.1310988254366731,13.10988254366731,0,VERY LOW,1
GRID_N50_E100,50,100,2025,5,2025-05-01,0.7928081948879142,79.28081948879142,0.13100556016513482,13.100556016513481,0,VERY LOW,1
GRID_N30_E020,30,20,2025,9,2025-09-01,0.7785315771680905,77.85315771680905,0.13095524906461814,13.095524906461813,0,VERY LOW,1
GRID_N60_W170,60,-170,2025,6,2025-06-01,0.7926100088431187,79.26100088431187,0.13078022845543358,13.078022845543359,0,VERY LOW,0
GRID_N60_E130,60,130,2025,5,2025-05-01,0.797787771499589,79.7787771499589,0.13040279033973454,13.040279033973453,0,VERY LOW,0
GRID_S10_W080,-10,-80,2025,3,2025-03-01,0.7833274260602405,78.33274260602406,0.13017860802748038,13.017860802748038,0,VERY LOW,1
GRID_N10_E070,10,70,2025,8,2025-08-01,0.7742090717041366,77.42090717041366,0.13008453946395962,13.008453946395962,0,VERY LOW,0
GRID_N20_E100,20,100,2025,6,2025-06-01,0.7819739904737212,78.19739904737212,0.129430049116873,12.9430049116873,0,VERY LOW,1
GRID_N10_E140,10,140,2025,4,2025-04-01,0.7685903087843492,76.85903087843492,0.12930117578507566,12.930117578507566,0,VERY LOW,0
GRID_N60_W120,60,-120,2025,3,2025-03-01,0.8029145075973753,80.29145075973753,0.12910798258442416,12.910798258442416,0,VERY LOW,0
GRID_N30_E010,30,10,2025,10,2025-10-01,0.76240141439511,76.240141439511,0.12881894163672988,12.881894163672989,0,VERY LOW,0
GRID_N10_E130,10,130,2025,4,2025-04-01,0.7589736124148723,75.89736124148723,0.12837751847834278,12.837751847834278,0,VERY LOW,0
GRID_N30_E030,30,30,2025,5,2025-05-01,0.7800256328936486,78.00256328936486,0.12765443426830408,12.765443426830409,0,VERY LOW,0
GRID_N20_E140,20,140,2025,5,2025-05-01,0.7489830554340972,74.89830554340972,0.1274764449720998,12.747644497209981,0,VERY LOW,1
GRID_N30_W130,30,-130,2025,10,2025-10-01,0.723526175045168,72.3526175045168,0.12719862560216583,12.719862560216583,0,VERY LOW,1
GRID_N10_E110,10,110,2025,3,2025-03-01,0.7592623253411162,75.92623253411162,0.12718758130516866,12.718758130516866,0,VERY LOW,0
GRID_N50_E150,50,150,2025,1,2025-01-01,0.7659590976943604,76.59590976943605,0.1254135217411426,12.541352174114259,0,VERY LOW,0
GRID_N10_E010,10,10,2025,2,2025-02-01,0.799046615267417,79.9046615267417,0.12538559817795422,12.538559817795422,0,VERY LOW,1
GRID_N00_E100,0,100,2025,11,2025-11-01,0.7944247346294889,79.4424734629489,0.12531707561686437,12.531707561686437,0,VERY LOW,0
GRID_N10_W010,10,-10,2025,9,2025-09-01,0.7875627722596902,78.75627722596901,0.12514187987298162,12.514187987298161,0,VERY LOW,0
GRID_S30_E150,-30,150,2025,11,2025-11-01,0.7915083442055371,79.1508344205537,0.12495068520907174,12.495068520907173,0,VERY LOW,1
GRID_S30_E030,-30,30,2025,6,2025-06-01,0.7736399931027664,77.36399931027664,0.12487723861693885,12.487723861693885,0,VERY LOW,1
GRID_N60_W030,60,-30,2025,7,2025-07-01,0.759583210503544,75.9583210503544,0.12478915014802641,12.478915014802642,0,VERY LOW,0
GRID_N20_E100,20,100,2025,7,2025-07-01,0.7637187989441123,76.37187989441124,0.12473355840008622,12.473355840008622,0,VERY LOW,1
GRID_N30_E140,30,140,2025,9,2025-09-01,0.7821023136685074,78.21023136685073,0.12465849075390165,12.465849075390164,0,VERY LOW,0
GRID_N10_E030,10,30,2025,9,2025-09-01,0.7869100492723939,78.69100492723939,0.12428021513715277,12.428021513715278,0,VERY LOW,1
GRID_S30_E030,-30,30,2025,5,2025-05-01,0.7765943965572994,77.65943965572994,0.12426093038566388,12.426093038566389,0,VERY LOW,0
GRID_N30_E010,30,10,2025,4,2025-04-01,0.7492583779672802,74.92583779672802,0.12422915237083294,12.422915237083295,0,VERY LOW,1
GRID_N20_E100,20,100,2025,8,2025-08-01,0.7640035609907668,76.40035609907669,0.12361537427724709,12.36153742772471,0,VERY LOW,0
GRID_S40_E110,-40,110,2025,7,2025-07-01,0.7581317106512113,75.81317106512114,0.12334918572714851,12.334918572714852,0,VERY LOW,0
GRID_N10_W020,10,-20,2025,8,2025-08-01,0.7742038829289067,77.42038829289068,0.12312843321516871,12.31284332151687,0,VERY LOW,1
GRID_S20_E050,-20,50,2025,3,2025-03-01,0.7841265699324249,78.41265699324249,0.1230119129898776,12.30119129898776,0,VERY LOW,0
GRID_N00_E090,0,90,2025,7,2025-07-01,0.7578926265319917,75.78926265319917,0.12284104419593525,12.284104419593525,0,VERY LOW,0
GRID_N30_E010,30,10,2025,11,2025-11-01,0.7549982184735692,75.49982184735691,0.12236589035695769,12.236589035695769,0,VERY LOW,0
GRID_N10_W010,10,-10,2025,1,2025-01-01,0.7927700133261364,79.27700133261364,0.12204134261239083,12.204134261239084,0,VERY LOW,1
GRID_N60_E130,60,130,2025,4,2025-04-01,0.782055839378393,78.2055839378393,0.12181033178599528,12.181033178599527,0,VERY LOW,0
GRID_N20_E140,20,140,2025,4,2025-04-01,0.7427813033952694,74.27813033952694,0.12124956834199016,12.124956834199017,0,VERY LOW,0
GRID_N50_W130,50,-130,2025,2,2025-02-01,0.8056320485405496,80.56320485405496,0.12094387522916376,12.094387522916376,0,VERY LOW,0
GRID_S20_E050,-20,50,2025,5,2025-05-01,0.741531727572281,74.1531727572281,0.12068285550580453,12.068285550580454,0,VERY LOW,0
GRID_N50_E020,50,20,2025,7,2025-07-01,0.7577749905062838,75.77749905062838,0.12005991959927154,12.005991959927155,0,VERY LOW,1
GRID_N40_E030,40,30,2025,9,2025-09-01,0.7644190694839103,76.44190694839102,0.12000887848410136,12.000887848410136,0,VERY LOW,0
GRID_N60_E120,60,120,2025,2,2025-02-01,0.7935844088500109,79.35844088500109,0.11985022086407186,11.985022086407186,0,VERY LOW,0
GRID_N00_W080,0,-80,2025,11,2025-11-01,0.7559655378809097,75.59655378809097,0.1197831436963133,11.97831436963133,0,VERY LOW,1
GRID_N60_E140,60,140,2025,5,2025-05-01,0.7692988499849835,76.92988499849835,0.11953232162854528,11.953232162854528,0,VERY LOW,0
GRID_N40_W010,40,-10,2025,5,2025-05-01,0.7458712363571082,74.58712363571081,0.11950284976298228,11.950284976298228,0,VERY LOW,1
GRID_N00_W010,0,-10,2025,2,2025-02-01,0.7861937604733783,78.61937604733782,0.11904569549173552,11.904569549173551,0,VERY LOW,0
GRID_N50_E130,50,130,2025,4,2025-04-01,0.7781613429947618,77.81613429947618,0.11862040063068702,11.8620400630687,0,VERY LOW,0
GRID_N10_E140,10,140,2025,11,2025-11-01,0.7480361478404155,74.80361478404156,0.11856211725627819,11.85621172562782,0,VERY LOW,0
GRID_S40_E110,-40,110,2025,6,2025-06-01,0.7446493244434603,74.46493244434603,0.11843604514856085,11.843604514856084,0,VERY LOW,0
GRID_S30_E140,-30,140,2025,2,2025-02-01,0.7790639150689481,77.9063915068948,0.11824351064322021,11.824351064322022,0,VERY LOW,0
GRID_S10_W080,-10,-80,2025,9,2025-09-01,0.7293867000176667,72.93867000176667,0.11816151937134871,11.81615193713487,0,VERY LOW,0
GRID_S40_E110,-40,110,2025,8,2025-08-01,0.7472344375676249,74.72344375676249,0.11803592871076765,11.803592871076765,0,VERY LOW,1
GRID_N10_W010,10,-10,2025,10,2025-10-01,0.7769230440769196,77.69230440769196,0.11782947908718908,11.782947908718908,0,VERY LOW,1
GRID_S30_E130,-30,130,2025,2,2025-02-01,0.7858501364840605,78.58501364840606,0.11768475436403866,11.768475436403866,0,VERY LOW,0
GRID_S20_E170,-20,170,2025,8,2025-08-01,0.7302907975484749,73.02907975484749,0.11722989220013261,11.722989220013261,0,VERY LOW,0
GRID_N10_E110,10,110,2025,2,2025-02-01,0.737225875226338,73.7225875226338,0.1169931628533392,11.69931628533392,0,VERY LOW,0
GRID_N30_E120,30,120,2025,8,2025-08-01,0.7519722917698095,75.19722917698095,0.11641899885138611,11.641899885138612,0,VERY LOW,1
GRID_S10_E030,-10,30,2025,11,2025-11-01,0.7655325977695022,76.55325977695023,0.11621347065389123,11.621347065389124,0,VERY LOW,1
GRID_S20_E110,-20,110,2025,2,2025-02-01,0.767649443974477,76.76494439744769,0.11621101850996332,11.621101850996332,0,VERY LOW,1
GRID_N10_E010,10,10,2025,1,2025-01-01,0.7799501673715182,77.99501673715183,0.11619239703681083,11.619239703681083,0,VERY LOW,1
GRID_N30_E010,30,10,2025,3,2025-03-01,0.7376621634061375,73.76621634061375,0.11613684073861608,11.613684073861608,0,VERY LOW,0
GRID_N10_E080,10,80,2025,6,2025-06-01,0.7173469116966782,71.73469116966783,0.11606895180858252,11.606895180858253,0,VERY LOW,0
GRID_S20_W060,-20,-60,2025,2,2025-02-01,0.8836101636367041,88.3610163636704,0.115699261660172,11.5699261660172,0,VERY LOW,0
GRID_S30_E030,-30,30,2025,11,2025-11-01,0.7556001893569307,75.56001893569308,0.11561630192383836,11.561630192383836,0,VERY LOW,1
GRID_N10_E090,10,90,2025,9,2025-09-01,0.7339636222987063,73.39636222987063,0.11558081503073078,11.558081503073078,0,VERY LOW,0
GRID_S30_W050,-30,-50,2025,9,2025-09-01,0.7976623573396268,79.76623573396267,0.11539944643179711,11.539944643179712,0,VERY LOW,0
GRID_N10_W040,10,-40,2025,9,2025-09-01,0.7506007632883649,75.06007632883649,0.11523553935518013,11.523553935518013,0,VERY LOW,0
GRID_S40_E170,-40,170,2025,8,2025-08-01,0.7432004801627924,74.32004801627924,0.11503588888038956,11.503588888038955,0,VERY LOW,0
GRID_N00_W080,0,-80,2025,6,2025-06-01,0.7172523245617864,71.72523245617865,0.11502893449317908,11.502893449317908,0,VERY LOW,1
GRID_N10_E080,10,80,2025,7,2025-07-01,0.712032715240908,71.20327152409081,0.11487224021884243,11.487224021884243,0,VERY LOW,0
GRID_S70_E080,-70,80,2025,4,2025-04-01,0.7530076731320726,75.30076731320726,0.11476808842873021,11.476808842873021,0,VERY LOW,0
GRID_S20_E050,-20,50,2025,4,2025-04-01,0.7352109630659391,73.52109630659392,0.11449514871821982,11.449514871821982,0,VERY LOW,0
GRID_S20_E150,-20,150,2025,2,2025-02-01,0.7571440048032995,75.71440048032994,0.11446575113118182,11.446575113118183,0,VERY LOW,0
GRID_N60_E110,60,110,2025,7,2025-07-01,0.7610908889851326,76.10908889851325,0.11440489610018897,11.440489610018897,0,VERY LOW,0
GRID_N10_E090,10,90,2025,2,2025-02-01,0.7454822462120608,74.54822462120609,0.11429058322197978,11.429058322197978,0,VERY LOW,1
GRID_N30_W010,30,-10,2025,8,2025-08-01,0.7257096390146549,72.57096390146549,0.1141101025867417,11.411010258674171,0,VERY LOW,0
GRID_N10_E080,10,80,2025,11,2025-11-01,0.7450481321928909,74.50481321928909,0.11403858328457532,11.403858328457533,0,VERY LOW,0
GRID_N40_E020,40,20,2025,6,2025-06-01,0.7269764902843701,72.69764902843701,0.1140141277343412,11.40141277343412,0,VERY LOW,1
GRID_S40_W070,-40,-70,2025,8,2025-08-01,0.7512276553715882,75.12276553715881,0.11400332977514067,11.400332977514067,0,VERY LOW,0
GRID_N10_E130,10,130,2025,3,2025-03-01,0.7235259150705449,72.35259150705448,0.11393549750632992,11.393549750632992,0,VERY LOW,0
GRID_N00_W010,0,-10,2025,8,2025-08-01,0.7596400858505762,75.96400858505761,0.11387813088992318,11.387813088992319,0,VERY LOW,0
GRID_N60_W150,60,-150,2025,9,2025-09-01,0.7064045900002607,70.64045900002607,0.11368057595868394,11.368057595868395,0,VERY LOW,0
GRID_N50_W110,50,-110,2025,2,2025-02-01,0.7777053225755804,77.77053225755805,0.11354268687151858,11.354268687151858,0,VERY LOW,0
GRID_N20_E140,20,140,2025,3,2025-03-01,0.7309930868136122,73.09930868136122,0.11351932241324514,11.351932241324514,0,VERY LOW,0
GRID_N00_W010,0,-10,2025,9,2025-09-01,0.7633170484681893,76.33170484681892,0.11335630720568009,11.335630720568009,0,VERY LOW,0
GRID_S20_E110,-20,110,2025,4,2025-04-01,0.7413841645819435,74.13841645819434,0.11282973216211542,11.282973216211541,0,VERY LOW,0
GRID_S10_W070,-10,-70,2025,3,2025-03-01,0.7778681389229078,77.78681389229078,0.11273987754749423,11.273987754749424,0,VERY LOW,0
GRID_N00_E000,0,0,2025,5,2025-05-01,0.7440878193074137,74.40878193074137,0.11269614286916892,11.269614286916891,0,VERY LOW,0
GRID_N20_E090,20,90,2025,4,2025-04-01,0.7349774187326595,73.49774187326595,0.11264680665333845,11.264680665333845,0,VERY LOW,1
GRID_N10_E070,10,70,2025,11,2025-11-01,0.7435074562930356,74.35074562930356,0.11256529681544429,11.256529681544428,0,VERY LOW,0
GRID_S20_E100,-20,100,2025,2,2025-02-01,0.7548228011929402,75.48228011929402,0.11222971966716541,11.22297196671654,0,VERY LOW,0
GRID_N60_E130,60,130,2025,3,2025-03-01,0.7603797448487915,76.03797448487914,0.11220106219342747,11.220106219342748,0,VERY LOW,0
GRID_N10_E030,10,30,2025,7,2025-07-01,0.7460775442019041,74.6077544201904,0.11215281984521526,11.215281984521527,0,VERY LOW,0
GRID_N30_W130,30,-130,2025,11,2025-11-01,0.6318189498767124,63.18189498767124,0.11191836118514613,11.191836118514614,0,VERY LOW,0
GRID_S40_E110,-40,110,2025,10,2025-10-01,0.7461075746411111,74.61075746411112,0.11186593562038447,11.186593562038446,0,VERY LOW,0
GRID_S20_E150,-20,150,2025,5,2025-05-01,0.7234335621601911,72.3433562160191,0.11184208028343803,11.184208028343804,0,VERY LOW,0
GRID_S20_W180,-20,-180,2025,4,2025-04-01,0.7280254461859468,72.80254461859468,0.11168148337877606,11.168148337877607,0,VERY LOW,0
GRID_S20_E090,-20,90,2025,3,2025-03-01,0.7506443796411902,75.06443796411902,0.1116718335899668,11.16718335899668,0,VERY LOW,0
GRID_N60_E140,60,140,2025,4,2025-04-01,0.7520393888378987,75.20393888378987,0.11154195459826347,11.154195459826347,0,VERY LOW,0
GRID_N40_E020,40,20,2025,4,2025-04-01,0.7395507935576076,73.95507935576076,0.11149848939944729,11.149848939944729,0,VERY LOW,1
GRID_S20_E170,-20,170,2025,5,2025-05-01,0.7189574620121981,71.89574620121981,0.1114234769967645,11.14234769967645,0,VERY LOW,0
GRID_N10_W010,10,-10,2025,7,2025-07-01,0.7438184983105381,74.38184983105381,0.11133289464369198,11.133289464369197,0,VERY LOW,1
GRID_N40_W010,40,-10,2025,4,2025-04-01,0.7274799652529459,72.7479965252946,0.11070281314451944,11.070281314451943,0,VERY LOW,0
GRID_S20_E040,-20,40,2025,3,2025-03-01,0.7489214958464913,74.89214958464913,0.11055971628410255,11.055971628410255,0,VERY LOW,0
GRID_N10_W130,10,-130,2025,7,2025-07-01,0.714020140973931,71.40201409739309,0.11049173329638977,11.049173329638977,0,VERY LOW,1
GRID_S20_W180,-20,-180,2025,1,2025-01-01,0.7435276259330387,74.35276259330386,0.11041463076375209,11.041463076375209,0,VERY LOW,1
GRID_N10_W040,10,-40,2025,8,2025-08-01,0.7142254539708498,71.42254539708497,0.11002105145803184,11.002105145803185,0,VERY LOW,0
GRID_S30_E020,-30,20,2025,3,2025-03-01,0.7900644409195623,79.00644409195623,0.10983543688590433,10.983543688590434,0,VERY LOW,0
GRID_S20_E170,-20,170,2025,9,2025-09-01,0.7118620381831743,71.18620381831742,0.10959706097172109,10.95970609717211,0,VERY LOW,0
GRID_N50_E130,50,130,2025,3,2025-03-01,0.7562186527650225,75.62186527650225,0.10920390490555831,10.920390490555832,0,VERY LOW,0
GRID_N50_E010,50,10,2025,6,2025-06-01,0.7196255568399517,71.96255568399516,0.10918658969474482,10.918658969474482,0,VERY LOW,1
GRID_S20_E170,-20,170,2025,3,2025-03-01,0.7313897385246394,73.13897385246393,0.10909249992334949,10.90924999233495,0,VERY LOW,0
GRID_N50_E000,50,0,2025,8,2025-08-01,0.7212525148903713,72.12525148903714,0.10899068534522889,10.89906853452289,0,VERY LOW,1
GRID_N20_E100,20,100,2025,5,2025-05-01,0.7292942023466691,72.9294202346669,0.10890569268213861,10.890569268213861,0,VERY LOW,1
GRID_N10_E080,10,80,2025,8,2025-08-01,0.6939809152304289,69.3980915230429,0.10830034048421384,10.830034048421384,0,VERY LOW,0
GRID_N10_E090,10,90,2025,7,2025-07-01,0.6927875223664498,69.27875223664498,0.10828842220302737,10.828842220302736,0,VERY LOW,1
GRID_N10_E100,10,100,2025,4,2025-04-01,0.7362121421647985,73.62121421647984,0.10824556123464771,10.82455612346477,0,VERY LOW,1
GRID_N20_E080,20,80,2025,10,2025-10-01,0.7408627505137769,74.0862750513777,0.1080518684850527,10.80518684850527,0,VERY LOW,1
GRID_S20_W180,-20,-180,2025,5,2025-05-01,0.7035703616003713,70.35703616003714,0.10801068799777609,10.801068799777608,0,VERY LOW,0
GRID_S20_E060,-20,60,2025,2,2025-02-01,0.7435827700865563,74.35827700865562,0.10798652558630513,10.798652558630513,0,VERY LOW,0
GRID_S40_E170,-40,170,2025,10,2025-10-01,0.7313679251368738,73.13679251368738,0.10792674663958488,10.792674663958488,0,VERY LOW,0
GRID_N40_W090,40,-90,2025,6,2025-06-01,0.7235824086091739,72.35824086091739,0.10787039507708576,10.787039507708576,0,VERY LOW,0
GRID_N10_E070,10,70,2025,3,2025-03-01,0.7333082285830153,73.33082285830153,0.10776690836011286,10.776690836011287,0,VERY LOW,0
GRID_N40_W010,40,-10,2025,11,2025-11-01,0.7157889508148372,71.57889508148372,0.10774064032002903,10.774064032002903,0,VERY LOW,1
GRID_S20_E060,-20,60,2025,3,2025-03-01,0.7264102532412969,72.6410253241297,0.10766954384085292,10.766954384085292,0,VERY LOW,0
GRID_N10_W050,10,-50,2025,9,2025-09-01,0.7297068142909469,72.97068142909468,0.10738148919659012,10.738148919659011,0,VERY LOW,1
GRID_N10_W030,10,-30,2025,8,2025-08-01,0.7069197577611633,70.69197577611634,0.10685837108039313,10.685837108039314,0,VERY LOW,0
GRID_N00_E010,0,10,2025,10,2025-10-01,0.7400117923532249,74.0011792353225,0.10670044854440124,10.670044854440123,0,VERY LOW,1
GRID_N00_W090,0,-90,2025,11,2025-11-01,0.746892264043699,74.6892264043699,0.10650969587359498,10.650969587359498,0,VERY LOW,0
GRID_N20_E080,20,80,2025,11,2025-11-01,0.7391991074661545,73.91991074661544,0.1064896213824067,10.64896213824067,0,VERY LOW,1
GRID_N10_W040,10,-40,2025,6,2025-06-01,0.6856954599637973,68.56954599637973,0.10577737222770651,10.57773722277065,0,VERY LOW,0
GRID_N50_W100,50,-100,2025,4,2025-04-01,0.7245515713756683,72.45515713756683,0.10563688084361308,10.563688084361308,0,VERY LOW,1
GRID_N10_E110,10,110,2025,1,2025-01-01,0.7027952919698484,70.27952919698484,0.10563207014153146,10.563207014153146,0,VERY LOW,0
GRID_N50_E100,50,100,2025,6,2025-06-01,0.7100259176317307,71.00259176317307,0.10508701679316032,10.508701679316031,0,VERY LOW,0
GRID_S20_E070,-20,70,2025,3,2025-03-01,0.7287820655694409,72.8782065569441,0.1049731869719183,10.497318697191831,0,VERY LOW,0
GRID_N10_W080,10,-80,2025,7,2025-07-01,0.690321777971425,69.03217779714251,0.10471859323793194,10.471859323793193,0,VERY LOW,1
GRID_N20_W110,20,-110,2025,7,2025-07-01,0.6855623468960647,68.55623468960647,0.10470389052212832,10.470389052212832,0,VERY LOW,0
GRID_N10_W040,10,-40,2025,7,2025-07-01,0.6800515972450639,68.0051597245064,0.10463677081501241,10.46367708150124,0,VERY LOW,0
GRID_S20_E060,-20,60,2025,4,2025-04-01,0.7064796836500135,70.64796836500135,0.10460032723369435,10.460032723369435,0,VERY LOW,0
GRID_N20_E120,20,120,2025,6,2025-06-01,0.6844041631169637,68.44041631169637,0.10414808109438348,10.414808109438347,0,VERY LOW,1
GRID_S40_E010,-40,10,2025,3,2025-03-01,0.7385320003292309,73.8532000329231,0.10392435601493699,10.392435601493698,0,VERY LOW,0
GRID_N10_W030,10,-30,2025,9,2025-09-01,0.7236462863067037,72.36462863067037,0.10386983251180401,10.386983251180402,0,VERY LOW,0
GRID_N00_W010,0,-10,2025,10,2025-10-01,0.7389093483715689,73.89093483715689,0.10376883925209683,10.376883925209683,0,VERY LOW,1
GRID_S20_W180,-20,-180,2025,3,2025-03-01,0.7064718576209089,70.64718576209088,0.1036813213004741,10.36813213004741,0,VERY LOW,0
GRID_S20_E070,-20,70,2025,4,2025-04-01,0.7032683214282601,70.326832142826,0.10348523416462067,10.348523416462067,0,VERY LOW,0
GRID_N50_E010,50,10,2025,10,2025-10-01,0.7101243418609445,71.01243418609445,0.10328948367609007,10.328948367609007,0,VERY LOW,0
GRID_S20_E070,-20,70,2025,1,2025-01-01,0.7222026030346471,72.22026030346471,0.1032427553135481,10.32427553135481,0,VERY LOW,0
GRID_S20_E110,-20,110,2025,5,2025-05-01,0.6928088288375966,69.28088288375966,0.10316416305875506,10.316416305875507,0,VERY LOW,0
GRID_N30_E000,30,0,2025,6,2025-06-01,0.698481499945018,69.8481499945018,0.10303942466086254,10.303942466086253,0,VERY LOW,0
GRID_S20_E170,-20,170,2025,4,2025-04-01,0.6994034133509871,69.94034133509871,0.10303048858374793,10.303048858374792,0,VERY LOW,0
GRID_N20_E120,20,120,2025,11,2025-11-01,0.7022395605497079,70.2239560549708,0.10285883874610469,10.28588387461047,0,VERY LOW,0
GRID_S60_W040,-60,-40,2025,10,2025-10-01,0.7154139151911916,71.54139151911916,0.10281904844518323,10.281904844518323,0,VERY LOW,0
GRID_N60_E140,60,140,2025,7,2025-07-01,0.7180026522803874,71.80026522803874,0.10275554308693917,10.275554308693916,0,VERY LOW,0
GRID_N10_E070,10,70,2025,6,2025-06-01,0.6896264901305222,68.96264901305223,0.10269358435995476,10.269358435995477,0,VERY LOW,0
GRID_N20_W080,20,-80,2025,10,2025-10-01,0.7128620047482133,71.28620047482133,0.10265518979562219,10.265518979562218,0,VERY LOW,0
GRID_N60_E140,60,140,2025,3,2025-03-01,0.7284146703907795,72.84146703907794,0.10264484753460328,10.264484753460328,0,VERY LOW,0
GRID_N10_E150,10,150,2025,8,2025-08-01,0.6925243541683518,69.25243541683518,0.10259440437808558,10.259440437808557,0,VERY LOW,0
GRID_S20_E040,-20,40,2025,7,2025-07-01,0.6919809197074314,69.19809197074314,0.1023773163303365,10.23773163303365,0,VERY LOW,0
GRID_S40_E150,-40,150,2025,6,2025-06-01,0.7080785543497319,70.80785543497319,0.1022093773688928,10.22093773688928,0,VERY LOW,0
GRID_S20_E170,-20,170,2025,10,2025-10-01,0.6976045818159059,69.7604581815906,0.102187498816745,10.218749881674501,0,VERY LOW,0
GRID_S30_E120,-30,120,2025,4,2025-04-01,0.7228302498060188,72.28302498060188,0.102063025326621,10.2063025326621,0,VERY LOW,1
GRID_N10_E140,10,140,2025,3,2025-03-01,0.6901583014143128,69.01583014143128,0.10195919726269913,10.195919726269913,0,VERY LOW,0
GRID_S20_E040,-20,40,2025,10,2025-10-01,0.7151411917657645,71.51411917657646,0.10187522730920169,10.187522730920168,0,VERY LOW,1
GRID_N10_W040,10,-40,2025,5,2025-05-01,0.6769448256332364,67.69448256332365,0.10158199921493236,10.158199921493235,0,VERY LOW,0
GRID_N50_E130,50,130,2025,2,2025-02-01,0.7340012009488094,73.40012009488093,0.10137276994150377,10.137276994150376,0,VERY LOW,0
GRID_S20_E150,-20,150,2025,4,2025-04-01,0.6956165502074587,69.56165502074587,0.10111768816489834,10.111768816489834,0,VERY LOW,0
GRID_N10_E100,10,100,2025,10,2025-10-01,0.7096797799746672,70.96797799746672,0.10109371950843102,10.109371950843101,0,VERY LOW,1
GRID_S10_W080,-10,-80,2025,10,2025-10-01,0.6891080665532489,68.91080665532489,0.10101768537569344,10.101768537569345,0,VERY LOW,1
GRID_N30_E010,30,10,2025,2,2025-02-01,0.6883849467004581,68.83849467004582,0.10093287555895189,10.09328755589519,0,VERY LOW,0
GRID_N10_E040,10,40,2025,9,2025-09-01,0.7007197110145627,70.07197110145627,0.10039860288132921,10.039860288132921,0,VERY LOW,0
GRID_S20_W050,-20,-50,2025,10,2025-10-01,0.696200953569881,69.6200953569881,0.10038891925086138,10.038891925086139,0,VERY LOW,0
GRID_S20_E050,-20,50,2025,6,2025-06-01,0.661897098766425,66.1897098766425,0.10032873520858365,10.032873520858365,0,VERY LOW,0
GRID_N10_W130,10,-130,2025,6,2025-06-01,0.6665418431162924,66.65418431162924,0.10003920497524685,10.003920497524685,0,VERY LOW,0
GRID_N50_W120,50,-120,2025,9,2025-09-01,0.6563334208435596,65.63334208435596,0.10000366263510334,10.000366263510333,0,VERY LOW,0
GRID_S20_E150,-20,150,2025,3,2025-03-01,0.7082516104547624,70.82516104547624,0.09999761243337557,9.999761243337558,0,VERY LOW,0
GRID_N10_E010,10,10,2025,4,2025-04-01,0.7050226621669664,70.50226621669664,0.09987923855118763,9.987923855118764,0,VERY LOW,0
GRID_S20_W180,-20,-180,2025,6,2025-06-01,0.6616857610828949,66.16857610828949,0.09978627201805482,9.978627201805482,0,VERY LOW,0
GRID_S20_E060,-20,60,2025,7,2025-07-01,0.6619978287994975,66.19978287994975,0.09970826826081533,9.970826826081533,0,VERY LOW,0
GRID_N10_W070,10,-70,2025,10,2025-10-01,0.6947016965556296,69.47016965556297,0.09960329435555257,9.960329435555257,0,VERY LOW,0
GRID_S30_E050,-30,50,2025,7,2025-07-01,0.6658710458904111,66.58710458904112,0.09959919803342565,9.959919803342565,0,VERY LOW,0
GRID_S20_E050,-20,50,2025,7,2025-07-01,0.6560402594229947,65.60402594229947,0.09931631147832982,9.931631147832983,0,VERY LOW,0
GRID_N10_E000,10,0,2025,6,2025-06-01,0.7168266999013658,71.68266999013659,0.09914313902274509,9.91431390227451,0,VERY LOW,1
GRID_N10_E080,10,80,2025,9,2025-09-01,0.6668644382159303,66.68644382159303,0.09880146695665824,9.880146695665823,0,VERY LOW,1
GRID_N00_E030,0,30,2025,4,2025-04-01,0.7106739564845854,71.06739564845854,0.09872975109029844,9.872975109029843,0,VERY LOW,1
GRID_S20_E060,-20,60,2025,8,2025-08-01,0.6632753562363973,66.32753562363973,0.09872384535141168,9.872384535141169,0,VERY LOW,0
GRID_S40_E110,-40,110,2025,1,2025-01-01,0.7157038670155823,71.57038670155823,0.09859978100102548,9.859978100102548,0,VERY LOW,1
GRID_N50_E020,50,20,2025,8,2025-08-01,0.68447045786948,68.447045786948,0.09854510213504689,9.854510213504689,0,VERY LOW,0
GRID_N10_E080,10,80,2025,4,2025-04-01,0.6706019139938008,67.06019139938007,0.09840301237636152,9.840301237636153,0,VERY LOW,0
GRID_N30_E010,30,10,2025,1,2025-01-01,0.684803556919793,68.4803556919793,0.09810907559693591,9.810907559693591,0,VERY LOW,0
GRID_N10_E080,10,80,2025,1,2025-01-01,0.694073055973525,69.4073055973525,0.0978999546647778,9.78999546647778,0,VERY LOW,0
GRID_S30_E050,-30,50,2025,6,2025-06-01,0.6578020452265553,65.78020452265552,0.09786907215049737,9.786907215049737,0,VERY LOW,0
GRID_N40_E010,40,10,2025,10,2025-10-01,0.6774987782056724,67.74987782056724,0.09777569124440662,9.777569124440662,0,VERY LOW,1
GRID_N10_E150,10,150,2025,7,2025-07-01,0.657001669446922,65.7001669446922,0.09742249839587394,9.742249839587394,0,VERY LOW,0
GRID_N20_E120,20,120,2025,5,2025-05-01,0.6618758878544704,66.18758878544703,0.0973283086224704,9.73283086224704,0,VERY LOW,0
GRID_S20_W180,-20,-180,2025,8,2025-08-01,0.6555581606009431,65.5558160600943,0.09726537948918537,9.726537948918537,0,VERY LOW,0
GRID_N40_E040,40,40,2025,10,2025-10-01,0.6933370291282306,69.33370291282306,0.09699774381923952,9.699774381923952,0,VERY LOW,0
GRID_N30_W050,30,-50,2025,6,2025-06-01,0.6629572388867132,66.29572388867132,0.0969336771116033,9.693367711160331,0,VERY LOW,0
GRID_S20_E170,-20,170,2025,6,2025-06-01,0.6534649930973059,65.34649930973059,0.09691093583367891,9.691093583367891,0,VERY LOW,1
GRID_N60_W120,60,-120,2025,9,2025-09-01,0.6783756573196181,67.83756573196182,0.0967795333382503,9.67795333382503,0,VERY LOW,0
GRID_N00_E090,0,90,2025,5,2025-05-01,0.6859493982974701,68.59493982974702,0.09674759764015758,9.674759764015759,0,VERY LOW,0
GRID_N30_E070,30,70,2025,7,2025-07-01,0.6823005887138671,68.23005887138672,0.0966776181242824,9.667761812428239,0,VERY LOW,1
GRID_S20_E040,-20,40,2025,8,2025-08-01,0.6732489629067637,67.32489629067638,0.09659334470061373,9.659334470061372,0,VERY LOW,1
GRID_N10_W080,10,-80,2025,11,2025-11-01,0.6932698670694042,69.32698670694042,0.09646008653346541,9.646008653346541,0,VERY LOW,0
GRID_S60_W040,-60,-40,2025,8,2025-08-01,0.6784080170963286,67.84080170963286,0.09645651035697109,9.645651035697108,0,VERY LOW,1
GRID_S40_E110,-40,110,2025,11,2025-11-01,0.6946599046471861,69.4659904647186,0.09622370991074004,9.622370991074005,0,VERY LOW,1
GRID_S30_E030,-30,30,2025,10,2025-10-01,0.691093960643355,69.1093960643355,0.09596932562219057,9.596932562219058,0,VERY LOW,1
GRID_S20_E060,-20,60,2025,6,2025-06-01,0.6470455065364038,64.70455065364038,0.09587764930071038,9.587764930071039,0,VERY LOW,0
GRID_S20_W180,-20,-180,2025,7,2025-07-01,0.6400843793838398,64.00843793838398,0.0957882273423244,9.578822734232439,0,VERY LOW,0
GRID_N10_E150,10,150,2025,6,2025-06-01,0.6488314388920898,64.88314388920898,0.09574866963529224,9.574866963529225,0,VERY LOW,0
GRID_S20_E110,-20,110,2025,6,2025-06-01,0.6547681152817159,65.47681152817158,0.0956704561879845,9.567045618798451,0,VERY LOW,0
GRID_S30_E120,-30,120,2025,5,2025-05-01,0.6896027588524878,68.96027588524878,0.09545075060720207,9.545075060720206,0,VERY LOW,1
GRID_N10_W130,10,-130,2025,9,2025-09-01,0.6562802145471115,65.62802145471115,0.09506426609524588,9.506426609524588,0,VERY LOW,0
GRID_N10_E040,10,40,2025,8,2025-08-01,0.6730671734979917,67.30671734979917,0.09499267063130552,9.499267063130553,0,VERY LOW,1
GRID_N30_W070,30,-70,2025,8,2025-08-01,0.6588029078247088,65.88029078247088,0.09479806513472877,9.479806513472877,0,VERY LOW,0
GRID_S40_E130,-40,130,2025,2,2025-02-01,0.7019100783769078,70.19100783769078,0.09450675202132701,9.4506752021327,0,VERY LOW,0
GRID_N20_E140,20,140,2025,2,2025-02-01,0.660651516414669,66.0651516414669,0.0940697523012619,9.40697523012619,0,VERY LOW,0
GRID_S20_E040,-20,40,2025,6,2025-06-01,0.6584300865586286,65.84300865586286,0.09401845947474252,9.401845947474252,0,VERY LOW,0
GRID_N10_W020,10,-20,2025,7,2025-07-01,0.6709382906517575,67.09382906517575,0.093665964368915,9.3665964368915,0,VERY LOW,1
GRID_N60_E130,60,130,2025,2,2025-02-01,0.7012658719168229,70.12658719168229,0.09358250238632651,9.358250238632651,0,VERY LOW,0
GRID_S20_E050,-20,50,2025,8,2025-08-01,0.6362714778464996,63.627147784649964,0.09353264734738134,9.353264734738135,0,VERY LOW,0
GRID_N10_W070,10,-70,2025,5,2025-05-01,0.6564691981589635,65.64691981589635,0.09330125457720273,9.330125457720273,0,VERY LOW,0
GRID_S50_E170,-50,170,2025,6,2025-06-01,0.6731495416952098,67.31495416952097,0.09323698294288074,9.323698294288075,0,VERY LOW,0
GRID_N00_W010,0,-10,2025,7,2025-07-01,0.6848634863489628,68.48634863489627,0.09302712889155099,9.3027128891551,0,VERY LOW,0
GRID_S20_W180,-20,-180,2025,9,2025-09-01,0.6481681536110449,64.81681536110449,0.09298356363132194,9.298356363132195,0,VERY LOW,0
GRID_N20_E130,20,130,2025,7,2025-07-01,0.6503771366094995,65.03771366094995,0.09289592253040901,9.289592253040901,0,VERY LOW,0
GRID_N30_E040,30,40,2025,9,2025-09-01,0.6716664884066491,67.1666488406649,0.09247636988048338,9.247636988048338,0,VERY LOW,0
GRID_S30_E150,-30,150,2025,6,2025-06-01,0.6595075770650761,65.95075770650762,0.09225066596000409,9.225066596000408,0,VERY LOW,0
GRID_S20_E170,-20,170,2025,1,2025-01-01,0.6901786358847676,69.01786358847676,0.09219802365777141,9.219802365777142,0,VERY LOW,1
GRID_N10_E080,10,80,2025,2,2025-02-01,0.6647350856482181,66.47350856482181,0.09218074550153316,9.218074550153316,0,VERY LOW,0
GRID_N30_E070,30,70,2025,5,2025-05-01,0.6723352525028794,67.23352525028794,0.09211467355630251,9.211467355630251,0,VERY LOW,1
GRID_N10_W020,10,-20,2025,10,2025-10-01,0.6770817498717613,67.70817498717612,0.09210312374435292,9.210312374435292,0,VERY LOW,1
GRID_N10_E080,10,80,2025,3,2025-03-01,0.6570331387306849,65.7033138730685,0.09201718300664366,9.201718300664366,0,VERY LOW,0
GRID_S20_E060,-20,60,2025,5,2025-05-01,0.6377872301097259,63.77872301097259,0.09200088722914698,9.200088722914698,0,VERY LOW,0
GRID_N30_W010,30,-10,2025,9,2025-09-01,0.6496233303123586,64.96233303123586,0.09191407819156841,9.191407819156842,0,VERY LOW,1
GRID_S20_W060,-20,-60,2025,10,2025-10-01,0.7605305586302451,76.05305586302451,0.0918357740215334,9.18357740215334,0,VERY LOW,0
GRID_N60_E110,60,110,2025,6,2025-06-01,0.6654770811586879,66.54770811586879,0.09180298606487462,9.180298606487462,0,VERY LOW,0
GRID_N20_E090,20,90,2025,6,2025-06-01,0.6480259278645015,64.80259278645015,0.09169609821932379,9.16960982193238,0,VERY LOW,1
GRID_N10_E140,10,140,2025,2,2025-02-01,0.6578530804210082,65.78530804210082,0.09159155171519506,9.159155171519506,0,VERY LOW,0
GRID_N40_E030,40,30,2025,8,2025-08-01,0.6571060627294059,65.71060627294058,0.09148215360740446,9.148215360740446,0,VERY LOW,1
GRID_S30_E050,-30,50,2025,5,2025-05-01,0.6343892460409487,63.43892460409487,0.0913697123728687,9.13697123728687,0,VERY LOW,0
GRID_S20_E070,-20,70,2025,2,2025-02-01,0.6779028838671957,67.79028838671957,0.09131371625801403,9.131371625801403,0,VERY LOW,0
GRID_S20_W080,-20,-80,2025,5,2025-05-01,0.6589386708185947,65.89386708185947,0.09130630226277868,9.130630226277868,0,VERY LOW,0
GRID_N10_E140,10,140,2025,1,2025-01-01,0.6585260476192129,65.85260476192128,0.0912790374362938,9.12790374362938,0,VERY LOW,0
GRID_N30_W010,30,-10,2025,4,2025-04-01,0.6531125500170136,65.31125500170137,0.09103126151736825,9.103126151736825,0,VERY LOW,1
GRID_S10_E080,-10,80,2025,7,2025-07-01,0.6445433192749928,64.45433192749928,0.09070393315254018,9.070393315254018,0,VERY LOW,0
GRID_S40_E020,-40,20,2025,8,2025-08-01,0.6847506645748623,68.47506645748624,0.09062408258351803,9.062408258351804,0,VERY LOW,0
GRID_S40_E170,-40,170,2025,7,2025-07-01,0.6468357448806149,64.6835744880615,0.09055748544701551,9.05574854470155,0,VERY LOW,1
GRID_S20_E070,-20,70,2025,6,2025-06-01,0.6256139400462042,62.56139400462042,0.09042802748534935,9.042802748534935,0,VERY LOW,0
GRID_S20_E040,-20,40,2025,5,2025-05-01,0.6493085844454176,64.93085844454176,0.09024421439746215,9.024421439746215,0,VERY LOW,0
GRID_S20_E150,-20,150,2025,6,2025-06-01,0.6265058618294803,62.65058618294803,0.0902179701226677,9.02179701226677,0,VERY LOW,0
GRID_N30_E130,30,130,2025,2,2025-02-01,0.6527343745298465,65.27343745298465,0.09011113977247791,9.01111397724779,0,VERY LOW,1
GRID_S20_E060,-20,60,2025,9,2025-09-01,0.634869582916904,63.4869582916904,0.09003457396352758,9.003457396352758,0,VERY LOW,0
GRID_N20_E120,20,120,2025,4,2025-04-01,0.6403370791987902,64.03370791987902,0.08999735800172179,8.999735800172179,0,VERY LOW,0
GRID_N10_W160,10,-160,2025,11,2025-11-01,0.6576053068039766,65.76053068039765,0.08966556451422712,8.966556451422711,0,VERY LOW,0
GRID_S20_E050,-20,50,2025,9,2025-09-01,0.6287020424005675,62.87020424005675,0.0895609237206211,8.95609237206211,0,VERY LOW,0
GRID_S20_E070,-20,70,2025,7,2025-07-01,0.619489902792884,61.948990279288395,0.08951437469294724,8.951437469294724,0,VERY LOW,0
GRID_S20_E150,-20,150,2025,7,2025-07-01,0.6203875614627649,62.038756146276484,0.08933311631824961,8.933311631824962,0,VERY LOW,0
GRID_N10_W040,10,-40,2025,4,2025-04-01,0.6347697445760916,63.47697445760916,0.08920269112145357,8.920269112145357,0,VERY LOW,0
GRID_S30_E050,-30,50,2025,4,2025-04-01,0.6411799539539658,64.11799539539658,0.08919680683405556,8.919680683405556,0,VERY LOW,0
GRID_N20_E140,20,140,2025,1,2025-01-01,0.6427772439688986,64.27772439688985,0.08911698084562322,8.911698084562323,0,VERY LOW,0
GRID_S30_E050,-30,50,2025,8,2025-08-01,0.6174776440571429,61.74776440571429,0.08880206512718847,8.880206512718846,0,VERY LOW,0
GRID_N10_W130,10,-130,2025,5,2025-05-01,0.6219820602999813,62.198206029998126,0.088776046071725,8.8776046071725,0,VERY LOW,0
GRID_S20_E070,-20,70,2025,8,2025-08-01,0.6208360731201057,62.08360731201057,0.08864443266489594,8.864443266489594,0,VERY LOW,0
GRID_N30_E020,30,20,2025,5,2025-05-01,0.6305540498744944,63.055404987449435,0.08858537321726609,8.858537321726608,0,VERY LOW,1
GRID_N60_E110,60,110,2025,5,2025-05-01,0.6564455744051083,65.64455744051084,0.08850404541144556,8.850404541144556,0,VERY LOW,0
GRID_N20_E090,20,90,2025,7,2025-07-01,0.655473348402516,65.54733484025161,0.08845536741200635,8.845536741200636,0,VERY LOW,0
GRID_S50_W080,-50,-80,2025,1,2025-01-01,0.6745735543502557,67.45735543502556,0.08811319504522189,8.811319504522189,0,VERY LOW,0
GRID_S30_E020,-30,20,2025,11,2025-11-01,0.6666677410596292,66.66677410596293,0.08799277721066028,8.799277721066028,0,VERY LOW,0
GRID_S20_E090,-20,90,2025,6,2025-06-01,0.6270295179464416,62.70295179464416,0.08792018498422877,8.792018498422877,0,VERY LOW,0
GRID_S20_E080,-20,80,2025,6,2025-06-01,0.6292981793153289,62.929817931532895,0.08790038214351184,8.790038214351185,0,VERY LOW,0
GRID_N30_E130,30,130,2025,1,2025-01-01,0.6489521991935774,64.89521991935774,0.08774467546132002,8.774467546132001,0,VERY LOW,0
GRID_S40_E020,-40,20,2025,7,2025-07-01,0.657165659311392,65.7165659311392,0.087710621229695,8.7710621229695,0,VERY LOW,0
GRID_S30_E130,-30,130,2025,4,2025-04-01,0.6982140104056169,69.8214010405617,0.08766683329665456,8.766683329665456,0,VERY LOW,0
GRID_N50_W100,50,-100,2025,9,2025-09-01,0.590367972599866,59.03679725998659,0.08763443616564535,8.763443616564535,0,VERY LOW,0
GRID_N40_E000,40,0,2025,3,2025-03-01,0.6276681130269008,62.76681130269009,0.08754130942042457,8.754130942042456,0,VERY LOW,1
GRID_N00_E090,0,90,2025,8,2025-08-01,0.6337068506513504,63.370685065135035,0.08753487220680929,8.75348722068093,0,VERY LOW,0
GRID_N50_E000,50,0,2025,6,2025-06-01,0.6378012065431177,63.780120654311766,0.08748521419284809,8.74852141928481,0,VERY LOW,1
GRID_N30_E070,30,70,2025,6,2025-06-01,0.6464926848683562,64.64926848683562,0.087458837047826,8.745883704782601,0,VERY LOW,1
GRID_N10_E150,10,150,2025,5,2025-05-01,0.6180801380564627,61.80801380564627,0.08744195067421341,8.744195067421341,0,VERY LOW,0
GRID_N10_E150,10,150,2025,10,2025-10-01,0.6499137334608553,64.99137334608554,0.08738875976721125,8.738875976721125,0,VERY LOW,0
GRID_N60_W110,60,-110,2025,8,2025-08-01,0.6459451375797098,64.59451375797099,0.08735769330114684,8.735769330114685,0,VERY LOW,0
GRID_N20_E100,20,100,2025,4,2025-04-01,0.6553884625659998,65.53884625659998,0.0872123848454615,8.72123848454615,0,VERY LOW,1
GRID_N10_E150,10,150,2025,2,2025-02-01,0.6527641069654987,65.27641069654987,0.08718605004494948,8.718605004494947,0,VERY LOW,0
GRID_N50_W160,50,-160,2025,5,2025-05-01,0.6335475745096603,63.35475745096603,0.087111418520602,8.7111418520602,0,VERY LOW,0
GRID_S30_E150,-30,150,2025,7,2025-07-01,0.6293769750268536,62.93769750268537,0.08692808862687959,8.69280886268796,0,VERY LOW,0
GRID_S20_E070,-20,70,2025,5,2025-05-01,0.6161270136972753,61.61270136972753,0.08677211923027302,8.677211923027302,0,VERY LOW,0
GRID_N20_E120,20,120,2025,3,2025-03-01,0.6406383970416991,64.06383970416991,0.08665921137858543,8.665921137858543,0,VERY LOW,0
GRID_S20_E080,-20,80,2025,3,2025-03-01,0.6502758822115464,65.02758822115464,0.08661204168451432,8.661204168451432,0,VERY LOW,0
GRID_N10_E070,10,70,2025,4,2025-04-01,0.6384817454225032,63.84817454225033,0.08658177219759018,8.658177219759018,0,VERY LOW,1
GRID_S20_E050,-20,50,2025,1,2025-01-01,0.6579414142059561,65.79414142059561,0.08637944157824057,8.637944157824057,0,VERY LOW,1
GRID_N60_E130,60,130,2025,8,2025-08-01,0.6414210562137185,64.14210562137185,0.08633833002966222,8.633833002966222,0,VERY LOW,0
GRID_N10_E000,10,0,2025,2,2025-02-01,0.6646663758526322,66.46663758526323,0.08631461302233642,8.631461302233642,0,VERY LOW,0
GRID_N50_W160,50,-160,2025,6,2025-06-01,0.6256973615339773,62.56973615339773,0.08625960334223798,8.625960334223798,0,VERY LOW,0
GRID_N20_E130,20,130,2025,6,2025-06-01,0.6131113731147667,61.31113731147667,0.08625590968782809,8.62559096878281,0,VERY LOW,0
GRID_N20_W110,20,-110,2025,11,2025-11-01,0.6647506230696056,66.47506230696057,0.086204231058746,8.6204231058746,0,VERY LOW,0
GRID_N50_E130,50,130,2025,1,2025-01-01,0.6760457306833965,67.60457306833965,0.08620064358597818,8.620064358597817,0,VERY LOW,0
GRID_S30_W060,-30,-60,2025,2,2025-02-01,0.7199227330411357,71.99227330411358,0.08604670928291211,8.604670928291211,0,VERY LOW,0
GRID_S40_E010,-40,10,2025,6,2025-06-01,0.6429725686996733,64.29725686996733,0.08604108421492614,8.604108421492613,0,VERY LOW,0
GRID_S30_E150,-30,150,2025,5,2025-05-01,0.6347440838321906,63.474408383219064,0.08599594545012657,8.599594545012657,0,VERY LOW,0
GRID_N00_W070,0,-70,2025,11,2025-11-01,0.6638812287823177,66.38812287823177,0.08588507990963723,8.588507990963723,0,VERY LOW,1
GRID_N40_E040,40,40,2025,7,2025-07-01,0.6244574359248224,62.44574359248224,0.0856767373210902,8.56767373210902,0,VERY LOW,0
GRID_N40_E110,40,110,2025,5,2025-05-01,0.6410555244522717,64.10555244522716,0.0855462322551151,8.55462322551151,0,VERY LOW,0
GRID_S30_E050,-30,50,2025,9,2025-09-01,0.6173532912834656,61.735329128346564,0.08553865565550252,8.553865565550252,0,VERY LOW,0
GRID_N10_E070,10,70,2025,7,2025-07-01,0.6076828271901471,60.76828271901471,0.08542124435100203,8.542124435100202,0,VERY LOW,1
GRID_N10_W010,10,-10,2025,2,2025-02-01,0.665365192225118,66.5365192225118,0.08532703029412372,8.532703029412373,0,VERY LOW,0
GRID_N20_E130,20,130,2025,8,2025-08-01,0.6158808536724775,61.58808536724775,0.08508915621978998,8.508915621978998,0,VERY LOW,0
GRID_N00_W070,0,-70,2025,6,2025-06-01,0.6350446547682439,63.50446547682439,0.08507950641831834,8.507950641831833,0,VERY LOW,1
GRID_N00_E130,0,130,2025,9,2025-09-01,0.6261104131784713,62.611041317847125,0.08502667596354112,8.502667596354112,0,VERY LOW,0
GRID_N30_E030,30,30,2025,8,2025-08-01,0.6204834673506655,62.04834673506655,0.08501271911886754,8.501271911886754,0,VERY LOW,0
GRID_N60_E150,60,150,2025,6,2025-06-01,0.6525676065497722,65.25676065497721,0.08488272503834882,8.488272503834882,0,VERY LOW,1
GRID_S40_E150,-40,150,2025,5,2025-05-01,0.6439085260417808,64.39085260417808,0.08475310691983502,8.475310691983502,0,VERY LOW,1
GRID_N40_E070,40,70,2025,7,2025-07-01,0.6261279262080697,62.61279262080697,0.08468765994709469,8.46876599470947,0,VERY LOW,0
GRID_N10_E010,10,10,2025,9,2025-09-01,0.6345651738603848,63.45651738603848,0.08460933073701113,8.460933073701113,0,VERY LOW,0
GRID_N10_W160,10,-160,2025,6,2025-06-01,0.6011210636266655,60.11210636266655,0.08457764844394823,8.457764844394823,0,VERY LOW,0
GRID_N20_E110,20,110,2025,7,2025-07-01,0.621053280173009,62.1053280173009,0.08453728850443473,8.453728850443474,0,VERY LOW,0
GRID_N60_W030,60,-30,2025,4,2025-04-01,0.625638543112788,62.5638543112788,0.0843843043155335,8.43843043155335,0,VERY LOW,0
GRID_S20_E080,-20,80,2025,5,2025-05-01,0.6198478824860827,61.98478824860827,0.08423786173503371,8.423786173503371,0,VERY LOW,0
GRID_N30_W050,30,-50,2025,7,2025-07-01,0.6040889912716718,60.40889912716718,0.08420954025877472,8.420954025877473,0,VERY LOW,0
GRID_S20_E150,-20,150,2025,8,2025-08-01,0.5998196150232503,59.981961502325035,0.08419108346663425,8.419108346663425,0,VERY LOW,0
GRID_S20_E110,-20,110,2025,7,2025-07-01,0.5988027363466661,59.880273634666615,0.08411639833650522,8.411639833650522,0,VERY LOW,0
GRID_N20_W110,20,-110,2025,8,2025-08-01,0.6116331491932722,61.16331491932721,0.08403687191640344,8.403687191640344,0,VERY LOW,0
GRID_S20_W180,-20,-180,2025,10,2025-10-01,0.6178310843522403,61.78310843522403,0.08400312992287848,8.400312992287848,0,VERY LOW,0
GRID_S20_W050,-20,-50,2025,3,2025-03-01,0.726129420286021,72.6129420286021,0.083855723754943,8.3855723754943,0,VERY LOW,0
GRID_N30_W050,30,-50,2025,8,2025-08-01,0.613799867295965,61.3799867295965,0.08384564778323347,8.384564778323348,0,VERY LOW,0
GRID_N10_E150,10,150,2025,9,2025-09-01,0.6079542963013707,60.795429630137065,0.08371306901812373,8.371306901812373,0,VERY LOW,0
GRID_N10_E040,10,40,2025,11,2025-11-01,0.6435421018761839,64.35421018761839,0.08361367018823075,8.361367018823076,0,VERY LOW,0
GRID_S20_E090,-20,90,2025,7,2025-07-01,0.6068808817326501,60.68808817326501,0.08359318510423068,8.359318510423067,0,VERY LOW,0
GRID_N10_E010,10,10,2025,8,2025-08-01,0.6206298051967291,62.062980519672905,0.08358468754971812,8.358468754971812,0,VERY LOW,0
GRID_S30_W070,-30,-70,2025,3,2025-03-01,0.6509769801230646,65.09769801230647,0.0835532222480008,8.35532222480008,0,VERY LOW,0
GRID_N10_W130,10,-130,2025,10,2025-10-01,0.6123088830102209,61.23088830102209,0.08344204667887296,8.344204667887297,0,VERY LOW,0
GRID_N10_W160,10,-160,2025,7,2025-07-01,0.5931903186021691,59.31903186021691,0.08343209960102234,8.343209960102234,0,VERY LOW,0
GRID_S20_E110,-20,110,2025,8,2025-08-01,0.6001748580861196,60.01748580861196,0.08333914440873802,8.333914440873802,0,VERY LOW,0
GRID_S20_E110,-20,110,2025,1,2025-01-01,0.6427534977940433,64.27534977940434,0.0833078017402739,8.33078017402739,0,VERY LOW,1
GRID_N50_W130,50,-130,2025,9,2025-09-01,0.59589261524356,59.589261524356,0.08321327677950759,8.321327677950759,0,VERY LOW,1
GRID_N60_E140,60,140,2025,8,2025-08-01,0.6458980841832053,64.58980841832053,0.08316143856676765,8.316143856676765,0,VERY LOW,0
GRID_N10_E010,10,10,2025,7,2025-07-01,0.611237997354041,61.123799735404106,0.08309195420111751,8.30919542011175,0,VERY LOW,0
GRID_N10_W160,10,-160,2025,8,2025-08-01,0.6022677573258656,60.22677573258656,0.08299307506971358,8.299307506971358,0,VERY LOW,0
GRID_S80_W170,-80,-170,2025,7,2025-07-01,0.6295029654142613,62.950296541426134,0.0829099781022125,8.29099781022125,0,VERY LOW,0
GRID_N20_E130,20,130,2025,5,2025-05-01,0.6035084178857767,60.35084178857767,0.08285493075476713,8.285493075476714,0,VERY LOW,0
GRID_N10_W070,10,-70,2025,6,2025-06-01,0.5981783397860676,59.81783397860676,0.08276372581489103,8.276372581489102,0,VERY LOW,0
GRID_S30_W070,-30,-70,2025,1,2025-01-01,0.649171897528443,64.9171897528443,0.08263585096804586,8.263585096804587,0,VERY LOW,0
GRID_N00_W080,0,-80,2025,1,2025-01-01,0.6306033367066792,63.06033367066792,0.08240774277221194,8.240774277221194,0,VERY LOW,0
GRID_N40_E000,40,0,2025,2,2025-02-01,0.6147451125170647,61.47451125170647,0.08239603995160734,8.239603995160733,0,VERY LOW,0
GRID_N60_E110,60,110,2025,4,2025-04-01,0.6347517394170421,63.47517394170421,0.08237707100489629,8.23770710048963,0,VERY LOW,0
GRID_S20_E080,-20,80,2025,4,2025-04-01,0.6260411729070674,62.60411729070674,0.08217652471065125,8.217652471065124,0,VERY LOW,0
GRID_N10_W070,10,-70,2025,7,2025-07-01,0.592629464568003,59.2629464568003,0.08195514338628866,8.195514338628866,0,VERY LOW,1
GRID_S20_E170,-20,170,2025,11,2025-11-01,0.6124730262620898,61.24730262620898,0.08194182830668564,8.194182830668565,0,VERY LOW,0
GRID_N10_W130,10,-130,2025,4,2025-04-01,0.5994399295399211,59.94399295399211,0.08183149780841426,8.183149780841426,0,VERY LOW,0
GRID_S40_E020,-40,20,2025,6,2025-06-01,0.6277180667672533,62.771806676725326,0.0816946971622963,8.16946971622963,0,VERY LOW,0
GRID_N40_E020,40,20,2025,9,2025-09-01,0.6041212390804133,60.41212390804132,0.0816600856077655,8.16600856077655,0,VERY LOW,1
GRID_S20_E060,-20,60,2025,10,2025-10-01,0.6040862469348807,60.408624693488065,0.0815457324412336,8.15457324412336,0,VERY LOW,0
GRID_N10_E010,10,10,2025,10,2025-10-01,0.6316239045672949,63.16239045672949,0.08145628647032739,8.145628647032739,0,VERY LOW,1
GRID_S20_E030,-20,30,2025,2,2025-02-01,0.7656019245889683,76.56019245889682,0.08144342180363098,8.144342180363099,0,VERY LOW,0
GRID_N10_W130,10,-130,2025,11,2025-11-01,0.6174417731768638,61.74417731768638,0.0814431331812992,8.14431331812992,0,VERY LOW,0
GRID_N60_W030,60,-30,2025,8,2025-08-01,0.5952369187288378,59.523691872883774,0.08131092844074232,8.131092844074232,0,VERY LOW,0
GRID_N10_E070,10,70,2025,10,2025-10-01,0.61587035842631,61.587035842630996,0.08125889729129558,8.125889729129558,0,VERY LOW,1
GRID_S30_E050,-30,50,2025,3,2025-03-01,0.6124362427725315,61.24362427725315,0.0811855688921947,8.118556889219471,0,VERY LOW,0
GRID_N10_E040,10,40,2025,7,2025-07-01,0.6084490816399387,60.84490816399387,0.08111110868397166,8.111110868397166,0,VERY LOW,1
GRID_S20_E050,-20,50,2025,10,2025-10-01,0.5977282038927276,59.772820389272766,0.0810499777450602,8.104997774506021,0,VERY LOW,0
GRID_N10_E150,10,150,2025,4,2025-04-01,0.5954566642940753,59.54566642940753,0.08080467156239926,8.080467156239926,0,VERY LOW,0
GRID_S20_E070,-20,70,2025,9,2025-09-01,0.5910574963728275,59.10574963728274,0.08078820759405278,8.078820759405279,0,VERY LOW,0
GRID_S20_E150,-20,150,2025,9,2025-09-01,0.5919780515371271,59.197805153712714,0.08077613430900224,8.077613430900223,0,VERY LOW,0
GRID_S30_E030,-30,30,2025,2,2025-02-01,0.6447025371371624,64.47025371371625,0.08052456971619397,8.052456971619398,0,VERY LOW,0
GRID_N20_E080,20,80,2025,6,2025-06-01,0.6143401195767504,61.43401195767504,0.08051656206496309,8.05165620649631,0,VERY LOW,1
GRID_N10_E070,10,70,2025,9,2025-09-01,0.5946554984399169,59.465549843991695,0.08048938348431765,8.048938348431765,0,VERY LOW,0
GRID_N60_W160,60,-160,2025,8,2025-08-01,0.5891308853147227,58.91308853147227,0.08041620198328574,8.041620198328573,0,VERY LOW,0
GRID_N10_E150,10,150,2025,1,2025-01-01,0.6201852450386165,62.01852450386165,0.08040348389558442,8.040348389558442,0,VERY LOW,0
GRID_N20_W060,20,-60,2025,9,2025-09-01,0.6044638003367316,60.446380033673165,0.0803655223921208,8.03655223921208,0,VERY LOW,0
GRID_S10_E060,-10,60,2025,9,2025-09-01,0.6181593872286262,61.81593872286262,0.08024841597326064,8.024841597326065,0,VERY LOW,0
GRID_S20_E090,-20,90,2025,5,2025-05-01,0.5955591074201767,59.55591074201767,0.08015477720283234,8.015477720283235,0,VERY LOW,0
GRID_N20_E130,20,130,2025,9,2025-09-01,0.6069691594494913,60.696915944949126,0.08014795724116486,8.014795724116485,0,VERY LOW,0
GRID_N40_E000,40,0,2025,1,2025-01-01,0.6107958916982306,61.07958916982306,0.08004160349072334,8.004160349072334,0,VERY LOW,0
GRID_S20_E110,-20,110,2025,9,2025-09-01,0.5923355245946017,59.23355245946017,0.07996166053341584,7.996166053341584,0,VERY LOW,0
GRID_S20_E100,-20,100,2025,5,2025-05-01,0.6055910941114016,60.559109411140156,0.07991746244301552,7.991746244301552,0,VERY LOW,0
GRID_N20_E090,20,90,2025,9,2025-09-01,0.6246670433692251,62.466704336922504,0.07988337657892289,7.988337657892289,0,VERY LOW,0
GRID_S40_E140,-40,140,2025,3,2025-03-01,0.62733735070221,62.733735070220995,0.07972353282109759,7.97235328210976,0,VERY LOW,0
GRID_N20_W160,20,-160,2025,7,2025-07-01,0.582399089851752,58.239908985175205,0.07957912273319283,7.957912273319283,0,VERY LOW,0
GRID_N30_E020,30,20,2025,4,2025-04-01,0.5933038272081541,59.33038272081541,0.07951657335752578,7.951657335752578,0,VERY LOW,0
GRID_N40_E120,40,120,2025,5,2025-05-01,0.6132077466539974,61.32077466539974,0.07949151049479787,7.949151049479787,0,VERY LOW,0
GRID_S40_E140,-40,140,2025,9,2025-09-01,0.610562780728215,61.0562780728215,0.07941483004461974,7.941483004461975,0,VERY LOW,0
GRID_N30_E120,30,120,2025,9,2025-09-01,0.6103799343639101,61.03799343639101,0.07930456039605843,7.930456039605843,0,VERY LOW,0
GRID_N10_E020,10,20,2025,8,2025-08-01,0.6033643044187683,60.33643044187683,0.07909729671774464,7.909729671774464,0,VERY LOW,0
GRID_S40_E170,-40,170,2025,9,2025-09-01,0.6069263334600931,60.69263334600931,0.07893995735127415,7.893995735127415,0,VERY LOW,1
GRID_N10_W160,10,-160,2025,5,2025-05-01,0.5763279591677394,57.63279591677394,0.07883635215316284,7.883635215316284,0,VERY LOW,0
GRID_S20_W080,-20,-80,2025,6,2025-06-01,0.5919096313148612,59.19096313148612,0.07879638186623965,7.879638186623965,0,VERY LOW,0
GRID_S30_E150,-30,150,2025,10,2025-10-01,0.6126358088369284,61.26358088369284,0.07875354894700472,7.875354894700472,0,VERY LOW,1
GRID_S40_E020,-40,20,2025,5,2025-05-01,0.618251924093519,61.82519240935191,0.078555524643186,7.855552464318601,0,VERY LOW,0
GRID_N00_E090,0,90,2025,6,2025-06-01,0.585448600269748,58.544860026974796,0.0785280999129954,7.852809991299541,0,VERY LOW,1
GRID_N60_W030,60,-30,2025,6,2025-06-01,0.5733000350186344,57.33000350186344,0.07844860156159549,7.844860156159548,0,VERY LOW,1
GRID_N30_W050,30,-50,2025,9,2025-09-01,0.5988486572426474,59.884865724264735,0.07838164581140017,7.838164581140017,0,VERY LOW,0
GRID_N10_W010,10,-10,2025,6,2025-06-01,0.6098329236001078,60.98329236001078,0.07831124126547888,7.831124126547888,0,VERY LOW,0
GRID_S40_E150,-40,150,2025,11,2025-11-01,0.6241289900526062,62.41289900526063,0.07829806268629086,7.829806268629086,0,VERY LOW,1
GRID_S20_E040,-20,40,2025,4,2025-04-01,0.6053724889900851,60.53724889900851,0.07781369940835078,7.781369940835078,0,VERY LOW,0
GRID_S20_W180,-20,-180,2025,11,2025-11-01,0.5933411973590412,59.334119735904125,0.07754856604274447,7.754856604274448,0,VERY LOW,0
GRID_N50_E010,50,10,2025,8,2025-08-01,0.5770125790530445,57.701257905304445,0.07741882425773991,7.741882425773991,0,VERY LOW,1
GRID_S40_W070,-40,-70,2025,9,2025-09-01,0.620484190114233,62.04841901142329,0.07722689707180268,7.722689707180268,0,VERY LOW,0
GRID_S10_E120,-10,120,2025,5,2025-05-01,0.5917149482091549,59.17149482091549,0.07718047694130284,7.718047694130284,0,VERY LOW,0
GRID_N10_W060,10,-60,2025,7,2025-07-01,0.5683609652278031,56.83609652278031,0.07715722710804855,7.715722710804855,0,VERY LOW,0
GRID_N10_W040,10,-40,2025,10,2025-10-01,0.5837425282491315,58.37425282491316,0.07715187500127044,7.715187500127044,0,VERY LOW,0
GRID_N30_E110,30,110,2025,6,2025-06-01,0.5947597905672639,59.47597905672639,0.07712158847075944,7.712158847075943,0,VERY LOW,0
GRID_N30_E000,30,0,2025,7,2025-07-01,0.5770109625338025,57.70109625338024,0.07701270978129313,7.701270978129313,0,VERY LOW,0
GRID_N10_W060,10,-60,2025,8,2025-08-01,0.5775979188889417,57.75979188889417,0.07683765882910579,7.683765882910579,0,VERY LOW,0
GRID_S30_E050,-30,50,2025,2,2025-02-01,0.5993220530704183,59.93220530704183,0.07676883591793399,7.676883591793398,0,VERY LOW,0
GRID_N20_E130,20,130,2025,4,2025-04-01,0.5806074691234726,58.06074691234726,0.07663699884737728,7.663699884737728,0,VERY LOW,0
GRID_S20_E090,-20,90,2025,8,2025-08-01,0.570924294717724,57.0924294717724,0.07656720041757618,7.656720041757619,0,VERY LOW,0
GRID_N10_E150,10,150,2025,11,2025-11-01,0.5967326557768962,59.67326557768962,0.07648177740830453,7.648177740830453,0,VERY LOW,0
GRID_S20_E010,-20,10,2025,2,2025-02-01,0.7546259105621445,75.46259105621445,0.07639140790631964,7.639140790631964,0,VERY LOW,0
GRID_S40_E140,-40,140,2025,4,2025-04-01,0.5984156279796314,59.84156279796314,0.0763839685944406,7.63839685944406,0,VERY LOW,0
GRID_S20_E110,-20,110,2025,10,2025-10-01,0.5830189938557684,58.30189938557684,0.07631530223989703,7.631530223989704,0,VERY LOW,0
GRID_N00_W080,0,-80,2025,3,2025-03-01,0.5905929133291309,59.05929133291309,0.07616284659657671,7.616284659657671,0,VERY LOW,1
GRID_N00_E090,0,90,2025,11,2025-11-01,0.5947791128954998,59.47791128954998,0.07608161679592461,7.6081616795924605,0,VERY LOW,0
GRID_N00_W070,0,-70,2025,7,2025-07-01,0.5859604937637719,58.59604937637719,0.07594446196787732,7.594446196787732,0,VERY LOW,0
GRID_S40_E110,-40,110,2025,3,2025-03-01,0.6004730503127359,60.04730503127359,0.07592986580876547,7.592986580876547,0,VERY LOW,1
GRID_N50_W010,50,-10,2025,6,2025-06-01,0.5745509877999981,57.455098779999815,0.07586499080203572,7.5864990802035726,0,VERY LOW,0
GRID_S20_E100,-20,100,2025,4,2025-04-01,0.5977492866486768,59.77492866486768,0.07582623421343515,7.582623421343515,0,VERY LOW,0
GRID_N40_E150,40,150,2025,6,2025-06-01,0.5588688034584812,55.88688034584812,0.07580251556864533,7.580251556864533,0,VERY LOW,0
GRID_N60_E110,60,110,2025,3,2025-03-01,0.6058096676990893,60.580966769908926,0.07562811559705322,7.562811559705322,0,VERY LOW,0
GRID_N30_W070,30,-70,2025,9,2025-09-01,0.57573715925971,57.573715925971,0.07555705227794554,7.5557052277945544,0,VERY LOW,0
GRID_N10_W070,10,-70,2025,9,2025-09-01,0.5786286149044059,57.86286149044059,0.07549409226423769,7.549409226423768,0,VERY LOW,1
GRID_S20_E060,-20,60,2025,11,2025-11-01,0.5793153057268764,57.93153057268764,0.07540677382266475,7.540677382266475,0,VERY LOW,0
GRID_S30_E050,-30,50,2025,10,2025-10-01,0.5709108298596921,57.09108298596921,0.0752675688351763,7.5267568835176295,0,VERY LOW,0
GRID_N30_E030,30,30,2025,6,2025-06-01,0.566989133596815,56.698913359681505,0.0752443543584185,7.52443543584185,0,VERY LOW,1
GRID_N50_E100,50,100,2025,7,2025-07-01,0.5708669135522357,57.08669135522357,0.07514106617702701,7.514106617702701,0,VERY LOW,0
GRID_N40_E150,40,150,2025,7,2025-07-01,0.5524340467614856,55.24340467614856,0.07495923069697863,7.495923069697863,0,VERY LOW,0
GRID_S20_E050,-20,50,2025,11,2025-11-01,0.572840753396279,57.284075339627904,0.07489767173266515,7.4897671732665145,0,VERY LOW,1
GRID_N30_E000,30,0,2025,8,2025-08-01,0.5717952539025658,57.17952539025658,0.07457431198063767,7.457431198063767,0,VERY LOW,1
GRID_N50_W100,50,-100,2025,3,2025-03-01,0.5708152549290347,57.081525492903474,0.07447383054385028,7.4473830543850275,0,VERY LOW,0
GRID_N10_E070,10,70,2025,2,2025-02-01,0.5903571848492415,59.035718484924146,0.07446302674567523,7.446302674567523,0,VERY LOW,1
GRID_N10_W150,10,-150,2025,8,2025-08-01,0.5667600490473571,56.67600490473571,0.07445977148487165,7.445977148487165,0,VERY LOW,0
GRID_N40_W080,40,-80,2025,5,2025-05-01,0.5764411182533468,57.644111825334676,0.07442446997761112,7.442446997761112,0,VERY LOW,0
GRID_N40_E130,40,130,2025,2,2025-02-01,0.6027099136086385,60.270991360863846,0.07437795648837206,7.437795648837206,0,VERY LOW,0
GRID_N10_E090,10,90,2025,1,2025-01-01,0.5898237892179579,58.982378921795785,0.0743481944998757,7.43481944998757,0,VERY LOW,1
GRID_N10_W130,10,-130,2025,3,2025-03-01,0.5695970552504718,56.95970552504718,0.07420073332800041,7.420073332800041,0,VERY LOW,0
GRID_N00_E010,0,10,2025,9,2025-09-01,0.5862725258089239,58.62725258089239,0.07417206938985715,7.417206938985715,0,VERY LOW,1
GRID_N60_W170,60,-170,2025,5,2025-05-01,0.5670757698178238,56.70757698178238,0.07404924255298759,7.404924255298758,0,VERY LOW,1
GRID_S40_E140,-40,140,2025,5,2025-05-01,0.5741596445307554,57.41596445307554,0.07400033850972862,7.400033850972862,0,VERY LOW,0
GRID_S20_E090,-20,90,2025,4,2025-04-01,0.5717830302734085,57.178303027340846,0.07396118954449497,7.396118954449498,0,VERY LOW,0
GRID_N10_E030,10,30,2025,8,2025-08-01,0.5823757627719679,58.23757627719679,0.07387302514692813,7.387302514692813,0,VERY LOW,1
GRID_S30_W050,-30,-50,2025,3,2025-03-01,0.6384582743572509,63.84582743572509,0.07384838712632354,7.384838712632353,0,VERY LOW,0
GRID_N50_W160,50,-160,2025,4,2025-04-01,0.5661791581655067,56.61791581655067,0.07374000687468638,7.374000687468637,0,VERY LOW,0
GRID_S20_W080,-20,-80,2025,7,2025-07-01,0.5559145670860213,55.591456708602124,0.07372150330710191,7.37215033071019,0,VERY LOW,0
GRID_N10_W060,10,-60,2025,6,2025-06-01,0.5441338565107642,54.41338565107642,0.07366451696273639,7.366451696273639,0,VERY LOW,0
GRID_N10_E150,10,150,2025,3,2025-03-01,0.5655321173040652,56.55321173040652,0.07355330099874632,7.3553300998746325,0,VERY LOW,0
GRID_S70_E080,-70,80,2025,6,2025-06-01,0.5699113948085137,56.99113948085137,0.07353782927936191,7.353782927936191,0,VERY LOW,0
GRID_N30_E000,30,0,2025,5,2025-05-01,0.5672849617866321,56.728496178663214,0.07353610495386961,7.353610495386961,0,VERY LOW,1
GRID_N20_E070,20,70,2025,6,2025-06-01,0.5752896700324795,57.528967003247956,0.07353221444932341,7.353221444932341,0,VERY LOW,0
GRID_N30_E140,30,140,2025,8,2025-08-01,0.5789001216309906,57.89001216309906,0.07331208424224389,7.331208424224389,0,VERY LOW,1
GRID_N10_W160,10,-160,2025,9,2025-09-01,0.5567658933104812,55.67658933104812,0.07325930939488827,7.325930939488827,0,VERY LOW,0
GRID_S20_E150,-20,150,2025,10,2025-10-01,0.5600842973204725,56.00842973204725,0.07321511806614447,7.321511806614447,0,VERY LOW,0
GRID_N10_W050,10,-50,2025,11,2025-11-01,0.5784616206342635,57.846162063426355,0.07317747756056728,7.317747756056728,0,VERY LOW,0
GRID_S40_W070,-40,-70,2025,6,2025-06-01,0.5745522599912024,57.45522599912024,0.07316698946779568,7.316698946779568,0,VERY LOW,0
GRID_S20_E070,-20,70,2025,10,2025-10-01,0.559145372623123,55.9145372623123,0.07314479149890041,7.31447914989004,0,VERY LOW,0
GRID_N10_W040,10,-40,2025,3,2025-03-01,0.5610489305581706,56.104893055817065,0.07308569815592206,7.308569815592206,0,VERY LOW,0
GRID_S70_E080,-70,80,2025,7,2025-07-01,0.5635119107928858,56.351191079288576,0.07295960492074023,7.295960492074023,0,VERY LOW,0
GRID_S20_E100,-20,100,2025,3,2025-03-01,0.5966073268351089,59.660732683510886,0.07295508350876384,7.295508350876384,0,VERY LOW,0
GRID_S40_E020,-40,20,2025,4,2025-04-01,0.5956319688448178,59.56319688448178,0.07289202963224735,7.289202963224735,0,VERY LOW,0
GRID_N50_W120,50,-120,2025,10,2025-10-01,0.5454374976859855,54.543749768598545,0.07283461966322359,7.283461966322359,0,VERY LOW,0
GRID_N40_E150,40,150,2025,5,2025-05-01,0.5489100594139366,54.89100594139366,0.07279917831855336,7.279917831855336,0,VERY LOW,0
GRID_S20_E040,-20,40,2025,1,2025-01-01,0.5977485324390996,59.774853243909966,0.07272841913991787,7.272841913991787,0,VERY LOW,0
GRID_S30_E050,-30,50,2025,1,2025-01-01,0.5741365817459788,57.413658174597884,0.0727098763512836,7.27098763512836,0,VERY LOW,0
GRID_N10_W030,10,-30,2025,10,2025-10-01,0.5685542283181025,56.85542283181025,0.07270400132489477,7.270400132489477,0,VERY LOW,0
GRID_S20_E090,-20,90,2025,2,2025-02-01,0.593757845124314,59.375784512431395,0.07267343544103218,7.267343544103218,0,VERY LOW,1
GRID_N10_W160,10,-160,2025,4,2025-04-01,0.5530198311155162,55.30198311155162,0.07264424522937253,7.2644245229372535,0,VERY LOW,0
GRID_N20_E150,20,150,2025,7,2025-07-01,0.555088064373154,55.50880643731541,0.07263020112960798,7.263020112960798,0,VERY LOW,0
GRID_N40_E150,40,150,2025,8,2025-08-01,0.5464027844553309,54.640278445533085,0.07260749369684551,7.260749369684551,0,VERY LOW,0
GRID_S40_W070,-40,-70,2025,7,2025-07-01,0.5696546833047097,56.96546833047097,0.07255258487952167,7.255258487952167,0,VERY LOW,1
GRID_S10_E080,-10,80,2025,8,2025-08-01,0.5544422239528963,55.444222395289636,0.07239840158301045,7.239840158301044,0,VERY LOW,0
GRID_S20_E150,-20,150,2025,1,2025-01-01,0.5838047767005061,58.38047767005061,0.07233511414541852,7.2335114145418515,0,VERY LOW,1
GRID_S40_E140,-40,140,2025,10,2025-10-01,0.5790888228732044,57.90888228732044,0.0722542554823704,7.225425548237039,0,VERY LOW,0
GRID_N40_W080,40,-80,2025,7,2025-07-01,0.5493088151655289,54.93088151655289,0.07205815196725791,7.2058151967257915,0,VERY LOW,0
GRID_S10_W080,-10,-80,2025,2,2025-02-01,0.5638778628869101,56.38778628869101,0.0720269085154307,7.202690851543069,0,VERY LOW,1
GRID_N10_E010,10,10,2025,5,2025-05-01,0.5596397435763261,55.96397435763261,0.07194760587728881,7.194760587728881,0,VERY LOW,1
GRID_N20_E100,20,100,2025,9,2025-09-01,0.5544556227089984,55.44556227089984,0.0717969636258574,7.17969636258574,0,VERY LOW,1
GRID_N20_W160,20,-160,2025,6,2025-06-01,0.5275284988358349,52.75284988358349,0.07172532535133695,7.172532535133695,0,VERY LOW,0
GRID_N00_W070,0,-70,2025,9,2025-09-01,0.5763017030760414,57.630170307604146,0.07166706090183304,7.166706090183304,0,VERY LOW,1
GRID_S40_E120,-40,120,2025,2,2025-02-01,0.5979811158500735,59.798111585007355,0.0715779361022581,7.15779361022581,0,VERY LOW,0
GRID_N20_E110,20,110,2025,8,2025-08-01,0.5601452484334111,56.01452484334111,0.0715750261219732,7.1575026121973195,0,VERY LOW,0
GRID_N00_E140,0,140,2025,11,2025-11-01,0.5678263726456966,56.78263726456966,0.0713239092806498,7.13239092806498,0,VERY LOW,0
GRID_N10_W050,10,-50,2025,6,2025-06-01,0.5406494953838072,54.06494953838072,0.07131979303682141,7.131979303682141,0,VERY LOW,0
GRID_S20_W080,-20,-80,2025,8,2025-08-01,0.5498919924050659,54.98919924050659,0.07131446796971344,7.131446796971344,0,VERY LOW,0
GRID_N10_W150,10,-150,2025,9,2025-09-01,0.5627343349136626,56.27343349136626,0.07126538763530957,7.126538763530957,0,VERY LOW,0
GRID_S30_E110,-30,110,2025,3,2025-03-01,0.5849321703413788,58.49321703413788,0.07125245943878253,7.1252459438782525,0,VERY LOW,0
GRID_N10_W040,10,-40,2025,1,2025-01-01,0.5654088766661471,56.540887666614715,0.07112107029691551,7.112107029691551,0,VERY LOW,0
GRID_S40_E150,-40,150,2025,7,2025-07-01,0.5559487068480049,55.59487068480049,0.07101055676213733,7.101055676213733,0,VERY LOW,1
GRID_S20_E090,-20,90,2025,1,2025-01-01,0.5890042789687406,58.90042789687406,0.0709950076227874,7.0995007622787405,0,VERY LOW,0
GRID_N20_W160,20,-160,2025,8,2025-08-01,0.5366960730355206,53.669607303552056,0.07075087383996004,7.075087383996004,0,VERY LOW,0
GRID_N40_W080,40,-80,2025,6,2025-06-01,0.5396158345353733,53.96158345353733,0.07074014724292406,7.074014724292406,0,VERY LOW,0
GRID_N10_W060,10,-60,2025,5,2025-05-01,0.5341197640669708,53.41197640669708,0.0706682584985846,7.066825849858461,0,VERY LOW,0
GRID_N00_E100,0,100,2025,7,2025-07-01,0.5504313298796826,55.04313298796826,0.07065622617326428,7.065622617326428,0,VERY LOW,0
GRID_S20_E110,-20,110,2025,11,2025-11-01,0.5578946135531646,55.78946135531646,0.07065388696965398,7.065388696965398,0,VERY LOW,1
GRID_S40_E140,-40,140,2025,8,2025-08-01,0.5512343469758633,55.123434697586326,0.07062698542578558,7.062698542578557,0,VERY LOW,0
GRID_N20_E150,20,150,2025,8,2025-08-01,0.5490633730378539,54.90633730378539,0.07044445087578491,7.044445087578491,0,VERY LOW,0
GRID_N50_W100,50,-100,2025,10,2025-10-01,0.5185877768563557,51.85877768563557,0.07041606706270787,7.0416067062707866,0,VERY LOW,0
GRID_S30_E030,-30,30,2025,3,2025-03-01,0.5766823182502091,57.66823182502091,0.070305963795583,7.0305963795583,0,VERY LOW,1
GRID_N10_W160,10,-160,2025,3,2025-03-01,0.5526253208749085,55.26253208749085,0.07029758982685104,7.029758982685104,0,VERY LOW,0
GRID_S70_E080,-70,80,2025,5,2025-05-01,0.5585130075610204,55.85130075610204,0.07028521743635698,7.0285217436356975,0,VERY LOW,0
GRID_N20_W070,20,-70,2025,8,2025-08-01,0.5436673356450298,54.36673356450298,0.0702681356875051,7.02681356875051,0,VERY LOW,0
GRID_N50_E010,50,10,2025,4,2025-04-01,0.5531306523363912,55.31306523363912,0.07025184480728064,7.025184480728064,0,VERY LOW,0
GRID_N60_W020,60,-20,2025,9,2025-09-01,0.5569102028071428,55.69102028071428,0.07014727438087731,7.014727438087731,0,VERY LOW,0
GRID_N50_E120,50,120,2025,8,2025-08-01,0.5697250794883462,56.97250794883462,0.07011439887376805,7.011439887376805,0,VERY LOW,0
GRID_S10_W080,-10,-80,2025,1,2025-01-01,0.5597806065702959,55.978060657029594,0.07008840633621603,7.008840633621603,0,VERY LOW,0
GRID_S30_W060,-30,-60,2025,10,2025-10-01,0.5845216122565782,58.45216122565782,0.06995248639459688,6.995248639459688,0,VERY LOW,0
GRID_S20_E030,-20,30,2025,11,2025-11-01,0.5764584855987529,57.64584855987529,0.06987354711444131,6.987354711444131,0,VERY LOW,1
GRID_S20_E090,-20,90,2025,9,2025-09-01,0.5401293856950682,54.012938569506815,0.06981875455827503,6.981875455827503,0,VERY LOW,0
GRID_N00_W080,0,-80,2025,2,2025-02-01,0.5612776953795181,56.127769537951814,0.06973016174361968,6.973016174361968,0,VERY LOW,0
GRID_N10_E020,10,20,2025,7,2025-07-01,0.5463561694634667,54.635616946346666,0.06960147034056244,6.960147034056244,0,VERY LOW,1
GRID_S10_E120,-10,120,2025,2,2025-02-01,0.5649154422444573,56.49154422444573,0.06957486980512025,6.957486980512025,0,VERY LOW,0
GRID_N00_W070,0,-70,2025,1,2025-01-01,0.5804086538174654,58.04086538174654,0.06952597041647715,6.952597041647715,0,VERY LOW,1
GRID_S30_E150,-30,150,2025,8,2025-08-01,0.5403423470657582,54.03423470657582,0.0694521379549828,6.9452137954982796,0,VERY LOW,1
GRID_S10_E120,-10,120,2025,4,2025-04-01,0.5533227631870977,55.33227631870977,0.0692265262016726,6.922652620167261,0,VERY LOW,0
GRID_N50_W160,50,-160,2025,3,2025-03-01,0.5511877552267838,55.118775522678376,0.06902546691214716,6.902546691214716,0,VERY LOW,0
GRID_S40_W060,-40,-60,2025,6,2025-06-01,0.547222327632808,54.7222327632808,0.06888461886681378,6.8884618866813785,0,VERY LOW,0
GRID_N20_W160,20,-160,2025,5,2025-05-01,0.5174731067255363,51.747310672553624,0.06876725040755369,6.876725040755368,0,VERY LOW,0
GRID_N10_W130,10,-130,2025,2,2025-02-01,0.5479277575815211,54.79277575815211,0.06875925165583033,6.875925165583033,0,VERY LOW,0
GRID_S20_E080,-20,80,2025,7,2025-07-01,0.520152865280257,52.0152865280257,0.06872915598056625,6.872915598056625,0,VERY LOW,0
GRID_N50_E110,50,110,2025,11,2025-11-01,0.6949940471958593,69.49940471958594,0.06860990603426628,6.860990603426628,0,VERY LOW,0
GRID_N30_E020,30,20,2025,3,2025-03-01,0.5405410047723465,54.05410047723465,0.06858209440396534,6.858209440396534,0,VERY LOW,0
GRID_N10_W050,10,-50,2025,7,2025-07-01,0.5186859772917233,51.86859772917233,0.0684960192284972,6.84960192284972,0,VERY LOW,0
GRID_N40_E070,40,70,2025,6,2025-06-01,0.5379328889703727,53.79328889703727,0.0684194296648511,6.841942966485109,0,VERY LOW,1
GRID_N10_W030,10,-30,2025,6,2025-06-01,0.5124390176133176,51.243901761331756,0.06833150184761376,6.833150184761376,0,VERY LOW,0
GRID_N10_W050,10,-50,2025,8,2025-08-01,0.5281033524474447,52.810335244744465,0.06823440669936562,6.823440669936562,0,VERY LOW,1
GRID_N20_W080,20,-80,2025,11,2025-11-01,0.553477965534203,55.3477965534203,0.06809743827967935,6.809743827967934,0,VERY LOW,0
GRID_S30_E110,-30,110,2025,11,2025-11-01,0.5591586143448458,55.91586143448458,0.06809024815066657,6.809024815066657,0,VERY LOW,1
GRID_N00_E150,0,150,2025,7,2025-07-01,0.5200023564064314,52.00023564064315,0.06803941103527174,6.8039411035271735,0,VERY LOW,0
GRID_N20_E100,20,100,2025,11,2025-11-01,0.5474918657605238,54.74918657605238,0.06793599889266257,6.793599889266257,0,VERY LOW,0
GRID_N20_E120,20,120,2025,2,2025-02-01,0.5380446531785931,53.804465317859304,0.06789791379241675,6.789791379241675,0,VERY LOW,0
GRID_N10_E030,10,30,2025,6,2025-06-01,0.5445470933481876,54.454709334818766,0.06789779619466192,6.789779619466192,0,VERY LOW,1
GRID_N60_E110,60,110,2025,8,2025-08-01,0.5541035124817795,55.410351248177946,0.06778582602449586,6.778582602449585,0,VERY LOW,0
GRID_S20_E150,-20,150,2025,11,2025-11-01,0.5346809418127443,53.46809418127443,0.06774861644334655,6.774861644334655,0,VERY LOW,0
GRID_N60_W030,60,-30,2025,5,2025-05-01,0.516895111738725,51.6895111738725,0.06768680425289722,6.768680425289722,0,VERY LOW,0
GRID_S20_E070,-20,70,2025,11,2025-11-01,0.5337329351131478,53.37329351131478,0.06763542053584741,6.763542053584741,0,VERY LOW,0
GRID_S30_E050,-30,50,2025,11,2025-11-01,0.5301868300065403,53.01868300065403,0.06760941163183895,6.760941163183895,0,VERY LOW,0
GRID_N10_W030,10,-30,2025,7,2025-07-01,0.5059257392331276,50.592573923312756,0.06755588460241028,6.755588460241029,0,VERY LOW,1
GRID_S40_E140,-40,140,2025,7,2025-07-01,0.5269113988956642,52.691139889566415,0.06755177957904022,6.7551779579040225,0,VERY LOW,0
GRID_N00_E000,0,0,2025,8,2025-08-01,0.5347969404723714,53.47969404723714,0.06748400487721365,6.748400487721365,0,VERY LOW,0
GRID_N20_E150,20,150,2025,6,2025-06-01,0.5152359779165533,51.52359779165533,0.06728857015306663,6.728857015306663,0,VERY LOW,0
GRID_N30_E120,30,120,2025,7,2025-07-01,0.5315223321376863,53.15223321376863,0.06712135879346262,6.712135879346262,0,VERY LOW,1
GRID_N40_W010,40,-10,2025,3,2025-03-01,0.5382824959992106,53.828249599921065,0.06710299113611735,6.710299113611735,0,VERY LOW,0
GRID_S40_E140,-40,140,2025,11,2025-11-01,0.5539088265998261,55.39088265998261,0.06705478682743057,6.705478682743057,0,VERY LOW,0
GRID_N60_W030,60,-30,2025,9,2025-09-01,0.5171067247685527,51.710672476855265,0.06705103780356746,6.705103780356746,0,VERY LOW,0
GRID_S50_E170,-50,170,2025,7,2025-07-01,0.5318961111090165,53.189611110901645,0.06698761642441678,6.698761642441678,0,VERY LOW,0
GRID_N10_W040,10,-40,2025,2,2025-02-01,0.5320510396750046,53.205103967500456,0.0669525904038468,6.69525904038468,0,VERY LOW,0
GRID_N00_E030,0,30,2025,6,2025-06-01,0.5535740011848268,55.35740011848268,0.0669294428635639,6.692944286356391,0,VERY LOW,1
GRID_N10_W070,10,-70,2025,11,2025-11-01,0.5376762851910206,53.76762851910206,0.06692682983504797,6.692682983504797,0,VERY LOW,0
GRID_N60_W160,60,-160,2025,9,2025-09-01,0.518363495638354,51.836349563835405,0.06692051631597946,6.692051631597947,0,VERY LOW,0
GRID_N00_E130,0,130,2025,10,2025-10-01,0.5391734131083322,53.91734131083322,0.06681725280286839,6.681725280286839,0,VERY LOW,0
GRID_N00_E150,0,150,2025,6,2025-06-01,0.5109976729982885,51.09976729982885,0.0667981500821724,6.67981500821724,0,VERY LOW,0
GRID_S20_E090,-20,90,2025,10,2025-10-01,0.5305653066447602,53.05653066447602,0.06669652293827852,6.669652293827852,0,VERY LOW,0
GRID_S60_W040,-60,-40,2025,5,2025-05-01,0.5511813651635716,55.11813651635716,0.06646969598128095,6.646969598128096,0,VERY LOW,0
GRID_N40_E020,40,20,2025,3,2025-03-01,0.5408620817578658,54.086208175786574,0.06638310880150995,6.638310880150995,0,VERY LOW,1
GRID_N30_E030,30,30,2025,9,2025-09-01,0.5254237686874589,52.54237686874589,0.06628334126752507,6.628334126752507,0,VERY LOW,0
GRID_N20_E130,20,130,2025,3,2025-03-01,0.5275092383525517,52.75092383525517,0.06626668975481344,6.626668975481344,0,VERY LOW,0
GRID_N30_W070,30,-70,2025,10,2025-10-01,0.5288591120432795,52.885911204327954,0.06623136686778991,6.623136686778991,0,VERY LOW,0
GRID_N20_E120,20,120,2025,1,2025-01-01,0.5339053103965926,53.39053103965926,0.0661774620948338,6.61774620948338,0,VERY LOW,0
GRID_N40_E150,40,150,2025,9,2025-09-01,0.515341953229559,51.5341953229559,0.06616166657704274,6.616166657704274,0,VERY LOW,0
GRID_N60_E100,60,100,2025,7,2025-07-01,0.5352507407850199,53.52507407850199,0.06616080788144985,6.616080788144984,0,VERY LOW,0
GRID_N40_W090,40,-90,2025,10,2025-10-01,0.5528731386751843,55.28731386751843,0.06608034572480984,6.6080345724809835,0,VERY LOW,1
GRID_N00_E090,0,90,2025,9,2025-09-01,0.5202701514135648,52.02701514135648,0.06607394908785003,6.607394908785002,0,VERY LOW,0
GRID_N30_W070,30,-70,2025,6,2025-06-01,0.5034023547742799,50.34023547742799,0.0660586499441114,6.60586499441114,0,VERY LOW,0
GRID_N40_W090,40,-90,2025,7,2025-07-01,0.5179677244761405,51.796772447614046,0.06604605749661212,6.604605749661212,0,VERY LOW,0
GRID_N00_E150,0,150,2025,5,2025-05-01,0.516446529780181,51.6446529780181,0.06602613503441115,6.602613503441115,0,VERY LOW,0
GRID_S10_E080,-10,80,2025,9,2025-09-01,0.5242070213440201,52.420702134402006,0.06595049422237187,6.595049422237187,0,VERY LOW,0
GRID_N00_E070,0,70,2025,10,2025-10-01,0.5436895124950591,54.36895124950591,0.06583929435279699,6.583929435279699,0,VERY LOW,0
GRID_N40_W080,40,-80,2025,8,2025-08-01,0.5123179563555295,51.23179563555295,0.06577288578512017,6.577288578512016,0,VERY LOW,0
GRID_S40_E170,-40,170,2025,11,2025-11-01,0.5411651345838449,54.11651345838449,0.06576194943281782,6.576194943281783,0,VERY LOW,0
GRID_N10_W030,10,-30,2025,5,2025-05-01,0.5023654270392389,50.236542703923895,0.06554397663229418,6.554397663229418,0,VERY LOW,0
GRID_N60_W150,60,-150,2025,10,2025-10-01,0.5070486910885527,50.70486910885526,0.06549159434832821,6.549159434832822,0,VERY LOW,0
GRID_N40_E150,40,150,2025,4,2025-04-01,0.5098271475941855,50.98271475941855,0.06538070492516515,6.538070492516515,0,VERY LOW,0
GRID_S40_E170,-40,170,2025,1,2025-01-01,0.5416350788695817,54.16350788695817,0.06525908711108738,6.525908711108738,0,VERY LOW,0
GRID_N20_W160,20,-160,2025,4,2025-04-01,0.5092989177761136,50.92989177761136,0.065200430705424,6.5200430705424,0,VERY LOW,0
GRID_N10_W060,10,-60,2025,4,2025-04-01,0.5104619534857858,51.046195348578586,0.06518978126213215,6.518978126213215,0,VERY LOW,0
GRID_S30_E110,-30,110,2025,7,2025-07-01,0.5148876566913426,51.48876566913426,0.06517640336396151,6.517640336396151,0,VERY LOW,0
GRID_N60_W150,60,-150,2025,11,2025-11-01,0.5227642801438409,52.27642801438409,0.065175489498972,6.517548949897201,0,VERY LOW,0
GRID_N10_W030,10,-30,2025,11,2025-11-01,0.527791560757746,52.7791560757746,0.06513953118738745,6.513953118738745,0,VERY LOW,0
GRID_S10_E030,-10,30,2025,2,2025-02-01,0.6184271619143732,61.84271619143732,0.06509249921808967,6.5092499218089666,0,VERY LOW,0
GRID_S10_E060,-10,60,2025,8,2025-08-01,0.5193683932514536,51.93683932514536,0.0650242396627696,6.50242396627696,0,VERY LOW,1
GRID_N50_W120,50,-120,2025,1,2025-01-01,0.5467447910360634,54.674479103606345,0.06500825531688312,6.500825531688312,0,VERY LOW,0
GRID_N10_W130,10,-130,2025,1,2025-01-01,0.5283548429590712,52.83548429590712,0.06493065643533895,6.493065643533895,0,VERY LOW,0
GRID_S30_E110,-30,110,2025,8,2025-08-01,0.5178271221956678,51.78271221956678,0.0648630648246894,6.48630648246894,0,VERY LOW,0
GRID_N40_W090,40,-90,2025,9,2025-09-01,0.5297681530144117,52.97681530144117,0.06483281852434904,6.483281852434904,0,VERY LOW,0
GRID_N00_W070,0,-70,2025,5,2025-05-01,0.5230324226557926,52.303242265579264,0.06482792095035664,6.482792095035664,0,VERY LOW,1
GRID_S10_E120,-10,120,2025,3,2025-03-01,0.537496791665356,53.7496791665356,0.06482106209054037,6.482106209054036,0,VERY LOW,0
GRID_N20_E160,20,160,2025,9,2025-09-01,0.5240661479849472,52.40661479849472,0.06471625183473807,6.471625183473807,0,VERY LOW,0
GRID_S20_E080,-20,80,2025,8,2025-08-01,0.49854379624598694,49.85437962459869,0.0647067262196041,6.470672621960411,0,VERY LOW,0
GRID_N20_E150,20,150,2025,5,2025-05-01,0.5051643725036755,50.51643725036755,0.06464608567858102,6.464608567858102,0,VERY LOW,0
GRID_S30_W070,-30,-70,2025,4,2025-04-01,0.5304353822217112,53.043538222171115,0.06456677333603904,6.456677333603904,0,VERY LOW,0
GRID_N10_W050,10,-50,2025,5,2025-05-01,0.4996049538425412,49.96049538425412,0.06456168654021624,6.456168654021624,0,VERY LOW,0
GRID_N60_W170,60,-170,2025,4,2025-04-01,0.5127121014342441,51.271210143424405,0.06450250129503673,6.450250129503673,0,VERY LOW,0
GRID_N50_W130,50,-130,2025,10,2025-10-01,0.5040182949091762,50.40182949091761,0.06447804609789862,6.447804609789862,0,VERY LOW,0
GRID_N60_W170,60,-170,2025,7,2025-07-01,0.4895610095177594,48.95610095177594,0.06438462835144727,6.438462835144727,0,VERY LOW,0
GRID_N50_E010,50,10,2025,5,2025-05-01,0.5045355162538058,50.45355162538058,0.06433771494865274,6.433771494865274,0,VERY LOW,1
GRID_N10_W160,10,-160,2025,2,2025-02-01,0.5235435266156404,52.35435266156404,0.06429576334655576,6.429576334655576,0,VERY LOW,0
GRID_N10_W060,10,-60,2025,9,2025-09-01,0.506735329759664,50.673532975966395,0.0642526494112354,6.42526494112354,0,VERY LOW,0
GRID_S40_E130,-40,130,2025,5,2025-05-01,0.5246321585785264,52.46321585785264,0.06421005794187679,6.421005794187678,0,VERY LOW,0
GRID_N40_E030,40,30,2025,10,2025-10-01,0.5227181716005418,52.27181716005418,0.06416927117624364,6.416927117624365,0,VERY LOW,0
GRID_S10_E130,-10,130,2025,5,2025-05-01,0.5216332703949674,52.16332703949674,0.0641316183433849,6.41316183433849,0,VERY LOW,0
GRID_N40_E110,40,110,2025,6,2025-06-01,0.5059362756763229,50.593627567632296,0.06386469804053059,6.386469804053059,0,VERY LOW,0
GRID_N00_W070,0,-70,2025,4,2025-04-01,0.5231803745390132,52.318037453901326,0.06376132581564789,6.376132581564789,0,VERY LOW,0
GRID_N10_W040,10,-40,2025,11,2025-11-01,0.503066066130493,50.3066066130493,0.06375216928462131,6.375216928462131,0,VERY LOW,0
GRID_N10_E040,10,40,2025,10,2025-10-01,0.5211900326808434,52.11900326808434,0.06367821872634409,6.367821872634409,0,VERY LOW,1
GRID_N60_W140,60,-140,2025,8,2025-08-01,0.4961302513944027,49.61302513944027,0.06366831707876715,6.366831707876715,0,VERY LOW,0
GRID_S20_E090,-20,90,2025,11,2025-11-01,0.5204818317309845,52.04818317309845,0.06356930846578049,6.356930846578049,0,VERY LOW,0
GRID_N00_W010,0,-10,2025,5,2025-05-01,0.5326904731122364,53.26904731122364,0.06355280637683464,6.355280637683464,0,VERY LOW,0
GRID_S60_W040,-60,-40,2025,4,2025-04-01,0.5224966210245875,52.24966210245875,0.06350230635399993,6.350230635399994,0,VERY LOW,0
GRID_N30_E030,30,30,2025,10,2025-10-01,0.5238248710040769,52.382487100407694,0.06346705721869114,6.346705721869114,0,VERY LOW,1
GRID_S30_E130,-30,130,2025,3,2025-03-01,0.5695375572082328,56.95375572082328,0.0634135158709869,6.34135158709869,0,VERY LOW,0
GRID_N30_W070,30,-70,2025,7,2025-07-01,0.4813663147251117,48.13663147251117,0.06338868546728285,6.3388685467282855,0,VERY LOW,1
GRID_S50_W080,-50,-80,2025,11,2025-11-01,0.5296813899350341,52.96813899350341,0.06335421281593262,6.335421281593262,0,VERY LOW,0
GRID_N50_W120,50,-120,2025,11,2025-11-01,0.4933049980971876,49.33049980971876,0.06327823235510521,6.327823235510522,0,VERY LOW,0
GRID_N20_W060,20,-60,2025,10,2025-10-01,0.5163813138248343,51.63813138248343,0.06327662160179207,6.327662160179207,0,VERY LOW,0
GRID_S30_E110,-30,110,2025,1,2025-01-01,0.5441437535588207,54.41437535588207,0.06322358277882179,6.322358277882179,0,VERY LOW,0
GRID_N50_E020,50,20,2025,9,2025-09-01,0.5043472074677843,50.434720746778424,0.06313165522858047,6.313165522858047,0,VERY LOW,0
GRID_N40_W010,40,-10,2025,1,2025-01-01,0.5359329272290181,53.59329272290181,0.06312809987887384,6.312809987887384,0,VERY LOW,0
GRID_N20_W110,20,-110,2025,9,2025-09-01,0.5084451013933113,50.844510139331135,0.06302417840933529,6.302417840933529,0,VERY LOW,0
GRID_N00_E140,0,140,2025,7,2025-07-01,0.49013451099093786,49.013451099093786,0.06300257103134763,6.300257103134762,0,VERY LOW,0
GRID_N00_E140,0,140,2025,5,2025-05-01,0.5021018042118617,50.210180421186166,0.06295047178305686,6.295047178305686,0,VERY LOW,0
GRID_N40_E040,40,40,2025,8,2025-08-01,0.4962897785618143,49.62897785618143,0.0628979612190585,6.28979612190585,0,VERY LOW,1
GRID_N00_E150,0,150,2025,4,2025-04-01,0.5082714756383055,50.82714756383056,0.06288111680252625,6.288111680252626,0,VERY LOW,0
GRID_S10_E120,-10,120,2025,7,2025-07-01,0.4907040629659574,49.07040629659574,0.0628661857831539,6.286618578315389,0,VERY LOW,0
GRID_N30_E120,30,120,2025,6,2025-06-01,0.5050565805853069,50.50565805853069,0.06279208751446223,6.279208751446223,0,VERY LOW,1
GRID_N10_E160,10,160,2025,8,2025-08-01,0.5061308150050362,50.61308150050362,0.06272100603754084,6.272100603754084,0,VERY LOW,0
GRID_N50_E100,50,100,2025,8,2025-08-01,0.4951095354103391,49.510953541033906,0.06260759100124458,6.260759100124458,0,VERY LOW,0
GRID_N60_E150,60,150,2025,5,2025-05-01,0.5077469790869028,50.77469790869028,0.06256670326863205,6.256670326863205,0,VERY LOW,0
GRID_N10_W020,10,-20,2025,3,2025-03-01,0.5249522603662005,52.495226036620046,0.062552582344789,6.2552582344789,0,VERY LOW,0
GRID_S40_E170,-40,170,2025,4,2025-04-01,0.5148321187873918,51.483211878739176,0.06251088644189415,6.251088644189415,0,VERY LOW,0
GRID_N60_W120,60,-120,2025,2,2025-02-01,0.5451848409660457,54.51848409660457,0.06243469704446666,6.243469704446666,0,VERY LOW,0
GRID_N50_E060,50,60,2025,4,2025-04-01,0.5084471304862943,50.84471304862943,0.06234293229088457,6.234293229088457,0,VERY LOW,0
GRID_N50_E000,50,0,2025,5,2025-05-01,0.4991346178627528,49.913461786275285,0.062258877060121995,6.225887706012199,0,VERY LOW,1
GRID_N00_E150,0,150,2025,8,2025-08-01,0.4828705881486897,48.28705881486897,0.062255329256027656,6.225532925602765,0,VERY LOW,0
GRID_N00_E130,0,130,2025,6,2025-06-01,0.4834697234735843,48.34697234735843,0.062253836197551336,6.225383619755133,0,VERY LOW,0
GRID_N50_E100,50,100,2025,4,2025-04-01,0.5096002667774343,50.96002667774343,0.06213061070308808,6.213061070308807,0,VERY LOW,1
GRID_S60_W040,-60,-40,2025,6,2025-06-01,0.500077734564569,50.0077734564569,0.06194368084047415,6.194368084047415,0,VERY LOW,1
GRID_S30_W070,-30,-70,2025,6,2025-06-01,0.4930819095506749,49.30819095506749,0.0619350405799167,6.19350405799167,0,VERY LOW,0
GRID_N50_W010,50,-10,2025,7,2025-07-01,0.4805702515058687,48.05702515058687,0.06193134559361607,6.193134559361607,0,VERY LOW,0
GRID_N20_W080,20,-80,2025,5,2025-05-01,0.4889468999039835,48.89468999039835,0.061871049368181,6.1871049368181,0,VERY LOW,0
GRID_N30_E120,30,120,2025,10,2025-10-01,0.5107959828210709,51.079598282107085,0.061846331665149766,6.184633166514977,0,VERY LOW,0
GRID_N00_E140,0,140,2025,6,2025-06-01,0.4811286089377599,48.11286089377599,0.06184589493529437,6.184589493529437,0,VERY LOW,0
GRID_S50_E170,-50,170,2025,4,2025-04-01,0.5138225637752188,51.382256377521884,0.06177972499553911,6.177972499553911,0,VERY LOW,0
GRID_S10_E120,-10,120,2025,6,2025-06-01,0.4816975827578296,48.16975827578296,0.06170689452297011,6.170689452297011,0,VERY LOW,0
GRID_N50_E010,50,10,2025,11,2025-11-01,0.5026058191894868,50.260581918948674,0.061675740871733,6.1675740871733,0,VERY LOW,0
GRID_N00_E130,0,130,2025,7,2025-07-01,0.47696444767820567,47.696444767820566,0.06159560643590507,6.159560643590507,0,VERY LOW,0
GRID_N00_E130,0,130,2025,5,2025-05-01,0.48891852995430257,48.891852995430256,0.06155060062574079,6.155060062574079,0,VERY LOW,0
GRID_N30_W070,30,-70,2025,5,2025-05-01,0.477811691275722,47.7811691275722,0.061537323824184295,6.153732382418429,0,VERY LOW,0
GRID_S40_E140,-40,140,2025,6,2025-06-01,0.4873583246593469,48.73583246593469,0.06152323883990742,6.152323883990742,0,VERY LOW,0
GRID_N50_W160,50,-160,2025,2,2025-02-01,0.5065781838654739,50.65781838654739,0.06150625356815241,6.150625356815241,0,VERY LOW,0
GRID_N20_W110,20,-110,2025,10,2025-10-01,0.5123816432194819,51.23816432194819,0.061464608766381434,6.146460876638144,0,VERY LOW,0
GRID_S10_E080,-10,80,2025,10,2025-10-01,0.5070935404551601,50.70935404551601,0.06140096172100906,6.140096172100906,0,VERY LOW,0
GRID_N20_E130,20,130,2025,10,2025-10-01,0.489096208943261,48.9096208943261,0.061299809672564064,6.129980967256406,0,VERY LOW,0
GRID_N40_E030,40,30,2025,5,2025-05-01,0.4865148649182577,48.65148649182577,0.061189839634260335,6.118983963426033,0,VERY LOW,1
GRID_N20_E100,20,100,2025,3,2025-03-01,0.5132498652549876,51.32498652549876,0.06113330054673247,6.113330054673248,0,VERY LOW,1
GRID_S40_E010,-40,10,2025,11,2025-11-01,0.519203391488323,51.9203391488323,0.06111328430393596,6.111328430393596,0,VERY LOW,1
GRID_N50_W110,50,-110,2025,9,2025-09-01,0.4738228476768333,47.38228476768333,0.06098413417072189,6.098413417072189,0,VERY LOW,0
GRID_N10_W160,10,-160,2025,10,2025-10-01,0.4840515829463407,48.40515829463407,0.06081809227527022,6.081809227527022,0,VERY LOW,1
GRID_N20_W080,20,-80,2025,6,2025-06-01,0.46800669351976937,46.800669351976936,0.06078454802582156,6.078454802582156,0,VERY LOW,0
GRID_N40_E100,40,100,2025,8,2025-08-01,0.48964343814725675,48.96434381472567,0.060781823476955224,6.078182347695522,0,VERY LOW,0
GRID_S60_W040,-60,-40,2025,11,2025-11-01,0.510235363297484,51.023536329748396,0.06075481683356898,6.075481683356898,0,VERY LOW,0
GRID_N40_W060,40,-60,2025,8,2025-08-01,0.48840507750068557,48.840507750068554,0.060751563338425095,6.07515633384251,0,VERY LOW,0
GRID_N10_W160,10,-160,2025,1,2025-01-01,0.5031138763913292,50.31138763913292,0.06073226284573139,6.073226284573139,0,VERY LOW,0
GRID_S20_E080,-20,80,2025,9,2025-09-01,0.482889707150884,48.288970715088396,0.06068379079221466,6.068379079221466,0,VERY LOW,0
GRID_N50_W090,50,-90,2025,4,2025-04-01,0.49262045008024413,49.262045008024415,0.0606778731981497,6.06778731981497,0,VERY LOW,0
GRID_N00_E010,0,10,2025,4,2025-04-01,0.5078961058183574,50.789610581835746,0.06066097517757091,6.066097517757091,0,VERY LOW,0
GRID_N60_W030,60,-30,2025,10,2025-10-01,0.4844573106634942,48.44573106634942,0.06063964991197557,6.063964991197556,0,VERY LOW,0
GRID_S20_E100,-20,100,2025,6,2025-06-01,0.4757099923366265,47.57099923366265,0.060566010793873526,6.056601079387352,0,VERY LOW,0
GRID_N10_W030,10,-30,2025,4,2025-04-01,0.4786690070201767,47.866900702017666,0.060458478528744995,6.045847852874499,0,VERY LOW,0
GRID_S20_E040,-20,40,2025,2,2025-02-01,0.5081447498472481,50.81447498472481,0.06030578450285965,6.030578450285965,0,VERY LOW,1
GRID_S50_W080,-50,-80,2025,4,2025-04-01,0.5042953763245498,50.42953763245498,0.060265570467171736,6.026557046717174,0,VERY LOW,0
GRID_N40_E120,40,120,2025,6,2025-06-01,0.48312542540509373,48.31254254050938,0.060201160512344365,6.020116051234437,0,VERY LOW,0
GRID_N50_E030,50,30,2025,7,2025-07-01,0.47987080603826665,47.98708060382666,0.060183306036577865,6.018330603657787,0,VERY LOW,0
GRID_N30_E120,30,120,2025,5,2025-05-01,0.4949807814722985,49.498078147229855,0.06017781506604859,6.01778150660486,0,VERY LOW,0
GRID_S10_W040,-10,-40,2025,11,2025-11-01,0.5209812092589636,52.09812092589636,0.060126802949667144,6.012680294966715,0,VERY LOW,0
GRID_N20_W080,20,-80,2025,7,2025-07-01,0.461523574718949,46.1523574718949,0.06007296336997947,6.007296336997947,0,VERY LOW,0
GRID_S10_E030,-10,30,2025,10,2025-10-01,0.5079494408564648,50.79494408564648,0.060062245838295156,6.006224583829516,0,VERY LOW,1
GRID_N00_E130,0,130,2025,11,2025-11-01,0.49884234870333666,49.884234870333664,0.06002474346422746,6.002474346422746,0,VERY LOW,0
GRID_N30_E000,30,0,2025,11,2025-11-01,0.4997876958233651,49.978769582336504,0.05997204052354799,5.997204052354799,0,VERY LOW,1
GRID_N50_E000,50,0,2025,10,2025-10-01,0.489343296069463,48.9343296069463,0.059954345561878085,5.995434556187808,0,VERY LOW,0
GRID_S20_E100,-20,100,2025,7,2025-07-01,0.46921428088783235,46.92142808878324,0.05994480470141088,5.994480470141088,0,VERY LOW,0
GRID_N30_E060,30,60,2025,6,2025-06-01,0.4840796139718248,48.40796139718248,0.05987935422608718,5.987935422608718,0,VERY LOW,0
GRID_N20_E150,20,150,2025,4,2025-04-01,0.48146366224680026,48.14636622468002,0.05983629513843304,5.983629513843304,0,VERY LOW,0
GRID_N00_E090,0,90,2025,10,2025-10-01,0.48762269349178067,48.76226934917807,0.05977818873816439,5.977818873816439,0,VERY LOW,1
GRID_N20_E110,20,110,2025,9,2025-09-01,0.48342353379685166,48.342353379685164,0.05971818213026916,5.971818213026916,0,VERY LOW,0
GRID_N20_E060,20,60,2025,10,2025-10-01,0.49214973660943007,49.21497366094301,0.059712077331536564,5.971207733153657,0,VERY LOW,0
GRID_N00_E000,0,0,2025,7,2025-07-01,0.479818669272076,47.9818669272076,0.059675054273621284,5.967505427362128,0,VERY LOW,0
GRID_N30_E020,30,20,2025,2,2025-02-01,0.48832364324023475,48.83236432402347,0.05966989641216809,5.966989641216809,0,VERY LOW,0
GRID_N40_W010,40,-10,2025,2,2025-02-01,0.4935687680204968,49.35687680204968,0.05962790001351197,5.9627900013511965,0,VERY LOW,0
GRID_N10_W050,10,-50,2025,4,2025-04-01,0.4759142171540873,47.591421715408735,0.05957195541715412,5.957195541715412,0,VERY LOW,0
GRID_N40_E150,40,150,2025,3,2025-03-01,0.47910941075137364,47.910941075137366,0.0595499294108521,5.95499294108521,0,VERY LOW,0
GRID_N10_W080,10,-80,2025,2,2025-02-01,0.49894201207559113,49.894201207559114,0.05941363196559544,5.941363196559544,0,VERY LOW,0
GRID_S30_W070,-30,-70,2025,5,2025-05-01,0.48301186940173746,48.30118694017374,0.05939636344441862,5.939636344441862,0,VERY LOW,0
GRID_S40_E170,-40,170,2025,5,2025-05-01,0.48328651127752476,48.32865112775247,0.059342282710264385,5.934228271026439,0,VERY LOW,0
GRID_N30_W070,30,-70,2025,11,2025-11-01,0.48772520744454234,48.77252074445423,0.05934083353378822,5.9340833533788215,0,VERY LOW,0
GRID_S40_E130,-40,130,2025,4,2025-04-01,0.5009427207843267,50.09427207843267,0.05929176866570336,5.929176866570336,0,VERY LOW,0
GRID_N10_W060,10,-60,2025,3,2025-03-01,0.4797434028398729,47.97434028398729,0.05922049083350567,5.922049083350567,0,VERY LOW,0
GRID_S30_E110,-30,110,2025,9,2025-09-01,0.48664793042607235,48.664793042607236,0.059192031987227854,5.919203198722785,0,VERY LOW,0
GRID_N50_W090,50,-90,2025,7,2025-07-01,0.4637340588355191,46.37340588355191,0.05912519040274977,5.912519040274978,0,VERY LOW,0
GRID_S40_E120,-40,120,2025,1,2025-01-01,0.5162200924419426,51.62200924419425,0.05909308869955428,5.909308869955428,0,VERY LOW,1
GRID_N10_W140,10,-140,2025,8,2025-08-01,0.4690071648293471,46.90071648293471,0.05893386605860386,5.893386605860386,0,VERY LOW,0
GRID_N10_E020,10,20,2025,2,2025-02-01,0.5144161701028257,51.44161701028257,0.05891441658584159,5.891441658584159,0,VERY LOW,0
GRID_N10_W150,10,-150,2025,10,2025-10-01,0.48382374583608434,48.38237458360843,0.058765562794473356,5.876556279447335,0,VERY LOW,0
GRID_N60_W170,60,-170,2025,3,2025-03-01,0.4819914633563706,48.19914633563706,0.058721551499466826,5.872155149946683,0,VERY LOW,0
GRID_N60_W170,60,-170,2025,8,2025-08-01,0.4533037839174178,45.33037839174178,0.0585759984074037,5.85759984074037,0,VERY LOW,0
GRID_N20_E050,20,50,2025,7,2025-07-01,0.4740810459987931,47.40810459987931,0.05850344204080795,5.850344204080795,0,VERY LOW,0
GRID_S30_E110,-30,110,2025,5,2025-05-01,0.4840022926634256,48.400229266342556,0.058486596800552015,5.848659680055201,0,VERY LOW,1
GRID_S40_E150,-40,150,2025,4,2025-04-01,0.49213591186837946,49.213591186837945,0.05846056844923904,5.846056844923904,0,VERY LOW,1
GRID_N00_E150,0,150,2025,9,2025-09-01,0.4672500692108559,46.72500692108559,0.05845927001827976,5.845927001827976,0,VERY LOW,0
GRID_S30_E140,-30,140,2025,3,2025-03-01,0.518736201499418,51.8736201499418,0.05845415384958036,5.845415384958036,0,VERY LOW,1
GRID_N20_W060,20,-60,2025,11,2025-11-01,0.49150563957349763,49.15056395734976,0.05843259294257795,5.843259294257795,0,VERY LOW,0
GRID_N30_W050,30,-50,2025,5,2025-05-01,0.4544225554115619,45.44225554115619,0.05840601406997108,5.8406014069971075,0,VERY LOW,1
GRID_N60_E140,60,140,2025,2,2025-02-01,0.5099490587058859,50.99490587058859,0.05827173564269019,5.827173564269019,0,VERY LOW,0
GRID_N40_E150,40,150,2025,10,2025-10-01,0.4672036658841862,46.72036658841862,0.058261653957054335,5.826165395705433,0,VERY LOW,0
GRID_N50_W010,50,-10,2025,8,2025-08-01,0.45978449181311276,45.97844918131128,0.05819134193685062,5.819134193685062,0,VERY LOW,0
GRID_N60_E150,60,150,2025,4,2025-04-01,0.4840436262513456,48.40436262513456,0.05819040733976834,5.819040733976834,0,VERY LOW,0
GRID_S10_E080,-10,80,2025,5,2025-05-01,0.4715597916489437,47.15597916489437,0.05818837516070419,5.818837516070419,0,VERY LOW,0
GRID_N50_W160,50,-160,2025,1,2025-01-01,0.48689150260249037,48.689150260249036,0.05817230574214309,5.817230574214309,0,VERY LOW,0
GRID_N40_E110,40,110,2025,7,2025-07-01,0.4642719058815785,46.42719058815785,0.058125367539342276,5.812536753934228,0,VERY LOW,0
GRID_N20_W080,20,-80,2025,8,2025-08-01,0.45547477375433526,45.54747737543352,0.058122116558808126,5.812211655880812,0,VERY LOW,1
GRID_N10_W140,10,-140,2025,6,2025-06-01,0.4506764042589295,45.067640425892954,0.058114093331401384,5.811409333140139,0,VERY LOW,0
GRID_N10_E160,10,160,2025,6,2025-06-01,0.45672940781264787,45.672940781264785,0.058113958484251715,5.811395848425171,0,VERY LOW,0
GRID_N40_E070,40,70,2025,8,2025-08-01,0.46593892330915354,46.59389233091535,0.05808145255499571,5.8081452554995705,0,VERY LOW,0
GRID_N50_W010,50,-10,2025,11,2025-11-01,0.48487176543104143,48.48717654310414,0.05805505899907463,5.8055058999074625,0,VERY LOW,1
GRID_S30_W070,-30,-70,2025,7,2025-07-01,0.4661797341600035,46.61797341600035,0.05804257416272486,5.8042574162724865,0,VERY LOW,0
GRID_N50_W090,50,-90,2025,6,2025-06-01,0.45478056512646226,45.478056512646226,0.058031539186400215,5.803153918640022,0,VERY LOW,0
GRID_N00_E130,0,130,2025,8,2025-08-01,0.4554466151241591,45.544661512415914,0.05800527691885965,5.800527691885965,0,VERY LOW,1
GRID_S40_E010,-40,10,2025,5,2025-05-01,0.4856277283950928,48.56277283950928,0.05796864770568043,5.7968647705680425,0,VERY LOW,1
GRID_N00_E010,0,10,2025,3,2025-03-01,0.49617376016584247,49.617376016584245,0.0579460398786541,5.794603987865409,0,VERY LOW,0
GRID_N50_E060,50,60,2025,6,2025-06-01,0.458799311344693,45.879931134469295,0.057902325639483,5.7902325639483,0,VERY LOW,0
GRID_N10_W020,10,-20,2025,4,2025-04-01,0.48376800038519674,48.376800038519676,0.05786271361470228,5.786271361470228,0,VERY LOW,0
GRID_S40_E150,-40,150,2025,9,2025-09-01,0.47621806533350564,47.621806533350565,0.05786038792613905,5.786038792613905,0,VERY LOW,0
GRID_N20_E130,20,130,2025,2,2025-02-01,0.4752486140374344,47.524861403743444,0.05782678346822847,5.782678346822847,0,VERY LOW,0
GRID_S10_E070,-10,70,2025,10,2025-10-01,0.48453150624492974,48.45315062449298,0.0577769431839089,5.77769431839089,0,VERY LOW,0
GRID_N50_E110,50,110,2025,8,2025-08-01,0.5084879597363596,50.848795973635966,0.05773737418444582,5.773737418444582,0,VERY LOW,0
GRID_N30_E110,30,110,2025,7,2025-07-01,0.4611430238419072,46.11430238419072,0.05766352450306933,5.7663524503069326,0,VERY LOW,0
GRID_N20_W060,20,-60,2025,6,2025-06-01,0.4452878076725564,44.52878076725564,0.05766032155714015,5.766032155714015,0,VERY LOW,0
GRID_N00_E140,0,140,2025,8,2025-08-01,0.4531221584313971,45.31221584313971,0.057631874348631165,5.7631874348631165,0,VERY LOW,0
GRID_S10_E120,-10,120,2025,8,2025-08-01,0.4536869714858714,45.36869714858714,0.05751283692255812,5.751283692255812,0,VERY LOW,0
GRID_S30_W070,-30,-70,2025,8,2025-08-01,0.4658832218339819,46.58832218339819,0.05749172706639827,5.749172706639827,0,VERY LOW,0
GRID_N10_E160,10,160,2025,7,2025-07-01,0.45027028699448934,45.027028699448934,0.057490416244898035,5.749041624489804,0,VERY LOW,0
GRID_N20_W160,20,-160,2025,3,2025-03-01,0.46310683424060234,46.31068342406024,0.05740069945592895,5.740069945592895,0,VERY LOW,0
GRID_N70_E140,70,140,2025,6,2025-06-01,0.4565674918012871,45.656749180128706,0.057342901653383405,5.73429016533834,0,VERY LOW,0
GRID_N60_W120,60,-120,2025,10,2025-10-01,0.47111101192571164,47.11110119257116,0.057298589643669774,5.7298589643669775,0,VERY LOW,0
GRID_N50_E060,50,60,2025,5,2025-05-01,0.4634669504674764,46.34669504674764,0.057261362542423824,5.726136254242382,0,VERY LOW,0
GRID_S20_E100,-20,100,2025,9,2025-09-01,0.4625330976359479,46.25330976359479,0.05726066252277542,5.726066252277541,0,VERY LOW,0
GRID_N50_E060,50,60,2025,7,2025-07-01,0.4523352906983431,45.23352906983431,0.05725544596031791,5.725544596031791,0,VERY LOW,0
GRID_N10_W070,10,-70,2025,4,2025-04-01,0.46455488207105555,46.45548820710555,0.05717768537418746,5.7177685374187455,0,VERY LOW,1
GRID_N60_W030,60,-30,2025,11,2025-11-01,0.47002338740856087,47.00233874085609,0.057174811155875985,5.717481115587598,0,VERY LOW,0
GRID_S10_E080,-10,80,2025,6,2025-06-01,0.4507075130447587,45.07075130447587,0.05715756466617844,5.715756466617844,0,VERY LOW,1
GRID_S40_E170,-40,170,2025,3,2025-03-01,0.4841106524597758,48.41106524597758,0.057102082416656305,5.71020824166563,0,VERY LOW,0
GRID_N20_W160,20,-160,2025,9,2025-09-01,0.44369543726976707,44.36954372697671,0.05705226496499662,5.705226496499662,0,VERY LOW,0
GRID_N50_E020,50,20,2025,10,2025-10-01,0.4724710496672143,47.24710496672143,0.057032897840801955,5.703289784080195,0,VERY LOW,0
GRID_N20_W060,20,-60,2025,7,2025-07-01,0.43885978471095255,43.88597847109526,0.05698416712183674,5.698416712183674,0,VERY LOW,0
GRID_N00_E130,0,130,2025,4,2025-04-01,0.46526337032876997,46.526337032876995,0.05695865349772857,5.695865349772857,0,VERY LOW,0
GRID_S30_E150,-30,150,2025,3,2025-03-01,0.4799618535386702,47.99618535386702,0.05694841809853225,5.694841809853226,0,VERY LOW,1
GRID_N70_E140,70,140,2025,7,2025-07-01,0.45633674462407053,45.63367446240705,0.05690356075751515,5.690356075751515,0,VERY LOW,0
GRID_N60_W020,60,-20,2025,8,2025-08-01,0.45621267334670196,45.62126733467019,0.056848147563290964,5.6848147563290965,0,VERY LOW,1
GRID_S40_E170,-40,170,2025,6,2025-06-01,0.4531894917338609,45.318949173386095,0.05682430543311752,5.682430543311752,0,VERY LOW,1
GRID_N50_W170,50,-170,2025,6,2025-06-01,0.4326937381169449,43.26937381169449,0.05680936416787659,5.680936416787659,0,VERY LOW,0
GRID_N20_W060,20,-60,2025,8,2025-08-01,0.4481773781907175,44.81773781907175,0.05679680380848653,5.6796803808486525,0,VERY LOW,1
GRID_N20_E090,20,90,2025,8,2025-08-01,0.47600232630916656,47.60023263091666,0.05677815995434352,5.677815995434353,0,VERY LOW,1
GRID_N60_W110,60,-110,2025,7,2025-07-01,0.445586461532805,44.5586461532805,0.056704502794635556,5.670450279463555,0,VERY LOW,1
GRID_N10_W080,10,-80,2025,4,2025-04-01,0.45344597170916345,45.344597170916344,0.05669683566077281,5.669683566077281,0,VERY LOW,1
GRID_N60_E150,60,150,2025,8,2025-08-01,0.4582203495514286,45.82203495514286,0.056687694283881304,5.6687694283881305,0,VERY LOW,0
GRID_N40_E030,40,30,2025,4,2025-04-01,0.46287067556698147,46.28706755669815,0.056637420099124355,5.663742009912435,0,VERY LOW,0
GRID_N00_E000,0,0,2025,4,2025-04-01,0.4774984840651556,47.74984840651556,0.056601263878547206,5.660126387854721,0,VERY LOW,1
GRID_N00_E140,0,140,2025,4,2025-04-01,0.4629314040047894,46.29314040047894,0.05659463580610276,5.659463580610276,0,VERY LOW,0
GRID_N20_E080,20,80,2025,8,2025-08-01,0.45847325170026854,45.847325170026856,0.05645846065814697,5.6458460658146965,0,VERY LOW,0
GRID_S20_E100,-20,100,2025,8,2025-08-01,0.44774677782985073,44.77467778298507,0.05645540869734507,5.645540869734507,0,VERY LOW,0
GRID_S40_E020,-40,20,2025,9,2025-09-01,0.48302945119469765,48.30294511946976,0.0563527032246242,5.63527032246242,0,VERY LOW,0
GRID_S20_E080,-20,80,2025,10,2025-10-01,0.4578417798414889,45.78417798414889,0.056324641813415656,5.6324641813415655,0,VERY LOW,0
GRID_S10_W040,-10,-40,2025,8,2025-08-01,0.4620234454754052,46.20234454754052,0.05630920132625043,5.630920132625043,0,VERY LOW,0
GRID_S50_W080,-50,-80,2025,3,2025-03-01,0.4890951983686309,48.90951983686309,0.05630714164029895,5.630714164029895,0,VERY LOW,0
GRID_N40_E050,40,50,2025,8,2025-08-01,0.45766097593035626,45.766097593035624,0.05629177427721656,5.629177427721656,0,VERY LOW,0
GRID_N50_E130,50,130,2025,7,2025-07-01,0.4630383182297494,46.30383182297494,0.0562468332071002,5.62468332071002,0,VERY LOW,0
GRID_N40_E040,40,40,2025,11,2025-11-01,0.47037795418631523,47.037795418631525,0.056231472374687175,5.623147237468718,0,VERY LOW,0
GRID_N10_W080,10,-80,2025,1,2025-01-01,0.47926384580702697,47.926384580702695,0.056189107555456516,5.6189107555456514,0,VERY LOW,0
GRID_S30_E110,-30,110,2025,4,2025-04-01,0.47435604011631444,47.43560401163144,0.05617911765894464,5.617911765894465,0,VERY LOW,0
GRID_N00_E100,0,100,2025,8,2025-08-01,0.45658724460913547,45.65872446091355,0.05617626464932135,5.617626464932135,0,VERY LOW,0
GRID_S10_E130,-10,130,2025,6,2025-06-01,0.4593073821038484,45.93073821038484,0.056124235005245784,5.612423500524579,0,VERY LOW,0
GRID_S40_E020,-40,20,2025,3,2025-03-01,0.49111308255027303,49.1113082550273,0.05610714044837415,5.610714044837415,0,VERY LOW,0
GRID_N00_W070,0,-70,2025,8,2025-08-01,0.46159951362648505,46.159951362648506,0.05589524488816169,5.589524488816169,0,VERY LOW,0
GRID_N30_E120,30,120,2025,11,2025-11-01,0.47710267660144556,47.71026766014456,0.0558681077378602,5.58681077378602,0,VERY LOW,0
GRID_S40_W060,-40,-60,2025,7,2025-07-01,0.45295260947453375,45.29526094745337,0.055867481029050294,5.586748102905029,0,VERY LOW,0
GRID_N10_E160,10,160,2025,5,2025-05-01,0.44674749141613534,44.67474914161353,0.055836296563175083,5.583629656317508,0,VERY LOW,0
GRID_N50_W160,50,-160,2025,7,2025-07-01,0.4210782895122524,42.10782895122524,0.055828662365398095,5.582866236539809,0,VERY LOW,0
GRID_N60_E100,60,100,2025,6,2025-06-01,0.4488297155309282,44.88297155309282,0.055824819120427374,5.582481912042738,0,VERY LOW,0
GRID_N00_E000,0,0,2025,9,2025-09-01,0.4647309423509683,46.47309423509683,0.05581161594086585,5.581161594086585,0,VERY LOW,0
GRID_N00_E000,0,0,2025,3,2025-03-01,0.4827260257844631,48.27260257844631,0.0557988669682221,5.57988669682221,0,VERY LOW,0
GRID_N10_W140,10,-140,2025,7,2025-07-01,0.42895474809168954,42.89547480916895,0.05575076185488679,5.575076185488679,0,VERY LOW,0
GRID_N00_E150,0,150,2025,3,2025-03-01,0.46208482645728666,46.208482645728665,0.05575044833424884,5.575044833424884,0,VERY LOW,0
GRID_N40_W080,40,-80,2025,9,2025-09-01,0.4503034900892236,45.03034900892236,0.055713654093449916,5.571365409344992,0,VERY LOW,0
GRID_N20_W070,20,-70,2025,9,2025-09-01,0.4557285957329293,45.57285957329293,0.055706246109002724,5.570624610900272,0,VERY LOW,0
GRID_N00_E040,0,40,2025,5,2025-05-01,0.4644954325411208,46.44954325411208,0.05570604453210937,5.570604453210937,0,VERY LOW,0
GRID_N20_E150,20,150,2025,9,2025-09-01,0.4468704311895484,44.68704311895484,0.05570115819929553,5.570115819929553,0,VERY LOW,0
GRID_N10_W150,10,-150,2025,6,2025-06-01,0.4335611382525128,43.35611382525128,0.055687742079223314,5.568774207922331,0,VERY LOW,1
GRID_N60_W110,60,-110,2025,6,2025-06-01,0.4366980230039342,43.66980230039342,0.05568081111812584,5.5680811118125835,0,VERY LOW,0
GRID_S10_E130,-10,130,2025,7,2025-07-01,0.45359253372868513,45.359253372868515,0.05562624938723595,5.562624938723594,0,VERY LOW,0
GRID_S50_E170,-50,170,2025,5,2025-05-01,0.46508664464100785,46.50866446410078,0.0556174864057127,5.56174864057127,0,VERY LOW,1
GRID_N50_W090,50,-90,2025,5,2025-05-01,0.44405874980592513,44.405874980592515,0.05558314119583306,5.558314119583306,0,VERY LOW,0
GRID_N30_E120,30,120,2025,4,2025-04-01,0.4682859808496511,46.82859808496511,0.055502615590155305,5.550261559015531,0,VERY LOW,0
GRID_N30_W050,30,-50,2025,4,2025-04-01,0.44632309360989997,44.63230936099,0.0554874670957761,5.54874670957761,0,VERY LOW,0
GRID_N00_E000,0,0,2025,6,2025-06-01,0.4464377979646451,44.643779796464514,0.055459854965714116,5.5459854965714115,0,VERY LOW,0
GRID_S10_E120,-10,120,2025,9,2025-09-01,0.4456284434510934,44.56284434510934,0.05533052193493524,5.533052193493524,0,VERY LOW,0
GRID_N20_W060,20,-60,2025,5,2025-05-01,0.4353555627965909,43.53555627965909,0.055330393886532644,5.533039388653265,0,VERY LOW,0
GRID_S40_E120,-40,120,2025,3,2025-03-01,0.4852404536156573,48.52404536156573,0.05528665820418619,5.528665820418619,0,VERY LOW,0
GRID_N50_W140,50,-140,2025,5,2025-05-01,0.4367325162272362,43.67325162272362,0.055275527901343255,5.527552790134325,0,VERY LOW,0
GRID_S30_E120,-30,120,2025,3,2025-03-01,0.4811118595488212,48.11118595488212,0.05527366561357082,5.5273665613570815,0,VERY LOW,1
GRID_N40_E010,40,10,2025,3,2025-03-01,0.4550396575475557,45.50396575475557,0.055207803289666055,5.520780328966605,0,VERY LOW,1
GRID_N20_E130,20,130,2025,11,2025-11-01,0.44811346285790976,44.811346285790975,0.055165413333797444,5.516541333379744,0,VERY LOW,0
GRID_N30_W070,30,-70,2025,4,2025-04-01,0.4388659607322243,43.88659607322243,0.05511072777415667,5.5110727774156665,0,VERY LOW,0
GRID_N00_W010,0,-10,2025,3,2025-03-01,0.47654324796129177,47.654324796129174,0.05507386953798182,5.507386953798182,0,VERY LOW,0
GRID_N40_E150,40,150,2025,1,2025-01-01,0.4612831589947117,46.12831589947117,0.05505195170535769,5.505195170535769,0,VERY LOW,0
GRID_S40_E010,-40,10,2025,4,2025-04-01,0.4759481748750111,47.59481748750111,0.0549840299542297,5.49840299542297,0,VERY LOW,0
GRID_S30_E120,-30,120,2025,2,2025-02-01,0.4779324814931224,47.79324814931224,0.054943425498386246,5.494342549838625,0,VERY LOW,0
GRID_N10_W030,10,-30,2025,3,2025-03-01,0.44811235807308153,44.81123580730815,0.05492888662392624,5.492888662392624,0,VERY LOW,0
GRID_N20_E130,20,130,2025,1,2025-01-01,0.4556551231516016,45.56551231516016,0.054846223545317915,5.484622354531791,0,VERY LOW,0
GRID_N40_E150,40,150,2025,2,2025-02-01,0.45000487139201,45.000487139201,0.054786488148115695,5.478648814811569,0,VERY LOW,0
GRID_N10_W060,10,-60,2025,10,2025-10-01,0.44326175498166354,44.32617549816635,0.0547770122734487,5.47770122734487,0,VERY LOW,0
GRID_S50_W080,-50,-80,2025,2,2025-02-01,0.4893794517566949,48.93794517566949,0.05477233872665719,5.477233872665719,0,VERY LOW,0
GRID_N10_E020,10,20,2025,9,2025-09-01,0.45199587209617376,45.19958720961738,0.05476692935928801,5.476692935928801,0,VERY LOW,0
GRID_N20_E090,20,90,2025,2,2025-02-01,0.46756931204019336,46.75693120401934,0.054759244833995836,5.4759244833995835,0,VERY LOW,1
GRID_N40_E110,40,110,2025,8,2025-08-01,0.44284186838586137,44.28418683858614,0.05474376912355279,5.474376912355279,0,VERY LOW,0
GRID_N30_E070,30,70,2025,9,2025-09-01,0.4499695447271853,44.99695447271853,0.054721266041356596,5.47212660413566,0,VERY LOW,0
GRID_S40_E020,-40,20,2025,11,2025-11-01,0.4683007521735818,46.83007521735818,0.05471564982090051,5.471564982090051,0,VERY LOW,1
GRID_N20_W160,20,-160,2025,10,2025-10-01,0.442113551844796,44.2113551844796,0.05461382657390499,5.461382657390499,0,VERY LOW,0
GRID_N20_E150,20,150,2025,3,2025-03-01,0.45088290568092537,45.08829056809254,0.05460992869672694,5.460992869672694,0,VERY LOW,0
GRID_N00_W120,0,-120,2025,9,2025-09-01,0.451607753227628,45.160775322762795,0.05457966744303756,5.457966744303756,0,VERY LOW,0
GRID_N40_W080,40,-80,2025,11,2025-11-01,0.469522059020986,46.9522059020986,0.054544369996775185,5.454436999677519,0,VERY LOW,0
GRID_N40_E100,40,100,2025,4,2025-04-01,0.45671845056408966,45.67184505640897,0.0544990003330052,5.44990003330052,0,VERY LOW,0
GRID_N00_E090,0,90,2025,4,2025-04-01,0.45147376351947854,45.147376351947855,0.05446060196349075,5.446060196349075,0,VERY LOW,1
GRID_N50_W170,50,-170,2025,7,2025-07-01,0.4111900300881924,41.11900300881924,0.05443871327753229,5.443871327753229,0,VERY LOW,0
GRID_N30_E110,30,110,2025,8,2025-08-01,0.4404849716573102,44.04849716573102,0.05429394306109754,5.429394306109754,0,VERY LOW,0
GRID_N40_E040,40,40,2025,6,2025-06-01,0.42936564807696237,42.936564807696236,0.05429345157828526,5.429345157828526,0,VERY LOW,1
GRID_N60_E130,60,130,2025,9,2025-09-01,0.4446506959545999,44.46506959545999,0.05422460103465504,5.422460103465504,0,VERY LOW,0
GRID_N10_W140,10,-140,2025,5,2025-05-01,0.4254696483020514,42.54696483020514,0.05411499301249432,5.411499301249432,0,VERY LOW,0
GRID_N00_W060,0,-60,2025,11,2025-11-01,0.4648141784066088,46.48141784066088,0.054110754731639545,5.4110754731639545,0,VERY LOW,0
GRID_N20_E110,20,110,2025,10,2025-10-01,0.4509149554440824,45.09149554440824,0.05406400227342649,5.406400227342649,0,VERY LOW,0
GRID_N40_E150,40,150,2025,11,2025-11-01,0.4417824341750527,44.17824341750527,0.054028505401926476,5.402850540192648,0,VERY LOW,0
GRID_N50_E170,50,170,2025,6,2025-06-01,0.4236628405775343,42.366284057753425,0.05402514074428688,5.402514074428688,0,VERY LOW,0
GRID_S40_E130,-40,130,2025,3,2025-03-01,0.4687384458187582,46.873844581875815,0.054019272728238074,5.401927272823808,0,VERY LOW,0
GRID_N60_W170,60,-170,2025,2,2025-02-01,0.4528640596008082,45.28640596008082,0.05397409249582692,5.397409249582692,0,VERY LOW,0
GRID_N00_E080,0,80,2025,6,2025-06-01,0.4279569613541945,42.79569613541945,0.05395479536236834,5.3954795362368335,0,VERY LOW,0
GRID_S50_E170,-50,170,2025,8,2025-08-01,0.4405640652457121,44.056406524571216,0.05385810900756739,5.38581090075674,0,VERY LOW,0
GRID_S20_W040,-20,-40,2025,5,2025-05-01,0.4519420744232208,45.19420744232208,0.05383718033053218,5.383718033053218,0,VERY LOW,0
GRID_N50_W140,50,-140,2025,7,2025-07-01,0.4159813592745306,41.598135927453065,0.05378126478820007,5.378126478820007,0,VERY LOW,0
GRID_N40_E040,40,40,2025,5,2025-05-01,0.43471787494936887,43.47178749493688,0.05377029417279124,5.377029417279124,0,VERY LOW,0
GRID_N60_E100,60,100,2025,5,2025-05-01,0.4388809737760393,43.88809737760393,0.05375283258542646,5.3752832585426455,0,VERY LOW,0
GRID_N00_E110,0,110,2025,9,2025-09-01,0.44932363098245126,44.932363098245126,0.05372126307792061,5.372126307792061,0,VERY LOW,0
GRID_N40_E130,40,130,2025,5,2025-05-01,0.446011525847926,44.6011525847926,0.05368883821239151,5.368883821239151,0,VERY LOW,0
GRID_N20_E070,20,70,2025,7,2025-07-01,0.4345334206558084,43.45334206558084,0.05356664010081991,5.356664010081991,0,VERY LOW,0
GRID_N70_E140,70,140,2025,5,2025-05-01,0.4312899371535589,43.12899371535589,0.05355939829447627,5.355939829447627,0,VERY LOW,0
GRID_N60_E120,60,120,2025,8,2025-08-01,0.4511965719960077,45.11965719960077,0.053530526363832966,5.353052636383296,0,VERY LOW,0
GRID_N30_E020,30,20,2025,1,2025-01-01,0.445796613324863,44.579661332486296,0.05351953528705152,5.3519535287051525,0,VERY LOW,0
GRID_N60_W110,60,-110,2025,5,2025-05-01,0.4268099554432563,42.680995544325626,0.053518393891719994,5.3518393891719995,0,VERY LOW,0
GRID_N30_E140,30,140,2025,10,2025-10-01,0.4515854641547823,45.15854641547823,0.05351641737050258,5.351641737050258,0,VERY LOW,0
GRID_N60_E160,60,160,2025,6,2025-06-01,0.43674540523690836,43.67454052369084,0.053443182371057496,5.34431823710575,0,VERY LOW,0
GRID_N10_W150,10,-150,2025,5,2025-05-01,0.423690674558301,42.3690674558301,0.053429198016832616,5.342919801683261,0,VERY LOW,0
GRID_N40_E120,40,120,2025,11,2025-11-01,0.4526053292513431,45.260532925134314,0.053411187516531886,5.341118751653188,0,VERY LOW,0
GRID_N60_E150,60,150,2025,3,2025-03-01,0.4534422984496335,45.34422984496335,0.0534046593121543,5.34046593121543,0,VERY LOW,0
GRID_N50_E170,50,170,2025,7,2025-07-01,0.41731214107142933,41.73121410714293,0.05340370796565993,5.340370796565993,0,VERY LOW,0
GRID_N00_E010,0,10,2025,5,2025-05-01,0.44370202919428703,44.370202919428706,0.0534034005774078,5.34034005774078,0,VERY LOW,0
GRID_N00_E080,0,80,2025,5,2025-05-01,0.43330496224873766,43.33049622487376,0.053375689843002894,5.337568984300289,0,VERY LOW,0
GRID_N00_E080,0,80,2025,7,2025-07-01,0.42158897863932443,42.158897863932445,0.053370042475986444,5.337004247598644,0,VERY LOW,0
GRID_N20_E110,20,110,2025,6,2025-06-01,0.42581911138780854,42.58191113878085,0.05331794053838518,5.331794053838518,0,VERY LOW,1
GRID_N20_E080,20,80,2025,4,2025-04-01,0.44977804235342683,44.97780423534268,0.05317439930707355,5.317439930707355,0,VERY LOW,0
GRID_N00_E150,0,150,2025,10,2025-10-01,0.4349134258129027,43.49134258129027,0.05304663321714063,5.304663321714063,0,VERY LOW,0
GRID_N60_W170,60,-170,2025,9,2025-09-01,0.42260455703618394,42.26045570361839,0.053026600479376206,5.3026600479376205,0,VERY LOW,0
GRID_N10_W080,10,-80,2025,3,2025-03-01,0.4384229035723356,43.84229035723356,0.05300629531429331,5.300629531429331,0,VERY LOW,0
GRID_S40_W070,-40,-70,2025,4,2025-04-01,0.4551250557019141,45.51250557019141,0.05295658111272259,5.295658111272259,0,VERY LOW,1
GRID_N40_E070,40,70,2025,9,2025-09-01,0.4358093168311181,43.580931683111814,0.052924223103587006,5.292422310358701,0,VERY LOW,0
GRID_N60_W030,60,-30,2025,2,2025-02-01,0.4475500067380643,44.75500067380643,0.0529135929366825,5.29135929366825,0,VERY LOW,0
GRID_N50_W170,50,-170,2025,5,2025-05-01,0.4077462041677754,40.77462041677754,0.05287938245521118,5.287938245521118,0,VERY LOW,0
GRID_N50_W010,50,-10,2025,9,2025-09-01,0.42899076945244996,42.899076945245,0.05286516892121214,5.286516892121214,0,VERY LOW,0
GRID_S40_E170,-40,170,2025,2,2025-02-01,0.4542169385741989,45.42169385741989,0.05275951960918264,5.275951960918264,0,VERY LOW,0
GRID_N30_W050,30,-50,2025,10,2025-10-01,0.43126366571042557,43.12636657104256,0.05271289900555183,5.271289900555183,0,VERY LOW,0
GRID_S20_E080,-20,80,2025,2,2025-02-01,0.45225392738389536,45.22539273838954,0.052701994582021405,5.270199458202141,0,VERY LOW,1
GRID_N40_E110,40,110,2025,3,2025-03-01,0.4512412053605087,45.124120536050874,0.05269265760197339,5.269265760197339,0,VERY LOW,0
GRID_S40_W060,-40,-60,2025,8,2025-08-01,0.43236706672962066,43.236706672962065,0.05261353485836919,5.261353485836919,0,VERY LOW,0
GRID_N50_W170,50,-170,2025,8,2025-08-01,0.4053043762046062,40.53043762046062,0.052599944956616906,5.25999449566169,0,VERY LOW,0
GRID_N00_E140,0,140,2025,9,2025-09-01,0.42242572754793717,42.24257275479372,0.052571130112510835,5.257113011251083,0,VERY LOW,0
GRID_N10_W020,10,-20,2025,5,2025-05-01,0.4336524827212088,43.36524827212088,0.05256142910556699,5.256142910556699,0,VERY LOW,0
GRID_N20_W160,20,-160,2025,2,2025-02-01,0.4341641479565573,43.416414795655726,0.05255355064711985,5.255355064711985,0,VERY LOW,0
GRID_S10_E060,-10,60,2025,10,2025-10-01,0.44657521007760625,44.65752100776063,0.05253850510644912,5.253850510644912,0,VERY LOW,0
GRID_N10_E030,10,30,2025,5,2025-05-01,0.43919886163857286,43.919886163857285,0.05253159118190916,5.253159118190916,0,VERY LOW,0
GRID_N00_E110,0,110,2025,4,2025-04-01,0.44750107005054623,44.75010700505462,0.05250490326561792,5.250490326561792,0,VERY LOW,0
GRID_S10_E130,-10,130,2025,8,2025-08-01,0.43225770302158706,43.22577030215871,0.052420398916200726,5.242039891620073,0,VERY LOW,0
GRID_S40_W070,-40,-70,2025,1,2025-01-01,0.4676581875682667,46.76581875682667,0.05241080730049026,5.241080730049026,0,VERY LOW,0
GRID_S50_E140,-50,140,2025,5,2025-05-01,0.4508780198153298,45.087801981532984,0.0523573515521363,5.2357351552136295,0,VERY LOW,0
GRID_N50_W160,50,-160,2025,8,2025-08-01,0.40015280434278677,40.01528043427868,0.052320508567846556,5.232050856784656,0,VERY LOW,0
GRID_N20_E060,20,60,2025,6,2025-06-01,0.420370420164097,42.0370420164097,0.05230972811032477,5.230972811032477,0,VERY LOW,0
GRID_S10_E080,-10,80,2025,4,2025-04-01,0.43270138789616835,43.27013878961684,0.05229396491264619,5.22939649126462,0,VERY LOW,0
GRID_S40_E120,-40,120,2025,4,2025-04-01,0.4480029242295494,44.80029242295494,0.05226522629128444,5.226522629128444,0,VERY LOW,0
GRID_S20_E080,-20,80,2025,11,2025-11-01,0.4325164233600838,43.25164233600838,0.052159189925768,5.2159189925768,0,VERY LOW,0
GRID_N40_W080,40,-80,2025,2,2025-02-01,0.45303617115664213,45.30361711566421,0.052112142922402314,5.211214292240231,0,VERY LOW,0
GRID_S20_E100,-20,100,2025,10,2025-10-01,0.43025925570285767,43.025925570285764,0.051980176926928225,5.198017692692822,0,VERY LOW,0
GRID_N50_E170,50,170,2025,5,2025-05-01,0.41385307968619744,41.38530796861974,0.05194675999097501,5.194675999097501,0,VERY LOW,0
GRID_S30_E150,-30,150,2025,1,2025-01-01,0.4460153572812123,44.60153572812123,0.05187674492599416,5.187674492599416,0,VERY LOW,0
GRID_N50_E170,50,170,2025,8,2025-08-01,0.4114000840220404,41.140008402204046,0.051805996039549454,5.180599603954946,0,VERY LOW,0
GRID_N10_E100,10,100,2025,1,2025-01-01,0.44641949727794505,44.641949727794504,0.051796095555781005,5.1796095555781,0,VERY LOW,0
GRID_N30_W010,30,-10,2025,3,2025-03-01,0.4233127143097372,42.33127143097372,0.05177082587008469,5.177082587008469,0,VERY LOW,1
GRID_S10_E120,-10,120,2025,10,2025-10-01,0.4287685020606308,42.876850206063075,0.05171622042389044,5.1716220423890435,0,VERY LOW,0
GRID_N10_E160,10,160,2025,4,2025-04-01,0.4234422062717429,42.34422062717429,0.05170761683851251,5.170761683851251,0,VERY LOW,0
GRID_N60_E150,60,150,2025,9,2025-09-01,0.430415185550803,43.0415185550803,0.051681704203267585,5.168170420326758,0,VERY LOW,0
GRID_N00_E140,0,140,2025,3,2025-03-01,0.43254584944342733,43.25458494434273,0.05166277854952254,5.166277854952254,0,VERY LOW,0
GRID_N40_E100,40,100,2025,6,2025-06-01,0.41935699408876287,41.93569940887629,0.05152596025830063,5.1525960258300625,0,VERY LOW,0
GRID_N10_W060,10,-60,2025,2,2025-02-01,0.4279290818622644,42.79290818622644,0.05151184257505172,5.151184257505172,0,VERY LOW,0
GRID_N20_E080,20,80,2025,9,2025-09-01,0.4291807442100701,42.918074421007006,0.05146693703165824,5.146693703165824,0,VERY LOW,1
GRID_N00_E150,0,150,2025,2,2025-02-01,0.43315448158123215,43.31544815812322,0.05141377754965369,5.141377754965369,0,VERY LOW,0
GRID_N10_W050,10,-50,2025,3,2025-03-01,0.42273957520521305,42.27395752052131,0.05131748449562423,5.131748449562423,0,VERY LOW,0
GRID_N50_W140,50,-140,2025,6,2025-06-01,0.39234554537943095,39.2345545379431,0.051266762094433815,5.1266762094433815,0,VERY LOW,0
GRID_S50_W080,-50,-80,2025,8,2025-08-01,0.415278411613529,41.5278411613529,0.051263821580656635,5.126382158065663,0,VERY LOW,0
GRID_N00_E000,0,0,2025,2,2025-02-01,0.4505930363834235,45.05930363834235,0.05123009736178539,5.123009736178539,0,VERY LOW,0
GRID_N00_E100,0,100,2025,9,2025-09-01,0.42657934015268567,42.657934015268566,0.05122568613338485,5.122568613338485,0,VERY LOW,1
GRID_S20_W080,-20,-80,2025,4,2025-04-01,0.4213096564147765,42.13096564147765,0.05120136044984167,5.120136044984167,0,VERY LOW,1
GRID_S10_W050,-10,-50,2025,11,2025-11-01,0.46001016306008313,46.00101630600831,0.051128288971956606,5.11282889719566,0,VERY LOW,0
GRID_N60_W170,60,-170,2025,1,2025-01-01,0.4334311713784404,43.34311713784404,0.05109975286965629,5.1099752869656285,0,VERY LOW,0
GRID_N20_W060,20,-60,2025,4,2025-04-01,0.4122017877127504,41.22017877127504,0.05107059740459282,5.107059740459282,0,VERY LOW,0
GRID_N20_W080,20,-80,2025,4,2025-04-01,0.4120529144193621,41.20529144193621,0.05100362232522336,5.100362232522336,0,VERY LOW,0
GRID_N40_E100,40,100,2025,7,2025-07-01,0.4130245841207818,41.30245841207818,0.05097431501033341,5.09743150103334,0,VERY LOW,1
GRID_N10_E160,10,160,2025,9,2025-09-01,0.413697279003499,41.3697279003499,0.050895891162777304,5.089589116277731,0,VERY LOW,0
GRID_N60_W130,60,-130,2025,9,2025-09-01,0.41507696552453965,41.507696552453965,0.05085114697644276,5.085114697644276,0,VERY LOW,0
GRID_N40_W080,40,-80,2025,1,2025-01-01,0.44891528935840674,44.891528935840675,0.05076291563638553,5.076291563638553,0,VERY LOW,0
GRID_N20_W020,20,-20,2025,6,2025-06-01,0.3989285482045409,39.89285482045409,0.05068562558381945,5.068562558381945,0,VERY LOW,0
GRID_N20_W080,20,-80,2025,1,2025-01-01,0.4374001053314569,43.74001053314569,0.05064130449393441,5.064130449393441,0,VERY LOW,0
GRID_N40_E120,40,120,2025,7,2025-07-01,0.4076382662290024,40.76382662290024,0.050625655307445415,5.062565530744542,0,VERY LOW,0
GRID_N10_E040,10,40,2025,5,2025-05-01,0.4181575638990627,41.81575638990627,0.05062394276835289,5.062394276835289,0,VERY LOW,0
GRID_N60_W140,60,-140,2025,9,2025-09-01,0.4089892445711413,40.89892445711413,0.050620583893622895,5.0620583893622895,0,VERY LOW,0
GRID_N00_E140,0,140,2025,10,2025-10-01,0.4208623047368947,42.08623047368947,0.05060086834253419,5.060086834253418,0,VERY LOW,1
GRID_N40_W080,40,-80,2025,10,2025-10-01,0.41821897817389475,41.82189781738948,0.0505415956462858,5.05415956462858,0,VERY LOW,0
GRID_N00_E130,0,130,2025,3,2025-03-01,0.41964958839588856,41.96495883958885,0.050501191250722,5.0501191250722,0,VERY LOW,0
GRID_N20_E070,20,70,2025,8,2025-08-01,0.4141512388366139,41.415123883661394,0.050493394510313795,5.049339451031379,0,VERY LOW,0
GRID_N50_W140,50,-140,2025,8,2025-08-01,0.3951362845764259,39.51362845764259,0.050455261850701635,5.045526185070163,0,VERY LOW,0
GRID_N10_W030,10,-30,2025,2,2025-02-01,0.41937479124002575,41.93747912400257,0.05042515861926898,5.042515861926898,0,VERY LOW,0
GRID_S50_W080,-50,-80,2025,7,2025-07-01,0.40661430815803734,40.66143081580373,0.050415375274066886,5.041537527406689,0,VERY LOW,0
GRID_N40_E020,40,20,2025,2,2025-02-01,0.4275321337224564,42.75321337224564,0.05038459157020978,5.038459157020978,0,VERY LOW,0
GRID_S70_E020,-70,20,2025,6,2025-06-01,0.41897047285805983,41.89704728580598,0.050361909543841496,5.03619095438415,0,VERY LOW,0
GRID_N20_W070,20,-70,2025,10,2025-10-01,0.42429482641017,42.429482641017,0.05034263694295092,5.034263694295092,0,VERY LOW,0
GRID_S30_W180,-30,-180,2025,6,2025-06-01,0.39683004772409086,39.683004772409085,0.05025353793721128,5.025353793721128,0,VERY LOW,0
GRID_N00_E080,0,80,2025,8,2025-08-01,0.4006556786664329,40.06556786664329,0.05024627038050038,5.0246270380500375,0,VERY LOW,0
GRID_N50_W170,50,-170,2025,4,2025-04-01,0.3998689309300595,39.986893093005946,0.05021138321690929,5.021138321690929,0,VERY LOW,0
GRID_N20_E060,20,60,2025,7,2025-07-01,0.39904835498352625,39.904835498352625,0.050196788359725616,5.019678835972561,0,VERY LOW,0
GRID_N20_E060,20,60,2025,8,2025-08-01,0.4081354758977088,40.813547589770884,0.050178327803650793,5.0178327803650795,0,VERY LOW,0
GRID_N40_E120,40,120,2025,3,2025-03-01,0.42825739645752825,42.825739645752826,0.050156159249078035,5.015615924907803,0,VERY LOW,0
GRID_S70_E030,-70,30,2025,5,2025-05-01,0.42568695535577117,42.56869553557712,0.050146887262521075,5.014688726252108,0,VERY LOW,0
GRID_N50_E120,50,120,2025,10,2025-10-01,0.47465773403050193,47.46577340305019,0.050140378306612624,5.0140378306612625,0,VERY LOW,0
GRID_N20_W020,20,-20,2025,7,2025-07-01,0.39269598792223065,39.269598792223064,0.050095368150659646,5.009536815065965,0,VERY LOW,0
GRID_S40_W070,-40,-70,2025,10,2025-10-01,0.4333701884590457,43.337018845904566,0.05006328147575358,5.006328147575358,0,VERY LOW,1
GRID_N30_W070,30,-70,2025,3,2025-03-01,0.40885749205076904,40.885749205076905,0.05005897463524397,5.005897463524397,0,VERY LOW,0
GRID_S40_E120,-40,120,2025,5,2025-05-01,0.4188663211926663,41.88663211926663,0.05005823427390834,5.005823427390834,0,VERY LOW,0
GRID_N30_E060,30,60,2025,7,2025-07-01,0.40617795043866495,40.617795043866494,0.05003692880934536,5.003692880934536,0,VERY LOW,0
GRID_S10_E060,-10,60,2025,11,2025-11-01,0.4373483142605315,43.73483142605315,0.05002697844707667,5.002697844707667,0,VERY LOW,0
GRID_S10_W070,-10,-70,2025,9,2025-09-01,0.43040912114922825,43.040912114922826,0.05001317659668285,5.001317659668285,0,VERY LOW,0
GRID_N60_W030,60,-30,2025,1,2025-01-01,0.42816670174473204,42.8166701744732,0.05001256281410297,5.0012562814102965,0,VERY LOW,0
GRID_N10_E060,10,60,2025,6,2025-06-01,0.4057369364790869,40.57369364790869,0.04997238009985766,4.997238009985766,0,VERY LOW,0
GRID_N60_E100,60,100,2025,4,2025-04-01,0.4156777332814666,41.567773328146664,0.04992863730452572,4.992863730452572,0,VERY LOW,0
GRID_N50_W100,50,-100,2025,2,2025-02-01,0.40491423375574886,40.49142337557489,0.04992391725501093,4.992391725501093,0,VERY LOW,0
GRID_N10_W140,10,-140,2025,4,2025-04-01,0.40246688479762727,40.246688479762724,0.04990298061518411,4.990298061518411,0,VERY LOW,0
GRID_S70_E080,-70,80,2025,8,2025-08-01,0.4019346464125342,40.19346464125342,0.04985635996670816,4.985635996670816,0,VERY LOW,0
GRID_N00_E070,0,70,2025,6,2025-06-01,0.40128941786989014,40.12894178698902,0.04979954236847738,4.979954236847738,0,VERY LOW,0
GRID_S40_E150,-40,150,2025,10,2025-10-01,0.42518111285278026,42.518111285278025,0.04979887884955952,4.979887884955952,0,VERY LOW,1
GRID_N20_E110,20,110,2025,5,2025-05-01,0.40098778090062714,40.098778090062716,0.0497431495871768,4.97431495871768,0,VERY LOW,0
GRID_N70_E140,70,140,2025,4,2025-04-01,0.4081960723116963,40.81960723116963,0.04972216251138495,4.972216251138494,0,VERY LOW,0
GRID_N00_W060,0,-60,2025,6,2025-06-01,0.40362462888252565,40.362462888252566,0.04969050395706426,4.969050395706426,0,VERY LOW,0
GRID_S30_W180,-30,-180,2025,7,2025-07-01,0.3906089671020626,39.06089671020626,0.04968496279633104,4.968496279633104,0,VERY LOW,0
GRID_N10_E020,10,20,2025,10,2025-10-01,0.42062059490717146,42.06205949071715,0.04966359970972385,4.966359970972385,0,VERY LOW,1
GRID_N10_E040,10,40,2025,6,2025-06-01,0.3978886796636056,39.788867966360556,0.04963064453654116,4.963064453654116,0,VERY LOW,1
GRID_S20_E100,-20,100,2025,11,2025-11-01,0.42037500773822706,42.03750077382271,0.049625002238202306,4.96250022382023,0,VERY LOW,1
GRID_S10_E090,-10,90,2025,6,2025-06-01,0.39832884150398656,39.832884150398655,0.049624825467057446,4.962482546705744,0,VERY LOW,0
GRID_N40_E130,40,130,2025,4,2025-04-01,0.42271529929610907,42.27152992961091,0.04960276875046207,4.960276875046207,0,VERY LOW,0
GRID_N60_W030,60,-30,2025,3,2025-03-01,0.40944252345032267,40.94425234503227,0.04955740809304139,4.955740809304139,0,VERY LOW,1
GRID_N30_E140,30,140,2025,11,2025-11-01,0.42781576940511873,42.781576940511876,0.04955483545017319,4.9554835450173185,0,VERY LOW,0
GRID_S20_W080,-20,-80,2025,9,2025-09-01,0.39912032315858853,39.91203231585885,0.049535692187231736,4.953569218723174,0,VERY LOW,0
GRID_S30_E110,-30,110,2025,10,2025-10-01,0.421287483698223,42.1287483698223,0.04952756378450279,4.952756378450279,0,VERY LOW,1
GRID_N60_W110,60,-110,2025,4,2025-04-01,0.4037856566845601,40.37856566845601,0.04952238038229354,4.952238038229354,0,VERY LOW,0
GRID_N60_E150,60,150,2025,2,2025-02-01,0.4246259123161043,42.46259123161043,0.04947580606195597,4.947580606195597,0,VERY LOW,0
GRID_S50_W080,-50,-80,2025,6,2025-06-01,0.39794527150415904,39.7945271504159,0.04947366454662401,4.947366454662401,0,VERY LOW,0
GRID_N30_E110,30,110,2025,9,2025-09-01,0.41000280856678895,41.00028085667889,0.04946688190116242,4.946688190116242,0,VERY LOW,0
GRID_N40_E100,40,100,2025,5,2025-05-01,0.40884407151375235,40.884407151375235,0.049446113720814755,4.944611372081475,0,VERY LOW,0
GRID_N00_E110,0,110,2025,6,2025-06-01,0.4103241449979952,41.03241449979952,0.049414173070644204,4.9414173070644205,0,VERY LOW,0
GRID_N00_E130,0,130,2025,2,2025-02-01,0.4214024738198767,42.14024738198767,0.04936038552127182,4.936038552127182,0,VERY LOW,0
GRID_N00_E160,0,160,2025,6,2025-06-01,0.40053502320926987,40.05350232092699,0.04932096298536439,4.932096298536439,0,VERY LOW,0
GRID_N10_W150,10,-150,2025,4,2025-04-01,0.400717008247581,40.071700824758096,0.04929913437116254,4.929913437116254,0,VERY LOW,0
GRID_N00_E070,0,70,2025,7,2025-07-01,0.395044214826812,39.5044214826812,0.049259112465184565,4.9259112465184565,0,VERY LOW,0
GRID_S50_E170,-50,170,2025,9,2025-09-01,0.41008044033033975,41.008044033033975,0.04921383833500296,4.921383833500296,0,VERY LOW,0
GRID_N00_E000,0,0,2025,10,2025-10-01,0.4172501845536572,41.72501845536572,0.04920949361602373,4.920949361602373,0,VERY LOW,0
GRID_N10_W060,10,-60,2025,11,2025-11-01,0.40308947735526307,40.30894773552631,0.049202032962121015,4.920203296212102,0,VERY LOW,0
GRID_S10_W070,-10,-70,2025,2,2025-02-01,0.4614565052129252,46.14565052129252,0.04919385773175748,4.919385773175748,0,VERY LOW,0
GRID_N00_E150,0,150,2025,11,2025-11-01,0.40989746766297674,40.98974676629767,0.049187364487002574,4.918736448700257,0,VERY LOW,0
GRID_N30_E040,30,40,2025,10,2025-10-01,0.4189166768907763,41.89166768907763,0.04913719120549045,4.913719120549045,0,VERY LOW,1
GRID_S10_E090,-10,90,2025,5,2025-05-01,0.40356779812866045,40.356779812866044,0.04911078759551156,4.911078759551156,0,VERY LOW,0
GRID_S10_E090,-10,90,2025,7,2025-07-01,0.3920995386291606,39.20995386291606,0.04909842336575224,4.909842336575224,0,VERY LOW,0
GRID_N20_E150,20,150,2025,10,2025-10-01,0.39985132392290335,39.98513239229033,0.04909539307424579,4.909539307424579,0,VERY LOW,0
GRID_N60_E130,60,130,2025,10,2025-10-01,0.4134006543524229,41.34006543524229,0.0490507886632576,4.90507886632576,0,VERY LOW,0
GRID_S40_E010,-40,10,2025,7,2025-07-01,0.39996706008567284,39.99670600856729,0.04901455399509526,4.901455399509526,0,VERY LOW,0
GRID_N10_W070,10,-70,2025,3,2025-03-01,0.4039155228023797,40.39155228023797,0.04901396945007243,4.901396945007243,0,VERY LOW,0
GRID_N10_W140,10,-140,2025,9,2025-09-01,0.392875743583863,39.2875743583863,0.04895468737616576,4.895468737616576,0,VERY LOW,0
GRID_N30_W050,30,-50,2025,3,2025-03-01,0.401173112432931,40.1173112432931,0.04895204775131472,4.895204775131472,0,VERY LOW,0
GRID_N00_E110,0,110,2025,7,2025-07-01,0.4040332223563055,40.403322235630554,0.04892682606435472,4.892682606435472,0,VERY LOW,0
GRID_N40_E030,40,30,2025,3,2025-03-01,0.41001324600947525,41.00132460094753,0.04890902179136013,4.890902179136012,0,VERY LOW,0
GRID_N50_W160,50,-160,2025,9,2025-09-01,0.38521487085452155,38.52148708545216,0.04889641566152886,4.889641566152886,0,VERY LOW,0
GRID_N10_W010,10,-10,2025,3,2025-03-01,0.4273118294422901,42.73118294422901,0.04887213905289607,4.887213905289607,0,VERY LOW,0
GRID_S10_E010,-10,10,2025,11,2025-11-01,0.4322017901807632,43.22017901807632,0.048831811495109546,4.883181149510954,0,VERY LOW,1
GRID_N20_E060,20,60,2025,5,2025-05-01,0.395637890628589,39.5637890628589,0.0487995000199266,4.879950001992659,0,VERY LOW,0
GRID_N00_E040,0,40,2025,6,2025-06-01,0.40324168249004316,40.324168249004316,0.04877013759693979,4.877013759693979,0,VERY LOW,0
GRID_N10_W060,10,-60,2025,1,2025-01-01,0.40876679034961383,40.876679034961384,0.04875904375172045,4.875904375172045,0,VERY LOW,0
GRID_N20_W020,20,-20,2025,5,2025-05-01,0.3893046439317388,38.93046439317388,0.04867528753261322,4.867528753261322,0,VERY LOW,0
GRID_S80_W050,-80,-50,2025,5,2025-05-01,0.4126713132137681,41.26713132137681,0.04854211568881678,4.854211568881678,0,VERY LOW,0
GRID_S40_E130,-40,130,2025,6,2025-06-01,0.3947366292735326,39.47366292735326,0.048524514524732096,4.852451452473209,0,VERY LOW,0
GRID_N20_W020,20,-20,2025,8,2025-08-01,0.38690110861088245,38.69011086108824,0.048524455402891055,4.852445540289105,0,VERY LOW,0
GRID_S30_E150,-30,150,2025,2,2025-02-01,0.41300735463229965,41.30073546322996,0.04849891745119073,4.8498917451190735,0,VERY LOW,0
GRID_N40_E110,40,110,2025,10,2025-10-01,0.41329415245171386,41.32941524517138,0.04848718100958351,4.848718100958351,0,VERY LOW,0
GRID_N20_W110,20,-110,2025,1,2025-01-01,0.4160707660998819,41.60707660998819,0.04847110018631366,4.8471100186313665,0,VERY LOW,1
GRID_N20_W160,20,-160,2025,1,2025-01-01,0.40764251642031796,40.764251642031795,0.048426728362242565,4.842672836224256,0,VERY LOW,0
GRID_N10_E030,10,30,2025,4,2025-04-01,0.4137861756923369,41.37861756923369,0.04841595285572731,4.841595285572731,0,VERY LOW,0
GRID_S50_E140,-50,140,2025,4,2025-04-01,0.4275237670406285,42.75237670406285,0.04840795035818175,4.840795035818175,0,VERY LOW,0
GRID_N40_E040,40,40,2025,4,2025-04-01,0.3966168045291009,39.66168045291009,0.04831744305343134,4.8317443053431335,0,VERY LOW,0
GRID_N00_E040,0,40,2025,7,2025-07-01,0.3977113048054554,39.771130480545544,0.048304623817592686,4.8304623817592685,0,VERY LOW,0
GRID_S30_W180,-30,-180,2025,5,2025-05-01,0.3872241546623334,38.72241546623334,0.04820281782808361,4.820281782808361,0,VERY LOW,0
GRID_S40_E120,-40,120,2025,7,2025-07-01,0.39304858112737884,39.30485811273788,0.04819874181176429,4.819874181176429,0,VERY LOW,0
GRID_S80_W030,-80,-30,2025,5,2025-05-01,0.402463798879152,40.246379887915204,0.04818087366281533,4.818087366281533,0,VERY LOW,0
GRID_N20_E080,20,80,2025,5,2025-05-01,0.40209272996789425,40.20927299678942,0.04816336054085383,4.816336054085383,0,VERY LOW,1
GRID_N50_W110,50,-110,2025,10,2025-10-01,0.4090557917997545,40.90557917997545,0.04813684726674173,4.813684726674173,0,VERY LOW,0
GRID_N50_E170,50,170,2025,4,2025-04-01,0.3910508851701436,39.10508851701436,0.048135466535003675,4.813546653500367,0,VERY LOW,0
GRID_N00_W090,0,-90,2025,9,2025-09-01,0.40416511101564384,40.41651110156438,0.04811326633468572,4.811326633468572,0,VERY LOW,1
GRID_S30_W070,-30,-70,2025,9,2025-09-01,0.3958811592566698,39.588115925666976,0.04810655152199752,4.810655152199752,0,VERY LOW,0
GRID_S40_E130,-40,130,2025,7,2025-07-01,0.3885272273326845,38.85272273326845,0.048055157726400434,4.805515772640043,0,VERY LOW,0
GRID_N30_W060,30,-60,2025,7,2025-07-01,0.381114835879523,38.1114835879523,0.04803463169658652,4.803463169658652,0,VERY LOW,0
GRID_N60_W110,60,-110,2025,9,2025-09-01,0.38736767129836763,38.736767129836764,0.04802475701769658,4.802475701769658,0,VERY LOW,0
GRID_N50_W140,50,-140,2025,4,2025-04-01,0.3837871021058389,38.37871021058389,0.04802368742751203,4.802368742751203,0,VERY LOW,0
GRID_N10_W010,10,-10,2025,5,2025-05-01,0.40634718099074973,40.63471809907497,0.04800627154154387,4.800627154154387,0,VERY LOW,0
GRID_S20_W080,-20,-80,2025,3,2025-03-01,0.40655930247257666,40.655930247257665,0.04800155788476397,4.800155788476397,0,VERY LOW,0
GRID_S40_E120,-40,120,2025,8,2025-08-01,0.3944127299078801,39.441272990788015,0.048000927146240505,4.800092714624051,0,VERY LOW,0
GRID_N00_E080,0,80,2025,4,2025-04-01,0.39524114243608466,39.524114243608466,0.04797600897213428,4.797600897213428,0,VERY LOW,0
GRID_N50_E030,50,30,2025,8,2025-08-01,0.3876827253849397,38.76827253849397,0.04793636167438291,4.793636167438291,0,VERY LOW,0
GRID_N20_E160,20,160,2025,10,2025-10-01,0.4045733895622307,40.45733895622307,0.04793221133982096,4.793221133982096,0,VERY LOW,0
GRID_N10_W020,10,-20,2025,6,2025-06-01,0.38952763968138415,38.95276396813841,0.04789163234275655,4.789163234275655,0,VERY LOW,1
GRID_N00_E070,0,70,2025,5,2025-05-01,0.39164566945924656,39.164566945924655,0.04786695333350251,4.78669533335025,0,VERY LOW,0
GRID_S40_W060,-40,-60,2025,9,2025-09-01,0.40204301034279294,40.2043010342793,0.04786334762486435,4.786334762486435,0,VERY LOW,0
GRID_N00_E070,0,70,2025,8,2025-08-01,0.3892368928900484,38.92368928900484,0.04781104136621393,4.781104136621393,0,VERY LOW,0
GRID_N40_E010,40,10,2025,2,2025-02-01,0.39613354155885283,39.61335415588528,0.04779125818312639,4.7791258183126395,0,VERY LOW,0
GRID_S60_W040,-60,-40,2025,2,2025-02-01,0.44727697060789906,44.72769706078991,0.047784888463808614,4.778488846380862,0,VERY LOW,0
GRID_S70_E140,-70,140,2025,6,2025-06-01,0.3881513063940507,38.81513063940507,0.047770019326627056,4.777001932662706,0,VERY LOW,0
GRID_N10_W030,10,-30,2025,1,2025-01-01,0.40032749761935194,40.03274976193519,0.047753590223453574,4.7753590223453575,0,VERY LOW,0
GRID_S70_W070,-70,-70,2025,7,2025-07-01,0.403339638830263,40.3339638830263,0.04774864555773351,4.774864555773351,0,VERY LOW,0
GRID_N20_E150,20,150,2025,2,2025-02-01,0.39979034404649205,39.979034404649205,0.04770411262634533,4.770411262634533,0,VERY LOW,0
GRID_S10_W100,-10,-100,2025,6,2025-06-01,0.3864475888307283,38.644758883072825,0.04768835531563298,4.7688355315632975,0,VERY LOW,0
GRID_N00_W060,0,-60,2025,7,2025-07-01,0.38259130097902233,38.259130097902236,0.04767768832122506,4.767768832122506,0,VERY LOW,0
GRID_S10_E040,-10,40,2025,10,2025-10-01,0.40672509072365237,40.67250907236524,0.04765922710971443,4.765922710971443,0,VERY LOW,0
GRID_N40_E120,40,120,2025,8,2025-08-01,0.3869342769503386,38.69342769503386,0.0476521536223488,4.76521536223488,0,VERY LOW,0
GRID_N10_E160,10,160,2025,10,2025-10-01,0.39717988960223377,39.71798896022338,0.04762201300169071,4.762201300169071,0,VERY LOW,0
GRID_N20_W160,20,-160,2025,11,2025-11-01,0.3871330925657112,38.71330925657112,0.04757046621482454,4.757046621482454,0,VERY LOW,0
GRID_N30_W010,30,-10,2025,2,2025-02-01,0.39502718171547596,39.5027181715476,0.047524979576606924,4.752497957660692,0,VERY LOW,0
GRID_N00_E150,0,150,2025,1,2025-01-01,0.398943467767572,39.8943467767572,0.047486191319028516,4.748619131902852,0,VERY LOW,0
GRID_S50_W080,-50,-80,2025,5,2025-05-01,0.38832976296065824,38.83297629606582,0.047468037800041794,4.746803780004179,0,VERY LOW,0
GRID_N40_E030,40,30,2025,11,2025-11-01,0.3963818575948089,39.63818575948089,0.04744648973665144,4.744648973665145,0,VERY LOW,0
GRID_N60_E110,60,110,2025,2,2025-02-01,0.41759083168533206,41.75908316853321,0.047433042464709994,4.743304246470999,0,VERY LOW,0
GRID_S30_W070,-30,-70,2025,10,2025-10-01,0.4015550484583644,40.15550484583644,0.04742614083338136,4.742614083338136,0,VERY LOW,0
GRID_N00_E110,0,110,2025,5,2025-05-01,0.39988171778714643,39.988171778714644,0.04740868212545848,4.7408682125458474,0,VERY LOW,0
GRID_N00_E160,0,160,2025,7,2025-07-01,0.3795602286446516,37.95602286446516,0.0473747124069446,4.73747124069446,0,VERY LOW,0
GRID_S70_E140,-70,140,2025,7,2025-07-01,0.3819801192164971,38.19801192164971,0.04735283109692391,4.735283109692391,0,VERY LOW,0
GRID_S70_E030,-70,30,2025,2,2025-02-01,0.4140427700312282,41.40427700312282,0.04733246022706924,4.733246022706924,0,VERY LOW,0
GRID_S20_E080,-20,80,2025,1,2025-01-01,0.40261968995162506,40.261968995162505,0.04730308487108077,4.730308487108077,0,VERY LOW,0
GRID_N30_W040,30,-40,2025,6,2025-06-01,0.37440792957707486,37.44079295770749,0.04729625061280929,4.729625061280929,0,VERY LOW,0
GRID_S70_E140,-70,140,2025,5,2025-05-01,0.39334391485495823,39.33439148549582,0.04724213938104502,4.724213938104501,0,VERY LOW,0
GRID_N10_E160,10,160,2025,3,2025-03-01,0.3937483340213669,39.37483340213669,0.04723516538478978,4.723516538478978,0,VERY LOW,0
GRID_S80_W030,-80,-30,2025,4,2025-04-01,0.40348953040264507,40.348953040264504,0.04716524342015518,4.716524342015518,0,VERY LOW,0
GRID_N30_W060,30,-60,2025,6,2025-06-01,0.3726480353493472,37.26480353493472,0.04716249459549686,4.716249459549686,0,VERY LOW,0
GRID_N50_W070,50,-70,2025,6,2025-06-01,0.3777300239656785,37.773002396567854,0.047148167181859456,4.714816718185945,0,VERY LOW,0
GRID_N10_E000,10,0,2025,3,2025-03-01,0.4184232623350152,41.84232623350152,0.047134021025824605,4.71340210258246,0,VERY LOW,0
GRID_S20_W040,-20,-40,2025,6,2025-06-01,0.39113462219167056,39.113462219167054,0.04712251338040476,4.712251338040476,0,VERY LOW,0
GRID_N10_W050,10,-50,2025,2,2025-02-01,0.3944661436169513,39.44661436169513,0.047111141734991896,4.7111141734991895,0,VERY LOW,0
GRID_N60_E150,60,150,2025,1,2025-01-01,0.4055066871846463,40.55066871846463,0.04710925196141465,4.710925196141464,0,VERY LOW,0
GRID_N30_E060,30,60,2025,8,2025-08-01,0.386217382225498,38.6217382225498,0.04710622734973605,4.710622734973605,0,VERY LOW,0
GRID_N20_W070,20,-70,2025,6,2025-06-01,0.37020076007322805,37.02007600732281,0.04704115400484295,4.704115400484294,0,VERY LOW,0
GRID_N00_W050,0,-50,2025,6,2025-06-01,0.3809010162254992,38.09010162254992,0.04703709187810786,4.703709187810786,0,VERY LOW,0
GRID_N00_E010,0,10,2025,7,2025-07-01,0.3840745472522424,38.40745472522424,0.047027152571186344,4.702715257118634,0,VERY LOW,1
GRID_S80_W110,-80,-110,2025,6,2025-06-01,0.3784505332453667,37.84505332453667,0.04699355140948887,4.699355140948887,0,VERY LOW,0
GRID_N60_E160,60,160,2025,5,2025-05-01,0.3820075738708211,38.20075738708211,0.04699119933470658,4.699119933470658,0,VERY LOW,0
GRID_N00_E070,0,70,2025,11,2025-11-01,0.40646627316386325,40.64662731638632,0.04694328557222501,4.6943285572225015,0,VERY LOW,0
GRID_N00_E090,0,90,2025,3,2025-03-01,0.39129409442838964,39.12940944283896,0.04688231875876709,4.688231875876709,0,VERY LOW,0
GRID_S10_E090,-10,90,2025,4,2025-04-01,0.3957173123766368,39.571731237663684,0.04685510493260864,4.685510493260864,0,VERY LOW,0
GRID_S30_E030,-30,30,2025,1,2025-01-01,0.4153523774269102,41.535237742691024,0.046850191952923885,4.685019195292388,0,VERY LOW,1
GRID_N60_E150,60,150,2025,10,2025-10-01,0.3987198752617998,39.87198752617998,0.04681475669493723,4.681475669493723,0,VERY LOW,0
GRID_N30_W040,30,-40,2025,7,2025-07-01,0.3683237106243988,36.832371062439876,0.046736134739179924,4.673613473917992,0,VERY LOW,0
GRID_N10_E020,10,20,2025,5,2025-05-01,0.38786090967985815,38.786090967985814,0.046731203293825754,4.673120329382575,0,VERY LOW,0
GRID_S50_W080,-50,-80,2025,9,2025-09-01,0.3853392540644026,38.53392540644026,0.046722451701643054,4.672245170164305,0,VERY LOW,0
GRID_N50_E000,50,0,2025,11,2025-11-01,0.3937852521108107,39.37852521108107,0.04669005650496433,4.669005650496433,0,VERY LOW,0
GRID_S20_W040,-20,-40,2025,7,2025-07-01,0.3856629810304428,38.566298103044275,0.046683658839819064,4.668365883981906,0,VERY LOW,0
GRID_N50_E100,50,100,2025,9,2025-09-01,0.3804160080727938,38.04160080727938,0.0466817675452786,4.66817675452786,0,VERY LOW,0
GRID_S30_W180,-30,-180,2025,8,2025-08-01,0.3702293180430694,37.02293180430694,0.04666939920439302,4.666939920439302,0,VERY LOW,0
GRID_N00_W100,0,-100,2025,7,2025-07-01,0.3712008416310157,37.120084163101566,0.04665006393055275,4.665006393055275,0,VERY LOW,0
GRID_S10_E120,-10,120,2025,11,2025-11-01,0.38899198621527936,38.89919862152794,0.04658471826487752,4.658471826487752,0,VERY LOW,0
GRID_S30_E160,-30,160,2025,5,2025-05-01,0.3977479671311731,39.77479671311731,0.04657684541402732,4.657684541402732,0,VERY LOW,0
GRID_N20_W070,20,-70,2025,5,2025-05-01,0.3753005279759945,37.53005279759945,0.0465530147822795,4.65530147822795,0,VERY LOW,0
GRID_N10_E060,10,60,2025,7,2025-07-01,0.3700709110611053,37.00709110611053,0.04654850283346571,4.654850283346571,0,VERY LOW,0
GRID_N30_W020,30,-20,2025,5,2025-05-01,0.38047303020332834,38.04730302033283,0.04654218567038491,4.654218567038491,0,VERY LOW,0
GRID_S80_W110,-80,-110,2025,7,2025-07-01,0.3723397203204449,37.23397203204449,0.046532920521296914,4.653292052129691,0,VERY LOW,0
GRID_N20_W070,20,-70,2025,11,2025-11-01,0.39945788849840946,39.945788849840945,0.04653080005082091,4.65308000508209,0,VERY LOW,0
GRID_N20_E050,20,50,2025,8,2025-08-01,0.38218794626650676,38.21879462665068,0.046485426167374555,4.648542616737456,0,VERY LOW,0
GRID_N20_W070,20,-70,2025,7,2025-07-01,0.3641451132206404,36.414511322064044,0.046483594403884464,4.648359440388447,0,VERY LOW,1
GRID_S20_W040,-20,-40,2025,10,2025-10-01,0.39868668653269007,39.868668653269005,0.046465515603952054,4.6465515603952054,0,VERY LOW,0
GRID_N20_W060,20,-60,2025,3,2025-03-01,0.3827728462116764,38.27728462116764,0.04644421213801414,4.644421213801414,0,VERY LOW,0
GRID_N20_E060,20,60,2025,11,2025-11-01,0.39556382932713907,39.55638293271391,0.04636962211735918,4.636962211735918,0,VERY LOW,0
GRID_S40_E120,-40,120,2025,9,2025-09-01,0.38666187949483555,38.66618794948356,0.046365330161543594,4.63653301615436,0,VERY LOW,0
GRID_S10_E080,-10,80,2025,3,2025-03-01,0.3879638270690254,38.79638270690254,0.046362071383139504,4.63620713831395,0,VERY LOW,0
GRID_N20_W020,20,-20,2025,4,2025-04-01,0.38155411827017766,38.155411827017765,0.046361724498949194,4.63617244989492,0,VERY LOW,0
GRID_N20_W080,20,-80,2025,3,2025-03-01,0.38262768287023885,38.26276828702389,0.04635720445097062,4.635720445097062,0,VERY LOW,0
GRID_S70_E030,-70,30,2025,4,2025-04-01,0.4026806776957294,40.26806776957294,0.046354284790176434,4.635428479017643,0,VERY LOW,0
GRID_S10_E080,-10,80,2025,11,2025-11-01,0.3930393216504854,39.303932165048536,0.04634598317578796,4.634598317578796,0,VERY LOW,0
GRID_N50_E020,50,20,2025,5,2025-05-01,0.37478345796753265,37.47834579675327,0.04633321853282786,4.633321853282786,0,VERY LOW,0
GRID_N50_W170,50,-170,2025,9,2025-09-01,0.36117043601553134,36.117043601553135,0.04630270142282363,4.630270142282363,0,VERY LOW,0
GRID_N00_E140,0,140,2025,2,2025-02-01,0.3892114075054954,38.92114075054954,0.04630191585466305,4.630191585466305,0,VERY LOW,0
GRID_S10_E090,-10,90,2025,8,2025-08-01,0.37168955463043796,37.168955463043794,0.046256135177069106,4.625613517706911,0,VERY LOW,0
GRID_N50_E090,50,90,2025,6,2025-06-01,0.36665275369327655,36.66527536932765,0.046219824558421094,4.621982455842109,0,VERY LOW,0
GRID_S40_E010,-40,10,2025,8,2025-08-01,0.3801163343287451,38.01163343287451,0.04620640852346027,4.620640852346027,0,VERY LOW,0
GRID_N10_E170,10,170,2025,7,2025-07-01,0.37333935287802344,37.33393528780235,0.04618150453239327,4.618150453239327,0,VERY LOW,0
GRID_N50_E120,50,120,2025,9,2025-09-01,0.4088688128116654,40.886881281166545,0.04617604766114435,4.617604766114435,0,VERY LOW,0
GRID_S40_E130,-40,130,2025,9,2025-09-01,0.3821677345222313,38.21677345222313,0.04615629983974667,4.615629983974667,0,VERY LOW,0
GRID_S20_W080,-20,-80,2025,10,2025-10-01,0.3828049393302563,38.280493933025625,0.046149193334692105,4.614919333469211,0,VERY LOW,0
GRID_S40_E120,-40,120,2025,6,2025-06-01,0.3773883989562815,37.73883989562815,0.04613427518790132,4.613427518790132,0,VERY LOW,0
GRID_S80_W030,-80,-30,2025,6,2025-06-01,0.3737592926176346,37.37592926176346,0.04612891895508588,4.6128918955085885,0,VERY LOW,0
GRID_N60_W020,60,-20,2025,10,2025-10-01,0.38517745578894197,38.5177455788942,0.046120606728986005,4.6120606728986004,0,VERY LOW,0
GRID_N20_E070,20,70,2025,9,2025-09-01,0.38423994353849494,38.423994353849494,0.04611998269832318,4.611998269832318,0,VERY LOW,0
GRID_N30_E070,30,70,2025,10,2025-10-01,0.38951554557982637,38.95155455798264,0.046118295697243294,4.611829569724329,0,VERY LOW,0
GRID_S10_E070,-10,70,2025,6,2025-06-01,0.37449971820431155,37.44997182043115,0.04611176795775558,4.611176795775558,0,VERY LOW,0
GRID_N60_E130,60,130,2025,1,2025-01-01,0.41781147736868685,41.78114773686868,0.04609060829946326,4.609060829946325,0,VERY LOW,0
GRID_N10_E020,10,20,2025,3,2025-03-01,0.4027730598127305,40.277305981273045,0.046087736186732224,4.608773618673222,0,VERY LOW,0
GRID_N20_E110,20,110,2025,4,2025-04-01,0.3784367759252087,37.84367759252087,0.046076054918202665,4.607605491820267,0,VERY LOW,0
GRID_N00_E160,0,160,2025,5,2025-05-01,0.37621205139374214,37.62120513937421,0.04604291108062762,4.604291108062762,0,VERY LOW,0
GRID_N40_W040,40,-40,2025,10,2025-10-01,0.3872206543198512,38.72206543198512,0.04602121955142903,4.602121955142903,0,VERY LOW,0
GRID_N40_E110,40,110,2025,9,2025-09-01,0.37794866686209955,37.79486668620996,0.04599541977277427,4.599541977277427,0,VERY LOW,0
GRID_N30_W050,30,-50,2025,11,2025-11-01,0.3767213620743416,37.67213620743416,0.04598102231492525,4.598102231492525,0,VERY LOW,0
GRID_N30_W070,30,-70,2025,2,2025-02-01,0.38089988269218983,38.089988269218985,0.04593640313122831,4.5936403131228305,0,VERY LOW,0
GRID_N40_E120,40,120,2025,4,2025-04-01,0.38792025604234265,38.79202560423426,0.04590039177372578,4.590039177372578,0,VERY LOW,1
GRID_N50_E170,50,170,2025,9,2025-09-01,0.36701201580091347,36.70120158009135,0.04589650449309487,4.589650449309487,0,VERY LOW,0
GRID_N50_E090,50,90,2025,5,2025-05-01,0.37173249406513664,37.17324940651366,0.04583465309101097,4.583465309101097,0,VERY LOW,0
GRID_N00_E080,0,80,2025,9,2025-09-01,0.371101663576187,37.1101663576187,0.04583042265292529,4.583042265292529,0,VERY LOW,0
GRID_S30_W180,-30,-180,2025,4,2025-04-01,0.37948931028487254,37.94893102848725,0.04581594832876856,4.581594832876856,0,VERY LOW,0
GRID_N00_W100,0,-100,2025,6,2025-06-01,0.3628251674139461,36.28251674139461,0.045800801876240436,4.580080187624044,0,VERY LOW,0
GRID_N20_E160,20,160,2025,11,2025-11-01,0.39559398637995663,39.55939863799566,0.045792509633705396,4.57925096337054,0,VERY LOW,0
GRID_N50_E060,50,60,2025,8,2025-08-01,0.3633395879483545,36.33395879483545,0.04577909529825838,4.577909529825838,0,VERY LOW,0
GRID_N60_E100,60,100,2025,3,2025-03-01,0.3861636633894131,38.61636633894131,0.045754975682846,4.5754975682846,0,VERY LOW,0
GRID_S10_E070,-10,70,2025,5,2025-05-01,0.38125085561661504,38.12508556166151,0.0457530957863448,4.575309578634481,0,VERY LOW,0
GRID_S70_E020,-70,20,2025,7,2025-07-01,0.36832407414057466,36.832407414057464,0.04571401721760489,4.5714017217604885,0,VERY LOW,0
GRID_S80_W030,-80,-30,2025,7,2025-07-01,0.36767941919641756,36.76794191964176,0.045698273417571156,4.569827341757115,0,VERY LOW,0
GRID_N00_E000,0,0,2025,11,2025-11-01,0.3925444429062827,39.25444429062827,0.04569239114009035,4.569239114009035,0,VERY LOW,1
GRID_S80_W050,-80,-50,2025,2,2025-02-01,0.4011344847513957,40.11344847513957,0.04568517492884645,4.568517492884645,0,VERY LOW,0
GRID_N20_E160,20,160,2025,6,2025-06-01,0.3664471731579006,36.64471731579006,0.045683866924702915,4.568386692470291,0,VERY LOW,0
GRID_N50_E090,50,90,2025,7,2025-07-01,0.36062191211144146,36.062191211144146,0.045677019961280006,4.567701996128001,0,VERY LOW,0
GRID_N30_W030,30,-30,2025,10,2025-10-01,0.3856835608888459,38.56835608888459,0.04563378247668769,4.563378247668768,0,VERY LOW,0
GRID_N30_E150,30,150,2025,6,2025-06-01,0.3671350011872343,36.71350011872343,0.04563222540338739,4.563222540338739,0,VERY LOW,0
GRID_S10_E070,-10,70,2025,7,2025-07-01,0.36841488606896394,36.84148860689639,0.045620916914756914,4.5620916914756915,0,VERY LOW,0
GRID_S70_E020,-70,20,2025,5,2025-05-01,0.3795310961140615,37.95310961140615,0.045619859369780844,4.561985936978084,0,VERY LOW,0
GRID_N20_E150,20,150,2025,11,2025-11-01,0.37551194320103937,37.55119432010394,0.045565205646005094,4.556520564600509,0,VERY LOW,0
GRID_N20_W020,20,-20,2025,9,2025-09-01,0.37215095598869724,37.21509559886972,0.045538836846177856,4.5538836846177855,0,VERY LOW,0
GRID_S70_E080,-70,80,2025,9,2025-09-01,0.3723448996669383,37.23448996669383,0.045535107500128326,4.5535107500128325,0,VERY LOW,0
GRID_N70_E140,70,140,2025,3,2025-03-01,0.3788687828786045,37.88687828786045,0.04553318699480537,4.5533186994805375,0,VERY LOW,0
GRID_N30_E030,30,30,2025,4,2025-04-01,0.3707116096574658,37.07116096574658,0.04549753124859212,4.549753124859212,0,VERY LOW,1
GRID_N00_E040,0,40,2025,8,2025-08-01,0.3771904595366663,37.71904595366663,0.045477731030818244,4.547773103081824,0,VERY LOW,0
GRID_S30_W070,-30,-70,2025,2,2025-02-01,0.3986801690323191,39.86801690323191,0.04543767366466008,4.5437673664660085,0,VERY LOW,1
GRID_N40_W090,40,-90,2025,8,2025-08-01,0.3708226056335516,37.08226056335516,0.0453976828199005,4.5397682819900504,0,VERY LOW,1
GRID_N40_W060,40,-60,2025,9,2025-09-01,0.3720838689049935,37.20838689049935,0.04538084592439849,4.538084592439849,0,VERY LOW,0
GRID_N50_E020,50,20,2025,6,2025-06-01,0.3553330408734541,35.53330408734541,0.04537164108519833,4.537164108519833,0,VERY LOW,1
GRID_S40_E130,-40,130,2025,8,2025-08-01,0.3681905678349238,36.819056783492385,0.045337177972714686,4.533717797271469,0,VERY LOW,0
GRID_N10_W140,10,-140,2025,3,2025-03-01,0.373291578109537,37.3291578109537,0.04533117409723673,4.533117409723673,0,VERY LOW,0
GRID_N10_E000,10,0,2025,4,2025-04-01,0.398312039670552,39.8312039670552,0.045330490334890006,4.533049033489,0,VERY LOW,0
GRID_N00_E140,0,140,2025,1,2025-01-01,0.38526215933870445,38.526215933870446,0.04531639034960365,4.531639034960365,0,VERY LOW,0
GRID_N50_E170,50,170,2025,3,2025-03-01,0.37667035975933766,37.667035975933764,0.045314672350190405,4.531467235019041,0,VERY LOW,0
GRID_N30_W060,30,-60,2025,5,2025-05-01,0.36327495523544334,36.327495523544336,0.045314617587496775,4.5314617587496775,0,VERY LOW,0
GRID_N00_W100,0,-100,2025,5,2025-05-01,0.3678826810224298,36.78826810224298,0.04531309316018206,4.531309316018206,0,VERY LOW,0
GRID_N20_E150,20,150,2025,1,2025-01-01,0.3810487927793762,38.10487927793762,0.04531137126271088,4.531137126271088,0,VERY LOW,0
GRID_N10_E170,10,170,2025,6,2025-06-01,0.36494343090316445,36.49434309031644,0.045307178035582804,4.5307178035582805,0,VERY LOW,0
GRID_S10_E060,-10,60,2025,7,2025-07-01,0.3703331717259359,37.03331717259359,0.04529704457587195,4.5297044575871945,0,VERY LOW,1
GRID_N00_W050,0,-50,2025,7,2025-07-01,0.36614929072448377,36.614929072448376,0.04529113375995618,4.5291133759956175,0,VERY LOW,0
GRID_N10_E100,10,100,2025,2,2025-02-01,0.39498372062785364,39.498372062785364,0.04527718072259455,4.5277180722594546,0,VERY LOW,1
GRID_N50_E070,50,70,2025,6,2025-06-01,0.36105635710591605,36.105635710591606,0.045256862158219155,4.525686215821915,0,VERY LOW,0
GRID_N10_E060,10,60,2025,5,2025-05-01,0.36675695965184985,36.675695965184985,0.045243856155540704,4.5243856155540705,0,VERY LOW,0
GRID_N40_E010,40,10,2025,1,2025-01-01,0.37745561083303514,37.745561083303514,0.04523277381837274,4.523277381837274,0,VERY LOW,0
GRID_N40_E130,40,130,2025,3,2025-03-01,0.39159393943242166,39.159393943242165,0.04522897031982277,4.522897031982278,0,VERY LOW,0
GRID_N20_E060,20,60,2025,4,2025-04-01,0.37320030595672565,37.32003059567256,0.04520400902625287,4.520400902625287,0,VERY LOW,0
GRID_N20_E160,20,160,2025,7,2025-07-01,0.3604177887570244,36.04177887570244,0.04518118895907579,4.518118895907579,0,VERY LOW,0
GRID_N60_W110,60,-110,2025,3,2025-03-01,0.37457467886465534,37.45746788646554,0.045164603295106825,4.516460329510682,0,VERY LOW,0
GRID_S70_W060,-70,-60,2025,5,2025-05-01,0.37780625776704635,37.78062577670463,0.04512622576848867,4.512622576848867,0,VERY LOW,0
GRID_N30_E150,30,150,2025,7,2025-07-01,0.3611007499274439,36.11007499274439,0.04512184246081965,4.512184246081965,0,VERY LOW,0
GRID_S80_W110,-80,-110,2025,5,2025-05-01,0.36901735377551703,36.9017353775517,0.04508420086841745,4.508420086841745,0,VERY LOW,0
GRID_N00_E010,0,10,2025,6,2025-06-01,0.36855480301667826,36.855480301667825,0.04506496176535324,4.5064961765353235,0,VERY LOW,0
GRID_N60_E010,60,10,2025,6,2025-06-01,0.35355981089166394,35.35598108916639,0.04502193108859866,4.502193108859866,0,VERY LOW,0
GRID_N10_W070,10,-70,2025,2,2025-02-01,0.37608085505494654,37.60808550549466,0.04501774204555996,4.501774204555995,0,VERY LOW,0
GRID_N30_W010,30,-10,2025,1,2025-01-01,0.37636890356063873,37.63689035606387,0.04499006929673505,4.499006929673505,0,VERY LOW,0
GRID_S40_E010,-40,10,2025,2,2025-02-01,0.39491670944477447,39.49167094447745,0.04498953031215784,4.498953031215784,0,VERY LOW,1
GRID_N60_E000,60,0,2025,6,2025-06-01,0.35270082900860705,35.27008290086071,0.04495907853784674,4.495907853784674,0,VERY LOW,0
GRID_N30_W050,30,-50,2025,2,2025-02-01,0.37340904269173436,37.340904269173436,0.0449337061312232,4.493370613122321,0,VERY LOW,0
GRID_S30_E040,-30,40,2025,4,2025-04-01,0.3888384349965884,38.88384349965884,0.04491542211024868,4.491542211024868,0,VERY LOW,0
GRID_N00_W060,0,-60,2025,8,2025-08-01,0.3623812108326018,36.238121083260175,0.04486650759022548,4.486650759022548,0,VERY LOW,0
GRID_S80_W050,-80,-50,2025,4,2025-04-01,0.38989091980619806,38.989091980619804,0.04482961951353733,4.482961951353733,0,VERY LOW,0
GRID_N10_W150,10,-150,2025,3,2025-03-01,0.3715896672236358,37.15896672236358,0.04481561989442852,4.481561989442852,0,VERY LOW,0
GRID_N30_E140,30,140,2025,6,2025-06-01,0.3601850410995608,36.018504109956076,0.04476587913515654,4.476587913515654,0,VERY LOW,0
GRID_S70_E140,-70,140,2025,8,2025-08-01,0.36178339609142995,36.178339609142995,0.04474262100721122,4.4742621007211225,0,VERY LOW,0
GRID_N50_E070,50,70,2025,7,2025-07-01,0.35506596133674945,35.50659613367495,0.044725111789755356,4.472511178975536,0,VERY LOW,0
GRID_N00_E160,0,160,2025,8,2025-08-01,0.3594170440835231,35.94170440835231,0.044672141400963684,4.4672141400963685,0,VERY LOW,0
GRID_N10_E030,10,30,2025,1,2025-01-01,0.3992251167821968,39.92251167821968,0.04462225578155966,4.462225578155966,0,VERY LOW,1
GRID_N60_W120,60,-120,2025,11,2025-11-01,0.38134489033912483,38.13448903391248,0.04461419473582877,4.461419473582877,0,VERY LOW,0
GRID_N10_W050,10,-50,2025,1,2025-01-01,0.37581790307059165,37.581790307059165,0.04461390598394013,4.461390598394013,0,VERY LOW,0
GRID_S40_E010,-40,10,2025,9,2025-09-01,0.3724736312787332,37.24736312787332,0.04446718418896813,4.446718418896813,0,VERY LOW,0
GRID_S70_E080,-70,80,2025,3,2025-03-01,0.38701348375801986,38.701348375801985,0.044413555032190966,4.441355503219096,0,VERY LOW,1
GRID_N10_E000,10,0,2025,5,2025-05-01,0.385903684141577,38.5903684141577,0.0444077304256509,4.44077304256509,0,VERY LOW,0
GRID_S80_W030,-80,-30,2025,3,2025-03-01,0.3889437453379808,38.89437453379808,0.044407106123475114,4.4407106123475115,0,VERY LOW,0
GRID_S10_W100,-10,-100,2025,7,2025-07-01,0.3514743149982139,35.147431499821394,0.044405968681655805,4.4405968681655805,0,VERY LOW,0
GRID_N30_W020,30,-20,2025,6,2025-06-01,0.352411930911416,35.2411930911416,0.0443686766708138,4.436867667081381,0,VERY LOW,0
GRID_S10_E160,-10,160,2025,6,2025-06-01,0.3593426663317163,35.93426663317163,0.04435737824001938,4.435737824001938,0,VERY LOW,0
GRID_N60_W140,60,-140,2025,10,2025-10-01,0.3640384690583895,36.40384690583895,0.04435273051787209,4.43527305178721,0,VERY LOW,0
GRID_N10_W010,10,-10,2025,4,2025-04-01,0.3828667121495512,38.28667121495512,0.04435043184679223,4.435043184679223,0,VERY LOW,0
GRID_N50_E090,50,90,2025,8,2025-08-01,0.35502364903694666,35.50236490369467,0.04434187438075177,4.434187438075177,0,VERY LOW,0
GRID_N50_W080,50,-80,2025,6,2025-06-01,0.34814842877403446,34.81484287740344,0.044290594077909584,4.429059407790959,0,VERY LOW,0
GRID_N00_E130,0,130,2025,1,2025-01-01,0.37284936410446856,37.28493641044685,0.0442849963776456,4.42849963776456,0,VERY LOW,0
GRID_S80_W180,-80,-180,2025,9,2025-09-01,0.37661793948255207,37.66179394825521,0.04427611579368868,4.427611579368868,0,VERY LOW,0
GRID_N10_W140,10,-140,2025,10,2025-10-01,0.3621869964187343,36.21869964187343,0.04426817651322183,4.4268176513221835,0,VERY LOW,0
GRID_N00_E100,0,100,2025,6,2025-06-01,0.35651153284398823,35.65115328439882,0.04426391180607126,4.426391180607126,0,VERY LOW,1
GRID_N30_E140,30,140,2025,7,2025-07-01,0.35420108770592607,35.420108770592606,0.044262182425202724,4.426218242520273,0,VERY LOW,1
GRID_S30_E160,-30,160,2025,2,2025-02-01,0.3863538993890437,38.63538993890437,0.04422768547419921,4.422768547419921,0,VERY LOW,0
GRID_N50_W170,50,-170,2025,3,2025-03-01,0.3563933807778972,35.639338077789716,0.04421207229395708,4.421207229395708,0,VERY LOW,0
GRID_N50_W010,50,-10,2025,5,2025-05-01,0.34955613362910337,34.955613362910334,0.04418253710186122,4.418253710186122,0,VERY LOW,1
GRID_S50_E140,-50,140,2025,3,2025-03-01,0.3948435259138302,39.48435259138302,0.044178011931665095,4.417801193166509,0,VERY LOW,0
GRID_N10_E040,10,40,2025,4,2025-04-01,0.36600079124985374,36.60007912498537,0.04417744354710723,4.417744354710723,0,VERY LOW,0
GRID_N50_W160,50,-160,2025,10,2025-10-01,0.35477485295551264,35.47748529555126,0.04417505558648589,4.417505558648589,0,VERY LOW,0
GRID_S80_W110,-80,-110,2025,4,2025-04-01,0.37588791044694825,37.58879104469482,0.04417503871436744,4.417503871436744,0,VERY LOW,0
GRID_S10_E070,-10,70,2025,11,2025-11-01,0.3847223977916878,38.47223977916878,0.044063041343865995,4.406304134386599,0,VERY LOW,0
GRID_N30_E100,30,100,2025,6,2025-06-01,0.35427189828942196,35.4271898289422,0.04404342192778399,4.404342192778399,0,VERY LOW,0
GRID_N10_E070,10,70,2025,1,2025-01-01,0.36997326944409065,36.99732694440907,0.04399868728872876,4.3998687288728755,0,VERY LOW,1
GRID_S20_W080,-20,-80,2025,11,2025-11-01,0.3732965729083405,37.32965729083405,0.04397615859098716,4.397615859098717,0,VERY LOW,1
GRID_N20_E160,20,160,2025,5,2025-05-01,0.35714127100883525,35.71412710088352,0.04395070193914706,4.395070193914706,0,VERY LOW,0
GRID_N30_W040,30,-40,2025,8,2025-08-01,0.3484419497780858,34.84419497780858,0.04394590414712068,4.394590414712067,0,VERY LOW,0
GRID_S20_W040,-20,-40,2025,8,2025-08-01,0.3653866578092075,36.538665780920745,0.04393523279693512,4.393523279693512,0,VERY LOW,0
GRID_N30_E150,30,150,2025,5,2025-05-01,0.3578214969962896,35.78214969962896,0.043918472048708204,4.39184720487082,0,VERY LOW,0
GRID_S80_W170,-80,-170,2025,8,2025-08-01,0.3703253690526338,37.03253690526338,0.04390460606377474,4.3904606063774745,0,VERY LOW,0
GRID_S10_E160,-10,160,2025,7,2025-07-01,0.35336497853261756,35.336497853261754,0.04389979687000714,4.389979687000714,0,VERY LOW,0
GRID_N20_E160,20,160,2025,8,2025-08-01,0.3548209359634968,35.48209359634968,0.0438910392664553,4.3891039266455305,0,VERY LOW,1
GRID_N00_W060,0,-60,2025,5,2025-05-01,0.35778269856547945,35.778269856547944,0.04386363935857611,4.386363935857611,0,VERY LOW,0
GRID_N00_W050,0,-50,2025,5,2025-05-01,0.35706017255893036,35.70601725589304,0.04386001101010327,4.386001101010327,0,VERY LOW,0
GRID_N00_W100,0,-100,2025,8,2025-08-01,0.3512501348368237,35.12501348368237,0.04384821790220504,4.384821790220504,0,VERY LOW,0
GRID_N30_W020,30,-20,2025,7,2025-07-01,0.34648718221373337,34.648718221373336,0.04384572006430483,4.384572006430483,0,VERY LOW,0
GRID_S80_W110,-80,-110,2025,8,2025-08-01,0.3523621036868607,35.23621036868607,0.043824068862307816,4.382406886230782,0,VERY LOW,0
GRID_N10_E060,10,60,2025,8,2025-08-01,0.35014711660129505,35.01471166012951,0.04382226810678407,4.382226810678407,0,VERY LOW,0
GRID_N40_E070,40,70,2025,10,2025-10-01,0.36813202528852357,36.81320252885236,0.04382119518873609,4.382119518873609,0,VERY LOW,0
GRID_N30_W060,30,-60,2025,8,2025-08-01,0.3467364599967141,34.67364599967141,0.043808174315590566,4.3808174315590565,0,VERY LOW,0
GRID_N00_E080,0,80,2025,3,2025-03-01,0.3662685642629765,36.62685642629765,0.04380733159915791,4.380733159915791,0,VERY LOW,0
GRID_S80_W130,-80,-130,2025,6,2025-06-01,0.36033609933697824,36.033609933697825,0.04377036869133688,4.377036869133688,0,VERY LOW,0
GRID_N50_W080,50,-80,2025,8,2025-08-01,0.3508062865542641,35.08062865542641,0.04375073136410487,4.375073136410487,0,VERY LOW,0
GRID_N50_W080,50,-80,2025,7,2025-07-01,0.34225747545365226,34.22574754536522,0.04374978837097178,4.374978837097178,0,VERY LOW,0
GRID_N60_E160,60,160,2025,4,2025-04-01,0.35988269018629265,35.98826901862927,0.043667225136991374,4.366722513699138,0,VERY LOW,0
GRID_N50_E030,50,30,2025,9,2025-09-01,0.35920988380308544,35.92098838030854,0.04366509089893069,4.366509089893069,0,VERY LOW,0
GRID_N50_W140,50,-140,2025,3,2025-03-01,0.3551610550388807,35.51610550388807,0.04363817440399883,4.363817440399883,0,VERY LOW,0
GRID_N60_W140,60,-140,2025,7,2025-07-01,0.33494663483769666,33.49466348376966,0.04361621244787905,4.361621244787905,0,VERY LOW,1
GRID_S20_W170,-20,-170,2025,6,2025-06-01,0.3461048834147698,34.61048834147698,0.04360848915188893,4.360848915188893,0,VERY LOW,0
GRID_N10_W180,10,-180,2025,7,2025-07-01,0.34309526645286625,34.309526645286624,0.04360420282323676,4.360420282323676,0,VERY LOW,0
GRID_N10_E160,10,160,2025,2,2025-02-01,0.36618389321642303,36.618389321642304,0.04360154401561961,4.360154401561961,0,VERY LOW,0
GRID_N30_E110,30,110,2025,5,2025-05-01,0.354372612970035,35.437261297003495,0.0435968565988295,4.359685659882951,0,VERY LOW,1
GRID_N10_E170,10,170,2025,5,2025-05-01,0.35565427910669767,35.56542791066977,0.04358930601495969,4.358930601495969,0,VERY LOW,0
GRID_N50_W090,50,-90,2025,8,2025-08-01,0.3420237420179861,34.202374201798605,0.04356021050661035,4.3560210506610355,0,VERY LOW,0
GRID_S30_E040,-30,40,2025,1,2025-01-01,0.381325192467357,38.132519246735704,0.04355699584828292,4.355699584828292,0,VERY LOW,0
GRID_N50_E070,50,70,2025,5,2025-05-01,0.35181133424935446,35.181133424935446,0.043555729285523336,4.355572928552333,0,VERY LOW,0
GRID_N10_E170,10,170,2025,8,2025-08-01,0.35333829499980124,35.333829499980126,0.04355510516699252,4.355510516699252,0,VERY LOW,0
GRID_N30_W070,30,-70,2025,1,2025-01-01,0.36250903737445633,36.25090373744563,0.04347018748004877,4.347018748004877,0,VERY LOW,0
GRID_N60_W110,60,-110,2025,10,2025-10-01,0.35755150959875975,35.75515095987598,0.043396221268419154,4.339622126841915,0,VERY LOW,0
GRID_S80_W130,-80,-130,2025,8,2025-08-01,0.36303518216072694,36.303518216072696,0.04334286041629048,4.334286041629047,0,VERY LOW,0
GRID_S80_W130,-80,-130,2025,7,2025-07-01,0.3543510262378783,35.43510262378783,0.043341587435889714,4.334158743588971,0,VERY LOW,0
GRID_N40_E050,40,50,2025,9,2025-09-01,0.35788738871525455,35.78873887152545,0.043306700617559445,4.330670061755945,0,VERY LOW,0
GRID_N40_E100,40,100,2025,9,2025-09-01,0.3553680217921916,35.536802179219166,0.04328110367800468,4.328110367800468,0,VERY LOW,0
GRID_S20_W170,-20,-170,2025,2,2025-02-01,0.38567187109681417,38.56718710968142,0.043274646200102705,4.327464620010271,0,VERY LOW,0
GRID_N00_E090,0,90,2025,2,2025-02-01,0.36379836403871085,36.37983640387109,0.04323950127809024,4.323950127809024,0,VERY LOW,0
GRID_N10_E020,10,20,2025,4,2025-04-01,0.3655975706238543,36.55975706238543,0.04319912652409353,4.319912652409353,0,VERY LOW,0
GRID_S70_W060,-70,-60,2025,6,2025-06-01,0.349830779683954,34.9830779683954,0.04316578016607744,4.316578016607743,0,VERY LOW,0
GRID_S10_W040,-10,-40,2025,9,2025-09-01,0.36193349714647743,36.193349714647745,0.043158255012435934,4.3158255012435935,0,VERY LOW,0
GRID_N50_W170,50,-170,2025,10,2025-10-01,0.34551434503353934,34.55143450335393,0.04315312399361422,4.315312399361422,0,VERY LOW,0
GRID_S30_E160,-30,160,2025,4,2025-04-01,0.37526501977225013,37.52650197722501,0.04315295763453538,4.3152957634535385,0,VERY LOW,0
GRID_N60_E010,60,10,2025,7,2025-07-01,0.333675701998051,33.3675701998051,0.04313368298905497,4.313368298905497,0,VERY LOW,0
GRID_S10_W100,-10,-100,2025,5,2025-05-01,0.34823483352342505,34.82348335234251,0.043131575367226616,4.313157536722661,0,VERY LOW,0
GRID_S10_E060,-10,60,2025,6,2025-06-01,0.34774667244330576,34.77466724433057,0.04313100801758209,4.313100801758209,0,VERY LOW,0
GRID_S70_E020,-70,20,2025,8,2025-08-01,0.3484423044959428,34.844230449594285,0.04312374448761438,4.312374448761438,0,VERY LOW,0
GRID_N50_W140,50,-140,2025,9,2025-09-01,0.33743060798782143,33.743060798782146,0.043121972685610674,4.312197268561067,0,VERY LOW,0
GRID_S20_W170,-20,-170,2025,7,2025-07-01,0.3402304605025962,34.02304605025962,0.04310506882417221,4.310506882417221,0,VERY LOW,0
GRID_S80_W030,-80,-30,2025,8,2025-08-01,0.3478132870099133,34.78132870099133,0.043099729441724285,4.309972944172428,0,VERY LOW,0
GRID_N30_E140,30,140,2025,5,2025-05-01,0.350950074327665,35.0950074327665,0.04308197842867597,4.308197842867597,0,VERY LOW,0
GRID_N60_E000,60,0,2025,7,2025-07-01,0.3328401556566563,33.284015565665634,0.043071672320173685,4.307167232017369,0,VERY LOW,0
GRID_S70_E060,-70,60,2025,10,2025-10-01,0.3695657020826664,36.95657020826664,0.04306122410899585,4.306122410899585,0,VERY LOW,0
GRID_N30_W040,30,-40,2025,5,2025-05-01,0.34392491266957026,34.39249126695702,0.043007291204206086,4.300729120420608,0,VERY LOW,0
GRID_S10_E070,-10,70,2025,8,2025-08-01,0.3485309191594663,34.853091915946635,0.04300475723090822,4.300475723090822,0,VERY LOW,0
GRID_N30_E060,30,60,2025,9,2025-09-01,0.35709384357763124,35.70938435776313,0.042928838315836965,4.292883831583697,0,VERY LOW,0
GRID_S20_W080,-20,-80,2025,2,2025-02-01,0.3641575754455331,36.415757544553315,0.04290673247506921,4.290673247506921,0,VERY LOW,0
GRID_N30_E170,30,170,2025,6,2025-06-01,0.3453304194745745,34.53304194745745,0.04286298505475227,4.286298505475227,0,VERY LOW,0
GRID_N60_W140,60,-140,2025,6,2025-06-01,0.326963630543995,32.696363054399505,0.042837133101132255,4.283713310113225,0,VERY LOW,0
GRID_N10_W180,10,-180,2025,6,2025-06-01,0.33501588320746356,33.50158832074636,0.04281915917978233,4.281915917978233,0,VERY LOW,0
GRID_N00_W120,0,-120,2025,10,2025-10-01,0.3652318244716551,36.52318244716551,0.042786659884305,4.2786659884305,0,VERY LOW,0
GRID_S10_E080,-10,80,2025,2,2025-02-01,0.36056349364301726,36.056349364301724,0.04277206005105115,4.277206005105115,0,VERY LOW,0
GRID_S70_W060,-70,-60,2025,7,2025-07-01,0.34392637909020335,34.39263790902034,0.04274330941864356,4.274330941864355,0,VERY LOW,0
GRID_N00_E160,0,160,2025,4,2025-04-01,0.3542304296024326,35.423042960243265,0.042720831821992024,4.272083182199203,0,VERY LOW,0
GRID_N60_W020,60,-20,2025,11,2025-11-01,0.3618926394537483,36.189263945374826,0.042708761659523364,4.270876165952337,0,VERY LOW,0
GRID_S80_W110,-80,-110,2025,3,2025-03-01,0.37619494819536897,37.6194948195369,0.04270644651536533,4.270644651536533,0,VERY LOW,0
GRID_N10_E160,10,160,2025,1,2025-01-01,0.3623296923018855,36.23296923018855,0.04268750853253013,4.268750853253013,0,VERY LOW,0
GRID_S30_W070,-30,-70,2025,11,2025-11-01,0.36270014169761317,36.27001416976132,0.04268286418283228,4.268286418283227,0,VERY LOW,0
GRID_N20_W060,20,-60,2025,2,2025-02-01,0.35552616586278,35.552616586278,0.04267459378904957,4.267459378904957,0,VERY LOW,0
GRID_S10_E160,-10,160,2025,5,2025-05-01,0.3501174788051792,35.011747880517916,0.04266882450184645,4.266882450184645,0,VERY LOW,0
GRID_N10_W070,10,-70,2025,1,2025-01-01,0.3577882181223214,35.778821812232145,0.042642752374492075,4.2642752374492074,0,VERY LOW,0
GRID_N50_W070,50,-70,2025,5,2025-05-01,0.3399017345333968,33.99017345333968,0.042642676311767144,4.264267631176715,0,VERY LOW,0
GRID_S70_E080,-70,80,2025,11,2025-11-01,0.3610101555311083,36.101015553110834,0.04259676225336086,4.2596762253360865,0,VERY LOW,0
GRID_S70_E140,-70,140,2025,4,2025-04-01,0.35658164217704447,35.658164217704446,0.042595885175832564,4.259588517583256,0,VERY LOW,0
GRID_N50_W080,50,-80,2025,5,2025-05-01,0.33905853095174865,33.90585309517486,0.042584053673570384,4.258405367357039,0,VERY LOW,0
GRID_N00_W010,0,-10,2025,6,2025-06-01,0.35808786171191614,35.80878617119161,0.042578047242207075,4.2578047242207075,0,VERY LOW,0
GRID_S10_E050,-10,50,2025,5,2025-05-01,0.3540482384020059,35.40482384020059,0.04257505286843594,4.257505286843594,0,VERY LOW,0
GRID_N20_W080,20,-80,2025,2,2025-02-01,0.35538538604477243,35.538538604477246,0.042571208617198285,4.257120861719828,0,VERY LOW,0
GRID_N00_E100,0,100,2025,5,2025-05-01,0.34731962420946577,34.73196242094658,0.0425663161077432,4.2566316107743205,0,VERY LOW,0
GRID_N30_E150,30,150,2025,8,2025-08-01,0.3413981569651526,34.13981569651526,0.0425409506351538,4.25409506351538,0,VERY LOW,0
GRID_S70_E080,-70,80,2025,10,2025-10-01,0.3564747129195631,35.647471291956315,0.04253733684258145,4.253733684258145,0,VERY LOW,0
GRID_N30_W050,30,-50,2025,1,2025-01-01,0.35517238357783476,35.51723835778348,0.04253091665068466,4.2530916650684665,0,VERY LOW,0
GRID_N30_W020,30,-20,2025,8,2025-08-01,0.34099132162865736,34.099132162865736,0.042529293559798564,4.252929355979856,0,VERY LOW,0
GRID_S30_W180,-30,-180,2025,9,2025-09-01,0.34164033102062646,34.164033102062646,0.04242032147801585,4.242032147801585,0,VERY LOW,0
GRID_N20_E050,20,50,2025,9,2025-09-01,0.35388542800703815,35.38854280070382,0.042391554533654154,4.239155453365416,0,VERY LOW,0
GRID_N30_E170,30,170,2025,7,2025-07-01,0.33946231745529376,33.946231745529374,0.04238634986928208,4.238634986928208,0,VERY LOW,0
GRID_N00_E070,0,70,2025,9,2025-09-01,0.34583510348008567,34.583510348008566,0.04237808074870663,4.237808074870663,0,VERY LOW,1
GRID_N30_E000,30,0,2025,4,2025-04-01,0.3445532080378656,34.45532080378656,0.04236292538963103,4.236292538963103,0,VERY LOW,1
GRID_S50_W080,-50,-80,2025,10,2025-10-01,0.354895081176046,35.4895081176046,0.04235808699333147,4.2358086993331465,0,VERY LOW,1
GRID_N60_E100,60,100,2025,2,2025-02-01,0.3588159314400189,35.88159314400189,0.042332650260102446,4.233265026010245,0,VERY LOW,0
GRID_N00_E070,0,70,2025,1,2025-01-01,0.3719950604399296,37.199506043992955,0.04233081228507915,4.233081228507915,0,VERY LOW,0
GRID_S70_E030,-70,30,2025,3,2025-03-01,0.37279131726662373,37.27913172666237,0.04230962727272421,4.230962727272421,0,VERY LOW,0
GRID_N30_E040,30,40,2025,6,2025-06-01,0.3351478800160364,33.51478800160364,0.04230443006020123,4.230443006020123,0,VERY LOW,0
GRID_S10_E120,-10,120,2025,1,2025-01-01,0.3601942030797175,36.01942030797175,0.04229474325674352,4.229474325674352,0,VERY LOW,1
GRID_S80_W050,-80,-50,2025,6,2025-06-01,0.3518573202855218,35.18573202855218,0.04225122182088821,4.225122182088821,0,VERY LOW,0
GRID_N30_E100,30,100,2025,7,2025-07-01,0.33436845624567,33.436845624567,0.04224303530392972,4.224303530392972,0,VERY LOW,0
GRID_S10_E090,-10,90,2025,9,2025-09-01,0.34304923079151767,34.30492307915177,0.04223150995947496,4.2231509959474955,0,VERY LOW,0
GRID_S70_E080,-70,80,2025,2,2025-02-01,0.3682017766400921,36.820177664009215,0.04222882433985432,4.222882433985433,0,VERY LOW,0
GRID_S40_E120,-40,120,2025,10,2025-10-01,0.356173762463842,35.617376246384204,0.042221517540275366,4.222151754027537,0,VERY LOW,0
GRID_N50_E070,50,70,2025,8,2025-08-01,0.3355197230767802,33.55197230767802,0.04212837397916423,4.212837397916423,0,VERY LOW,0
GRID_N40_E110,40,110,2025,4,2025-04-01,0.3512578701478733,35.12578701478733,0.042116126300531145,4.211612630053114,0,VERY LOW,1
GRID_N20_E110,20,110,2025,3,2025-03-01,0.34998314466176483,34.99831446617648,0.042099529851207365,4.2099529851207365,0,VERY LOW,0
GRID_N70_E140,70,140,2025,2,2025-02-01,0.3517416347930913,35.17416347930913,0.04209704781396047,4.209704781396047,0,VERY LOW,0
GRID_N50_W180,50,-180,2025,6,2025-06-01,0.3214240651079196,32.14240651079196,0.042080626470759115,4.208062647075912,0,VERY LOW,0
GRID_S80_W050,-80,-50,2025,3,2025-03-01,0.37481695825296124,37.48169582529612,0.04207263610776933,4.207263610776933,0,VERY LOW,0
GRID_S20_W070,-20,-70,2025,10,2025-10-01,0.40156295667622144,40.156295667622146,0.042070212103430156,4.207021210343016,0,VERY LOW,1
GRID_S80_W130,-80,-130,2025,5,2025-05-01,0.35109938485295533,35.10993848529553,0.04203178159827759,4.203178159827759,0,VERY LOW,0
GRID_S10_W070,-10,-70,2025,10,2025-10-01,0.36726127690310245,36.72612769031024,0.04203175304706931,4.203175304706932,0,VERY LOW,0
GRID_N30_W040,30,-40,2025,2,2025-02-01,0.36397229323614494,36.397229323614496,0.0420134686886319,4.20134686886319,0,VERY LOW,0
GRID_S80_W080,-80,-80,2025,4,2025-04-01,0.3662037802189439,36.62037802189439,0.04200787514503979,4.200787514503979,0,VERY LOW,0
GRID_S30_E110,-30,110,2025,2,2025-02-01,0.3696052509491253,36.960525094912526,0.042003048835259245,4.2003048835259245,0,VERY LOW,1
GRID_N00_E070,0,70,2025,4,2025-04-01,0.34809298926215293,34.80929892621529,0.0420030454936937,4.20030454936937,0,VERY LOW,0
GRID_S40_E130,-40,130,2025,10,2025-10-01,0.35183070563045876,35.183070563045874,0.04199836504898515,4.199836504898515,0,VERY LOW,0
GRID_N20_E060,20,60,2025,9,2025-09-01,0.3412663611647628,34.12663611647628,0.04198848567555556,4.198848567555556,0,VERY LOW,1
GRID_N60_E010,60,10,2025,5,2025-05-01,0.3305166620545317,33.05166620545317,0.04198798277662935,4.198798277662935,0,VERY LOW,0
GRID_N60_E140,60,140,2025,1,2025-01-01,0.377556540688311,37.7556540688311,0.041980439481131004,4.1980439481131,0,VERY LOW,0
GRID_N60_E000,60,0,2025,5,2025-05-01,0.32968511221567975,32.96851122156797,0.04192607455049983,4.192607455049982,0,VERY LOW,0
GRID_N30_W060,30,-60,2025,4,2025-04-01,0.3416352428696593,34.16352428696593,0.04192468424018947,4.192468424018947,0,VERY LOW,0
GRID_N10_E060,10,60,2025,4,2025-04-01,0.34502222312567216,34.50222231256721,0.04191188924724377,4.1911889247243765,0,VERY LOW,0
GRID_S10_E080,-10,80,2025,1,2025-01-01,0.3567351537517952,35.67351537517952,0.04186832267025271,4.186832267025271,0,VERY LOW,0
GRID_S60_W050,-60,-50,2025,4,2025-04-01,0.364431789900144,36.4431789900144,0.041858713161803736,4.185871316180374,0,VERY LOW,0
GRID_S20_W170,-20,-170,2025,5,2025-05-01,0.33704075353687285,33.70407535368729,0.04185683319927895,4.185683319927895,0,VERY LOW,0
GRID_N30_W020,30,-20,2025,4,2025-04-01,0.34423111394208555,34.423111394208554,0.04183793877925012,4.183793877925012,0,VERY LOW,0
GRID_N50_E170,50,170,2025,2,2025-02-01,0.3496120204417042,34.96120204417042,0.041823460983759636,4.182346098375963,0,VERY LOW,0
GRID_N00_W120,0,-120,2025,5,2025-05-01,0.3418692838021163,34.186928380211626,0.04181785005901327,4.181785005901327,0,VERY LOW,0
GRID_N30_E040,30,40,2025,7,2025-07-01,0.329365755717728,32.9365755717728,0.04181132559416022,4.181132559416022,0,VERY LOW,0
GRID_S70_W060,-70,-60,2025,4,2025-04-01,0.3557846161878012,35.578461618780125,0.04179731913450434,4.179731913450434,0,VERY LOW,0
GRID_N00_W060,0,-60,2025,1,2025-01-01,0.371823892323224,37.1823892323224,0.041784405064939856,4.178440506493986,0,VERY LOW,0
GRID_N50_E060,50,60,2025,9,2025-09-01,0.33499961997847616,33.49996199784761,0.04177076485946526,4.177076485946526,0,VERY LOW,0
GRID_N20_W070,20,-70,2025,4,2025-04-01,0.33928148928366386,33.92814892836638,0.04176484212558562,4.176484212558562,0,VERY LOW,0
GRID_N20_E070,20,70,2025,2,2025-02-01,0.3712945095641753,37.12945095641753,0.041756278547854866,4.175627854785486,0,VERY LOW,0
GRID_S80_W060,-80,-60,2025,5,2025-05-01,0.3596156044645032,35.96156044645032,0.04175365491444347,4.175365491444347,0,VERY LOW,0
GRID_N50_E170,50,170,2025,10,2025-10-01,0.3372214105060664,33.72214105060664,0.0417532209966761,4.175322099667611,0,VERY LOW,0
GRID_S10_W100,-10,-100,2025,8,2025-08-01,0.3320240061768208,33.20240061768208,0.041747397774756036,4.174739777475604,0,VERY LOW,0
GRID_N60_E030,60,30,2025,7,2025-07-01,0.3263826524242485,32.63826524242485,0.04173819061219246,4.173819061219246,0,VERY LOW,0
GRID_N10_E160,10,160,2025,11,2025-11-01,0.344338358645069,34.433835864506904,0.04168669464252797,4.1686694642527975,0,VERY LOW,0
GRID_S30_W180,-30,-180,2025,3,2025-03-01,0.35100123117107573,35.10012311710757,0.04167823627225412,4.167823627225412,0,VERY LOW,0
GRID_S70_W070,-70,-70,2025,6,2025-06-01,0.3371345432716168,33.71345432716168,0.04162331167444483,4.162331167444483,0,VERY LOW,0
GRID_N00_E080,0,80,2025,10,2025-10-01,0.34115801320021727,34.115801320021724,0.041615693039407174,4.161569303940717,0,VERY LOW,1
GRID_N10_W140,10,-140,2025,2,2025-02-01,0.34634109467765467,34.63410946776547,0.04160832221380734,4.160832221380734,0,VERY LOW,0
GRID_N50_W180,50,-180,2025,7,2025-07-01,0.3157662585193377,31.57662585193377,0.04154705051866433,4.154705051866433,0,VERY LOW,0
GRID_N40_W080,40,-80,2025,4,2025-04-01,0.33899256130123623,33.899256130123625,0.041533737767630495,4.15337377676305,0,VERY LOW,1
GRID_N40_E140,40,140,2025,7,2025-07-01,0.3309893692695129,33.09893692695129,0.041495517246156285,4.149551724615629,0,VERY LOW,0
GRID_N60_W130,60,-130,2025,10,2025-10-01,0.3505588379382981,35.055883793829814,0.04149369999967315,4.149369999967315,0,VERY LOW,0
GRID_N30_E030,30,30,2025,3,2025-03-01,0.34251873801145805,34.251873801145805,0.041493405752624786,4.149340575262479,0,VERY LOW,0
GRID_S10_E060,-10,60,2025,5,2025-05-01,0.33866181445376237,33.866181445376235,0.041465963112315915,4.146596311231591,0,VERY LOW,0
GRID_N50_W150,50,-150,2025,5,2025-05-01,0.32790780778991796,32.790780778991795,0.04144727224816249,4.144727224816249,0,VERY LOW,0
GRID_N50_E020,50,20,2025,11,2025-11-01,0.34528458243071536,34.52845824307153,0.041438706022553076,4.143870602255308,0,VERY LOW,0
GRID_S70_E070,-70,70,2025,6,2025-06-01,0.33770902745141673,33.770902745141676,0.04143097847316637,4.143097847316636,0,VERY LOW,0
GRID_S10_E160,-10,160,2025,8,2025-08-01,0.3338639047603442,33.38639047603442,0.04142324650519359,4.14232465051936,0,VERY LOW,0
GRID_N10_E020,10,20,2025,6,2025-06-01,0.33199247497265744,33.199247497265745,0.041376528413278386,4.137652841327839,0,VERY LOW,1
GRID_S70_E140,-70,140,2025,3,2025-03-01,0.35688192758035275,35.68819275803528,0.04137500592923758,4.137500592923758,0,VERY LOW,0
GRID_N20_E060,20,60,2025,3,2025-03-01,0.3449219072166579,34.492190721665786,0.041303163080429736,4.130316308042974,0,VERY LOW,0
GRID_N30_E170,30,170,2025,5,2025-05-01,0.336276141450066,33.6276141450066,0.041275168093569195,4.127516809356919,0,VERY LOW,0
GRID_N50_E090,50,90,2025,4,2025-04-01,0.33587178041268245,33.587178041268245,0.041246088085493335,4.1246088085493335,0,VERY LOW,0
GRID_N20_W050,20,-50,2025,6,2025-06-01,0.32539679320266246,32.539679320266245,0.04123690137852848,4.123690137852848,0,VERY LOW,0
GRID_N70_E140,70,140,2025,8,2025-08-01,0.3218611055931314,32.18611055931314,0.041222032202266265,4.122203220226626,0,VERY LOW,0
GRID_N30_E170,30,170,2025,8,2025-08-01,0.3340209312413763,33.40209312413763,0.04121944821606426,4.1219448216064265,0,VERY LOW,0
GRID_S10_E070,-10,70,2025,4,2025-04-01,0.3449761047347349,34.497610473473486,0.04118893732814238,4.1188937328142385,0,VERY LOW,0
GRID_S70_E030,-70,30,2025,6,2025-06-01,0.335891894823936,33.5891894823936,0.041162067645230706,4.116206764523071,0,VERY LOW,0
GRID_N30_W060,30,-60,2025,9,2025-09-01,0.3326866441927291,33.26866441927291,0.04115223431004159,4.115223431004159,0,VERY LOW,0
GRID_N60_W140,60,-140,2025,5,2025-05-01,0.3181568846142553,31.81568846142553,0.041148077580305795,4.1148077580305795,0,VERY LOW,0
GRID_S80_W110,-80,-110,2025,9,2025-09-01,0.3382023493767269,33.82023493767269,0.04112383779817262,4.112383779817262,0,VERY LOW,0
GRID_N30_E100,30,100,2025,5,2025-05-01,0.33120611775975484,33.12061177597548,0.0411123743464137,4.11123743464137,0,VERY LOW,0
GRID_N10_W180,10,-180,2025,5,2025-05-01,0.32609733567086646,32.60973356708664,0.04111094338322514,4.1110943383225145,0,VERY LOW,0
GRID_N00_E090,0,90,2025,1,2025-01-01,0.3457720617993087,34.57720617993087,0.0410976557856848,4.10976557856848,0,VERY LOW,0
GRID_N40_W060,40,-60,2025,10,2025-10-01,0.34278588233954843,34.27858823395484,0.04108521106769087,4.108521106769087,0,VERY LOW,0
GRID_S70_E020,-70,20,2025,4,2025-04-01,0.3433291805693338,34.33291805693338,0.041061668949658986,4.106166894965899,0,VERY LOW,0
GRID_S70_E070,-70,70,2025,7,2025-07-01,0.33190477546587355,33.19047754658735,0.04105440073176433,4.105440073176433,0,VERY LOW,0
GRID_N00_W010,0,-10,2025,4,2025-04-01,0.35929955397514757,35.92995539751476,0.04104278009142704,4.104278009142704,0,VERY LOW,1
GRID_N60_W140,60,-140,2025,11,2025-11-01,0.3406417157954594,34.064171579545935,0.04103358061710582,4.103358061710582,0,VERY LOW,0
GRID_N30_E100,30,100,2025,8,2025-08-01,0.328968056663409,32.8968056663409,0.041021472383187936,4.102147238318794,0,VERY LOW,0
GRID_N20_W020,20,-20,2025,3,2025-03-01,0.33894519763153874,33.89451976315387,0.04101810047372107,4.1018100473721075,0,VERY LOW,0
GRID_N00_E050,0,50,2025,6,2025-06-01,0.3291655274032386,32.916552740323866,0.04101352858530312,4.101352858530312,0,VERY LOW,0
GRID_N40_E070,40,70,2025,5,2025-05-01,0.3301969819689661,33.019698196896606,0.0409988237309779,4.09988237309779,0,VERY LOW,1
GRID_S30_E040,-30,40,2025,3,2025-03-01,0.3600557659663711,36.00557659663711,0.04098605133938195,4.098605133938195,0,VERY LOW,0
GRID_N60_E030,60,30,2025,6,2025-06-01,0.3185060067296064,31.85060067296064,0.04097380195651129,4.097380195651129,0,VERY LOW,0
GRID_S70_E140,-70,140,2025,9,2025-09-01,0.33350122610155425,33.350122610155424,0.04095897429833074,4.095897429833074,0,VERY LOW,0
GRID_N10_W180,10,-180,2025,8,2025-08-01,0.32387707838767593,32.3877078387676,0.04094781448178199,4.094781448178199,0,VERY LOW,0
GRID_N00_W060,0,-60,2025,9,2025-09-01,0.3340767700373501,33.40767700373501,0.0409219983534453,4.09219983534453,0,VERY LOW,0
GRID_N50_W160,50,-160,2025,11,2025-11-01,0.33166297703365405,33.1662977033654,0.0409036663611254,4.09036663611254,0,VERY LOW,0
GRID_S80_W080,-80,-80,2025,1,2025-01-01,0.35887107914362315,35.88710791436232,0.04090009382571407,4.090009382571407,0,VERY LOW,0
GRID_S60_W030,-60,-30,2025,6,2025-06-01,0.3316169066376162,33.161690663761625,0.040892376634614716,4.089237663461471,0,VERY LOW,0
GRID_N50_W010,50,-10,2025,4,2025-04-01,0.3283122554330426,32.83122554330426,0.04088582152978124,4.088582152978124,0,VERY LOW,0
GRID_N40_E110,40,110,2025,1,2025-01-01,0.3612599263403462,36.12599263403462,0.040853122087001835,4.085312208700183,0,VERY LOW,0
GRID_N00_E160,0,160,2025,9,2025-09-01,0.33122385636000923,33.12238563600092,0.040848446641816305,4.084844664181631,0,VERY LOW,0
GRID_N20_E170,20,170,2025,7,2025-07-01,0.32895422947927777,32.89542294792778,0.04083364733781883,4.083364733781883,0,VERY LOW,0
GRID_N20_W120,20,-120,2025,6,2025-06-01,0.31964536563509566,31.964536563509565,0.04082503450116338,4.082503450116338,0,VERY LOW,0
GRID_S40_E010,-40,10,2025,10,2025-10-01,0.3453358992646821,34.53358992646821,0.04082031720696752,4.082031720696752,0,VERY LOW,1
GRID_S70_E040,-70,40,2025,6,2025-06-01,0.3322695351748557,33.22695351748557,0.040809710750719444,4.080971075071944,0,VERY LOW,0
GRID_N50_E130,50,130,2025,8,2025-08-01,0.3277784788957769,32.777847889577686,0.04080577667697468,4.080577667697468,0,VERY LOW,0
GRID_N20_E160,20,160,2025,4,2025-04-01,0.3356743114833895,33.56743114833895,0.04079382312661533,4.079382312661533,0,VERY LOW,0
GRID_S70_E030,-70,30,2025,7,2025-07-01,0.3301033076393646,33.01033076393646,0.04077913317719754,4.077913317719753,0,VERY LOW,0
GRID_N20_W050,20,-50,2025,7,2025-07-01,0.31970200362512413,31.970200362512415,0.04075000307920531,4.075000307920531,0,VERY LOW,0
GRID_S20_W080,-20,-80,2025,1,2025-01-01,0.3461231576786456,34.61231576786456,0.04072229340197698,4.072229340197698,0,VERY LOW,0
GRID_N40_E140,40,140,2025,6,2025-06-01,0.32305486630545827,32.30548663054583,0.04071882832687939,4.071882832687939,0,VERY LOW,0
GRID_N30_E040,30,40,2025,5,2025-05-01,0.3262275424151651,32.62275424151651,0.04068576913286042,4.068576913286042,0,VERY LOW,0
GRID_N00_W100,0,-100,2025,4,2025-04-01,0.3321969837163208,33.21969837163208,0.040656206863106205,4.065620686310621,0,VERY LOW,0
GRID_S60_W050,-60,-50,2025,1,2025-01-01,0.3571145781751294,35.711457817512944,0.040653330763562825,4.065333076356283,0,VERY LOW,0
GRID_S10_E070,-10,70,2025,2,2025-02-01,0.3548054549025312,35.48054549025312,0.04065221180215959,4.065221180215959,0,VERY LOW,0
GRID_N00_E050,0,50,2025,5,2025-05-01,0.3339997948764479,33.399979487644785,0.04064506594455074,4.064506594455073,0,VERY LOW,0
GRID_N40_W130,40,-130,2025,10,2025-10-01,0.22493015177632547,22.493015177632547,0.04063777063338966,4.063777063338966,0,VERY LOW,0
GRID_N60_E160,60,160,2025,7,2025-07-01,0.3177575140859574,31.77575140859574,0.04062202877923227,4.0622028779232275,0,VERY LOW,0
GRID_S30_W050,-30,-50,2025,10,2025-10-01,0.367224260698093,36.7224260698093,0.04061110403080006,4.061110403080006,0,VERY LOW,1
GRID_N00_W050,0,-50,2025,4,2025-04-01,0.3355955429375279,33.55955429375279,0.0406072125784695,4.06072125784695,0,VERY LOW,0
GRID_S10_E050,-10,50,2025,6,2025-06-01,0.32690766315499264,32.69076631549927,0.04060153166659404,4.060153166659404,0,VERY LOW,0
GRID_S20_E100,-20,100,2025,1,2025-01-01,0.3419982777761008,34.19982777761008,0.04057079017022961,4.057079017022961,0,VERY LOW,1
GRID_N00_E050,0,50,2025,7,2025-07-01,0.3234364037805237,32.34364037805237,0.04056141736509829,4.0561417365098285,0,VERY LOW,0
GRID_N60_E010,60,10,2025,8,2025-08-01,0.3147323483391211,31.473234833912112,0.04055890319302108,4.055890319302108,0,VERY LOW,0
GRID_N50_E040,50,40,2025,6,2025-06-01,0.31710052883822953,31.710052883822954,0.040526160682479086,4.052616068247908,0,VERY LOW,0
GRID_N50_W170,50,-170,2025,2,2025-02-01,0.33002045208437225,33.002045208437224,0.04051956279877172,4.051956279877172,0,VERY LOW,0
GRID_N60_W050,60,-50,2025,6,2025-06-01,0.31201212042204196,31.201212042204197,0.04051690845461549,4.051690845461549,0,VERY LOW,0
GRID_S20_W170,-20,-170,2025,8,2025-08-01,0.3210943047038555,32.109430470385554,0.04050061070841114,4.050061070841114,0,VERY LOW,0
GRID_N60_E000,60,0,2025,8,2025-08-01,0.31392188942023425,31.392188942023424,0.040495831555410575,4.0495831555410575,0,VERY LOW,0
GRID_N40_E020,40,20,2025,1,2025-01-01,0.34360463294665744,34.36046329466574,0.04049530407151063,4.049530407151063,0,VERY LOW,0
GRID_S60_W030,-60,-30,2025,7,2025-07-01,0.3258658424107388,32.58658424107388,0.04048714122406159,4.048714122406159,0,VERY LOW,0
GRID_N10_E170,10,170,2025,4,2025-04-01,0.33423022968680394,33.42302296868039,0.04047071140269813,4.047071140269813,0,VERY LOW,0
GRID_N60_W060,60,-60,2025,6,2025-06-01,0.31120548515613705,31.120548515613706,0.040463510439666624,4.046351043966663,0,VERY LOW,0
GRID_N30_E110,30,110,2025,4,2025-04-01,0.33298587070190844,33.29858707019084,0.040462673489286276,4.046267348928628,0,VERY LOW,0
GRID_N00_W030,0,-30,2025,6,2025-06-01,0.32255717398843065,32.25571739884307,0.040454245502446515,4.045424550244651,0,VERY LOW,0
GRID_S70_E040,-70,40,2025,7,2025-07-01,0.3265126818130368,32.65126818130368,0.040431824705046235,4.0431824705046235,0,VERY LOW,0
GRID_N20_W060,20,-60,2025,1,2025-01-01,0.33769218614268015,33.76921861426801,0.04042672795133009,4.042672795133009,0,VERY LOW,0
GRID_N00_E080,0,80,2025,2,2025-02-01,0.3395504065581107,33.95504065581107,0.04042323295493373,4.042323295493373,0,VERY LOW,0
GRID_N40_E130,40,130,2025,6,2025-06-01,0.3223807061473437,32.23807061473437,0.04041650801515632,4.041650801515631,0,VERY LOW,0
GRID_N50_W180,50,-180,2025,5,2025-05-01,0.3126972040701485,31.26972040701485,0.040412589086981685,4.041258908698168,0,VERY LOW,0
GRID_S10_E090,-10,90,2025,3,2025-03-01,0.3383848990989581,33.838489909895806,0.04039243776452227,4.039243776452227,0,VERY LOW,0
GRID_N50_E020,50,20,2025,4,2025-04-01,0.3250147045068103,32.50147045068103,0.04037468596596903,4.037468596596903,0,VERY LOW,0
GRID_N10_E040,10,40,2025,3,2025-03-01,0.33797376829735304,33.797376829735306,0.04036275854331413,4.036275854331413,0,VERY LOW,0
GRID_S50_W070,-50,-70,2025,4,2025-04-01,0.3505391664307313,35.05391664307313,0.04035726489869419,4.035726489869419,0,VERY LOW,0
GRID_N20_W120,20,-120,2025,7,2025-07-01,0.31400438023241733,31.400438023241733,0.04033253171039299,4.033253171039299,0,VERY LOW,0
GRID_S70_E080,-70,80,2025,1,2025-01-01,0.35007734588398415,35.007734588398414,0.040314426819575706,4.031442681957571,0,VERY LOW,0
GRID_N40_E080,40,80,2025,6,2025-06-01,0.3181405326164549,31.81405326164549,0.040299658809225106,4.029965880922511,0,VERY LOW,0
GRID_N00_E160,0,160,2025,3,2025-03-01,0.3404469359711892,34.04469359711892,0.0402966709417583,4.029667094175831,0,VERY LOW,0
GRID_N20_W120,20,-120,2025,8,2025-08-01,0.3221931774168001,32.21931774168001,0.04029287124047659,4.029287124047659,0,VERY LOW,0
GRID_S70_W060,-70,-60,2025,8,2025-08-01,0.3246846469791898,32.46846469791898,0.04029248980215153,4.0292489802151525,0,VERY LOW,0
GRID_S30_E020,-30,20,2025,2,2025-02-01,0.38148028467422435,38.148028467422435,0.04024206845580801,4.0242068455808,0,VERY LOW,0
GRID_S60_W050,-60,-50,2025,5,2025-05-01,0.3462948878086501,34.62948878086501,0.04019081825824766,4.019081825824767,0,VERY LOW,0
GRID_S10_E050,-10,50,2025,7,2025-07-01,0.32119902150405183,32.11990215040518,0.04016304633437062,4.016304633437063,0,VERY LOW,0
GRID_S40_E130,-40,130,2025,11,2025-11-01,0.3426645526939119,34.26645526939119,0.04016149295550907,4.016149295550907,0,VERY LOW,0
GRID_N60_W110,60,-110,2025,11,2025-11-01,0.33435248198982387,33.435248198982386,0.04015988978888137,4.015988978888137,0,VERY LOW,0
GRID_N50_W100,50,-100,2025,1,2025-01-01,0.3229222042019599,32.29222042019599,0.04014602762014333,4.014602762014333,0,VERY LOW,0
GRID_N00_W050,0,-50,2025,8,2025-08-01,0.3187579677814547,31.87579677814547,0.040117189285380786,4.0117189285380785,0,VERY LOW,0
GRID_S80_W130,-80,-130,2025,4,2025-04-01,0.343681422269222,34.3681422269222,0.04009054063754571,4.009054063754571,0,VERY LOW,0
GRID_N60_E010,60,10,2025,4,2025-04-01,0.3233168930130783,32.33168930130783,0.040088026745668914,4.008802674566891,0,VERY LOW,0
GRID_N10_W170,10,-170,2025,6,2025-06-01,0.3133622358989846,31.33622358989846,0.04007251451071316,4.007251451071316,0,VERY LOW,0
GRID_N30_W040,30,-40,2025,9,2025-09-01,0.3206786927213006,32.06786927213006,0.04005716513587374,4.005716513587374,0,VERY LOW,0
GRID_N20_E170,20,170,2025,6,2025-06-01,0.3210451013446474,32.10451013446474,0.04005669538259079,4.005669538259079,0,VERY LOW,0
GRID_N50_W140,50,-140,2025,2,2025-02-01,0.3288327260984149,32.88327260984149,0.04005302641380974,4.0053026413809745,0,VERY LOW,0
GRID_N60_E160,60,160,2025,3,2025-03-01,0.33207877535651564,33.20787753565156,0.04004308175124413,4.004308175124413,0,VERY LOW,0
GRID_S80_W170,-80,-170,2025,9,2025-09-01,0.3430965413171037,34.309654131710374,0.0400427376055536,4.00427376055536,0,VERY LOW,0
GRID_N50_E040,50,40,2025,7,2025-07-01,0.31148389267278515,31.148389267278514,0.04003997116542095,4.003997116542095,0,VERY LOW,0
GRID_N00_E170,0,170,2025,7,2025-07-01,0.3244479872531902,32.44479872531902,0.04002616778533482,4.002616778533482,0,VERY LOW,0
GRID_N60_E000,60,0,2025,4,2025-04-01,0.3224947315168943,32.24947315168943,0.04002346106718571,4.002346106718571,0,VERY LOW,0
GRID_N60_W050,60,-50,2025,7,2025-07-01,0.3064451682822227,30.64451682822227,0.040013748868201575,4.001374886820157,0,VERY LOW,0
GRID_N30_E140,30,140,2025,4,2025-04-01,0.32966441714624023,32.966441714624025,0.0400015947845224,4.00015947845224,0,VERY LOW,0
GRID_N00_W030,0,-30,2025,7,2025-07-01,0.31688873635292747,31.688873635292747,0.039994990622306444,3.9994990622306443,0,VERY LOW,0
GRID_N10_E060,10,60,2025,9,2025-09-01,0.32231520487445614,32.231520487445614,0.03999207607408032,3.999207607408032,0,VERY LOW,0
GRID_S70_W070,-70,-70,2025,5,2025-05-01,0.32818742992439953,32.81874299243995,0.039965844950702364,3.9965844950702363,0,VERY LOW,0
GRID_N60_W060,60,-60,2025,7,2025-07-01,0.30564653124299196,30.564653124299195,0.03995981094852846,3.995981094852846,0,VERY LOW,0
GRID_N40_E130,40,130,2025,7,2025-07-01,0.31671391982916336,31.671391982916337,0.03994933821560711,3.994933821560711,0,VERY LOW,0
GRID_N50_E010,50,10,2025,3,2025-03-01,0.325499805977015,32.5499805977015,0.0399488058658471,3.99488058658471,0,VERY LOW,1
GRID_S30_W050,-30,-50,2025,11,2025-11-01,0.3466549227713551,34.66549227713551,0.03989404749583038,3.989404749583038,0,VERY LOW,0
GRID_N00_W120,0,-120,2025,6,2025-06-01,0.31520674372107876,31.520674372107877,0.03989213792395384,3.989213792395384,0,VERY LOW,0
GRID_S10_W100,-10,-100,2025,4,2025-04-01,0.32703088226250293,32.703088226250294,0.039881245793473345,3.9881245793473346,0,VERY LOW,0
GRID_S70_E010,-70,10,2025,6,2025-06-01,0.3316471087715493,33.16471087715493,0.03985067876730529,3.985067876730529,0,VERY LOW,0
GRID_N10_E170,10,170,2025,9,2025-09-01,0.3253797326637502,32.53797326637502,0.039849977623548465,3.9849977623548463,0,VERY LOW,0
GRID_S30_E040,-30,40,2025,6,2025-06-01,0.32310363832605016,32.31036383260501,0.03983636173884361,3.9836361738843613,0,VERY LOW,0
GRID_N40_E080,40,80,2025,7,2025-07-01,0.31251390539209556,31.251390539209556,0.03982822091707286,3.982822091707286,0,VERY LOW,0
GRID_S70_E070,-70,70,2025,5,2025-05-01,0.32875422946571126,32.87542294657113,0.039818879041467525,3.9818879041467525,0,VERY LOW,0
GRID_N30_W040,30,-40,2025,1,2025-01-01,0.34594205902692,34.594205902691996,0.03981467624811357,3.981467624811357,0,VERY LOW,0
GRID_N30_W040,30,-40,2025,4,2025-04-01,0.32285339621797754,32.28533962179775,0.03978897219631843,3.9788972196318433,0,VERY LOW,0
GRID_N30_E070,30,70,2025,11,2025-11-01,0.3371830302023958,33.71830302023958,0.03978425378659382,3.978425378659382,0,VERY LOW,0
GRID_N10_W140,10,-140,2025,11,2025-11-01,0.3250721957602945,32.50721957602945,0.03978115338027496,3.9781153380274956,0,VERY LOW,0
GRID_S40_E020,-40,20,2025,2,2025-02-01,0.3585814088896508,35.85814088896508,0.039773874043249016,3.977387404324902,0,VERY LOW,0
GRID_S10_E040,-10,40,2025,5,2025-05-01,0.3301129443855544,33.01129443855544,0.03976512247194155,3.976512247194155,0,VERY LOW,0
GRID_S40_W060,-40,-60,2025,5,2025-05-01,0.32476024407149934,32.476024407149936,0.0397512064664722,3.9751206466472198,0,VERY LOW,1
GRID_N50_W100,50,-100,2025,11,2025-11-01,0.31358797478384404,31.358797478384403,0.03969940707115212,3.969940707115212,0,VERY LOW,0
GRID_N20_E110,20,110,2025,11,2025-11-01,0.3269479617089318,32.694796170893184,0.039696538875948026,3.9696538875948026,0,VERY LOW,0
GRID_N20_E070,20,70,2025,1,2025-01-01,0.3531029247664469,35.31029247664469,0.03966940069385859,3.966940069385859,0,VERY LOW,0
GRID_S10_W100,-10,-100,2025,3,2025-03-01,0.3355136155876853,33.55136155876853,0.03964006734445144,3.964006734445144,0,VERY LOW,0
GRID_N20_W050,20,-50,2025,5,2025-05-01,0.3166123967984064,31.66123967984064,0.03963711828540785,3.963711828540785,0,VERY LOW,0
GRID_S10_E160,-10,160,2025,4,2025-04-01,0.328856733691984,32.8856733691984,0.03962296365923739,3.962296365923739,0,VERY LOW,0
GRID_N40_W030,40,-30,2025,6,2025-06-01,0.30923576220627674,30.923576220627673,0.03961267015238191,3.961267015238191,0,VERY LOW,0
GRID_N50_E030,50,30,2025,10,2025-10-01,0.32972269527530984,32.97226952753098,0.039602580873931946,3.9602580873931945,0,VERY LOW,0
GRID_N10_W170,10,-170,2025,7,2025-07-01,0.30778197140042396,30.778197140042394,0.03958821513059314,3.9588215130593145,0,VERY LOW,0
GRID_S30_E160,-30,160,2025,3,2025-03-01,0.34623106936696413,34.623106936696416,0.03949613495944829,3.9496134959448286,0,VERY LOW,0
GRID_N50_W070,50,-70,2025,4,2025-04-01,0.3189568753411224,31.895687534112238,0.039495894829174656,3.9495894829174656,0,VERY LOW,0
GRID_N50_W130,50,-130,2025,11,2025-11-01,0.316850311273915,31.6850311273915,0.039490898517731764,3.9490898517731763,0,VERY LOW,0
GRID_N00_E100,0,100,2025,4,2025-04-01,0.326143514097089,32.6143514097089,0.039488103929011524,3.9488103929011524,0,VERY LOW,0
GRID_N50_W150,50,-150,2025,6,2025-06-01,0.30183475102410545,30.183475102410544,0.03948787283934028,3.9487872839340277,0,VERY LOW,0
GRID_N40_E040,40,40,2025,3,2025-03-01,0.32587623702185814,32.587623702185816,0.0394773639835616,3.94773639835616,0,VERY LOW,0
GRID_N10_W150,10,-150,2025,11,2025-11-01,0.32439584315065706,32.43958431506571,0.03947607200640758,3.947607200640758,0,VERY LOW,0
GRID_S80_W050,-80,-50,2025,7,2025-07-01,0.3183899911219889,31.83899911219889,0.03946554933219011,3.9465549332190113,0,VERY LOW,0
GRID_S30_W180,-30,-180,2025,2,2025-02-01,0.3385943774850762,33.859437748507624,0.03946500396150322,3.946500396150322,0,VERY LOW,0
GRID_N50_E070,50,70,2025,1,2025-01-01,0.3446407915399726,34.46407915399726,0.03944293508941136,3.944293508941136,0,VERY LOW,0
GRID_N40_W060,40,-60,2025,6,2025-06-01,0.30683120583187984,30.683120583187986,0.03944289894099921,3.944289894099921,0,VERY LOW,0
GRID_N50_W080,50,-80,2025,4,2025-04-01,0.3181405883639942,31.814058836399422,0.03943599021633665,3.9435990216336645,0,VERY LOW,0
GRID_N00_W120,0,-120,2025,7,2025-07-01,0.30960844339519084,30.960844339519085,0.03942474759955915,3.942474759955915,0,VERY LOW,0
GRID_S30_E040,-30,40,2025,7,2025-07-01,0.3174300972424702,31.743009724247017,0.039423503680326336,3.9423503680326335,0,VERY LOW,0
GRID_N60_E030,60,30,2025,5,2025-05-01,0.3098221995049998,30.982219950499978,0.03941963122957545,3.9419631229575454,0,VERY LOW,0
GRID_S70_E020,-70,20,2025,9,2025-09-01,0.32067903308627466,32.067903308627464,0.03939691966748617,3.9396919667486174,0,VERY LOW,0
GRID_N10_W140,10,-140,2025,1,2025-01-01,0.32873284268251396,32.873284268251396,0.03938882712741614,3.938882712741614,0,VERY LOW,0
GRID_N30_E040,30,40,2025,8,2025-08-01,0.310553046020981,31.0553046020981,0.03935934534537013,3.9359345345370134,0,VERY LOW,1
GRID_S80_W030,-80,-30,2025,9,2025-09-01,0.32007551381589633,32.007551381589636,0.03935738916831956,3.935738916831956,0,VERY LOW,0
GRID_N40_E100,40,100,2025,10,2025-10-01,0.326701428353599,32.6701428353599,0.03932705791271082,3.9327057912710823,0,VERY LOW,0
GRID_S10_E070,-10,70,2025,9,2025-09-01,0.320764063076205,32.076406307620495,0.03930817369616047,3.9308173696160473,0,VERY LOW,1
GRID_N40_E050,40,50,2025,10,2025-10-01,0.3291213254532367,32.91213254532367,0.0393076290437724,3.93076290437724,0,VERY LOW,0
GRID_S50_E170,-50,170,2025,10,2025-10-01,0.3284200606521608,32.842006065216076,0.03928967023703927,3.928967023703927,0,VERY LOW,0
GRID_S60_W030,-60,-30,2025,5,2025-05-01,0.3227449279356969,32.27449279356969,0.03928680856033999,3.9286808560339987,0,VERY LOW,0
GRID_N40_W030,40,-30,2025,5,2025-05-01,0.31391429897976497,31.391429897976497,0.039276009935242266,3.9276009935242264,0,VERY LOW,0
GRID_S30_E040,-30,40,2025,8,2025-08-01,0.31866959185428906,31.866959185428907,0.0392735034602163,3.9273503460216297,0,VERY LOW,0
GRID_S80_W070,-80,-70,2025,6,2025-06-01,0.3180642474977396,31.80642474977396,0.03925485142645122,3.925485142645122,0,VERY LOW,0
GRID_N00_E170,0,170,2025,6,2025-06-01,0.3165960873228536,31.65960873228536,0.03925320726481264,3.925320726481264,0,VERY LOW,0
GRID_S40_E120,-40,120,2025,11,2025-11-01,0.333017790070635,33.301779007063494,0.039237637733516254,3.9237637733516255,0,VERY LOW,0
GRID_N20_W120,20,-120,2025,5,2025-05-01,0.3109446681210354,31.094466812103537,0.03922479900558238,3.922479900558238,0,VERY LOW,0
GRID_S70_E040,-70,40,2025,5,2025-05-01,0.32338854415168056,32.33885441516806,0.03921677515261258,3.921677515261258,0,VERY LOW,0
GRID_N40_E140,40,140,2025,5,2025-05-01,0.31430423644505784,31.430423644505783,0.03920285638559842,3.920285638559842,0,VERY LOW,0
GRID_S10_W100,-10,-100,2025,9,2025-09-01,0.31827988754819303,31.8279887548193,0.03917778447433604,3.917778447433604,0,VERY LOW,0
GRID_N50_E060,50,60,2025,10,2025-10-01,0.31990987876594423,31.990987876594424,0.03916831008373235,3.916831008373235,0,VERY LOW,0
GRID_S50_E140,-50,140,2025,9,2025-09-01,0.3290988684850508,32.90988684850508,0.0391634955066135,3.91634955066135,0,VERY LOW,0
GRID_S50_W070,-50,-70,2025,1,2025-01-01,0.34335020501994,34.335020501994,0.03913788148827897,3.9137881488278974,0,VERY LOW,0
GRID_N40_W030,40,-30,2025,7,2025-07-01,0.3036964795721469,30.369647957214692,0.039134469542868366,3.9134469542868366,0,VERY LOW,0
GRID_S10_W040,-10,-40,2025,10,2025-10-01,0.33301088074171753,33.30108807417175,0.039110162864332894,3.9110162864332896,0,VERY LOW,1
GRID_N50_W070,50,-70,2025,7,2025-07-01,0.2999172505759535,29.991725057595346,0.03904767549925081,3.904767549925081,0,VERY LOW,0
GRID_N50_W140,50,-140,2025,10,2025-10-01,0.3088694961485521,30.886949614855208,0.03903374706677119,3.9033747066771194,0,VERY LOW,0
GRID_N30_E150,30,150,2025,1,2025-01-01,0.33892251457521394,33.8922514575214,0.039027804531008646,3.9027804531008647,0,VERY LOW,0
GRID_N50_E040,50,40,2025,5,2025-05-01,0.30843769791460424,30.843769791460424,0.038991990943237145,3.8991990943237145,0,VERY LOW,0
GRID_N50_W150,50,-150,2025,7,2025-07-01,0.2963711611444632,29.63711611444632,0.03899052700632071,3.899052700632071,0,VERY LOW,0
GRID_N50_W180,50,-180,2025,8,2025-08-01,0.2973858714428962,29.738587144289617,0.038989765646072504,3.8989765646072505,0,VERY LOW,0
GRID_N50_E060,50,60,2025,1,2025-01-01,0.33593623172530546,33.59362317253055,0.03898702909748946,3.898702909748946,0,VERY LOW,0
GRID_S30_E040,-30,40,2025,2,2025-02-01,0.3468139957417495,34.68139957417495,0.03896540837675264,3.896540837675264,0,VERY LOW,0
GRID_N40_W060,40,-60,2025,7,2025-07-01,0.3013162070981151,30.131620709811507,0.03896279969046618,3.896279969046618,0,VERY LOW,1
GRID_N60_W050,60,-50,2025,5,2025-05-01,0.3034265342296183,30.34265342296183,0.03895904143697139,3.895904143697139,0,VERY LOW,0
GRID_N10_W150,10,-150,2025,2,2025-02-01,0.32417780555061704,32.417780555061704,0.038954953299843734,3.8954953299843735,0,VERY LOW,0
GRID_N30_E150,30,150,2025,9,2025-09-01,0.31392572873552244,31.392572873552243,0.038925918402174096,3.89259184021741,0,VERY LOW,0
GRID_N20_W020,20,-20,2025,2,2025-02-01,0.3267499387232108,32.67499387232108,0.038909299891983974,3.8909299891983973,0,VERY LOW,0
GRID_N60_W060,60,-60,2025,5,2025-05-01,0.30263233140800333,30.263233140800335,0.03890509065037915,3.890509065037915,0,VERY LOW,0
GRID_N20_W020,20,-20,2025,10,2025-10-01,0.31477743362764465,31.477743362764464,0.03889883013292132,3.889883013292132,0,VERY LOW,0
GRID_N00_W030,0,-30,2025,5,2025-05-01,0.31381377572553837,31.381377572553838,0.03888900702193913,3.888900702193913,0,VERY LOW,0
GRID_S10_E170,-10,170,2025,6,2025-06-01,0.3143840354902339,31.43840354902339,0.03888126178847214,3.888126178847214,0,VERY LOW,0
GRID_S80_W070,-80,-70,2025,7,2025-07-01,0.31243835123707486,31.243835123707488,0.03887918549716925,3.887918549716925,0,VERY LOW,0
GRID_N20_E110,20,110,2025,2,2025-02-01,0.3238458876412149,32.38458876412149,0.03886225681756229,3.8862256817562293,0,VERY LOW,0
GRID_N50_E170,50,170,2025,11,2025-11-01,0.3146953273845491,31.46953273845491,0.03885395350453866,3.885395350453866,0,VERY LOW,0
GRID_S70_W070,-70,-70,2025,8,2025-08-01,0.3124624359147683,31.24624359147683,0.038840716954918836,3.8840716954918837,0,VERY LOW,0
GRID_S20_W160,-20,-160,2025,6,2025-06-01,0.3075888462173692,30.75888462173692,0.03879995869923327,3.8799958699233272,0,VERY LOW,0
GRID_N60_W050,60,-50,2025,8,2025-08-01,0.3012916226126851,30.12916226126851,0.03879494177459711,3.8794941774597107,0,VERY LOW,0
GRID_S80_W030,-80,-30,2025,2,2025-02-01,0.33335991810428744,33.335991810428744,0.03879112270167909,3.8791122701679086,0,VERY LOW,0
GRID_N50_W170,50,-170,2025,11,2025-11-01,0.3092795898719539,30.927958987195392,0.03879017153800466,3.879017153800466,0,VERY LOW,0
GRID_N40_E080,40,80,2025,5,2025-05-01,0.3094621649951884,30.94621649951884,0.03878419497963884,3.8784194979638844,0,VERY LOW,0
GRID_S70_E070,-70,70,2025,8,2025-08-01,0.31301473105738586,31.301473105738587,0.038780275287169055,3.8780275287169057,0,VERY LOW,0
GRID_N10_E050,10,50,2025,6,2025-06-01,0.3090977448383084,30.909774483830837,0.038760704926694145,3.8760704926694145,0,VERY LOW,0
GRID_S10_W070,-10,-70,2025,11,2025-11-01,0.34376935793719965,34.376935793719966,0.038749957677635324,3.8749957677635325,0,VERY LOW,0
GRID_S70_E110,-70,110,2025,6,2025-06-01,0.3155631343870917,31.55631343870917,0.03874248863097122,3.874248863097122,0,VERY LOW,0
GRID_N60_E130,60,130,2025,11,2025-11-01,0.32395367565152594,32.3953675651526,0.03873971102572702,3.873971102572702,0,VERY LOW,0
GRID_N60_W060,60,-60,2025,8,2025-08-01,0.3005005971475028,30.050059714750283,0.03873861588015674,3.873861588015674,0,VERY LOW,0
GRID_N00_W100,0,-100,2025,9,2025-09-01,0.309934622708286,30.993462270828598,0.038736585667595545,3.8736585667595547,0,VERY LOW,0
GRID_S10_E090,-10,90,2025,1,2025-01-01,0.3306863282979319,33.06863282979319,0.038693971066124704,3.86939710661247,0,VERY LOW,0
GRID_S10_E070,-10,70,2025,1,2025-01-01,0.3369887238926696,33.69887238926696,0.03868938695142856,3.868938695142856,0,VERY LOW,0
GRID_N40_E080,40,80,2025,8,2025-08-01,0.3073035214540103,30.730352145401028,0.038681334764135135,3.8681334764135133,0,VERY LOW,0
GRID_N20_W030,20,-30,2025,6,2025-06-01,0.30487691454593446,30.487691454593445,0.038678763541537965,3.8678763541537964,0,VERY LOW,0
GRID_S70_E020,-70,20,2025,3,2025-03-01,0.3297532650798035,32.97532650798035,0.038678372533745994,3.8678372533745993,0,VERY LOW,0
GRID_N30_W040,30,-40,2025,10,2025-10-01,0.31928367243819505,31.928367243819505,0.03867393283458211,3.8673932834582114,0,VERY LOW,0
GRID_S20_W170,-20,-170,2025,4,2025-04-01,0.3161877436568751,31.618774365687507,0.03867353205775825,3.8673532057758253,0,VERY LOW,0
GRID_S80_W060,-80,-60,2025,6,2025-06-01,0.31320135008755434,31.320135008755436,0.03866012180938398,3.866012180938398,0,VERY LOW,0
GRID_N40_E100,40,100,2025,11,2025-11-01,0.3244261072082947,32.44261072082947,0.03865854023253311,3.865854023253311,0,VERY LOW,0
GRID_N30_E000,30,0,2025,3,2025-03-01,0.31734647586711573,31.734647586711574,0.03864524325734524,3.8645243257345236,0,VERY LOW,0
GRID_N20_W040,20,-40,2025,6,2025-06-01,0.30408057265609423,30.408057265609422,0.03861887736033197,3.861887736033197,0,VERY LOW,0
GRID_N10_E060,10,60,2025,10,2025-10-01,0.32091642856761043,32.09164285676104,0.03860337146216839,3.860337146216839,0,VERY LOW,0
GRID_N30_E150,30,150,2025,4,2025-04-01,0.31607594446296183,31.607594446296183,0.0385820911214557,3.8582091121455697,0,VERY LOW,0
GRID_N50_E170,50,170,2025,1,2025-01-01,0.3182942282491183,31.82942282491183,0.03857359217785522,3.857359217785522,0,VERY LOW,0
GRID_N20_E170,20,170,2025,5,2025-05-01,0.31232379370838914,31.232379370838913,0.03857039486391263,3.857039486391263,0,VERY LOW,0
GRID_N40_E130,40,130,2025,9,2025-09-01,0.31093216641821353,31.093216641821353,0.038537205305042004,3.8537205305042,0,VERY LOW,0
GRID_N50_E070,50,70,2025,9,2025-09-01,0.3082988993207154,30.82988993207154,0.03851848816003907,3.851848816003907,0,VERY LOW,0
GRID_S70_E030,-70,30,2025,8,2025-08-01,0.3112680235000042,31.12680235000042,0.03849643420922598,3.849643420922598,0,VERY LOW,0
GRID_N10_W170,10,-170,2025,5,2025-05-01,0.30475595542775624,30.475595542775626,0.03849124111590959,3.849124111590959,0,VERY LOW,0
GRID_S10_E170,-10,170,2025,7,2025-07-01,0.3087937581187699,30.87937581187699,0.03848164568193782,3.848164568193782,0,VERY LOW,0
GRID_N20_E050,20,50,2025,10,2025-10-01,0.3246139015176198,32.46139015176198,0.03846716210220741,3.846716210220741,0,VERY LOW,0
GRID_S10_E060,-10,60,2025,4,2025-04-01,0.31775658023181824,31.775658023181823,0.03845226942074079,3.8452269420740786,0,VERY LOW,0
GRID_N50_W090,50,-90,2025,9,2025-09-01,0.30128947138121964,30.128947138121966,0.03844273996716376,3.8442739967163764,0,VERY LOW,0
GRID_N00_E080,0,80,2025,1,2025-01-01,0.32211726535140844,32.21172653514085,0.038431655696583904,3.84316556965839,0,VERY LOW,0
GRID_N00_E060,0,60,2025,6,2025-06-01,0.30771503723913124,30.771503723913124,0.03842309867549283,3.8423098675492833,0,VERY LOW,0
GRID_N00_W060,0,-60,2025,4,2025-04-01,0.3160394448523038,31.60394448523038,0.03842097220232073,3.842097220232073,0,VERY LOW,0
GRID_N00_W120,0,-120,2025,11,2025-11-01,0.32863315003844307,32.863315003844306,0.03840926920725585,3.8409269207255847,0,VERY LOW,0
GRID_N50_E100,50,100,2025,10,2025-10-01,0.31213482921627783,31.213482921627783,0.0384041131706301,3.8404113170630096,0,VERY LOW,0
GRID_N00_E070,0,70,2025,3,2025-03-01,0.32074352585990074,32.07435258599007,0.03839903301735749,3.839903301735749,0,VERY LOW,0
GRID_S70_E110,-70,110,2025,7,2025-07-01,0.3099613693737139,30.99613693737139,0.038398702020448885,3.8398702020448887,0,VERY LOW,0
GRID_S10_E090,-10,90,2025,10,2025-10-01,0.31423809498596406,31.423809498596405,0.03838341427198234,3.838341427198234,0,VERY LOW,0
GRID_S30_W180,-30,-180,2025,10,2025-10-01,0.3128911656989574,31.289116569895743,0.038379406127731996,3.8379406127732,0,VERY LOW,0
GRID_N30_E170,30,170,2025,4,2025-04-01,0.3154479291678447,31.54479291678447,0.03836987809862717,3.836987809862717,0,VERY LOW,0
GRID_S20_W160,-20,-160,2025,7,2025-07-01,0.3020661639545063,30.20661639545063,0.038353978924246246,3.8353978924246244,0,VERY LOW,0
GRID_S10_E050,-10,50,2025,4,2025-04-01,0.3190272295609904,31.90272295609904,0.038343948447177444,3.8343948447177443,0,VERY LOW,0
GRID_N20_W050,20,-50,2025,8,2025-08-01,0.30119336696542026,30.119336696542025,0.03832877463978296,3.8328774639782957,0,VERY LOW,0
GRID_N10_E050,10,50,2025,7,2025-07-01,0.3035598480278651,30.355984802786512,0.0383250926583696,3.83250926583696,0,VERY LOW,0
GRID_S80_W080,-80,-80,2025,3,2025-03-01,0.33816950422019454,33.81695042201945,0.038321814149796005,3.8321814149796003,0,VERY LOW,0
GRID_N00_W060,0,-60,2025,10,2025-10-01,0.31900865662670363,31.900865662670363,0.03831960019319085,3.8319600193190846,0,VERY LOW,1
GRID_N00_E160,0,160,2025,10,2025-10-01,0.3162233158549816,31.62233158549816,0.038316689443520915,3.8316689443520917,0,VERY LOW,0
GRID_N10_E060,10,60,2025,3,2025-03-01,0.3177964127856894,31.77964127856894,0.03830250811856786,3.830250811856786,0,VERY LOW,0
GRID_S30_E040,-30,40,2025,5,2025-05-01,0.31435230084659344,31.435230084659345,0.03830215761565583,3.830215761565583,0,VERY LOW,0
GRID_S80_W060,-80,-60,2025,7,2025-07-01,0.30762266703619273,30.76226670361927,0.03829158924821204,3.829158924821204,0,VERY LOW,0
GRID_N50_W170,50,-170,2025,1,2025-01-01,0.3128448292756885,31.284482927568853,0.038290300756098,3.8290300756098,0,VERY LOW,0
GRID_N60_E160,60,160,2025,8,2025-08-01,0.2993119215471873,29.931192154718726,0.03827926781383008,3.827926781383008,0,VERY LOW,0
GRID_S60_W040,-60,-40,2025,1,2025-01-01,0.3400348185126012,34.00348185126012,0.038251660609581184,3.8251660609581184,0,VERY LOW,0
GRID_S70_E090,-70,90,2025,6,2025-06-01,0.31111858174275925,31.111858174275923,0.03823499977148191,3.8234999771481912,0,VERY LOW,0
GRID_N30_W020,30,-20,2025,3,2025-03-01,0.3170375130696533,31.703751306965327,0.038231764432114526,3.8231764432114526,0,VERY LOW,0
GRID_N30_E030,30,30,2025,2,2025-02-01,0.3166673607143786,31.66673607143786,0.0382284985194354,3.82284985194354,0,VERY LOW,0
GRID_S70_W060,-70,-60,2025,3,2025-03-01,0.3281350117479828,32.81350117479828,0.03822492648724851,3.822492648724851,0,VERY LOW,0
GRID_N20_W030,20,-30,2025,7,2025-07-01,0.29938187107594444,29.938187107594445,0.03822474811155236,3.822474811155236,0,VERY LOW,0
GRID_N00_E050,0,50,2025,8,2025-08-01,0.30480843740736785,30.480843740736784,0.03822129959105264,3.822129959105264,0,VERY LOW,0
GRID_S30_E170,-30,170,2025,6,2025-06-01,0.30998518536305963,30.998518536305962,0.038196289425020555,3.8196289425020553,0,VERY LOW,0
GRID_S30_E160,-30,160,2025,6,2025-06-01,0.31065848045357675,31.065848045357676,0.03818226644728355,3.818226644728355,0,VERY LOW,0
GRID_S60_W030,-60,-30,2025,8,2025-08-01,0.3071614795780895,30.71614795780895,0.038178593098375915,3.8178593098375915,0,VERY LOW,0
GRID_S70_E040,-70,40,2025,8,2025-08-01,0.3077881424872071,30.77881424872071,0.03817631730506639,3.817631730506639,0,VERY LOW,0
GRID_S60_W050,-60,-50,2025,3,2025-03-01,0.33646115304890545,33.64611530489054,0.03817458918966036,3.817458918966036,0,VERY LOW,0
GRID_N20_W040,20,-40,2025,7,2025-07-01,0.29859371684610253,29.859371684610252,0.03816413197118683,3.816413197118683,0,VERY LOW,0
GRID_N40_E030,40,30,2025,2,2025-02-01,0.3191817240081638,31.91817240081638,0.038156012460981756,3.8156012460981756,0,VERY LOW,0
GRID_N30_E100,30,100,2025,4,2025-04-01,0.3105450042242612,31.054500422426116,0.038147679588215355,3.8147679588215357,0,VERY LOW,0
GRID_S80_W030,-80,-30,2025,1,2025-01-01,0.3296715013880289,32.96715013880289,0.03808912665352566,3.808912665352566,0,VERY LOW,0
GRID_N60_E030,60,30,2025,8,2025-08-01,0.29459130335313916,29.459130335313915,0.03808361039002213,3.808361039002213,0,VERY LOW,0
GRID_N20_E070,20,70,2025,10,2025-10-01,0.3156220424328082,31.562204243280824,0.03807227508919364,3.807227508919364,0,VERY LOW,1
GRID_N60_W020,60,-20,2025,6,2025-06-01,0.2927489540584258,29.27489540584258,0.03806441886495893,3.8064418864958927,0,VERY LOW,0
GRID_N40_W060,40,-60,2025,11,2025-11-01,0.32006759892212305,32.00675989221231,0.0380640873057808,3.80640873057808,0,VERY LOW,0
GRID_N20_W070,20,-70,2025,3,2025-03-01,0.3122926906501146,31.22926906501146,0.03806362380067941,3.806362380067941,0,VERY LOW,0
GRID_N60_W140,60,-140,2025,4,2025-04-01,0.29794715130295957,29.794715130295955,0.038027109723702955,3.8027109723702957,0,VERY LOW,0
GRID_N00_E060,0,60,2025,7,2025-07-01,0.3021910780862703,30.219107808627033,0.038001034489749896,3.8001034489749896,0,VERY LOW,0
GRID_N10_W180,10,-180,2025,4,2025-04-01,0.30560928659103076,30.560928659103077,0.03798225853364275,3.798225853364275,0,VERY LOW,0
GRID_S10_E130,-10,130,2025,4,2025-04-01,0.3175298017442542,31.75298017442542,0.03795966895696683,3.7959668956966826,0,VERY LOW,1
GRID_N40_E140,40,140,2025,8,2025-08-01,0.29894844133728743,29.894844133728743,0.03794219602594177,3.794219602594177,0,VERY LOW,0
GRID_N00_W130,0,-130,2025,7,2025-07-01,0.30022713921922584,30.022713921922584,0.03793572248257442,3.7935722482574423,0,VERY LOW,0
GRID_S40_W060,-40,-60,2025,4,2025-04-01,0.3176263778353493,31.76263778353493,0.03792741258484892,3.792741258484892,0,VERY LOW,0
GRID_N40_W060,40,-60,2025,5,2025-05-01,0.2983263638975851,29.83263638975851,0.03792559212477343,3.792559212477343,0,VERY LOW,0
GRID_S10_E160,-10,160,2025,9,2025-09-01,0.30671540984207235,30.671540984207233,0.037912090357225585,3.7912090357225585,0,VERY LOW,0
GRID_S10_E040,-10,40,2025,6,2025-06-01,0.30394384373994854,30.394384373994853,0.03789410777978508,3.789410777978508,0,VERY LOW,0
GRID_S70_E090,-70,90,2025,7,2025-07-01,0.30556049151792913,30.556049151792912,0.03789123758178795,3.7891237581787953,0,VERY LOW,0
GRID_N50_W140,50,-140,2025,1,2025-01-01,0.3116901600506785,31.169016005067853,0.037889340875991384,3.7889340875991384,0,VERY LOW,0
GRID_N00_W020,0,-20,2025,6,2025-06-01,0.30134387807125335,30.134387807125336,0.03788626234935323,3.788626234935323,0,VERY LOW,0
GRID_N00_E110,0,110,2025,10,2025-10-01,0.3179124374939131,31.791243749391313,0.03786552444916512,3.786552444916512,0,VERY LOW,0
GRID_N50_E030,50,30,2025,6,2025-06-01,0.2945241727365409,29.452417273654092,0.03786059831583422,3.7860598315834224,0,VERY LOW,1
GRID_S10_E050,-10,50,2025,8,2025-08-01,0.30264227289671036,30.264227289671037,0.037858128603592535,3.7858128603592536,0,VERY LOW,0
GRID_S60_W080,-60,-80,2025,6,2025-06-01,0.3052745381515905,30.52745381515905,0.03784614131000365,3.7846141310003647,0,VERY LOW,0
GRID_S30_E170,-30,170,2025,7,2025-07-01,0.3044383948919163,30.44383948919163,0.037824038367668386,3.7824038367668384,0,VERY LOW,0
GRID_S30_E160,-30,160,2025,7,2025-07-01,0.3051049694005911,30.510496940059113,0.03780828037356303,3.7808280373563026,0,VERY LOW,0
GRID_N00_E170,0,170,2025,5,2025-05-01,0.30794082299079234,30.794082299079236,0.037792994244076686,3.7792994244076685,0,VERY LOW,0
GRID_N40_W080,40,-80,2025,3,2025-03-01,0.3120158924142344,31.201589241423438,0.03777681399062321,3.777681399062321,0,VERY LOW,0
GRID_N50_E100,50,100,2025,11,2025-11-01,0.3099142611211349,30.99142611211349,0.03777346109928225,3.777346109928225,0,VERY LOW,0
GRID_N50_W010,50,-10,2025,10,2025-10-01,0.3017234978653381,30.172349786533808,0.037768587467790646,3.7768587467790646,0,VERY LOW,1
GRID_N50_E090,50,90,2025,3,2025-03-01,0.30902735467235176,30.902735467235175,0.03773975836567533,3.7739758365675327,0,VERY LOW,0
GRID_N30_E040,30,40,2025,4,2025-04-01,0.3057350240788773,30.57350240788773,0.03771915620937447,3.771915620937447,0,VERY LOW,0
GRID_N00_W060,0,-60,2025,2,2025-02-01,0.3254539607423657,32.54539607423657,0.03771842272478891,3.771842272478891,0,VERY LOW,0
GRID_N30_E150,30,150,2025,10,2025-10-01,0.31254656939635084,31.254656939635083,0.03771352647151148,3.771352647151148,0,VERY LOW,0
GRID_S10_E130,-10,130,2025,9,2025-09-01,0.3057859229351707,30.57859229351707,0.037707373144475365,3.7707373144475365,0,VERY LOW,0
GRID_S10_E070,-10,70,2025,3,2025-03-01,0.31775216810259477,31.775216810259476,0.03770268161109093,3.770268161109093,0,VERY LOW,0
GRID_S80_W070,-80,-70,2025,5,2025-05-01,0.30938701660863394,30.938701660863394,0.037702564814108414,3.7702564814108412,0,VERY LOW,0
GRID_S80_W020,-80,-20,2025,6,2025-06-01,0.3057150243457961,30.57150243457961,0.03770107854693516,3.7701078546935163,0,VERY LOW,0
GRID_N50_E040,50,40,2025,8,2025-08-01,0.29324594541556886,29.324594541556888,0.03768792618064252,3.7687926180642517,0,VERY LOW,0
GRID_S80_W120,-80,-120,2025,7,2025-07-01,0.3053862380677182,30.53862380677182,0.03768639143600004,3.768639143600004,0,VERY LOW,0
GRID_N70_E140,70,140,2025,9,2025-09-01,0.2952560228454596,29.52560228454596,0.03767064571239805,3.767064571239805,0,VERY LOW,0
GRID_N60_W170,60,-170,2025,10,2025-10-01,0.29624892468436786,29.624892468436787,0.037668692038676,3.7668692038675995,0,VERY LOW,0
GRID_N00_W030,0,-30,2025,8,2025-08-01,0.29847151247437365,29.847151247437363,0.03764984906629149,3.764984906629149,0,VERY LOW,0
GRID_N40_E130,40,130,2025,8,2025-08-01,0.29830241934196866,29.830241934196867,0.03764325951823651,3.764325951823651,0,VERY LOW,0
GRID_N10_E040,10,40,2025,1,2025-01-01,0.3236610401103382,32.36610401103382,0.037619412620137835,3.7619412620137833,0,VERY LOW,0
GRID_N60_W160,60,-160,2025,10,2025-10-01,0.3180483822376171,31.80483822376171,0.03760821607720727,3.760821607720727,0,VERY LOW,0
GRID_N60_W020,60,-20,2025,7,2025-07-01,0.2873821309474267,28.73821309474267,0.03759512146003598,3.7595121460035976,0,VERY LOW,1
GRID_S20_W170,-20,-170,2025,1,2025-01-01,0.3250515738784898,32.50515738784898,0.03759134162463315,3.759134162463315,0,VERY LOW,0
GRID_N00_W120,0,-120,2025,4,2025-04-01,0.30747952176844756,30.747952176844755,0.037557647987268,3.7557647987268004,0,VERY LOW,0
GRID_N40_E050,40,50,2025,6,2025-06-01,0.2939588456902914,29.39588456902914,0.037519723657641765,3.7519723657641766,0,VERY LOW,0
GRID_S60_W030,-60,-30,2025,4,2025-04-01,0.3156346378635957,31.56346378635957,0.03750460931925165,3.750460931925165,0,VERY LOW,0
GRID_S50_E160,-50,160,2025,6,2025-06-01,0.3048230155246368,30.48230155246368,0.03750182586122286,3.750182586122286,0,VERY LOW,0
GRID_S10_E040,-10,40,2025,7,2025-07-01,0.29845839699434096,29.845839699434094,0.037483171719652306,3.7483171719652306,0,VERY LOW,0
GRID_S70_E040,-70,40,2025,4,2025-04-01,0.31627069635590543,31.627069635590544,0.0374706565072961,3.74706565072961,0,VERY LOW,0
GRID_S60_W080,-60,-80,2025,7,2025-07-01,0.2997754186624188,29.97754186624188,0.03746135972942337,3.7461359729423367,0,VERY LOW,0
GRID_N00_W020,0,-20,2025,7,2025-07-01,0.2958854079326787,29.58854079326787,0.037457595618624606,3.7457595618624606,0,VERY LOW,0
GRID_S10_E170,-10,170,2025,5,2025-05-01,0.3057621885539621,30.57621885539621,0.03743254408564975,3.743254408564975,0,VERY LOW,0
GRID_S10_E160,-10,160,2025,3,2025-03-01,0.3155780704467167,31.55780704467167,0.037418668373257476,3.7418668373257478,0,VERY LOW,0
GRID_S50_E170,-50,170,2025,11,2025-11-01,0.3126372101388521,31.26372101388521,0.03739587010207719,3.7395870102077193,0,VERY LOW,0
GRID_N20_E170,20,170,2025,8,2025-08-01,0.29702284361821835,29.702284361821835,0.03737969345931047,3.737969345931047,0,VERY LOW,0
GRID_N20_E160,20,160,2025,3,2025-03-01,0.3088383290055034,30.88383290055034,0.03737058083443891,3.7370580834438907,0,VERY LOW,0
GRID_S10_W040,-10,-40,2025,6,2025-06-01,0.2976171984375609,29.76171984375609,0.037360121691434586,3.7360121691434585,0,VERY LOW,0
GRID_N20_E070,20,70,2025,5,2025-05-01,0.3031302735973468,30.31302735973468,0.03735578921739292,3.7355789217392923,0,VERY LOW,1
GRID_S80_W020,-80,-20,2025,7,2025-07-01,0.3002113989296666,30.02113989296666,0.037351705008250434,3.7351705008250433,0,VERY LOW,0
GRID_N00_W110,0,-110,2025,6,2025-06-01,0.2942668738006006,29.426687380060063,0.0373459781883244,3.73459781883244,0,VERY LOW,0
GRID_N50_E070,50,70,2025,10,2025-10-01,0.3069334009268444,30.69334009268444,0.0373397624410826,3.73397624410826,0,VERY LOW,0
GRID_N50_W180,50,-180,2025,4,2025-04-01,0.292685408069672,29.268540806967202,0.0373336904687087,3.73336904687087,0,VERY LOW,0
GRID_S10_E090,-10,90,2025,2,2025-02-01,0.31269713441628677,31.269713441628678,0.03732271788546661,3.7322717885466608,0,VERY LOW,0
GRID_S30_E060,-30,60,2025,6,2025-06-01,0.3012078470964706,30.120784709647058,0.03732009064461839,3.7320090644618387,0,VERY LOW,0
GRID_S80_W080,-80,-80,2025,6,2025-06-01,0.3024021276071577,30.240212760715767,0.03731735987235978,3.7317359872359783,0,VERY LOW,0
GRID_N50_W010,50,-10,2025,3,2025-03-01,0.30179746094240867,30.179746094240866,0.03730073009469563,3.730073009469563,0,VERY LOW,0
GRID_N10_E050,10,50,2025,5,2025-05-01,0.3005573189746708,30.05573189746708,0.037294438268906646,3.7294438268906647,0,VERY LOW,0
GRID_S70_E140,-70,140,2025,2,2025-02-01,0.31689459650849117,31.689459650849116,0.03729199448220903,3.729199448220903,0,VERY LOW,0
GRID_N50_E040,50,40,2025,4,2025-04-01,0.30150228512518423,30.150228512518424,0.037280745893434095,3.7280745893434095,0,VERY LOW,0
GRID_S20_W160,-20,-160,2025,5,2025-05-01,0.29907206457622165,29.907206457622166,0.03727192973562373,3.727192973562373,0,VERY LOW,0
GRID_N50_E130,50,130,2025,9,2025-09-01,0.30090130062551973,30.090130062551975,0.03726935354656312,3.726935354656312,0,VERY LOW,0
GRID_S70_E140,-70,140,2025,10,2025-10-01,0.3051195457340648,30.51195457340648,0.03726622805990905,3.726622805990905,0,VERY LOW,0
GRID_N10_E040,10,40,2025,2,2025-02-01,0.3123024816041715,31.23024816041715,0.03725874717058284,3.725874717058284,0,VERY LOW,0
GRID_S70_E110,-70,110,2025,5,2025-05-01,0.30692342685745544,30.692342685745544,0.03725464000756555,3.725464000756555,0,VERY LOW,0
GRID_N10_W180,10,-180,2025,9,2025-09-01,0.29717838136218117,29.717838136218116,0.0372487134402192,3.7248713440219197,0,VERY LOW,0
GRID_N00_W130,0,-130,2025,6,2025-06-01,0.29270742636699076,29.270742636699076,0.03723472599910904,3.723472599910904,0,VERY LOW,0
GRID_S80_W050,-80,-50,2025,8,2025-08-01,0.29992382413107316,29.992382413107315,0.03723145092333359,3.723145092333359,0,VERY LOW,0
GRID_S70_E010,-70,10,2025,7,2025-07-01,0.2992146609266299,29.92146609266299,0.03721324646949677,3.7213246469496775,0,VERY LOW,0
GRID_S80_W110,-80,-110,2025,2,2025-02-01,0.3214745383877039,32.14745383877039,0.03721031327855357,3.721031327855357,0,VERY LOW,0
GRID_N20_W030,20,-30,2025,5,2025-05-01,0.2964030789976663,29.640307899766633,0.03719839628457059,3.719839628457059,0,VERY LOW,0
GRID_N10_W170,10,-170,2025,8,2025-08-01,0.28966958643784546,28.966958643784547,0.03719238255096778,3.719238255096778,0,VERY LOW,0
GRID_N00_E110,0,110,2025,11,2025-11-01,0.31632408187840816,31.632408187840817,0.03718505546121622,3.718505546121622,0,VERY LOW,0
GRID_N50_W150,50,-150,2025,4,2025-04-01,0.2942944613244642,29.42944613244642,0.03718333066769371,3.7183330667693713,0,VERY LOW,0
GRID_S70_E030,-70,30,2025,9,2025-09-01,0.3043299920856566,30.432999208565658,0.03717428729843087,3.7174287298430873,0,VERY LOW,0
GRID_S70_E020,-70,20,2025,1,2025-01-01,0.3221554512031231,32.21554512031231,0.03716440357787447,3.7164403577874467,0,VERY LOW,0
GRID_S60_W050,-60,-50,2025,6,2025-06-01,0.3007923444753794,30.07923444753794,0.03715779803822555,3.7157798038225547,0,VERY LOW,0
GRID_S50_E160,-50,160,2025,7,2025-07-01,0.2993285251953025,29.93285251953025,0.03715631998356296,3.715631998356296,0,VERY LOW,0
GRID_N20_W040,20,-40,2025,5,2025-05-01,0.29561945789736604,29.561945789736605,0.03713857262272748,3.7138572622727484,0,VERY LOW,0
GRID_N50_E090,50,90,2025,9,2025-09-01,0.29255512037485903,29.255512037485904,0.037103236491015094,3.7103236491015092,0,VERY LOW,0
GRID_N50_W130,50,-130,2025,1,2025-01-01,0.3351083043139303,33.51083043139303,0.03709686931837859,3.7096869318378594,0,VERY LOW,0
GRID_N10_E170,10,170,2025,3,2025-03-01,0.3074562654548388,30.74562654548388,0.037093168650956986,3.7093168650956985,0,VERY LOW,0
GRID_N00_W050,0,-50,2025,3,2025-03-01,0.3087629309061614,30.87629309061614,0.03708427031588253,3.7084270315882533,0,VERY LOW,0
GRID_N40_E050,40,50,2025,7,2025-07-01,0.28857889245370516,28.857889245370515,0.03707693385794744,3.707693385794744,0,VERY LOW,1
GRID_N60_E160,60,160,2025,2,2025-02-01,0.3066478495183515,30.66478495183515,0.037072369796258456,3.7072369796258458,0,VERY LOW,0
GRID_N00_W120,0,-120,2025,8,2025-08-01,0.29143382651709826,29.143382651709825,0.037071836477607284,3.7071836477607283,0,VERY LOW,1
GRID_N00_W100,0,-100,2025,3,2025-03-01,0.3055111542342141,30.55111542342141,0.03705881677312778,3.705881677312778,0,VERY LOW,0
GRID_N30_E110,30,110,2025,3,2025-03-01,0.3062657324988324,30.626573249883236,0.037058426520997126,3.7058426520997125,0,VERY LOW,0
GRID_N50_E000,50,0,2025,4,2025-04-01,0.29834404577021384,29.834404577021385,0.037027356450441626,3.7027356450441626,0,VERY LOW,1
GRID_S70_W070,-70,-70,2025,4,2025-04-01,0.3076280086711697,30.76280086711697,0.037013106345679184,3.7013106345679185,0,VERY LOW,0
GRID_N40_E120,40,120,2025,9,2025-09-01,0.29563815234437324,29.563815234437325,0.03701083897940583,3.7010838979405833,0,VERY LOW,0
GRID_N40_W040,40,-40,2025,6,2025-06-01,0.2869840359000135,28.698403590001348,0.03700093502076831,3.700093502076831,0,VERY LOW,0
GRID_N60_E010,60,10,2025,9,2025-09-01,0.2884658692380966,28.84658692380966,0.036994083470931985,3.6994083470931987,0,VERY LOW,0
GRID_N00_E060,0,60,2025,5,2025-05-01,0.2991962713347839,29.91962713347839,0.036970640281119634,3.6970640281119636,0,VERY LOW,0
GRID_N00_W180,0,-180,2025,6,2025-06-01,0.28883009348057304,28.883009348057303,0.036970170282156926,3.6970170282156927,0,VERY LOW,0
GRID_S70_E070,-70,70,2025,4,2025-04-01,0.3081755888777563,30.817558887775633,0.03696681542667786,3.696681542667786,0,VERY LOW,0
GRID_S80_W080,-80,-80,2025,7,2025-07-01,0.296932635468582,29.6932635468582,0.03695908351957179,3.695908351957179,0,VERY LOW,0
GRID_S30_E010,-30,10,2025,6,2025-06-01,0.29726523821782425,29.726523821782425,0.03695748712454402,3.6957487124544017,0,VERY LOW,0
GRID_S80_W120,-80,-120,2025,6,2025-06-01,0.29779229629947734,29.779229629947736,0.03694922507508068,3.694922507508068,0,VERY LOW,0
GRID_N20_E110,20,110,2025,1,2025-01-01,0.3068444393679087,30.684443936790867,0.036942543162746214,3.6942543162746215,0,VERY LOW,0
GRID_S10_W040,-10,-40,2025,7,2025-07-01,0.2921980002938832,29.21980002938832,0.036942133407004835,3.6942133407004834,0,VERY LOW,1
GRID_S30_E060,-30,60,2025,7,2025-07-01,0.29575079793118153,29.575079793118153,0.03693698599332026,3.6936985993320257,0,VERY LOW,0
GRID_N60_E000,60,0,2025,9,2025-09-01,0.28769465204841094,28.769465204841094,0.03693045988466322,3.6930459884663223,0,VERY LOW,0
GRID_N00_W110,0,-110,2025,7,2025-07-01,0.2888835897343337,28.88835897343337,0.03690978377982766,3.6909783779827663,0,VERY LOW,0
GRID_N10_W150,10,-150,2025,1,2025-01-01,0.3071668480790737,30.71668480790737,0.03688456279099532,3.688456279099532,0,VERY LOW,0
GRID_S70_E150,-70,150,2025,6,2025-06-01,0.2997094718177289,29.97094718177289,0.036878917522173475,3.6878917522173476,0,VERY LOW,0
GRID_S10_E040,-10,40,2025,11,2025-11-01,0.3164573330249491,31.64573330249491,0.03687451209197917,3.687451209197917,0,VERY LOW,0
GRID_N60_E100,60,100,2025,8,2025-08-01,0.28647857274622246,28.647857274622247,0.03687034144214735,3.687034144214735,0,VERY LOW,0
GRID_S40_W070,-40,-70,2025,3,2025-03-01,0.31780393778106236,31.780393778106237,0.03686950660568124,3.6869506605681237,0,VERY LOW,0
GRID_N50_E020,50,20,2025,3,2025-03-01,0.29864781424081493,29.864781424081492,0.03685385229166775,3.685385229166775,0,VERY LOW,0
GRID_S20_W170,-20,-170,2025,9,2025-09-01,0.29452507733461036,29.452507733461037,0.03684891888607598,3.6848918886075976,0,VERY LOW,0
GRID_N40_W030,40,-30,2025,8,2025-08-01,0.2857252790077065,28.572527900770652,0.036814046497584206,3.6814046497584205,0,VERY LOW,0
GRID_S80_W080,-80,-80,2025,8,2025-08-01,0.2981270503528634,29.812705035286342,0.03681009932976203,3.681009932976203,0,VERY LOW,0
GRID_S50_W070,-50,-70,2025,3,2025-03-01,0.3230927622688161,32.309276226881614,0.03680741178899992,3.680741178899992,0,VERY LOW,0
GRID_N50_E010,50,10,2025,2,2025-02-01,0.3003461481260132,30.03461481260132,0.036791976064677524,3.6791976064677523,0,VERY LOW,0
GRID_S70_W060,-70,-60,2025,9,2025-09-01,0.2979487145969339,29.79487145969339,0.03678460709220713,3.6784607092207127,0,VERY LOW,0
GRID_S60_W050,-60,-50,2025,7,2025-07-01,0.29533964151057757,29.533964151057756,0.03678457760378221,3.678457760378221,0,VERY LOW,0
GRID_S30_E170,-30,170,2025,5,2025-05-01,0.30143093715159536,30.143093715159537,0.03676747310858368,3.6767473108583677,0,VERY LOW,0
GRID_S70_E090,-70,90,2025,5,2025-05-01,0.3025467704704711,30.254677047047114,0.03676366926001477,3.676366926001477,0,VERY LOW,0
GRID_S10_E090,-10,90,2025,11,2025-11-01,0.30558958348329257,30.558958348329256,0.036722329195499545,3.6722329195499546,0,VERY LOW,1
GRID_N20_W050,20,-50,2025,4,2025-04-01,0.2964581150883291,29.64581150883291,0.036706727601184666,3.6706727601184665,0,VERY LOW,0
GRID_N50_W070,50,-70,2025,8,2025-08-01,0.28207908861012326,28.207908861012328,0.03670491333769575,3.6704913337695753,0,VERY LOW,0
GRID_N30_E000,30,0,2025,2,2025-02-01,0.30556911875753007,30.556911875753006,0.0366911291749029,3.66911291749029,0,VERY LOW,0
GRID_S70_E140,-70,140,2025,1,2025-01-01,0.3133027392759033,31.33027392759033,0.03668507232565132,3.6685072325651316,0,VERY LOW,0
GRID_S80_W070,-80,-70,2025,8,2025-08-01,0.294168395675984,29.4168395675984,0.03667108400797915,3.667108400797915,0,VERY LOW,0
GRID_N00_E170,0,170,2025,8,2025-08-01,0.29276318320059186,29.276318320059186,0.03666970453449893,3.666970453449893,0,VERY LOW,0
GRID_S50_E140,-50,140,2025,6,2025-06-01,0.30074756694440863,30.074756694440865,0.03666646491666995,3.666646491666995,0,VERY LOW,0
GRID_N20_E050,20,50,2025,6,2025-06-01,0.2897250166457659,28.97250166457659,0.036657631627966696,3.6657631627966696,0,VERY LOW,1
GRID_S60_W050,-60,-50,2025,8,2025-08-01,0.2965303511701151,29.653035117011513,0.036629810666266346,3.6629810666266347,0,VERY LOW,0
GRID_N60_W020,60,-20,2025,5,2025-05-01,0.28447425559347644,28.447425559347643,0.03662477334134719,3.6624773341347194,0,VERY LOW,0
GRID_N50_W150,50,-150,2025,8,2025-08-01,0.2786599591988029,27.865995919880287,0.03661848905611227,3.6618489056112273,0,VERY LOW,0
GRID_N30_W030,30,-30,2025,6,2025-06-01,0.28565935059700126,28.565935059700127,0.03660580436141555,3.660580436141555,0,VERY LOW,0
GRID_N00_E050,0,50,2025,4,2025-04-01,0.3000407534043237,30.00407534043237,0.036592917940275395,3.6592917940275393,0,VERY LOW,0
GRID_N00_W050,0,-50,2025,9,2025-09-01,0.29229882890007247,29.229882890007246,0.03657895588939245,3.6578955889392453,0,VERY LOW,0
GRID_S30_E010,-30,10,2025,7,2025-07-01,0.29184978587605853,29.184978587605855,0.03656943371223974,3.656943371223974,0,VERY LOW,0
GRID_N60_E120,60,120,2025,1,2025-01-01,0.33890417242966914,33.89041724296691,0.03656427147248252,3.656427147248252,0,VERY LOW,0
GRID_S70_E150,-70,150,2025,7,2025-07-01,0.2942681374385343,29.42681374385343,0.036560430948182024,3.6560430948182026,0,VERY LOW,0
GRID_S70_E070,-70,70,2025,9,2025-09-01,0.29970444312870337,29.970444312870338,0.036558131749867176,3.6558131749867178,0,VERY LOW,0
GRID_N40_W040,40,-40,2025,7,2025-07-01,0.28168080628886805,28.168080628886806,0.03655303690013263,3.6553036900132634,0,VERY LOW,0
GRID_N60_E030,60,30,2025,4,2025-04-01,0.28991678475033283,28.991678475033282,0.036549320075594374,3.6549320075594376,0,VERY LOW,0
GRID_N00_W180,0,-180,2025,7,2025-07-01,0.28350631435297446,28.350631435297448,0.03652805045795672,3.652805045795672,0,VERY LOW,0
GRID_N00_W030,0,-30,2025,9,2025-09-01,0.298361294435069,29.8361294435069,0.03651132470983546,3.651132470983546,0,VERY LOW,0
GRID_N40_E050,40,50,2025,11,2025-11-01,0.3068857856264411,30.68857856264411,0.036487854649159636,3.6487854649159637,0,VERY LOW,0
GRID_S60_E070,-60,70,2025,6,2025-06-01,0.2955619986321779,29.556199863217792,0.03646816858189945,3.6468168581899447,0,VERY LOW,0
GRID_N50_E030,50,30,2025,5,2025-05-01,0.28621960328167817,28.621960328167816,0.03644133456856209,3.6441334568562094,0,VERY LOW,0
GRID_N00_W020,0,-20,2025,5,2025-05-01,0.2929268597312563,29.292685973125632,0.036437659914130345,3.6437659914130345,0,VERY LOW,0
GRID_N40_E140,40,140,2025,4,2025-04-01,0.29423362280801363,29.423362280801364,0.036419290346480414,3.6419290346480415,0,VERY LOW,0
GRID_S70_E130,-70,130,2025,6,2025-06-01,0.2953918414563805,29.539184145638046,0.03638824520182964,3.6388245201829643,0,VERY LOW,0
GRID_S60_W080,-60,-80,2025,8,2025-08-01,0.2946863807239482,29.46863807239482,0.036383096542547386,3.6383096542547384,0,VERY LOW,0
GRID_S40_E020,-40,20,2025,10,2025-10-01,0.30081427336016314,30.081427336016315,0.03638302278305813,3.6383022783058134,0,VERY LOW,1
GRID_N40_E040,40,40,2025,2,2025-02-01,0.3007064584006195,30.07064584006195,0.03637775342085808,3.637775342085808,0,VERY LOW,0
GRID_N30_E100,30,100,2025,9,2025-09-01,0.28910548670896946,28.910548670896947,0.03637529712525454,3.6375297125254535,0,VERY LOW,0
GRID_N00_W020,0,-20,2025,8,2025-08-01,0.2908349791161715,29.08349791161715,0.03636854998404762,3.636854998404762,0,VERY LOW,0
GRID_S60_W080,-60,-80,2025,5,2025-05-01,0.2967943696315216,29.679436963152163,0.03636569984795891,3.636569984795891,0,VERY LOW,0
GRID_S30_W080,-30,-80,2025,6,2025-06-01,0.2902442274138197,29.024422741381972,0.03635823769003988,3.6358237690039883,0,VERY LOW,0
GRID_S30_W180,-30,-180,2025,1,2025-01-01,0.3077964586725125,30.779645867251247,0.036351573758497284,3.635157375849728,0,VERY LOW,0
GRID_S10_E170,-10,170,2025,8,2025-08-01,0.29064683166471483,29.064683166471482,0.0363433525776682,3.63433525776682,0,VERY LOW,0
GRID_N60_W130,60,-130,2025,2,2025-02-01,0.3424979903002782,34.24979903002782,0.03634003731527162,3.634003731527162,0,VERY LOW,0
GRID_S50_E140,-50,140,2025,7,2025-07-01,0.29529533288597687,29.529533288597687,0.0363238890767289,3.63238890767289,0,VERY LOW,0
GRID_S80_W020,-80,-20,2025,8,2025-08-01,0.29511807907301,29.511807907301,0.036323326716480066,3.6323326716480064,0,VERY LOW,0
GRID_S70_E110,-70,110,2025,8,2025-08-01,0.29177479070527823,29.177479070527824,0.03630350031942245,3.630350031942245,0,VERY LOW,0
GRID_N30_W040,30,-40,2025,3,2025-03-01,0.29658480063003884,29.658480063003882,0.03629524740333273,3.629524740333273,0,VERY LOW,0
GRID_N20_W120,20,-120,2025,4,2025-04-01,0.29099754329116284,29.099754329116283,0.036289303152297336,3.6289303152297334,0,VERY LOW,0
GRID_N40_E070,40,70,2025,1,2025-01-01,0.3120480603429223,31.204806034292233,0.03628154834569938,3.6281548345699384,0,VERY LOW,0
GRID_N30_E030,30,30,2025,1,2025-01-01,0.29987563567654796,29.987563567654796,0.03627904744025708,3.627904744025708,0,VERY LOW,0
GRID_N00_E110,0,110,2025,8,2025-08-01,0.2895321093475819,28.95321093475819,0.0362544745363749,3.6254474536374897,0,VERY LOW,1
GRID_S80_W020,-80,-20,2025,5,2025-05-01,0.29722785470601726,29.722785470601725,0.03623043401576188,3.623043401576188,0,VERY LOW,0
GRID_N00_E160,0,160,2025,2,2025-02-01,0.3014379596022671,30.14379596022671,0.03621189596577544,3.621189596577544,0,VERY LOW,0
GRID_N50_W140,50,-140,2025,11,2025-11-01,0.28741600721112653,28.741600721112654,0.03620634147151426,3.620634147151426,0,VERY LOW,0
GRID_S80_W170,-80,-170,2025,10,2025-10-01,0.31428333297731925,31.428333297731925,0.03619557470338961,3.619557470338961,0,VERY LOW,0
GRID_S80_W110,-80,-110,2025,10,2025-10-01,0.29648835089097203,29.648835089097204,0.036189121135079494,3.6189121135079496,0,VERY LOW,0
GRID_N40_E030,40,30,2025,1,2025-01-01,0.30231565731842885,30.231565731842885,0.03617516866970061,3.617516866970061,0,VERY LOW,0
GRID_N30_W030,30,-30,2025,7,2025-07-01,0.280370974452835,28.0370974452835,0.03616981570813381,3.616981570813381,0,VERY LOW,0
GRID_N30_W060,30,-60,2025,3,2025-03-01,0.295018204463618,29.501820446361798,0.036163399000576336,3.6163399000576337,0,VERY LOW,0
GRID_N00_E100,0,100,2025,3,2025-03-01,0.29972571254455116,29.972571254455115,0.036157506050073944,3.615750605007394,0,VERY LOW,0
GRID_S20_E030,-20,30,2025,10,2025-10-01,0.35328517442654633,35.328517442654636,0.03614381055730908,3.6143810557309077,0,VERY LOW,1
GRID_S60_E070,-60,70,2025,7,2025-07-01,0.2901647631101402,29.01647631101402,0.03612620833160676,3.612620833160676,0,VERY LOW,0
GRID_N50_E070,50,70,2025,4,2025-04-01,0.29104507389644235,29.104507389644237,0.03612555440462809,3.6125554404628093,0,VERY LOW,0
GRID_S80_W060,-80,-60,2025,8,2025-08-01,0.2895157359003024,28.95157359003024,0.03612044679985386,3.612044679985386,0,VERY LOW,0
GRID_N40_E050,40,50,2025,5,2025-05-01,0.28566376192086956,28.566376192086956,0.03611799531031505,3.611799531031505,0,VERY LOW,0
GRID_N10_E050,10,50,2025,8,2025-08-01,0.28559341643909364,28.559341643909363,0.036117728550036095,3.6117728550036095,0,VERY LOW,0
GRID_N20_W020,20,-20,2025,11,2025-11-01,0.29308760937851686,29.308760937851687,0.0361122928726393,3.6112292872639298,0,VERY LOW,1
GRID_S70_E010,-70,10,2025,5,2025-05-01,0.2962368291043303,29.62368291043303,0.036109456060100686,3.610945606010069,0,VERY LOW,0
GRID_S50_E160,-50,160,2025,5,2025-05-01,0.29635003938646987,29.635003938646985,0.0360904246369975,3.60904246369975,0,VERY LOW,0
GRID_S30_W060,-30,-60,2025,11,2025-11-01,0.30920684642258545,30.920684642258543,0.036087207147788264,3.6087207147788263,0,VERY LOW,1
GRID_N60_W050,60,-50,2025,4,2025-04-01,0.28376308464944,28.376308464944,0.03607997836040748,3.607997836040748,0,VERY LOW,0
GRID_N50_W070,50,-70,2025,3,2025-03-01,0.2928681965788045,29.286819657880446,0.0360716765476181,3.60716765476181,0,VERY LOW,0
GRID_S70_E130,-70,130,2025,7,2025-07-01,0.2899964340075154,28.99964340075154,0.036069730079521904,3.6069730079521904,0,VERY LOW,0
GRID_S20_W160,-20,-160,2025,8,2025-08-01,0.28415206748683974,28.415206748683975,0.036069359099405764,3.6069359099405762,0,VERY LOW,0
GRID_N20_E060,20,60,2025,2,2025-02-01,0.2992920900886545,29.92920900886545,0.036065860825039854,3.6065860825039855,0,VERY LOW,0
GRID_N50_E130,50,130,2025,10,2025-10-01,0.2995543777144643,29.95543777144643,0.03606542352641976,3.606542352641976,0,VERY LOW,0
GRID_N20_W050,20,-50,2025,9,2025-09-01,0.2881748951636915,28.81748951636915,0.036038469436648415,3.6038469436648417,0,VERY LOW,0
GRID_N00_W030,0,-30,2025,4,2025-04-01,0.293761063896527,29.3761063896527,0.036037603845549285,3.6037603845549286,0,VERY LOW,0
GRID_S70_E050,-70,50,2025,6,2025-06-01,0.2918769506804276,29.187695068042764,0.03603534739926046,3.603534739926046,0,VERY LOW,0
GRID_N60_W060,60,-60,2025,4,2025-04-01,0.28299943975605885,28.299943975605885,0.036024773416385845,3.6024773416385845,0,VERY LOW,0
GRID_N50_W080,50,-80,2025,3,2025-03-01,0.29209004125103005,29.209004125103004,0.036010479433067275,3.6010479433067273,0,VERY LOW,0
GRID_N40_E080,40,80,2025,4,2025-04-01,0.2895701766859991,28.95701766859991,0.0359989402861189,3.59989402861189,0,VERY LOW,0
GRID_N20_W030,20,-30,2025,8,2025-08-01,0.2815627451777482,28.156274517774822,0.035977332673731585,3.5977332673731586,0,VERY LOW,0
GRID_N40_E070,40,70,2025,4,2025-04-01,0.2902177799351815,29.02177799351815,0.03597546523548096,3.597546523548096,0,VERY LOW,0
GRID_S30_W080,-30,-80,2025,7,2025-07-01,0.2849048249233816,28.49048249233816,0.035961254588597655,3.5961254588597655,0,VERY LOW,0
GRID_S40_W090,-40,-90,2025,6,2025-06-01,0.2873679707005561,28.73679707005561,0.03594489454110137,3.594489454110137,0,VERY LOW,0
GRID_S10_W040,-10,-40,2025,5,2025-05-01,0.2892611754814521,28.926117548145207,0.03592695973426448,3.592695973426448,0,VERY LOW,0
GRID_S30_E040,-30,40,2025,9,2025-09-01,0.2922146421371059,29.22146421371059,0.035923225878468544,3.5923225878468545,0,VERY LOW,0
GRID_S80_W050,-80,-50,2025,9,2025-09-01,0.29313103152534664,29.313103152534666,0.03591705703873492,3.591705703873492,0,VERY LOW,0
GRID_N20_W040,20,-40,2025,8,2025-08-01,0.2808027001898271,28.080270018982713,0.03591591752340033,3.5915917523400327,0,VERY LOW,0
GRID_S30_E060,-30,60,2025,5,2025-05-01,0.292793035997678,29.279303599767797,0.03590418097655268,3.590418097655268,0,VERY LOW,0
GRID_S30_E020,-30,20,2025,1,2025-01-01,0.3359105252708197,33.59105252708197,0.035902322738762864,3.5902322738762864,0,VERY LOW,0
GRID_N00_W110,0,-110,2025,5,2025-05-01,0.2859666184787215,28.596661847872152,0.03589998090563164,3.5899980905631637,0,VERY LOW,0
GRID_N20_E170,20,170,2025,4,2025-04-01,0.2923257309223594,29.232573092235942,0.03585823154163909,3.585823154163909,0,VERY LOW,0
GRID_S80_W080,-80,-80,2025,5,2025-05-01,0.2939679877995394,29.396798779953944,0.03585002564057725,3.585002564057725,0,VERY LOW,0
GRID_N20_W020,20,-20,2025,1,2025-01-01,0.29654633073851666,29.654633073851667,0.035837849190191264,3.583784919019126,0,VERY LOW,0
GRID_S10_E040,-10,40,2025,4,2025-04-01,0.2963732320615325,29.637323206153248,0.03583024468628854,3.583024468628854,0,VERY LOW,0
GRID_N00_E060,0,60,2025,8,2025-08-01,0.2842725909062819,28.427259090628187,0.03582783694228521,3.582783694228521,0,VERY LOW,0
GRID_N40_W040,40,-40,2025,11,2025-11-01,0.29909932174569004,29.909932174569004,0.03582676946579201,3.582676946579201,0,VERY LOW,0
GRID_S30_W170,-30,-170,2025,6,2025-06-01,0.2833221869735849,28.332218697358492,0.035824602900799675,3.5824602900799674,0,VERY LOW,0
GRID_S70_E090,-70,90,2025,8,2025-08-01,0.28752453555285856,28.752453555285857,0.03581372567240216,3.581372567240216,0,VERY LOW,0
GRID_S50_W070,-50,-70,2025,6,2025-06-01,0.28822555865179833,28.822555865179833,0.03581121171918002,3.5811211719180016,0,VERY LOW,0
GRID_N00_W130,0,-130,2025,5,2025-05-01,0.2844334296385774,28.443342963857738,0.03578906447527846,3.578906447527846,0,VERY LOW,0
GRID_S70_E020,-70,20,2025,10,2025-10-01,0.29290899656286473,29.290899656286474,0.03578391208090054,3.5783912080900535,0,VERY LOW,0
GRID_S50_E140,-50,140,2025,10,2025-10-01,0.30092268461140664,30.092268461140666,0.03575783852635593,3.575783852635593,0,VERY LOW,0
GRID_N30_E060,30,60,2025,5,2025-05-01,0.2843427405392394,28.434274053923943,0.03575638599095608,3.5756385990956083,0,VERY LOW,1
GRID_S30_E170,-30,170,2025,8,2025-08-01,0.28644135204229576,28.644135204229578,0.03574732424849424,3.574732424849424,0,VERY LOW,0
GRID_S80_W030,-80,-30,2025,10,2025-10-01,0.2923352499049422,29.23352499049422,0.03572670656869481,3.572670656869481,0,VERY LOW,0
GRID_S30_E160,-30,160,2025,8,2025-08-01,0.2870847855445195,28.70847855445195,0.03572426310675418,3.572426310675418,0,VERY LOW,0
GRID_S70_E050,-70,50,2025,7,2025-07-01,0.2865196373705022,28.651963737050217,0.03570457260381743,3.570457260381743,0,VERY LOW,0
GRID_S60_W040,-60,-40,2025,3,2025-03-01,0.2990363722847909,29.90363722847909,0.035692829909171254,3.5692829909171255,0,VERY LOW,1
GRID_N40_E120,40,120,2025,10,2025-10-01,0.2876949306627924,28.76949306627924,0.035672758240557094,3.5672758240557094,0,VERY LOW,1
GRID_S70_E110,-70,110,2025,4,2025-04-01,0.3000072924223147,30.000729242231472,0.035651047324116426,3.5651047324116427,0,VERY LOW,0
GRID_S70_E000,-70,0,2025,6,2025-06-01,0.28800613915112655,28.800613915112656,0.035647197358544956,3.5647197358544958,0,VERY LOW,0
GRID_N00_E160,0,160,2025,11,2025-11-01,0.2944766785537156,29.447667855371563,0.03564128930903996,3.564128930903996,0,VERY LOW,0
GRID_S80_W130,-80,-130,2025,3,2025-03-01,0.3032281580212104,30.32281580212104,0.03561144524607709,3.561144524607709,0,VERY LOW,0
GRID_S40_W090,-40,-90,2025,5,2025-05-01,0.29185544780556716,29.185544780556715,0.03560371466252187,3.560371466252187,0,VERY LOW,0
GRID_N40_W040,40,-40,2025,5,2025-05-01,0.27880804931448383,27.880804931448385,0.0355981485073666,3.5598148507366605,0,VERY LOW,0
GRID_N10_W170,10,-170,2025,4,2025-04-01,0.2850416073121186,28.504160731211858,0.035593401762900115,3.5593401762900116,0,VERY LOW,0
GRID_S10_E160,-10,160,2025,10,2025-10-01,0.2923396276671284,29.23396276671284,0.03559237539374881,3.5592375393748807,0,VERY LOW,0
GRID_S40_W090,-40,-90,2025,7,2025-07-01,0.28206045290595827,28.206045290595828,0.03555929290326574,3.555929290326574,0,VERY LOW,0
GRID_S30_E010,-30,10,2025,5,2025-05-01,0.28891503231406773,28.891503231406773,0.03554644946838066,3.5546449468380663,0,VERY LOW,0
GRID_N30_W020,30,-20,2025,9,2025-09-01,0.27992028545016406,27.992028545016407,0.035536981281754344,3.5536981281754345,0,VERY LOW,0
GRID_S30_W180,-30,-180,2025,11,2025-11-01,0.2912760656737938,29.12760656737938,0.03552918752144825,3.552918752144825,0,VERY LOW,0
GRID_N00_W180,0,-180,2025,5,2025-05-01,0.28062221298024076,28.062221298024077,0.03552496919659569,3.5524969196595686,0,VERY LOW,0
GRID_S70_E100,-70,100,2025,6,2025-06-01,0.2876359490221054,28.76359490221054,0.03551448435604317,3.551448435604317,0,VERY LOW,0
GRID_N60_E010,60,10,2025,3,2025-03-01,0.2842226059348018,28.422260593480182,0.03551441192943449,3.551441192943449,0,VERY LOW,0
GRID_S80_W120,-80,-120,2025,5,2025-05-01,0.28943338302666194,28.943338302666195,0.03549400954090147,3.5494009540901468,0,VERY LOW,0
GRID_N30_W030,30,-30,2025,11,2025-11-01,0.29774206597269737,29.774206597269735,0.035483708503241895,3.5483708503241895,0,VERY LOW,0
GRID_N30_E110,30,110,2025,10,2025-10-01,0.2855516210130003,28.55516210130003,0.03548243242037531,3.548243242037531,0,VERY LOW,0
GRID_S70_E150,-70,150,2025,5,2025-05-01,0.2913190696968435,29.13190696968435,0.035481461921630354,3.5481461921630353,0,VERY LOW,0
GRID_N00_E070,0,70,2025,2,2025-02-01,0.2957962328028451,29.579623280284512,0.03547204892295357,3.5472048922953565,0,VERY LOW,0
GRID_N50_E100,50,100,2025,3,2025-03-01,0.2883251538921457,28.83251538921457,0.03546766350693106,3.5467663506931064,0,VERY LOW,1
GRID_N50_E060,50,60,2025,3,2025-03-01,0.28737930508426657,28.737930508426658,0.0354640623072607,3.54640623072607,0,VERY LOW,1
GRID_S10_W100,-10,-100,2025,2,2025-02-01,0.29681552238619435,29.681552238619435,0.03546335236448479,3.5463352364484795,0,VERY LOW,0
GRID_N50_W180,50,-180,2025,9,2025-09-01,0.27199246594909643,27.199246594909642,0.03546054519376591,3.546054519376591,0,VERY LOW,0
GRID_S70_W070,-70,-70,2025,9,2025-09-01,0.28630624785410913,28.630624785410912,0.03545033704414461,3.545033704414461,0,VERY LOW,0
GRID_N60_E000,60,0,2025,3,2025-03-01,0.28345821381818737,28.345821381818737,0.03545022314664592,3.545022314664592,0,VERY LOW,0
GRID_S50_W070,-50,-70,2025,7,2025-07-01,0.2829084897091956,28.29084897091956,0.0354394758114764,3.54394758114764,0,VERY LOW,0
GRID_S50_E170,-50,170,2025,2,2025-02-01,0.30633203714423496,30.633203714423495,0.0354369805757527,3.5436980575752703,0,VERY LOW,0
GRID_N50_W010,50,-10,2025,2,2025-02-01,0.29035172100537765,29.035172100537764,0.03542041847490428,3.542041847490428,0,VERY LOW,0
GRID_S30_W170,-30,-170,2025,7,2025-07-01,0.27806023633848775,27.806023633848774,0.03541866423851005,3.5418664238510047,0,VERY LOW,0
GRID_S80_W080,-80,-80,2025,2,2025-02-01,0.3118402290809573,31.18402290809573,0.035378906653631595,3.5378906653631597,0,VERY LOW,0
GRID_N10_E060,10,60,2025,2,2025-02-01,0.29297947463788976,29.297947463788976,0.03536630778453635,3.536630778453635,0,VERY LOW,0
GRID_N30_E150,30,150,2025,3,2025-03-01,0.29012252492696344,29.012252492696344,0.035351315937253054,3.5351315937253056,0,VERY LOW,0
GRID_S10_E040,-10,40,2025,8,2025-08-01,0.2806722167094255,28.067221670942548,0.035342035154963626,3.5342035154963627,0,VERY LOW,0
GRID_N50_E060,50,60,2025,11,2025-11-01,0.28378444496309585,28.378444496309584,0.03533703950457602,3.533703950457602,0,VERY LOW,0
GRID_S70_E000,-70,0,2025,7,2025-07-01,0.2826915103436332,28.269151034363322,0.03531031343665031,3.531031343665031,0,VERY LOW,0
GRID_S80_W010,-80,-10,2025,6,2025-06-01,0.2851431510417766,28.514315104177662,0.035306767048218966,3.5306767048218965,0,VERY LOW,0
GRID_N40_W030,40,-30,2025,4,2025-04-01,0.28113537607605904,28.113537607605902,0.03530424954674968,3.5304249546749684,0,VERY LOW,0
GRID_S50_W070,-50,-70,2025,8,2025-08-01,0.28406928528440334,28.406928528440332,0.035301617283691175,3.5301617283691176,0,VERY LOW,0
GRID_N20_E050,20,50,2025,5,2025-05-01,0.28150177109074837,28.150177109074836,0.03528729951174352,3.5287299511743515,0,VERY LOW,0
GRID_N60_E160,60,160,2025,1,2025-01-01,0.29016181900508825,29.016181900508826,0.03528274640682362,3.528274640682362,0,VERY LOW,0
GRID_S70_W050,-70,-50,2025,6,2025-06-01,0.2841660614966764,28.41660614966764,0.03528059009588669,3.528059009588669,0,VERY LOW,0
GRID_N10_E170,10,170,2025,10,2025-10-01,0.28456722923397193,28.456722923397194,0.03524538732026207,3.524538732026207,0,VERY LOW,0
GRID_S20_W170,-20,-170,2025,3,2025-03-01,0.29022903974316266,29.022903974316268,0.03523174849318007,3.5231748493180075,0,VERY LOW,0
GRID_S60_W050,-60,-50,2025,2,2025-02-01,0.3102025451654433,31.020254516544334,0.035228405115632376,3.5228405115632375,0,VERY LOW,0
GRID_N30_W030,30,-30,2025,5,2025-05-01,0.27750641521352104,27.750641521352104,0.035220513265233386,3.5220513265233384,0,VERY LOW,0
GRID_N30_E170,30,170,2025,3,2025-03-01,0.28952424697606044,28.952424697606045,0.03521301821237388,3.521301821237388,0,VERY LOW,0
GRID_S70_E100,-70,100,2025,7,2025-07-01,0.2823254426438561,28.232544264385613,0.035197194723586414,3.5197194723586414,0,VERY LOW,0
GRID_S10_E060,-10,60,2025,3,2025-03-01,0.29172402425938765,29.172402425938763,0.03519480068878805,3.5194800688788055,0,VERY LOW,0
GRID_S70_E090,-70,90,2025,4,2025-04-01,0.2956871832069673,29.56871832069673,0.035173493453252165,3.5173493453252167,0,VERY LOW,0
GRID_N40_E130,40,130,2025,10,2025-10-01,0.28365374584441705,28.365374584441703,0.035171333340425985,3.5171333340425983,0,VERY LOW,0
GRID_N00_E170,0,170,2025,4,2025-04-01,0.28810582518995886,28.810582518995886,0.035145659086853236,3.5145659086853236,0,VERY LOW,0
GRID_S50_E160,-50,160,2025,8,2025-08-01,0.2815112986477786,28.151129864777857,0.03513800737581692,3.513800737581692,0,VERY LOW,0
GRID_S70_E010,-70,10,2025,8,2025-08-01,0.281401490013457,28.140149001345698,0.03513560789771519,3.5135607897715193,0,VERY LOW,0
GRID_N00_W100,0,-100,2025,10,2025-10-01,0.28270781221066643,28.270781221066642,0.035131881040529334,3.5131881040529334,0,VERY LOW,0
GRID_N40_W060,40,-60,2025,4,2025-04-01,0.2788611132103147,27.88611132103147,0.03513116557593163,3.513116557593163,0,VERY LOW,0
GRID_S10_E050,-10,50,2025,3,2025-03-01,0.29293527144628867,29.293527144628868,0.03512313844916158,3.512313844916158,0,VERY LOW,0
GRID_S80_W040,-80,-40,2025,6,2025-06-01,0.28284922366247117,28.284922366247116,0.03508211813913863,3.5082118139138627,0,VERY LOW,0
GRID_S60_E070,-60,70,2025,5,2025-05-01,0.28724008076675694,28.724008076675695,0.035078155004852216,3.5078155004852216,0,VERY LOW,0
GRID_N00_W060,0,-60,2025,3,2025-03-01,0.29008775115118857,29.00877511511886,0.03506317644318249,3.506317644318249,0,VERY LOW,0
GRID_N20_W070,20,-70,2025,2,2025-02-01,0.2877242751322454,28.772427513224542,0.03504727345032618,3.5047273450326184,0,VERY LOW,0
GRID_N60_E160,60,160,2025,9,2025-09-01,0.27381814649221164,27.381814649221166,0.03502790542635954,3.5027905426359545,0,VERY LOW,0
GRID_N00_W090,0,-90,2025,6,2025-06-01,0.2749100970732135,27.49100970732135,0.03502447443776984,3.502447443776984,0,VERY LOW,0
GRID_S70_E130,-70,130,2025,5,2025-05-01,0.2870727621543575,28.70727621543575,0.03500668264345166,3.500668264345166,0,VERY LOW,0
GRID_S50_E170,-50,170,2025,3,2025-03-01,0.29180499747393984,29.180499747393984,0.034985338446076555,3.4985338446076555,0,VERY LOW,1
GRID_S80_W010,-80,-10,2025,7,2025-07-01,0.2798605873044681,27.98605873044681,0.034981952250301936,3.4981952250301935,0,VERY LOW,0
GRID_S30_W080,-30,-80,2025,5,2025-05-01,0.2820120962973442,28.201209629734418,0.03495445070168092,3.495445070168092,0,VERY LOW,0
GRID_S80_W070,-80,-70,2025,4,2025-04-01,0.2894978336717845,28.94978336717845,0.03494666216967899,3.494666216967899,0,VERY LOW,0
GRID_S70_W050,-70,-50,2025,7,2025-07-01,0.27889453717365764,27.889453717365765,0.03493762086729381,3.493762086729381,0,VERY LOW,0
GRID_N00_E050,0,50,2025,9,2025-09-01,0.27903293416919034,27.903293416919034,0.03493298359446065,3.4932983594460647,0,VERY LOW,0
GRID_S70_E040,-70,40,2025,9,2025-09-01,0.2818628279547962,28.186282795479624,0.034930782476787464,3.4930782476787465,0,VERY LOW,0
GRID_N30_E100,30,100,2025,3,2025-03-01,0.28485658144676873,28.485658144676872,0.03492823230948501,3.4928232309485012,0,VERY LOW,0
GRID_N60_W170,60,-170,2025,11,2025-11-01,0.2753228287592826,27.53228287592826,0.03492307726221667,3.492307726221667,0,VERY LOW,0
GRID_S70_E070,-70,70,2025,3,2025-03-01,0.29536448763198025,29.536448763198024,0.03490989695837215,3.490989695837215,0,VERY LOW,0
GRID_N50_E010,50,10,2025,1,2025-01-01,0.2840601099833118,28.406010998331183,0.03489269577364915,3.489269577364915,0,VERY LOW,0
GRID_S60_W030,-60,-30,2025,9,2025-09-01,0.2812675015195174,28.12675015195174,0.03488270405919073,3.488270405919073,0,VERY LOW,0
GRID_N30_W040,30,-40,2025,11,2025-11-01,0.28460356446645413,28.460356446645413,0.034880889414765436,3.4880889414765437,0,VERY LOW,0
GRID_N50_W090,50,-90,2025,10,2025-10-01,0.2745199885800503,27.451998858005027,0.03487850995682617,3.4878509956826167,0,VERY LOW,0
GRID_N60_E140,60,140,2025,9,2025-09-01,0.27395228785662484,27.395228785662486,0.03486279942560284,3.4862799425602837,0,VERY LOW,0
GRID_S30_E060,-30,60,2025,8,2025-08-01,0.2780620183939793,27.806201839397932,0.0348596075551815,3.4859607555181498,0,VERY LOW,0
GRID_N10_E060,10,60,2025,11,2025-11-01,0.28613351966554934,28.613351966554934,0.034822150069228,3.4822150069228,0,VERY LOW,0
GRID_S10_E170,-10,170,2025,4,2025-04-01,0.2860095258810045,28.600952588100448,0.034815301487349154,3.4815301487349153,0,VERY LOW,0
GRID_S10_E130,-10,130,2025,3,2025-03-01,0.29150788640972647,29.150788640972646,0.0348152043529117,3.4815204352911704,0,VERY LOW,0
GRID_N10_E020,10,20,2025,1,2025-01-01,0.30087790464344466,30.087790464344465,0.034802466873549334,3.4802466873549336,0,VERY LOW,1
GRID_S70_E020,-70,20,2025,2,2025-02-01,0.29142818047064484,29.142818047064484,0.034781206149080084,3.478120614908008,0,VERY LOW,0
GRID_N60_E030,60,30,2025,9,2025-09-01,0.2693450464585645,26.93450464585645,0.03477559248397329,3.477559248397329,0,VERY LOW,0
GRID_S80_W040,-80,-40,2025,7,2025-07-01,0.2775926547143628,27.75926547143628,0.034753477228396765,3.4753477228396763,0,VERY LOW,0
GRID_N40_E110,40,110,2025,11,2025-11-01,0.2815928340176258,28.15928340176258,0.034741437510469944,3.4741437510469946,0,VERY LOW,0
GRID_N00_W110,0,-110,2025,8,2025-08-01,0.2714472251221898,27.144722512218976,0.034725750225525195,3.4725750225525194,0,VERY LOW,0
GRID_N40_E140,40,140,2025,9,2025-09-01,0.27347354237918003,27.347354237918005,0.034723992573180304,3.4723992573180302,0,VERY LOW,0
GRID_S20_W050,-20,-50,2025,11,2025-11-01,0.29217087198931074,29.217087198931075,0.03472205245663001,3.472205245663001,0,VERY LOW,1
GRID_S10_W100,-10,-100,2025,1,2025-01-01,0.29335351708701557,29.335351708701555,0.03468820526987984,3.468820526987984,0,VERY LOW,0
GRID_N60_W130,60,-130,2025,11,2025-11-01,0.29312987736263324,29.312987736263324,0.034687011123417606,3.4687011123417606,0,VERY LOW,0
GRID_N30_E140,30,140,2025,3,2025-03-01,0.2839762639313726,28.39762639313726,0.034664901758311675,3.4664901758311677,0,VERY LOW,0
GRID_N20_E070,20,70,2025,4,2025-04-01,0.2834782098126416,28.34782098126416,0.03466079474949267,3.466079474949267,0,VERY LOW,0
GRID_S70_E050,-70,50,2025,5,2025-05-01,0.283617015814216,28.3617015814216,0.03465562358570895,3.465562358570895,0,VERY LOW,0
GRID_N60_W140,60,-140,2025,3,2025-03-01,0.2728883622540554,27.28883622540554,0.034632041952092664,3.4632041952092663,0,VERY LOW,0
GRID_N10_E050,10,50,2025,4,2025-04-01,0.2810047984083312,28.10047984083312,0.034618883287316056,3.4618883287316056,0,VERY LOW,0
GRID_N00_W090,0,-90,2025,7,2025-07-01,0.2697455753408562,26.97455753408562,0.03461830036153798,3.4618300361537977,0,VERY LOW,0
GRID_S30_E160,-30,160,2025,9,2025-09-01,0.28046628207420143,28.04662820742014,0.03461136202113883,3.461136202113883,0,VERY LOW,0
GRID_N00_W130,0,-130,2025,8,2025-08-01,0.2699624493506947,26.99624493506947,0.034611039438940436,3.4611039438940434,0,VERY LOW,0
GRID_S10_E050,-10,50,2025,9,2025-09-01,0.27697696577748704,27.697696577748705,0.03460993945497343,3.4609939454973433,0,VERY LOW,0
GRID_S70_E150,-70,150,2025,8,2025-08-01,0.2766332023881769,27.66332023881769,0.034597437804359095,3.4597437804359097,0,VERY LOW,0
GRID_N10_W180,10,-180,2025,3,2025-03-01,0.2801632401814869,28.01632401814869,0.0345899288339592,3.45899288339592,0,VERY LOW,0
GRID_N30_E170,30,170,2025,9,2025-09-01,0.2736798388984582,27.36798388984582,0.03458526618194625,3.4585266181946253,0,VERY LOW,0
GRID_N20_E160,20,160,2025,2,2025-02-01,0.28442927522617445,28.442927522617445,0.03458208864220412,3.458208864220412,0,VERY LOW,0
GRID_S70_E140,-70,140,2025,11,2025-11-01,0.2838195589438747,28.381955894387467,0.03457337224177394,3.457337224177394,0,VERY LOW,0
GRID_N20_W120,20,-120,2025,9,2025-09-01,0.2703783176025243,27.03783176025243,0.03452966791714246,3.452966791714246,0,VERY LOW,0
GRID_N40_E040,40,40,2025,1,2025-01-01,0.2844088247109757,28.440882471097574,0.03452078780662281,3.452078780662281,0,VERY LOW,0
GRID_N00_E160,0,160,2025,1,2025-01-01,0.2851168445668643,28.51168445668643,0.034500451381505357,3.4500451381505357,0,VERY LOW,0
GRID_S80_W120,-80,-120,2025,8,2025-08-01,0.2748057145558622,27.480571455586222,0.034499583952927994,3.4499583952927995,0,VERY LOW,0
GRID_N30_E040,30,40,2025,3,2025-03-01,0.28028273416752636,28.028273416752636,0.034497661470500415,3.4497661470500414,0,VERY LOW,0
GRID_S20_W160,-20,-160,2025,4,2025-04-01,0.2795775448086534,27.957754480865336,0.03449206299511097,3.449206299511097,0,VERY LOW,0
GRID_S30_E010,-30,10,2025,8,2025-08-01,0.27430344783856747,27.430344783856746,0.034490658997259296,3.44906589972593,0,VERY LOW,0
GRID_N20_W030,20,-30,2025,4,2025-04-01,0.27701377660754123,27.701377660754122,0.03448508441014029,3.4485084410140288,0,VERY LOW,0
GRID_S10_W100,-10,-100,2025,10,2025-10-01,0.2779909568650677,27.79909568650677,0.034481867355191646,3.4481867355191644,0,VERY LOW,0
GRID_S80_W110,-80,-110,2025,11,2025-11-01,0.28812310250646966,28.812310250646966,0.03447644197617535,3.447644197617535,0,VERY LOW,0
GRID_N50_W090,50,-90,2025,3,2025-03-01,0.2745899054504045,27.45899054504045,0.03447591140297089,3.447591140297089,0,VERY LOW,1
GRID_N50_E040,50,40,2025,9,2025-09-01,0.26807116955990784,26.807116955990786,0.03442696501293058,3.4426965012930575,0,VERY LOW,0
GRID_S30_W170,-30,-170,2025,5,2025-05-01,0.27521025715558556,27.521025715558554,0.03442616912674522,3.442616912674522,0,VERY LOW,0
GRID_N20_W040,20,-40,2025,4,2025-04-01,0.2762612892097115,27.626128920971148,0.03442480669422865,3.442480669422865,0,VERY LOW,0
GRID_S50_W070,-50,-70,2025,5,2025-05-01,0.2800280930893444,28.002809308934438,0.034424112626296424,3.4424112626296424,0,VERY LOW,0
GRID_S80_W060,-80,-60,2025,4,2025-04-01,0.2848892289739521,28.48892289739521,0.03442286645431943,3.442286645431943,0,VERY LOW,0
GRID_N40_W040,40,-40,2025,8,2025-08-01,0.26451747170451767,26.451747170451767,0.03439732555891112,3.439732555891112,0,VERY LOW,0
GRID_S80_W140,-80,-140,2025,6,2025-06-01,0.2752841153922976,27.528411539229758,0.03438743866702902,3.438743866702902,0,VERY LOW,0
GRID_S40_E030,-40,30,2025,6,2025-06-01,0.2757385561535965,27.573855615359648,0.03437420657180928,3.437420657180928,0,VERY LOW,0
GRID_S70_E040,-70,40,2025,3,2025-03-01,0.29030807339072223,29.030807339072222,0.034352364785810205,3.4352364785810203,0,VERY LOW,0
GRID_N10_E170,10,170,2025,2,2025-02-01,0.2831117000557688,28.31117000557688,0.03434606093446125,3.434606093446125,0,VERY LOW,0
GRID_S70_W060,-70,-60,2025,2,2025-02-01,0.28991665222116986,28.991665222116985,0.03434244170850019,3.434244170850019,0,VERY LOW,0
GRID_S10_E130,-10,130,2025,10,2025-10-01,0.278776330326302,27.8776330326302,0.034339435852195864,3.4339435852195863,0,VERY LOW,0
GRID_N70_E140,70,140,2025,10,2025-10-01,0.2688163668109717,26.88163668109717,0.03433784410422341,3.4337844104223407,0,VERY LOW,0
GRID_N00_W180,0,-180,2025,8,2025-08-01,0.26627298049493975,26.627298049493973,0.03433737211834733,3.433737211834733,0,VERY LOW,0
GRID_N00_E060,0,60,2025,4,2025-04-01,0.2796968860509657,27.96968860509657,0.034328747190636014,3.4328747190636015,0,VERY LOW,0
GRID_S50_E140,-50,140,2025,8,2025-08-01,0.2776230557864513,27.76230557864513,0.03432765154657553,3.432765154657553,0,VERY LOW,0
GRID_N50_W090,50,-90,2025,11,2025-11-01,0.27246102317971166,27.246102317971165,0.03431645029204498,3.4316450292044975,0,VERY LOW,0
GRID_N60_W050,60,-50,2025,9,2025-09-01,0.26346598407835453,26.346598407835454,0.0343023110310963,3.43023110310963,0,VERY LOW,0
GRID_N40_E080,40,80,2025,9,2025-09-01,0.26901371525337514,26.901371525337513,0.03430004648068701,3.430004648068701,0,VERY LOW,0
GRID_N00_W120,0,-120,2025,3,2025-03-01,0.28194098060274697,28.194098060274698,0.03428732884538384,3.428732884538384,0,VERY LOW,0
GRID_N30_E110,30,110,2025,2,2025-02-01,0.2819770522726483,28.19770522726483,0.034279732409912764,3.4279732409912764,0,VERY LOW,0
GRID_S70_E000,-70,0,2025,5,2025-05-01,0.2798124608517006,27.98124608517006,0.034275345361160246,3.4275345361160245,0,VERY LOW,0
GRID_N20_E060,20,60,2025,1,2025-01-01,0.2830400855774454,28.30400855774454,0.034271957097109285,3.4271957097109285,0,VERY LOW,0
GRID_S80_W160,-80,-160,2025,6,2025-06-01,0.2737862392880372,27.37862392880372,0.03425820312789289,3.425820312789289,0,VERY LOW,0
GRID_N60_W060,60,-60,2025,9,2025-09-01,0.26273692437296736,26.273692437296738,0.034246535250766125,3.4246535250766126,0,VERY LOW,0
GRID_N20_E170,20,170,2025,9,2025-09-01,0.2716484518111375,27.16484518111375,0.03424127731733955,3.424127731733955,0,VERY LOW,0
GRID_S70_E090,-70,90,2025,3,2025-03-01,0.29595977608172375,29.595977608172376,0.034235877633072634,3.4235877633072636,0,VERY LOW,0
GRID_N30_W060,30,-60,2025,10,2025-10-01,0.27132295881594876,27.132295881594874,0.03422788440043084,3.4227884400430844,0,VERY LOW,0
GRID_N00_W050,0,-50,2025,2,2025-02-01,0.28435738453268966,28.435738453268968,0.03421880985422042,3.421880985422042,0,VERY LOW,0
GRID_S40_W060,-40,-60,2025,10,2025-10-01,0.27886593585538666,27.886593585538666,0.0342108583450839,3.42108583450839,0,VERY LOW,0
GRID_S30_E170,-30,170,2025,4,2025-04-01,0.28184448504385756,28.184448504385756,0.03420581614022509,3.4205816140225087,0,VERY LOW,0
GRID_S70_E100,-70,100,2025,5,2025-05-01,0.279448668914224,27.9448668914224,0.03416224350490689,3.416224350490689,0,VERY LOW,0
GRID_S60_E070,-60,70,2025,8,2025-08-01,0.2726807217996743,27.26807217996743,0.03413702236720072,3.413702236720072,0,VERY LOW,0
GRID_N00_W100,0,-100,2025,2,2025-02-01,0.2812580547960354,28.12580547960354,0.03413310350129235,3.4133103501292354,0,VERY LOW,0
GRID_S70_E130,-70,130,2025,8,2025-08-01,0.2725186414702831,27.25186414702831,0.034123690337729065,3.4123690337729067,0,VERY LOW,0
GRID_S70_E010,-70,10,2025,9,2025-09-01,0.2812950479497906,28.12950479497906,0.03410976181665611,3.4109761816656112,0,VERY LOW,0
GRID_N20_E100,20,100,2025,2,2025-02-01,0.2798596040767361,27.98596040767361,0.03408933390554981,3.408933390554981,0,VERY LOW,1
GRID_S20_W070,-20,-70,2025,11,2025-11-01,0.2944395936331552,29.44395936331552,0.034075054680910835,3.4075054680910837,0,VERY LOW,1
GRID_N30_W030,30,-30,2025,8,2025-08-01,0.26325820045402437,26.325820045402438,0.03404948429553702,3.4049484295537025,0,VERY LOW,0
GRID_S80_W140,-80,-140,2025,7,2025-07-01,0.27011518478581964,27.011518478581962,0.0340461278035864,3.40461278035864,0,VERY LOW,0
GRID_S80_W010,-80,-10,2025,8,2025-08-01,0.2749768644898579,27.497686448985792,0.03403943219493688,3.403943219493688,0,VERY LOW,0
GRID_N50_W110,50,-110,2025,1,2025-01-01,0.2984477135122919,29.844771351229188,0.03403365096148715,3.403365096148715,0,VERY LOW,0
GRID_S40_E030,-40,30,2025,7,2025-07-01,0.27056427830434276,27.056427830434277,0.034025695015776555,3.4025695015776556,0,VERY LOW,0
GRID_N50_W180,50,-180,2025,3,2025-03-01,0.26790028641467095,26.790028641467096,0.03398650079204093,3.398650079204093,0,VERY LOW,0
GRID_S40_W070,-40,-70,2025,2,2025-02-01,0.29235984779999374,29.235984779999374,0.033977879403886316,3.3977879403886315,0,VERY LOW,0
GRID_N50_E020,50,20,2025,2,2025-02-01,0.2747240335424436,27.472403354244364,0.03397518052660453,3.397518052660453,0,VERY LOW,0
GRID_S50_W070,-50,-70,2025,2,2025-02-01,0.2974098377604522,29.740983776045223,0.033964493000717064,3.396449300071706,0,VERY LOW,0
GRID_N60_W020,60,-20,2025,4,2025-04-01,0.2655707483962609,26.55707483962609,0.033961708691780945,3.3961708691780945,0,VERY LOW,0
GRID_S80_W010,-80,-10,2025,5,2025-05-01,0.27699923548974736,27.699923548974738,0.033943632181907345,3.3943632181907346,0,VERY LOW,0
GRID_S70_W050,-70,-50,2025,5,2025-05-01,0.2760392764277799,27.603927642777993,0.03391596263287633,3.391596263287633,0,VERY LOW,0
GRID_S40_E130,-40,130,2025,1,2025-01-01,0.284450089227766,28.445008922776598,0.03391487949563442,3.391487949563442,0,VERY LOW,1
GRID_S80_W160,-80,-160,2025,7,2025-07-01,0.2686350085290296,26.86350085290296,0.033914373785381965,3.3914373785381966,0,VERY LOW,0
GRID_S80_W070,-80,-70,2025,3,2025-03-01,0.28976706813523506,28.976706813523506,0.033909199966142965,3.3909199966142967,0,VERY LOW,0
GRID_N50_W150,50,-150,2025,3,2025-03-01,0.26942498436008816,26.942498436008815,0.03390689240220285,3.3906892402202846,0,VERY LOW,0
GRID_S30_W080,-30,-80,2025,8,2025-08-01,0.2676182329483342,26.76182329483342,0.03387829813325882,3.387829813325882,0,VERY LOW,0
GRID_N20_W030,20,-30,2025,9,2025-09-01,0.26906606606891986,26.906606606891987,0.033868073990840505,3.3868073990840504,0,VERY LOW,0
GRID_S10_W060,-10,-60,2025,10,2025-10-01,0.2951278067584472,29.51278067584472,0.033866920193758795,3.3866920193758796,0,VERY LOW,0
GRID_N10_W170,10,-170,2025,9,2025-09-01,0.2646868519046142,26.46868519046142,0.03386225532529282,3.386225532529282,0,VERY LOW,0
GRID_S40_E020,-40,20,2025,1,2025-01-01,0.29323110228006916,29.323110228006914,0.033846092004054196,3.3846092004054196,0,VERY LOW,0
GRID_S70_W070,-70,-70,2025,3,2025-03-01,0.28208215807872034,28.208215807872033,0.03384420936710185,3.384420936710185,0,VERY LOW,0
GRID_S70_E030,-70,30,2025,10,2025-10-01,0.2773976128885724,27.73976128885724,0.03382436118570349,3.3824361185703493,0,VERY LOW,0
GRID_N50_E030,50,30,2025,4,2025-04-01,0.2672434340238447,26.72434340238447,0.033822099353674764,3.3822099353674764,0,VERY LOW,0
GRID_N30_E000,30,0,2025,1,2025-01-01,0.2765192445664054,27.651924456640543,0.03379918302229671,3.379918302229671,0,VERY LOW,0
GRID_N50_E090,50,90,2025,10,2025-10-01,0.2662659455951891,26.626594559518914,0.033797751125019,3.3797751125019,0,VERY LOW,0
GRID_N00_W020,0,-20,2025,4,2025-04-01,0.2736765048530853,27.36765048530853,0.0337967582779138,3.37967582779138,0,VERY LOW,0
GRID_S70_E060,-70,60,2025,6,2025-06-01,0.2718716199752196,27.187161997521958,0.03376228861514548,3.376228861514548,0,VERY LOW,0
GRID_N70_E140,70,140,2025,1,2025-01-01,0.2755313869681777,27.55313869681777,0.0337497533326616,3.37497533326616,0,VERY LOW,0
GRID_S70_E050,-70,50,2025,8,2025-08-01,0.26917194726623783,26.917194726623784,0.03374316641961633,3.3743166419616335,0,VERY LOW,0
GRID_S80_W040,-80,-40,2025,5,2025-05-01,0.2747456441565698,27.47456441565698,0.03372378790180687,3.372378790180687,0,VERY LOW,0
GRID_S70_E110,-70,110,2025,3,2025-03-01,0.28739469409566243,28.739469409566244,0.03371578258251453,3.371578258251453,0,VERY LOW,0
GRID_S60_W080,-60,-80,2025,4,2025-04-01,0.2773895620925648,27.738956209256482,0.03371441077617033,3.371441077617033,0,VERY LOW,0
GRID_N60_E100,60,100,2025,9,2025-09-01,0.26166966768284217,26.166966768284215,0.033701988979551754,3.3701988979551754,0,VERY LOW,0
GRID_N00_W090,0,-90,2025,5,2025-05-01,0.26694930535669303,26.694930535669304,0.03368710433170332,3.368710433170332,0,VERY LOW,0
GRID_S40_W060,-40,-60,2025,3,2025-03-01,0.27893653401377305,27.893653401377307,0.03366653970896066,3.366653970896066,0,VERY LOW,0
GRID_S10_E160,-10,160,2025,2,2025-02-01,0.27821661022424454,27.821661022424454,0.03366515556993369,3.3665155569933694,0,VERY LOW,0
GRID_N60_E010,60,10,2025,10,2025-10-01,0.2624078565245456,26.240785652454562,0.03365426977778315,3.365426977778315,0,VERY LOW,0
GRID_S80_W080,-80,-80,2025,9,2025-09-01,0.2726949196616408,27.26949196616408,0.033653501134197614,3.3653501134197614,0,VERY LOW,0
GRID_N10_E060,10,60,2025,1,2025-01-01,0.2769347787780061,27.69347787780061,0.033627145094239676,3.3627145094239674,0,VERY LOW,0
GRID_S80_W020,-80,-20,2025,4,2025-04-01,0.27780590196137966,27.780590196137965,0.03362542737955687,3.362542737955687,0,VERY LOW,0
GRID_N00_E170,0,170,2025,9,2025-09-01,0.2676141587810201,26.761415878102007,0.03360647845088684,3.3606478450886836,0,VERY LOW,0
GRID_N40_W030,40,-30,2025,9,2025-09-01,0.26095775032368096,26.095775032368095,0.03359725879032863,3.3597258790328626,0,VERY LOW,0
GRID_N60_E110,60,110,2025,9,2025-09-01,0.2619189164909103,26.19189164909103,0.03359594679916552,3.359594679916552,0,VERY LOW,0
GRID_N60_E000,60,0,2025,10,2025-10-01,0.2616806845638073,26.168068456380727,0.03359110905584496,3.359110905584496,0,VERY LOW,0
GRID_S50_E160,-50,160,2025,4,2025-04-01,0.27696284083010164,27.696284083010163,0.03357994774784655,3.357994774784655,0,VERY LOW,0
GRID_N40_E050,40,50,2025,4,2025-04-01,0.26671067451609437,26.67106745160944,0.03353736350571986,3.353736350571986,0,VERY LOW,0
GRID_N20_W050,20,-50,2025,3,2025-03-01,0.27147613410663823,27.147613410663823,0.033527200879979735,3.3527200879979735,0,VERY LOW,0
GRID_S70_E010,-70,10,2025,4,2025-04-01,0.27685412275174726,27.685412275174727,0.03352025069869184,3.352025069869184,0,VERY LOW,0
GRID_S40_W090,-40,-90,2025,8,2025-08-01,0.26488251595917667,26.488251595917667,0.033506969291535724,3.3506969291535724,0,VERY LOW,0
GRID_N00_E050,0,50,2025,3,2025-03-01,0.27487482375255246,27.487482375255247,0.03350577272373079,3.3505772723730787,0,VERY LOW,0
GRID_S80_W070,-80,-70,2025,9,2025-09-01,0.2689445636752362,26.894456367523624,0.033503666463474455,3.3503666463474455,0,VERY LOW,0
GRID_S60_W050,-60,-50,2025,9,2025-09-01,0.2711818023148554,27.11818023148554,0.03348239284741083,3.3482392847410827,0,VERY LOW,0
GRID_N50_W070,50,-70,2025,9,2025-09-01,0.2575136742678178,25.75136742678178,0.03346758406621303,3.346758406621303,0,VERY LOW,0
GRID_S80_W110,-80,-110,2025,1,2025-01-01,0.27888538761135284,27.888538761135283,0.03345794947821762,3.345794947821762,0,VERY LOW,0
GRID_S70_E060,-70,60,2025,7,2025-07-01,0.26674318082905135,26.674318082905135,0.033454669010609284,3.345466901060928,0,VERY LOW,0
GRID_N00_E100,0,100,2025,2,2025-02-01,0.27574953363855365,27.574953363855364,0.03345146401516922,3.345146401516922,0,VERY LOW,0
GRID_S80_W180,-80,-180,2025,10,2025-10-01,0.28402240882601,28.402240882601,0.033433914884845414,3.3433914884845413,0,VERY LOW,0
GRID_N60_E030,60,30,2025,3,2025-03-01,0.2652781838948758,26.527818389487578,0.033424048191859956,3.3424048191859956,0,VERY LOW,0
GRID_N50_W080,50,-80,2025,9,2025-09-01,0.25679534298798984,25.679534298798984,0.03341256336880581,3.341256336880581,0,VERY LOW,0
GRID_S70_W060,-70,-60,2025,10,2025-10-01,0.27136077794914776,27.136077794914776,0.03339889863486189,3.3398898634861887,0,VERY LOW,0
GRID_N40_E140,40,140,2025,3,2025-03-01,0.26936732464142377,26.936732464142377,0.03339213632142017,3.339213632142017,0,VERY LOW,0
GRID_S20_W170,-20,-170,2025,10,2025-10-01,0.2681259733026658,26.81259733026658,0.03339010585342771,3.3390105853427707,0,VERY LOW,0
GRID_N00_W100,0,-100,2025,1,2025-01-01,0.2779057944009144,27.790579440091438,0.03337117481140724,3.3371174811407243,0,VERY LOW,0
GRID_S30_E060,-30,60,2025,4,2025-04-01,0.27354807327690106,27.354807327690107,0.03335431056613401,3.3354310566134013,0,VERY LOW,0
GRID_N30_W020,30,-20,2025,2,2025-02-01,0.27355609852484575,27.355609852484577,0.03335056194809706,3.335056194809706,0,VERY LOW,0
GRID_S70_E000,-70,0,2025,8,2025-08-01,0.2654893530366749,26.54893530366749,0.03334869321665972,3.3348693216659715,0,VERY LOW,0
GRID_N50_W150,50,-150,2025,9,2025-09-01,0.25428683963040544,25.428683963040545,0.03334696165571875,3.334696165571875,0,VERY LOW,0
GRID_S60_W030,-60,-30,2025,3,2025-03-01,0.2770888897572662,27.70888897572662,0.03334046279951362,3.3340462799513624,0,VERY LOW,0
GRID_S80_W130,-80,-130,2025,9,2025-09-01,0.2670953856729331,26.70953856729331,0.033335643922561144,3.3335643922561142,0,VERY LOW,0
GRID_S30_W170,-30,-170,2025,8,2025-08-01,0.26103734079409524,26.103734079409524,0.033329444903213726,3.3329444903213727,0,VERY LOW,0
GRID_S10_W040,-10,-40,2025,4,2025-04-01,0.27015967637751287,27.015967637751288,0.033319997794927045,3.3319997794927043,0,VERY LOW,0
GRID_S20_W040,-20,-40,2025,11,2025-11-01,0.2803287843720733,28.03287843720733,0.0333191385477857,3.33191385477857,0,VERY LOW,0
GRID_S10_E170,-10,170,2025,9,2025-09-01,0.2656113296959419,26.56113296959419,0.03331542009001931,3.331542009001931,0,VERY LOW,0
GRID_N30_W060,30,-60,2025,2,2025-02-01,0.27127272032385746,27.127272032385747,0.03331118066262451,3.3311180662624507,0,VERY LOW,0
GRID_S50_E140,-50,140,2025,11,2025-11-01,0.27979770605862453,27.979770605862452,0.03329463591184225,3.329463591184225,0,VERY LOW,0
GRID_S70_E100,-70,100,2025,8,2025-08-01,0.26513732732010603,26.513732732010602,0.03328425158407602,3.328425158407602,0,VERY LOW,0
GRID_S70_E110,-70,110,2025,9,2025-09-01,0.2666786561570675,26.66786561570675,0.03327646490460199,3.327646490460199,0,VERY LOW,0
GRID_S70_E070,-70,70,2025,10,2025-10-01,0.27302076065724057,27.30207606572406,0.033275561617973556,3.3275561617973555,0,VERY LOW,0
GRID_N30_E070,30,70,2025,4,2025-04-01,0.26617859127798116,26.617859127798116,0.03327550156313874,3.3275501563138743,0,VERY LOW,1
GRID_N50_W070,50,-70,2025,2,2025-02-01,0.26922967551217575,26.922967551217575,0.0332697009649348,3.3269700964934796,0,VERY LOW,0
GRID_N00_W110,0,-110,2025,4,2025-04-01,0.2670009478398867,26.70009478398867,0.03325731431120686,3.325731431120686,0,VERY LOW,0
GRID_N20_W070,20,-70,2025,1,2025-01-01,0.2718567142190491,27.18567142190491,0.0332449661892461,3.3244966189246097,0,VERY LOW,0
GRID_N00_W050,0,-50,2025,10,2025-10-01,0.2660240243481325,26.60240243481325,0.033228139110991275,3.3228139110991277,0,VERY LOW,0
GRID_N50_E020,50,20,2025,1,2025-01-01,0.2714202417276937,27.142024172769368,0.0332267506107856,3.3226750610785603,0,VERY LOW,0
GRID_N30_E060,30,60,2025,4,2025-04-01,0.265444730526542,26.5444730526542,0.033211827486100055,3.3211827486100054,0,VERY LOW,0
GRID_N50_W180,50,-180,2025,10,2025-10-01,0.25863700787972677,25.863700787972675,0.03317490857377729,3.317490857377729,0,VERY LOW,0
GRID_S70_E020,-70,20,2025,11,2025-11-01,0.27212759597606007,27.212759597606006,0.03317030959472572,3.3170309594725724,0,VERY LOW,0
GRID_N00_W130,0,-130,2025,4,2025-04-01,0.2655316285918689,26.55316285918689,0.03314560157967336,3.3145601579673363,0,VERY LOW,0
GRID_N30_E100,30,100,2025,10,2025-10-01,0.26301105262937235,26.301105262937234,0.03314248607475049,3.314248607475049,0,VERY LOW,0
GRID_N60_W110,60,-110,2025,2,2025-02-01,0.2692443761183757,26.924437611837572,0.03312966744027144,3.3129667440271438,0,VERY LOW,0
GRID_S40_E150,-40,150,2025,3,2025-03-01,0.27420392325217513,27.420392325217513,0.0331246794040916,3.3124679404091597,0,VERY LOW,1
GRID_S10_E160,-10,160,2025,11,2025-11-01,0.2715831074347678,27.158310743476783,0.03312224873241548,3.312224873241548,0,VERY LOW,0
GRID_N40_E070,40,70,2025,11,2025-11-01,0.2655073682827958,26.550736828279582,0.03311901037163216,3.311901037163216,0,VERY LOW,0
GRID_S60_W070,-60,-70,2025,6,2025-06-01,0.26428994344126017,26.428994344126018,0.03311537093977597,3.311537093977597,0,VERY LOW,0
GRID_N20_W120,20,-120,2025,3,2025-03-01,0.2663015398471664,26.630153984716642,0.03310395528593994,3.310395528593994,0,VERY LOW,0
GRID_S80_W030,-80,-30,2025,11,2025-11-01,0.2715789212135861,27.15789212135861,0.03309752502161274,3.3097525021612744,0,VERY LOW,0
GRID_N50_E040,50,40,2025,3,2025-03-01,0.26401659117338755,26.401659117338756,0.033087939949892356,3.3087939949892355,0,VERY LOW,0
GRID_S70_E060,-70,60,2025,11,2025-11-01,0.28360268044379655,28.360268044379655,0.03308131884916342,3.308131884916342,0,VERY LOW,0
GRID_S40_E030,-40,30,2025,5,2025-05-01,0.26776263328927574,26.776263328927573,0.03307698031166025,3.307698031166025,0,VERY LOW,0
GRID_N50_E070,50,70,2025,3,2025-03-01,0.26634655202629065,26.634655202629066,0.03305514272543541,3.3055142725435407,0,VERY LOW,0
GRID_S80_W140,-80,-140,2025,5,2025-05-01,0.2673164858637734,26.73164858637734,0.03304345045230245,3.304345045230245,0,VERY LOW,0
GRID_N30_E110,30,110,2025,11,2025-11-01,0.26509651253620614,26.509651253620614,0.033030040713236106,3.3030040713236106,0,VERY LOW,0
GRID_N10_E050,10,50,2025,9,2025-09-01,0.26083314399441104,26.083314399441104,0.033027508317374714,3.3027508317374714,0,VERY LOW,0
GRID_S70_E150,-70,150,2025,4,2025-04-01,0.2721337088266204,27.21337088266204,0.033016907541882724,3.3016907541882725,0,VERY LOW,0
GRID_N40_W040,40,-40,2025,4,2025-04-01,0.26014417255772754,26.014417255772752,0.03301227490942439,3.301227490942439,0,VERY LOW,0
GRID_S80_W060,-80,-60,2025,9,2025-09-01,0.2645413286843613,26.45413286843613,0.03300479006150539,3.300479006150539,0,VERY LOW,0
GRID_S30_E010,-30,10,2025,4,2025-04-01,0.2698277131396734,26.98277131396734,0.03300032406698695,3.300032406698695,0,VERY LOW,0
GRID_S70_W050,-70,-50,2025,8,2025-08-01,0.2618390902698048,26.18390902698048,0.032975132215885564,3.2975132215885563,0,VERY LOW,0
GRID_N40_E080,40,80,2025,3,2025-03-01,0.2649500413725605,26.49500413725605,0.032970371844626145,3.2970371844626145,0,VERY LOW,0
GRID_N50_E090,50,90,2025,2,2025-02-01,0.26621630137325775,26.621630137325774,0.03295440849846131,3.295440849846131,0,VERY LOW,0
GRID_N00_W030,0,-30,2025,3,2025-03-01,0.2689194854233755,26.891948542337552,0.03294970505345603,3.294970505345603,0,VERY LOW,0
GRID_N60_W050,60,-50,2025,3,2025-03-01,0.25945636818299933,25.94563681829993,0.03294635809250206,3.2946358092502055,0,VERY LOW,0
GRID_N40_E070,40,70,2025,3,2025-03-01,0.2655631656507597,26.55631656507597,0.032935434639820856,3.2935434639820858,0,VERY LOW,0
GRID_N20_E160,20,160,2025,1,2025-01-01,0.2686748848280896,26.86748848280896,0.032929497636408664,3.2929497636408662,0,VERY LOW,0
GRID_S80_W160,-80,-160,2025,5,2025-05-01,0.26584605996448235,26.584605996448236,0.03291677993902436,3.291677993902436,0,VERY LOW,0
GRID_N20_E170,20,170,2025,3,2025-03-01,0.26755954582537833,26.755954582537832,0.03291482994948351,3.291482994948351,0,VERY LOW,0
GRID_S80_W120,-80,-120,2025,4,2025-04-01,0.27032483730769946,27.032483730769947,0.032901993764919805,3.2901993764919806,0,VERY LOW,0
GRID_N60_W060,60,-60,2025,3,2025-03-01,0.25873450618531113,25.873450618531113,0.03288993158613644,3.288993158613644,0,VERY LOW,0
GRID_N00_W180,0,-180,2025,4,2025-04-01,0.2618809918098337,26.18809918098337,0.0328788859207864,3.28788859207864,0,VERY LOW,0
GRID_S20_W160,-20,-160,2025,9,2025-09-01,0.2594713707424469,25.94713707424469,0.0328708397605772,3.28708397605772,0,VERY LOW,0
GRID_S10_E040,-10,40,2025,3,2025-03-01,0.27139564472691613,27.139564472691614,0.03284453694622837,3.2844536946228367,0,VERY LOW,0
GRID_N50_E000,50,0,2025,3,2025-03-01,0.26110423413946005,26.110423413946005,0.032837429941945794,3.2837429941945793,0,VERY LOW,0
GRID_S70_E100,-70,100,2025,3,2025-03-01,0.28567285311684876,28.567285311684877,0.032823801587912455,3.2823801587912453,0,VERY LOW,0
GRID_N10_E170,10,170,2025,11,2025-11-01,0.2641565642653143,26.41565642653143,0.032819855476108425,3.2819855476108426,0,VERY LOW,0
GRID_S80_W040,-80,-40,2025,8,2025-08-01,0.26058805209502145,26.058805209502147,0.032818804262289086,3.2818804262289087,0,VERY LOW,0
GRID_N40_E130,40,130,2025,11,2025-11-01,0.2632844889448196,26.32844889448196,0.03281660105769123,3.281660105769123,0,VERY LOW,0
GRID_S70_E090,-70,90,2025,9,2025-09-01,0.26265839448579065,26.265839448579065,0.032816481216212265,3.2816481216212265,0,VERY LOW,0
GRID_N00_E100,0,100,2025,1,2025-01-01,0.27243804181487197,27.243804181487196,0.032813000912364804,3.2813000912364805,0,VERY LOW,0
GRID_N50_E100,50,100,2025,2,2025-02-01,0.2649159459162974,26.49159459162974,0.03280645963083369,3.280645963083369,0,VERY LOW,0
GRID_N30_W060,30,-60,2025,11,2025-11-01,0.2634018961663152,26.34018961663152,0.032797764146919525,3.2797764146919524,0,VERY LOW,0
GRID_N20_W040,20,-40,2025,9,2025-09-01,0.25630875797149727,25.630875797149727,0.03278700240356044,3.2787002403560437,0,VERY LOW,0
GRID_S30_E170,-30,170,2025,9,2025-09-01,0.261634488353975,26.163448835397503,0.03278542992615472,3.278542992615472,0,VERY LOW,0
GRID_S60_W070,-60,-70,2025,7,2025-07-01,0.25925359917770624,25.925359917770624,0.03278089837340669,3.278089837340669,0,VERY LOW,0
GRID_N20_E050,20,50,2025,4,2025-04-01,0.2627232617459895,26.27232617459895,0.03277686951248021,3.277686951248021,0,VERY LOW,0
GRID_N00_E060,0,60,2025,9,2025-09-01,0.2595852219129458,25.95852219129458,0.032775681202099866,3.2775681202099864,0,VERY LOW,0
GRID_N10_W180,10,-180,2025,10,2025-10-01,0.2585475152153091,25.85475152153091,0.03275595976786731,3.275595976786731,0,VERY LOW,0
GRID_N60_E010,60,10,2025,2,2025-02-01,0.26102431716269325,26.102431716269326,0.0327524636454346,3.2752463645434595,0,VERY LOW,0
GRID_S70_W060,-70,-60,2025,1,2025-01-01,0.2739746912496622,27.39746912496622,0.03274357114643052,3.274357114643052,0,VERY LOW,0
GRID_N50_E060,50,60,2025,2,2025-02-01,0.2640184017799316,26.401840177993158,0.032740599697375236,3.2740599697375234,0,VERY LOW,0
GRID_N10_E170,10,170,2025,1,2025-01-01,0.267403017498505,26.7403017498505,0.03272591658185488,3.2725916581854877,0,VERY LOW,0
GRID_N30_E150,30,150,2025,2,2025-02-01,0.26662205876434375,26.662205876434374,0.03271486156976722,3.2714861569767217,0,VERY LOW,0
GRID_S30_E040,-30,40,2025,10,2025-10-01,0.26594456136199773,26.594456136199774,0.03271289961977812,3.271289961977812,0,VERY LOW,0
GRID_N60_E000,60,0,2025,2,2025-02-01,0.2602996261641913,26.029962616419127,0.03268744199700955,3.2687441997009548,0,VERY LOW,0
GRID_N00_E040,0,40,2025,9,2025-09-01,0.25946713738884997,25.946713738884995,0.032679601393607226,3.2679601393607225,0,VERY LOW,0
GRID_N30_W030,30,-30,2025,4,2025-04-01,0.25889839221995053,25.889839221995054,0.03267259746402085,3.2672597464020847,0,VERY LOW,0
GRID_S80_W050,-80,-50,2025,10,2025-10-01,0.266809622955598,26.6809622955598,0.03264621076883468,3.264621076883468,0,VERY LOW,0
GRID_S10_W060,-10,-60,2025,11,2025-11-01,0.2977573076562337,29.775730765623372,0.03264365043704413,3.264365043704413,0,VERY LOW,0
GRID_N30_E110,30,110,2025,1,2025-01-01,0.2663079395085694,26.63079395085694,0.03262211763140453,3.2622117631404532,0,VERY LOW,0
GRID_N00_W100,0,-100,2025,11,2025-11-01,0.26238160265628413,26.238160265628412,0.032605507792972756,3.2605507792972754,0,VERY LOW,0
GRID_S60_E070,-60,70,2025,4,2025-04-01,0.26822167841221395,26.822167841221393,0.03260528327754743,3.2605283277547428,0,VERY LOW,0
GRID_N50_W010,50,-10,2025,1,2025-01-01,0.26220229690333213,26.220229690333213,0.032604109902902065,3.2604109902902065,0,VERY LOW,0
GRID_N00_W090,0,-90,2025,8,2025-08-01,0.25305328207511396,25.305328207511398,0.03259260645895158,3.259260645895158,0,VERY LOW,1
GRID_S70_E130,-70,130,2025,4,2025-04-01,0.26806127167335825,26.806127167335823,0.03256727841936412,3.256727841936412,0,VERY LOW,0
GRID_S10_E060,-10,60,2025,2,2025-02-01,0.26814283462118726,26.814283462118727,0.03255120614004563,3.2551206140045625,0,VERY LOW,0
GRID_N00_W050,0,-50,2025,1,2025-01-01,0.2686054813945163,26.86054813945163,0.03251952697201717,3.251952697201717,0,VERY LOW,0
GRID_S10_E050,-10,50,2025,2,2025-02-01,0.2692933982454743,26.929339824547434,0.032507700205290826,3.2507700205290826,0,VERY LOW,0
GRID_S70_E060,-70,60,2025,5,2025-05-01,0.2639667842477213,26.39667842477213,0.03248371730617731,3.248371730617731,0,VERY LOW,0
GRID_N10_W170,10,-170,2025,3,2025-03-01,0.2606652315866428,26.06652315866428,0.03245098300479877,3.245098300479877,0,VERY LOW,0
GRID_N20_E100,20,100,2025,1,2025-01-01,0.26426484962053914,26.426484962053916,0.032432387595392284,3.2432387595392282,0,VERY LOW,0
GRID_S30_W080,-30,-80,2025,4,2025-04-01,0.2632120151815996,26.32120151815996,0.03241260659676566,3.2412606596765663,0,VERY LOW,0
GRID_S30_E170,-30,170,2025,3,2025-03-01,0.2697012670862496,26.97012670862496,0.03238475563450051,3.238475563450051,0,VERY LOW,0
GRID_N20_E090,20,90,2025,1,2025-01-01,0.2635343702685757,26.353437026857566,0.03235246809236389,3.235246809236389,0,VERY LOW,1
GRID_S10_E040,-10,40,2025,9,2025-09-01,0.2561856020084683,25.61856020084683,0.03232872804887046,3.232872804887046,0,VERY LOW,1
GRID_N30_W020,30,-20,2025,10,2025-10-01,0.25435826642529774,25.435826642529776,0.03231940161013426,3.231940161013426,0,VERY LOW,0
GRID_N30_E100,30,100,2025,2,2025-02-01,0.2616254610022998,26.162546100229978,0.03230035863542434,3.230035863542434,0,VERY LOW,0
GRID_N00_E170,0,170,2025,3,2025-03-01,0.2635640036034328,26.35640036034328,0.032279686766918066,3.2279686766918068,0,VERY LOW,0
GRID_S50_W070,-50,-70,2025,9,2025-09-01,0.2593931733415025,25.939317334150253,0.03227385639520371,3.227385639520371,0,VERY LOW,0
GRID_S80_W020,-80,-20,2025,9,2025-09-01,0.2577815480159742,25.77815480159742,0.03226997117227083,3.226997117227083,0,VERY LOW,0
GRID_N40_W030,40,-30,2025,3,2025-03-01,0.2569729884859191,25.69729884859191,0.03226923519890669,3.226923519890669,0,VERY LOW,0
GRID_S60_W080,-60,-80,2025,9,2025-09-01,0.2573845227675665,25.73845227675665,0.03226251183161177,3.2262511831611773,0,VERY LOW,0
GRID_S50_E160,-50,160,2025,9,2025-09-01,0.2569776319710115,25.697763197101146,0.032238234536159524,3.2238234536159522,0,VERY LOW,0
GRID_N00_W020,0,-20,2025,9,2025-09-01,0.25384517845046367,25.384517845046368,0.03223267316027224,3.2232673160272243,0,VERY LOW,0
GRID_S70_E050,-70,50,2025,4,2025-04-01,0.26474939565300953,26.474939565300954,0.032208972952471604,3.2208972952471604,0,VERY LOW,0
GRID_S70_W070,-70,-70,2025,10,2025-10-01,0.2603719327885126,26.037193278851262,0.032181258327089346,3.2181258327089344,0,VERY LOW,0
GRID_S40_E030,-40,30,2025,8,2025-08-01,0.25383893288844767,25.383893288844767,0.0321249989326418,3.2124998932641797,0,VERY LOW,0
GRID_S80_W140,-80,-140,2025,8,2025-08-01,0.25340795638652464,25.340795638652462,0.032108722676156914,3.2108722676156916,0,VERY LOW,0
GRID_S10_E160,-10,160,2025,1,2025-01-01,0.2626800139175177,26.26800139175177,0.032106362565585855,3.2106362565585855,0,VERY LOW,0
GRID_S10_W050,-10,-50,2025,2,2025-02-01,0.31729435692658076,31.729435692658075,0.03210229692281981,3.210229692281981,0,VERY LOW,0
GRID_N40_W060,40,-60,2025,3,2025-03-01,0.2548249005455157,25.482490054551572,0.032093549788896863,3.2093549788896865,0,VERY LOW,0
GRID_N30_E140,30,140,2025,2,2025-02-01,0.2607907559129987,26.079075591299873,0.03207316762757267,3.2073167627572667,0,VERY LOW,0
GRID_S40_W090,-40,-90,2025,4,2025-04-01,0.2605053191811158,26.05053191811158,0.03204315956998222,3.2043159569982222,0,VERY LOW,0
GRID_S40_W060,-40,-60,2025,2,2025-02-01,0.2680249751050528,26.80249751050528,0.032041308059190365,3.2041308059190365,0,VERY LOW,0
GRID_N70_E140,70,140,2025,11,2025-11-01,0.24914201842264141,24.91420184226414,0.032027488118443706,3.2027488118443705,0,VERY LOW,0
GRID_N00_E040,0,40,2025,4,2025-04-01,0.2580537990778927,25.805379907789273,0.032016551672732395,3.2016551672732394,0,VERY LOW,1
GRID_S10_W100,-10,-100,2025,11,2025-11-01,0.2578819552572311,25.78819552572311,0.03199698379828313,3.1996983798283125,0,VERY LOW,0
GRID_S10_E170,-10,170,2025,3,2025-03-01,0.26158065984809653,26.158065984809653,0.03198575875129141,3.1985758751291407,0,VERY LOW,0
GRID_S80_W160,-80,-160,2025,8,2025-08-01,0.2519877245690181,25.198772456901807,0.031976122879824924,3.1976122879824924,0,VERY LOW,0
GRID_N60_E160,60,160,2025,10,2025-10-01,0.24862097044622133,24.862097044622132,0.031971030769713304,3.1971030769713304,0,VERY LOW,0
GRID_S80_W170,-80,-170,2025,6,2025-06-01,0.2531505282703243,25.31505282703243,0.031947126872131915,3.1947126872131912,0,VERY LOW,1
GRID_S10_E130,-10,130,2025,11,2025-11-01,0.25863086768281573,25.863086768281573,0.03194417576360255,3.1944175763602547,0,VERY LOW,0
GRID_S30_E060,-30,60,2025,9,2025-09-01,0.2537228023786408,25.372280237864082,0.031914250316661404,3.1914250316661406,0,VERY LOW,0
GRID_S80_W180,-80,-180,2025,6,2025-06-01,0.252440229896811,25.2440229896811,0.03188785493848191,3.188785493848191,0,VERY LOW,0
GRID_S30_W170,-30,-170,2025,4,2025-04-01,0.2567014970938198,25.670149709381977,0.0318855364622855,3.18855364622855,0,VERY LOW,0
GRID_S70_W060,-70,-60,2025,11,2025-11-01,0.26343901036528783,26.343901036528784,0.031884043822788796,3.1884043822788795,0,VERY LOW,0
GRID_N30_E040,30,40,2025,2,2025-02-01,0.2572904269999318,25.729042699993183,0.03186789506033341,3.186789506033341,0,VERY LOW,0
GRID_N60_W140,60,-140,2025,2,2025-02-01,0.25029168791958045,25.029168791958046,0.031854004840670386,3.1854004840670385,0,VERY LOW,0
GRID_S60_W070,-60,-70,2025,5,2025-05-01,0.25652788545890814,25.652788545890814,0.03184721649107644,3.184721649107644,0,VERY LOW,0
GRID_S70_E000,-70,0,2025,4,2025-04-01,0.2611056900861835,26.110569008618352,0.03183608364323941,3.183608364323941,0,VERY LOW,0
GRID_N10_W180,10,-180,2025,2,2025-02-01,0.257177232710894,25.717723271089397,0.03182581412862466,3.182581412862466,0,VERY LOW,0
GRID_N00_E050,0,50,2025,10,2025-10-01,0.2535234176270536,25.35234176270536,0.03180798759550099,3.180798759550099,0,VERY LOW,0
GRID_S60_W080,-60,-80,2025,3,2025-03-01,0.26536735963612695,26.536735963612696,0.03178298184818697,3.1782981848186966,0,VERY LOW,0
GRID_S70_E040,-70,40,2025,10,2025-10-01,0.2561865293256652,25.618652932566523,0.031782281092622974,3.1782281092622973,0,VERY LOW,0
GRID_N20_W050,20,-50,2025,10,2025-10-01,0.25029760050583383,25.029760050583384,0.03177888910440739,3.177888910440739,0,VERY LOW,0
GRID_S70_E100,-70,100,2025,4,2025-04-01,0.26075741339627406,26.075741339627406,0.031770289503722314,3.1770289503722315,0,VERY LOW,0
GRID_S70_E150,-70,150,2025,9,2025-09-01,0.25237533212409946,25.237533212409947,0.03175450745691437,3.1754507456914367,0,VERY LOW,0
GRID_S70_E130,-70,130,2025,3,2025-03-01,0.2683180988120161,26.83180988120161,0.031751719736457754,3.1751719736457753,0,VERY LOW,0
GRID_N50_W090,50,-90,2025,2,2025-02-01,0.2519011464292409,25.190114642924087,0.031749877121436246,3.1749877121436247,0,VERY LOW,0
GRID_N60_E140,60,140,2025,10,2025-10-01,0.2487469962020157,24.87469962020157,0.031744895443216334,3.1744895443216334,0,VERY LOW,0
GRID_N20_E070,20,70,2025,3,2025-03-01,0.25918706487875515,25.918706487875514,0.03173723366376377,3.173723366376377,0,VERY LOW,0
GRID_S40_W060,-40,-60,2025,11,2025-11-01,0.2587163207579637,25.87163207579637,0.03173204145938826,3.173204145938826,0,VERY LOW,1
GRID_N10_E050,10,50,2025,3,2025-03-01,0.2568496235904619,25.68496235904619,0.03171790938354276,3.171790938354276,0,VERY LOW,0
GRID_S60_W030,-60,-30,2025,10,2025-10-01,0.2556261301473357,25.56261301473357,0.031707502345032154,3.1707502345032155,0,VERY LOW,0
GRID_N40_E140,40,140,2025,10,2025-10-01,0.24829723466632467,24.829723466632466,0.03168607287956192,3.168607287956192,0,VERY LOW,0
GRID_N10_W170,10,-170,2025,10,2025-10-01,0.25156615823208583,25.156615823208583,0.031683880300765514,3.1683880300765512,0,VERY LOW,0
GRID_N00_W110,0,-110,2025,9,2025-09-01,0.24748852364485407,24.74885236448541,0.03167994543783911,3.1679945437839114,0,VERY LOW,0
GRID_N60_E030,60,30,2025,10,2025-10-01,0.24442094696907024,24.442094696907024,0.0316771077758969,3.16771077758969,0,VERY LOW,0
GRID_N30_W020,30,-20,2025,1,2025-01-01,0.25818666512108723,25.818666512108724,0.031676628220380185,3.1676628220380185,0,VERY LOW,0
GRID_S70_E060,-70,60,2025,8,2025-08-01,0.25017303099329585,25.017303099329585,0.03163403926425221,3.163403926425221,0,VERY LOW,0
GRID_N00_W120,0,-120,2025,2,2025-02-01,0.258861569391198,25.886156939119797,0.03162500264948391,3.162500264948391,0,VERY LOW,0
GRID_S70_W070,-70,-70,2025,1,2025-01-01,0.2678175543405929,26.78175543405929,0.031611664737088915,3.1611664737088914,0,VERY LOW,0
GRID_N30_W060,30,-60,2025,1,2025-01-01,0.2559863690556305,25.598636905563048,0.031601113096402844,3.1601113096402846,0,VERY LOW,0
GRID_S30_E160,-30,160,2025,10,2025-10-01,0.2548720510988675,25.48720510988675,0.03159767473043563,3.159767473043563,0,VERY LOW,0
GRID_N50_W070,50,-70,2025,1,2025-01-01,0.2540183202276497,25.40183202276497,0.031577453331776126,3.1577453331776124,0,VERY LOW,0
GRID_N30_E170,30,170,2025,10,2025-10-01,0.2484910350057563,24.84910350057563,0.0315744066007209,3.15744066007209,0,VERY LOW,0
GRID_N00_E020,0,20,2025,4,2025-04-01,0.28359841587357404,28.359841587357405,0.03157032632937985,3.157032632937985,0,VERY LOW,0
GRID_N00_W130,0,-130,2025,9,2025-09-01,0.24609053215175214,24.609053215175216,0.03156515703735702,3.1565157037357015,0,VERY LOW,0
GRID_S80_W180,-80,-180,2025,7,2025-07-01,0.24755371428327294,24.755371428327294,0.03156463228946362,3.1564632289463623,0,VERY LOW,0
GRID_S30_E010,-30,10,2025,9,2025-09-01,0.25017921660004644,25.017921660004642,0.031550957519330305,3.1550957519330307,0,VERY LOW,0
GRID_N20_W030,20,-30,2025,3,2025-03-01,0.25308091260272264,25.308091260272263,0.031540064057614746,3.1540064057614745,0,VERY LOW,0
GRID_N60_E120,60,120,2025,9,2025-09-01,0.24477334060471037,24.477334060471037,0.0315351272701902,3.15351272701902,0,VERY LOW,0
GRID_S20_W040,-20,-40,2025,9,2025-09-01,0.24986934654898557,24.98693465489856,0.03153501703542212,3.1535017035422124,0,VERY LOW,1
GRID_S80_W010,-80,-10,2025,4,2025-04-01,0.25841305731466263,25.841305731466264,0.03152878444613202,3.1528784446132017,0,VERY LOW,0
GRID_S80_W060,-80,-60,2025,3,2025-03-01,0.26052113605030436,26.052113605030435,0.03151868254449941,3.151868254449941,0,VERY LOW,0
GRID_S80_W120,-80,-120,2025,9,2025-09-01,0.2506525675061588,25.065256750615877,0.03151666510788655,3.1516665107886555,0,VERY LOW,0
GRID_S10_E050,-10,50,2025,10,2025-10-01,0.25158981778242956,25.158981778242957,0.03151495595872923,3.151495595872923,0,VERY LOW,0
GRID_N50_E090,50,90,2025,11,2025-11-01,0.24671527607945823,24.671527607945823,0.031497441457178456,3.1497441457178454,0,VERY LOW,0
GRID_S20_W160,-20,-160,2025,3,2025-03-01,0.2555014588806226,25.55014588806226,0.03148546213942458,3.148546213942458,0,VERY LOW,0
GRID_S70_W050,-70,-50,2025,4,2025-04-01,0.2574945698675461,25.74945698675461,0.031483073857088026,3.1483073857088026,0,VERY LOW,0
GRID_N20_W040,20,-40,2025,3,2025-03-01,0.2523707435545139,25.237074355451387,0.03147927456574109,3.147927456574109,0,VERY LOW,0
GRID_S10_E030,-10,30,2025,1,2025-01-01,0.30494266777466594,30.494266777466596,0.03147491060666091,3.1474910606660913,0,VERY LOW,0
GRID_N00_E060,0,60,2025,3,2025-03-01,0.25561416940165915,25.561416940165916,0.03146747737765839,3.146747737765839,0,VERY LOW,0
GRID_S70_E070,-70,70,2025,2,2025-02-01,0.2594888158756021,25.94888158756021,0.031460515542621886,3.1460515542621885,0,VERY LOW,0
GRID_N40_W040,40,-40,2025,9,2025-09-01,0.240968110686003,24.0968110686003,0.03141325440984436,3.1413254409844362,0,VERY LOW,1
GRID_S70_E030,-70,30,2025,11,2025-11-01,0.25731623547960253,25.731623547960254,0.03139883333368423,3.139883333368423,0,VERY LOW,0
GRID_N50_E040,50,40,2025,10,2025-10-01,0.2432257089277856,24.32257089277856,0.03136580785347927,3.136580785347927,0,VERY LOW,0
GRID_N20_W120,20,-120,2025,10,2025-10-01,0.24539071562546574,24.539071562546575,0.031358175209375186,3.1358175209375188,0,VERY LOW,0
GRID_N60_E010,60,10,2025,11,2025-11-01,0.24304663260239384,24.304663260239384,0.031343171499547566,3.1343171499547564,0,VERY LOW,0
GRID_S10_E130,-10,130,2025,2,2025-02-01,0.2559305075318656,25.593050753186557,0.03132563275412324,3.1325632754123243,0,VERY LOW,0
GRID_S70_E040,-70,40,2025,1,2025-01-01,0.2635551130112401,26.35551130112401,0.03131954358740733,3.131954358740733,0,VERY LOW,0
GRID_N50_E090,50,90,2025,1,2025-01-01,0.25111669540402703,25.111669540402705,0.031317937667344906,3.1317937667344906,0,VERY LOW,0
GRID_S80_W040,-80,-40,2025,4,2025-04-01,0.2562570831890922,25.62570831890922,0.03131334120767569,3.131334120767569,0,VERY LOW,0
GRID_S70_E130,-70,130,2025,9,2025-09-01,0.2484976287733624,24.84976287733624,0.03130937989297928,3.130937989297928,0,VERY LOW,0
GRID_S70_W070,-70,-70,2025,2,2025-02-01,0.2589953585640264,25.89953585640264,0.03129497205165464,3.1294972051654644,0,VERY LOW,0
GRID_N00_W180,0,-180,2025,9,2025-09-01,0.24261888680187846,24.261888680187845,0.03129056050081639,3.129056050081639,0,VERY LOW,0
GRID_S60_E070,-60,70,2025,9,2025-09-01,0.24865030568249172,24.86503056824917,0.031283279522308576,3.1283279522308574,0,VERY LOW,0
GRID_N60_E000,60,0,2025,11,2025-11-01,0.2423554844481802,24.23554844481802,0.03128116771834372,3.1281167718343723,0,VERY LOW,0
GRID_S70_E150,-70,150,2025,3,2025-03-01,0.2602572557699172,26.02572557699172,0.031275200251197295,3.1275200251197295,0,VERY LOW,0
GRID_N40_E080,40,80,2025,10,2025-10-01,0.2441100323645331,24.41100323645331,0.03127052827179214,3.1270528271792144,0,VERY LOW,0
GRID_N20_E170,20,170,2025,10,2025-10-01,0.246583138138209,24.6583138138209,0.031260649801230764,3.1260649801230764,0,VERY LOW,0
GRID_N00_W030,0,-30,2025,10,2025-10-01,0.24787254144612192,24.78725414461219,0.03125449213166216,3.1254492131662164,0,VERY LOW,0
GRID_N50_W180,50,-180,2025,2,2025-02-01,0.24557715083148476,24.557715083148477,0.03124958162059892,3.124958162059892,0,VERY LOW,0
GRID_N30_E150,30,150,2025,11,2025-11-01,0.2471013198314087,24.71013198314087,0.031244401414367066,3.1244401414367067,0,VERY LOW,0
GRID_N00_W090,0,-90,2025,4,2025-04-01,0.24880540291703945,24.880540291703944,0.03124140041271961,3.124140041271961,0,VERY LOW,0
GRID_N50_W150,50,-150,2025,2,2025-02-01,0.24701766841331851,24.701766841331853,0.03122644843751059,3.122644843751059,0,VERY LOW,0
GRID_N60_W050,60,-50,2025,10,2025-10-01,0.23890802517675047,23.89080251767505,0.03120727136439331,3.120727136439331,0,VERY LOW,0
GRID_S60_W030,-60,-30,2025,1,2025-01-01,0.262984294210212,26.2984294210212,0.031196804294682266,3.1196804294682265,0,VERY LOW,0
GRID_S30_W060,-30,-60,2025,1,2025-01-01,0.3054399558372358,30.543995583723582,0.03115637198524458,3.1156371985244578,0,VERY LOW,1
GRID_N60_W060,60,-60,2025,10,2025-10-01,0.2382249420657491,23.82249420657491,0.031151720357965595,3.1151720357965598,0,VERY LOW,0
GRID_N30_W030,30,-30,2025,9,2025-09-01,0.2397843989176388,23.97843989176388,0.031107272391537395,3.1107272391537393,0,VERY LOW,1
GRID_N60_E010,60,10,2025,1,2025-01-01,0.24612042268391499,24.612042268391498,0.031083293499394603,3.1083293499394604,0,VERY LOW,0
GRID_N60_W020,60,-20,2025,3,2025-03-01,0.2422951944356314,24.22951944356314,0.03106157827976323,3.106157827976323,0,VERY LOW,0
GRID_S50_E170,-50,170,2025,1,2025-01-01,0.25304568810204553,25.304568810204554,0.031054674070356218,3.1054674070356216,0,VERY LOW,0
GRID_N40_E100,40,100,2025,3,2025-03-01,0.24684719365806446,24.684719365806444,0.031049507581519142,3.1049507581519142,0,VERY LOW,1
GRID_N60_E000,60,0,2025,1,2025-01-01,0.24542336765535222,24.54233676553522,0.031017394866179892,3.1017394866179893,0,VERY LOW,0
GRID_S10_E060,-10,60,2025,1,2025-01-01,0.25297162836224346,25.297162836224345,0.0309979344075872,3.09979344075872,0,VERY LOW,0
GRID_N00_E050,0,50,2025,2,2025-02-01,0.2521707064078567,25.21707064078567,0.030995199110879734,3.0995199110879734,0,VERY LOW,0
GRID_N50_E030,50,30,2025,3,2025-03-01,0.2438699591050086,24.38699591050086,0.030970813077409808,3.097081307740981,0,VERY LOW,0
GRID_S10_E050,-10,50,2025,1,2025-01-01,0.25407969443647216,25.407969443647215,0.03096953550132489,3.096953550132489,0,VERY LOW,0
GRID_S20_W170,-20,-170,2025,11,2025-11-01,0.24848498222064772,24.848498222064773,0.030960720342529047,3.096072034252905,0,VERY LOW,0
GRID_S30_W080,-30,-80,2025,9,2025-09-01,0.24388435722196003,24.388435722196004,0.030945941637517314,3.0945941637517316,0,VERY LOW,0
GRID_S70_E040,-70,40,2025,2,2025-02-01,0.254824459350471,25.4824459350471,0.030940072842700523,3.0940072842700523,0,VERY LOW,0
GRID_N00_W020,0,-20,2025,3,2025-03-01,0.24993229462738925,24.993229462738924,0.030935720108844912,3.093572010884491,0,VERY LOW,0
GRID_N20_W050,20,-50,2025,2,2025-02-01,0.24895636081552305,24.895636081552304,0.03093397544864046,3.093397544864046,0,VERY LOW,0
GRID_S60_W070,-60,-70,2025,8,2025-08-01,0.2429945228695588,24.29945228695588,0.030932826520168277,3.0932826520168275,0,VERY LOW,0
GRID_S80_W180,-80,-180,2025,11,2025-11-01,0.2642246493810461,26.42246493810461,0.03092701076894841,3.092701076894841,0,VERY LOW,0
GRID_S70_E050,-70,50,2025,9,2025-09-01,0.24534643955931865,24.534643955931866,0.030921279840408118,3.0921279840408116,0,VERY LOW,0
GRID_N40_E140,40,140,2025,2,2025-02-01,0.24696318305768578,24.69631830576858,0.030916604898488874,3.0916604898488873,0,VERY LOW,0
GRID_S50_E160,-50,160,2025,3,2025-03-01,0.2530328373190471,25.303283731904706,0.030882660023388863,3.0882660023388864,0,VERY LOW,0
GRID_N30_E100,30,100,2025,11,2025-11-01,0.2436200229157509,24.36200229157509,0.03087859654418586,3.087859654418586,0,VERY LOW,0
GRID_S20_W040,-20,-40,2025,4,2025-04-01,0.24849074529292578,24.84907452929258,0.030876339876963234,3.0876339876963232,0,VERY LOW,1
GRID_N00_W050,0,-50,2025,11,2025-11-01,0.2464851507631978,24.64851507631978,0.030875361403982438,3.0875361403982438,0,VERY LOW,0
GRID_N60_E030,60,30,2025,2,2025-02-01,0.24310098657661333,24.31009865766133,0.030863905552524173,3.086390555252417,0,VERY LOW,0
GRID_S60_W030,-60,-30,2025,2,2025-02-01,0.25426602114405017,25.426602114405018,0.030859194831850578,3.085919483185058,0,VERY LOW,0
GRID_N30_E170,30,170,2025,2,2025-02-01,0.24844358269825642,24.84435826982564,0.030846193398237465,3.0846193398237465,0,VERY LOW,0
GRID_S80_W020,-80,-20,2025,3,2025-03-01,0.2538286284499292,25.38286284499292,0.030834849228420454,3.0834849228420453,0,VERY LOW,0
GRID_N50_W180,50,-180,2025,11,2025-11-01,0.23946368108918784,23.946368108918783,0.030832446249264327,3.083244624926433,0,VERY LOW,0
GRID_N30_E060,30,60,2025,10,2025-10-01,0.2421121609965541,24.21121609965541,0.03082863045720986,3.082863045720986,0,VERY LOW,0
GRID_N00_E060,0,60,2025,10,2025-10-01,0.2466325966569379,24.66325966569379,0.03079171629642981,3.079171629642981,0,VERY LOW,0
GRID_S20_E010,-20,10,2025,11,2025-11-01,0.2666240473312606,26.66240473312606,0.03076717936455576,3.076717936455576,0,VERY LOW,0
GRID_S40_E150,-40,150,2025,2,2025-02-01,0.2515359982389135,25.153599823891348,0.030751901982664132,3.075190198266413,0,VERY LOW,0
GRID_S40_E030,-40,30,2025,4,2025-04-01,0.24958227210599676,24.958227210599677,0.030744049599653794,3.0744049599653795,0,VERY LOW,0
GRID_S70_E010,-70,10,2025,3,2025-03-01,0.2529302266786321,25.29302266786321,0.030743226427180866,3.0743226427180868,0,VERY LOW,0
GRID_N30_E100,30,100,2025,1,2025-01-01,0.24669870124050822,24.66987012405082,0.030731756256373345,3.0731756256373344,0,VERY LOW,0
GRID_N60_E100,60,100,2025,10,2025-10-01,0.23722521690912138,23.72252169091214,0.030730514788856283,3.0730514788856285,0,VERY LOW,0
GRID_N40_E050,40,50,2025,3,2025-03-01,0.2433683197173773,24.33683197173773,0.030730002181960047,3.0730002181960048,0,VERY LOW,0
GRID_S80_W170,-80,-170,2025,5,2025-05-01,0.24560641175750347,24.560641175750348,0.030707722225533352,3.070772222553335,0,VERY LOW,0
GRID_N00_E170,0,170,2025,10,2025-10-01,0.24279700427614873,24.279700427614873,0.0306812533586762,3.0681253358676197,0,VERY LOW,0
GRID_S80_W180,-80,-180,2025,5,2025-05-01,0.24491033956553668,24.491033956553668,0.030649627521996438,3.064962752199644,0,VERY LOW,0
GRID_S80_W140,-80,-140,2025,4,2025-04-01,0.24915610945388722,24.91561094538872,0.030645070227706805,3.0645070227706803,0,VERY LOW,0
GRID_S40_W090,-40,-90,2025,9,2025-09-01,0.24131131882623033,24.131131882623034,0.030610279065186347,3.0610279065186345,0,VERY LOW,0
GRID_N60_E110,60,110,2025,10,2025-10-01,0.23745867013121114,23.745867013121114,0.030606055564340408,3.060605556434041,0,VERY LOW,0
GRID_S30_E060,-30,60,2025,3,2025-03-01,0.24981117336582923,24.981117336582923,0.030603159850049307,3.0603159850049306,0,VERY LOW,0
GRID_S80_W080,-80,-80,2025,10,2025-10-01,0.24756586742438466,24.756586742438465,0.030600848383412975,3.0600848383412975,0,VERY LOW,0
GRID_N40_W030,40,-30,2025,10,2025-10-01,0.2365584968043923,23.655849680439232,0.030578626432559423,3.0578626432559424,0,VERY LOW,0
GRID_N50_E040,50,40,2025,2,2025-02-01,0.24191013667316796,24.191013667316795,0.03056978559137515,3.056978559137515,0,VERY LOW,0
GRID_N50_E070,50,70,2025,2,2025-02-01,0.2441097141949537,24.410971419495368,0.030542574540577037,3.0542574540577037,0,VERY LOW,0
GRID_S70_E000,-70,0,2025,9,2025-09-01,0.24188192342187467,24.188192342187467,0.030535561246500708,3.0535561246500706,0,VERY LOW,0
GRID_N30_E140,30,140,2025,1,2025-01-01,0.24589575972843342,24.589575972843342,0.030528167817939433,3.0528167817939433,0,VERY LOW,0
GRID_S70_E100,-70,100,2025,9,2025-09-01,0.24155090592947584,24.155090592947584,0.030523896687684172,3.0523896687684173,0,VERY LOW,0
GRID_S80_W160,-80,-160,2025,4,2025-04-01,0.24775179953075654,24.775179953075654,0.030520341526804738,3.052034152680474,0,VERY LOW,0
GRID_N20_E170,20,170,2025,2,2025-02-01,0.24525529127952908,24.525529127952908,0.030514057366961517,3.0514057366961516,0,VERY LOW,0
GRID_N30_E070,30,70,2025,3,2025-03-01,0.24286738076521533,24.286738076521534,0.030509826592419777,3.0509826592419778,0,VERY LOW,0
GRID_N20_W120,20,-120,2025,2,2025-02-01,0.2440672098235034,24.40672098235034,0.030505466288191684,3.0505466288191685,0,VERY LOW,0
GRID_S10_W040,-10,-40,2025,3,2025-03-01,0.24661698557901454,24.661698557901452,0.030498405670399853,3.0498405670399853,0,VERY LOW,0
GRID_N40_E080,40,80,2025,2,2025-02-01,0.24279121149065336,24.279121149065336,0.03049380530170065,3.049380530170065,0,VERY LOW,0
GRID_N20_W050,20,-50,2025,11,2025-11-01,0.24278584022467653,24.278584022467655,0.030473995481862602,3.0473995481862604,0,VERY LOW,0
GRID_S70_E050,-70,50,2025,3,2025-03-01,0.25308315493361433,25.308315493361434,0.03046269524861022,3.046269524861022,0,VERY LOW,0
GRID_S60_W050,-60,-50,2025,10,2025-10-01,0.24614499546176458,24.614499546176457,0.030454013310377837,3.045401331037784,0,VERY LOW,0
GRID_N40_E070,40,70,2025,2,2025-02-01,0.24337003554434983,24.337003554434983,0.030449955768760195,3.0449955768760195,0,VERY LOW,0
GRID_N30_E120,30,120,2025,2,2025-02-01,0.24367446384132188,24.367446384132187,0.030449715691501712,3.0449715691501713,0,VERY LOW,1
GRID_N30_E060,30,60,2025,3,2025-03-01,0.24217657926402336,24.217657926402335,0.03044597990026916,3.044597990026916,0,VERY LOW,0
GRID_S80_W070,-80,-70,2025,10,2025-10-01,0.24404514519184944,24.404514519184943,0.030439896476778944,3.0439896476778943,0,VERY LOW,0
GRID_N50_W070,50,-70,2025,10,2025-10-01,0.2333347687848408,23.33347687848408,0.030439701733019946,3.043970173301995,0,VERY LOW,0
GRID_N00_W030,0,-30,2025,2,2025-02-01,0.2465400232578954,24.65400232578954,0.030437214682028958,3.0437214682028957,0,VERY LOW,0
GRID_S30_E040,-30,40,2025,11,2025-11-01,0.24640956477419063,24.640956477419063,0.030424013496596403,3.0424013496596403,0,VERY LOW,0
GRID_S10_E040,-10,40,2025,2,2025-02-01,0.2488802673155919,24.88802673155919,0.030418310030723615,3.0418310030723616,0,VERY LOW,0
GRID_S10_E170,-10,170,2025,10,2025-10-01,0.2409188105407221,24.09188105407221,0.0304153829931113,3.0415382993111297,0,VERY LOW,0
GRID_N10_W180,10,-180,2025,11,2025-11-01,0.23937868056688177,23.937868056688178,0.030406843403640454,3.0406843403640456,0,VERY LOW,0
GRID_S80_W130,-80,-130,2025,2,2025-02-01,0.25515872886061697,25.515872886061697,0.030405628775344327,3.0405628775344327,0,VERY LOW,0
GRID_S30_W170,-30,-170,2025,9,2025-09-01,0.23769767554192772,23.76976755419277,0.030400899141801708,3.0400899141801707,0,VERY LOW,0
GRID_N00_W110,0,-110,2025,3,2025-03-01,0.2436416293738608,24.36416293738608,0.030393442944899866,3.0393442944899864,0,VERY LOW,0
GRID_N50_W080,50,-80,2025,10,2025-10-01,0.23266274940255374,23.266274940255375,0.030385013415069984,3.0385013415069984,0,VERY LOW,0
GRID_N60_W050,60,-50,2025,2,2025-02-01,0.2376084741492437,23.76084741492437,0.03038017240590508,3.038017240590508,0,VERY LOW,0
GRID_S70_E110,-70,110,2025,10,2025-10-01,0.2419195991045795,24.19195991045795,0.03032842310659954,3.032842310659954,0,VERY LOW,0
GRID_N60_W060,60,-60,2025,2,2025-02-01,0.23692795001425015,23.692795001425015,0.030322843268113575,3.0322843268113573,0,VERY LOW,0
GRID_N50_E000,50,0,2025,2,2025-02-01,0.23916239275114812,23.916239275114812,0.030317012694871588,3.031701269487159,0,VERY LOW,0
GRID_N30_E040,30,40,2025,1,2025-01-01,0.24252975861219717,24.252975861219717,0.030294882898975535,3.0294882898975537,0,VERY LOW,0
GRID_N50_W150,50,-150,2025,10,2025-10-01,0.23031693026389374,23.031693026389373,0.03029382502869733,3.029382502869733,0,VERY LOW,0
GRID_S80_W050,-80,-50,2025,11,2025-11-01,0.24723248472671708,24.723248472671706,0.030280852539828845,3.0280852539828844,0,VERY LOW,0
GRID_N00_W130,0,-130,2025,3,2025-03-01,0.24225837227350164,24.225837227350162,0.030280666766375718,3.0280666766375717,0,VERY LOW,0
GRID_S80_W010,-80,-10,2025,9,2025-09-01,0.2393233243984854,23.93233243984854,0.030264008377505047,3.0264008377505047,0,VERY LOW,0
GRID_S80_W130,-80,-130,2025,10,2025-10-01,0.24231042282510323,24.231042282510323,0.030263641655323296,3.0263641655323297,0,VERY LOW,0
GRID_S30_E010,-30,10,2025,3,2025-03-01,0.2463041881275913,24.63041881275913,0.030252027834446082,3.025202783444608,0,VERY LOW,0
GRID_N40_E110,40,110,2025,2,2025-02-01,0.24384560284725998,24.384560284726,0.03024446873431681,3.024446873431681,0,VERY LOW,1
GRID_N20_E080,20,80,2025,3,2025-03-01,0.24167730981280203,24.167730981280204,0.030244302141541494,3.0244302141541493,0,VERY LOW,1
GRID_S80_W140,-80,-140,2025,9,2025-09-01,0.2417404120553803,24.17404120553803,0.030229634750345756,3.0229634750345755,0,VERY LOW,0
GRID_S70_E060,-70,60,2025,4,2025-04-01,0.24595758051093172,24.59575805109317,0.030215819423343514,3.0215819423343513,0,VERY LOW,0
GRID_N40_W040,40,-40,2025,3,2025-03-01,0.23719062207327937,23.719062207327937,0.030199931120951307,3.019993112095131,0,VERY LOW,0
GRID_N10_W180,10,-180,2025,1,2025-01-01,0.24242093862277755,24.242093862277756,0.030171688884097693,3.017168888409769,0,VERY LOW,0
GRID_N60_W140,60,-140,2025,1,2025-01-01,0.23580505661590329,23.58050566159033,0.03016971819393661,3.016971819393661,0,VERY LOW,0
GRID_S70_W050,-70,-50,2025,9,2025-09-01,0.23845087130006828,23.845087130006828,0.03016960714820332,3.016960714820332,0,VERY LOW,0
GRID_S80_W120,-80,-120,2025,3,2025-03-01,0.24677262023583635,24.677262023583634,0.03012059602934755,3.0120596029347553,0,VERY LOW,0
GRID_N50_W090,50,-90,2025,1,2025-01-01,0.23735085294606434,23.735085294606435,0.030102990203687834,3.0102990203687834,0,VERY LOW,0
GRID_N10_E050,10,50,2025,10,2025-10-01,0.23644181366449998,23.64418136645,0.03009960351447851,3.0099603514478512,0,VERY LOW,0
GRID_N30_W020,30,-20,2025,11,2025-11-01,0.23540141550103388,23.54014155010339,0.030078084829430213,3.0078084829430214,0,VERY LOW,0
GRID_S70_E070,-70,70,2025,1,2025-01-01,0.24464356999825007,24.464356999825007,0.03006919053075849,3.006919053075849,0,VERY LOW,0
GRID_N20_E050,20,50,2025,3,2025-03-01,0.23961584853296558,23.961584853296557,0.030050641588217058,3.005064158821706,0,VERY LOW,0
GRID_S80_W060,-80,-60,2025,2,2025-02-01,0.25008011500220123,25.008011500220125,0.030044763939036028,3.004476393903603,0,VERY LOW,0
GRID_N00_W120,0,-120,2025,1,2025-01-01,0.24404038204322887,24.404038204322887,0.030040317085403268,3.0040317085403268,0,VERY LOW,0
GRID_S80_W040,-80,-40,2025,9,2025-09-01,0.23727565952399818,23.727565952399818,0.03004027505994334,3.004027505994334,0,VERY LOW,0
GRID_N00_W180,0,-180,2025,3,2025-03-01,0.23882366246352457,23.882366246352458,0.030010616723304205,3.0010616723304206,0,VERY LOW,0
GRID_S70_E070,-70,70,2025,11,2025-11-01,0.24158231374636815,24.158231374636816,0.030001935460729358,3.0001935460729356,0,VERY LOW,0
GRID_S80_W060,-80,-60,2025,10,2025-10-01,0.23991578557510507,23.991578557510508,0.029989959113366455,2.9989959113366456,0,VERY LOW,0
GRID_S60_E070,-60,70,2025,3,2025-03-01,0.2447912273747692,24.479122737476917,0.02994980157206952,2.994980157206952,0,VERY LOW,0
GRID_N00_E170,0,170,2025,2,2025-02-01,0.24148301090416147,24.148301090416147,0.029949174885039842,2.994917488503984,0,VERY LOW,0
GRID_S30_E170,-30,170,2025,10,2025-10-01,0.23719226817734443,23.719226817734445,0.029930784508505205,2.9930784508505206,0,VERY LOW,0
GRID_S20_W160,-20,-160,2025,2,2025-02-01,0.24519490818508483,24.519490818508483,0.029920507401483686,2.9920507401483687,0,VERY LOW,0
GRID_N30_W030,30,-30,2025,3,2025-03-01,0.2360196965006307,23.60196965006307,0.02990345310496457,2.990345310496457,0,VERY LOW,0
GRID_S70_E090,-70,90,2025,10,2025-10-01,0.23815137201742526,23.815137201742527,0.029901074268047965,2.9901074268047965,0,VERY LOW,0
GRID_N20_W030,20,-30,2025,10,2025-10-01,0.2328787083313101,23.28787083313101,0.029900035145290875,2.9900035145290875,0,VERY LOW,0
GRID_N10_W170,10,-170,2025,2,2025-02-01,0.23874836149210188,23.87483614921019,0.029889446808352083,2.9889446808352083,0,VERY LOW,0
GRID_S10_E130,-10,130,2025,1,2025-01-01,0.24122251799491784,24.122251799491785,0.029876385071096523,2.9876385071096525,0,VERY LOW,0
GRID_N60_E160,60,160,2025,11,2025-11-01,0.22995983855003616,22.995983855003615,0.029845735171155453,2.984573517115545,0,VERY LOW,0
GRID_S20_W160,-20,-160,2025,10,2025-10-01,0.23516686956278487,23.516686956278487,0.029843157846488277,2.9843157846488277,0,VERY LOW,0
GRID_N20_W040,20,-40,2025,10,2025-10-01,0.2322076046048584,23.220760460485838,0.029839728400155374,2.983972840015537,0,VERY LOW,0
GRID_N00_E110,0,110,2025,3,2025-03-01,0.23999432277432944,23.999432277432945,0.02983330052627965,2.9833300526279647,0,VERY LOW,1
GRID_S70_W070,-70,-70,2025,11,2025-11-01,0.24111182099140915,24.111182099140915,0.02983117725595034,2.9831177255950343,0,VERY LOW,0
GRID_N40_W030,40,-30,2025,2,2025-02-01,0.23526777549255692,23.52677754925569,0.029787624841505933,2.978762484150593,0,VERY LOW,0
GRID_N00_E040,0,40,2025,10,2025-10-01,0.2351629068203706,23.51629068203706,0.029772241483299534,2.9772241483299533,0,VERY LOW,0
GRID_S80_W180,-80,-180,2025,8,2025-08-01,0.23179878382837113,23.179878382837114,0.029765741710563832,2.976574171056383,0,VERY LOW,1
GRID_S70_W050,-70,-50,2025,3,2025-03-01,0.24604103649765688,24.604103649765687,0.029729839770216447,2.9729839770216446,0,VERY LOW,0
GRID_S10_E170,-10,170,2025,2,2025-02-01,0.23961176524895914,23.961176524895915,0.029688746670183046,2.9688746670183046,0,VERY LOW,0
GRID_S30_W080,-30,-80,2025,3,2025-03-01,0.24007561223672155,24.007561223672155,0.029666847314265755,2.9666847314265756,0,VERY LOW,0
GRID_N60_W110,60,-110,2025,1,2025-01-01,0.23696080161245447,23.696080161245447,0.029634575103606214,2.9634575103606213,0,VERY LOW,0
GRID_S40_W060,-40,-60,2025,1,2025-01-01,0.24130409138086573,24.130409138086574,0.029625048731415127,2.962504873141513,0,VERY LOW,0
GRID_N50_W080,50,-80,2025,2,2025-02-01,0.23385247943563117,23.38524794356312,0.02962064455853359,2.962064455853359,0,VERY LOW,0
GRID_S80_W070,-80,-70,2025,2,2025-02-01,0.24272656230655765,24.272656230655766,0.029620428690693,2.9620428690693,0,VERY LOW,0
GRID_S30_E010,-30,10,2025,10,2025-10-01,0.23754535089785875,23.754535089785875,0.02961536396563704,2.9615363965637043,0,VERY LOW,0
GRID_N40_W060,40,-60,2025,2,2025-02-01,0.23324417032252334,23.324417032252335,0.029609875106690907,2.960987510669091,0,VERY LOW,0
GRID_N50_W150,50,-150,2025,1,2025-01-01,0.23266172627710088,23.266172627710088,0.029604170315065126,2.9604170315065126,0,VERY LOW,0
GRID_N00_E050,0,50,2025,11,2025-11-01,0.2346092095798597,23.46092095798597,0.02960355149950747,2.960355149950747,0,VERY LOW,0
GRID_N50_W180,50,-180,2025,1,2025-01-01,0.23127921308892727,23.127921308892727,0.029592589525010787,2.9592589525010786,0,VERY LOW,0
GRID_N60_E140,60,140,2025,11,2025-11-01,0.23007930152404468,23.00793015240447,0.02958309945574832,2.958309945574832,0,VERY LOW,0
GRID_S80_W040,-80,-40,2025,3,2025-03-01,0.24484044327998228,24.484044327998227,0.029581309853592985,2.9581309853592983,0,VERY LOW,0
GRID_S60_W070,-60,-70,2025,4,2025-04-01,0.23886149914047194,23.886149914047195,0.029573087738249237,2.9573087738249235,0,VERY LOW,0
GRID_N40_E140,40,140,2025,11,2025-11-01,0.22965297507374796,22.965297507374796,0.029562310363325295,2.9562310363325297,0,VERY LOW,0
GRID_S70_E110,-70,110,2025,2,2025-02-01,0.24060884530134402,24.060884530134402,0.029554381380219756,2.9554381380219756,0,VERY LOW,0
GRID_N60_E030,60,30,2025,11,2025-11-01,0.2259802507735811,22.598025077358113,0.02953272204704844,2.953272204704844,0,VERY LOW,0
GRID_S80_W060,-80,-60,2025,1,2025-01-01,0.24697176914342467,24.697176914342467,0.029517402150445664,2.9517402150445666,0,VERY LOW,0
GRID_N00_E050,0,50,2025,1,2025-01-01,0.23760978803382632,23.76097880338263,0.02951180250473035,2.951180250473035,0,VERY LOW,0
GRID_S70_E040,-70,40,2025,11,2025-11-01,0.2371367552379151,23.713675523791512,0.02950179253727984,2.9501792537279843,0,VERY LOW,0
GRID_N50_E100,50,100,2025,1,2025-01-01,0.23298589769263298,23.298589769263298,0.02947518074321895,2.947518074321895,0,VERY LOW,0
GRID_N30_E170,30,170,2025,11,2025-11-01,0.22983667263717308,22.983667263717308,0.029459933211954413,2.9459933211954414,0,VERY LOW,0
GRID_N60_W160,60,-160,2025,11,2025-11-01,0.24773336089659853,24.773336089659853,0.02945458713632565,2.945458713632565,0,VERY LOW,0
GRID_S80_W020,-80,-20,2025,2,2025-02-01,0.24356748090491823,24.356748090491823,0.029437468260037375,2.9437468260037374,0,VERY LOW,0
GRID_N40_E140,40,140,2025,1,2025-01-01,0.23260942925421058,23.26094292542106,0.029433989902175006,2.9433989902175006,0,VERY LOW,0
GRID_S30_E160,-30,160,2025,11,2025-11-01,0.23588902251476354,23.588902251476355,0.02943398205703131,2.943398205703131,0,VERY LOW,0
GRID_S60_W030,-60,-30,2025,11,2025-11-01,0.2366047714536829,23.66047714536829,0.02942737733890924,2.9427377338909237,0,VERY LOW,0
GRID_S40_E030,-40,30,2025,9,2025-09-01,0.23094174141617338,23.094174141617337,0.029426742508765986,2.942674250876599,0,VERY LOW,0
GRID_S50_E160,-50,160,2025,10,2025-10-01,0.2328332743813982,23.28332743813982,0.029425965057349852,2.9425965057349854,0,VERY LOW,0
GRID_N60_E150,60,150,2025,11,2025-11-01,0.2314253280774373,23.14253280774373,0.029418959559341144,2.9418959559341142,0,VERY LOW,0
GRID_N30_E170,30,170,2025,1,2025-01-01,0.23403052698754903,23.4030526987549,0.029388829410478656,2.938882941047866,0,VERY LOW,0
GRID_S40_E150,-40,150,2025,1,2025-01-01,0.23700011451024905,23.700011451024906,0.029386942918006514,2.9386942918006516,0,VERY LOW,0
GRID_N20_W050,20,-50,2025,1,2025-01-01,0.23452283995510623,23.452283995510623,0.029383310107876825,2.9383310107876826,0,VERY LOW,0
GRID_S50_W070,-50,-70,2025,10,2025-10-01,0.235093671505682,23.5093671505682,0.02937215886277087,2.937215886277087,0,VERY LOW,0
GRID_N00_E040,0,40,2025,3,2025-03-01,0.23522604998138236,23.522604998138235,0.029365831628051037,2.936583162805104,0,VERY LOW,0
GRID_S80_W020,-80,-20,2025,10,2025-10-01,0.23358540356455396,23.358540356455396,0.02936168698627553,2.936168698627553,0,VERY LOW,0
GRID_N10_E050,10,50,2025,2,2025-02-01,0.23515153290614454,23.515153290614453,0.029353934482693057,2.9353934482693056,0,VERY LOW,0
GRID_N00_W020,0,-20,2025,10,2025-10-01,0.229904066195143,22.9904066195143,0.02934634332086016,2.934634332086016,0,VERY LOW,0
GRID_S40_W090,-40,-90,2025,3,2025-03-01,0.2375301336606233,23.75301336606233,0.029333618881429567,2.9333618881429566,0,VERY LOW,0
GRID_S60_W080,-60,-80,2025,10,2025-10-01,0.23321393487384928,23.321393487384928,0.02932990245936703,2.9329902459367028,0,VERY LOW,0
GRID_S10_E050,-10,50,2025,11,2025-11-01,0.23277488281562672,23.277488281562672,0.029324090568828426,2.9324090568828427,0,VERY LOW,0
GRID_N60_E030,60,30,2025,1,2025-01-01,0.2289034731298661,22.89034731298661,0.029315964336464762,2.9315964336464764,0,VERY LOW,0
GRID_S70_E010,-70,10,2025,10,2025-10-01,0.23273630289700828,23.27363028970083,0.02926603766943798,2.926603766943798,0,VERY LOW,0
GRID_N50_E040,50,40,2025,11,2025-11-01,0.2248483541234562,22.484835412345618,0.029240902265010155,2.9240902265010154,0,VERY LOW,0
GRID_S70_E000,-70,0,2025,3,2025-03-01,0.23809460316347253,23.809460316347252,0.029218355971170486,2.9218355971170484,0,VERY LOW,0
GRID_S80_W160,-80,-160,2025,9,2025-09-01,0.22920622402330793,22.920622402330793,0.02921381652243088,2.921381652243088,0,VERY LOW,0
GRID_S30_E170,-30,170,2025,2,2025-02-01,0.235899157359605,23.589915735960503,0.029211428028691484,2.9211428028691486,0,VERY LOW,0
GRID_S10_E170,-10,170,2025,11,2025-11-01,0.23360081650950218,23.360081650950217,0.02920998306472274,2.9209983064722738,0,VERY LOW,0
GRID_N50_E030,50,30,2025,11,2025-11-01,0.2253971348922022,22.53971348922022,0.02919853053671259,2.9198530536712592,0,VERY LOW,0
GRID_N50_E070,50,70,2025,11,2025-11-01,0.2245251289759135,22.45251289759135,0.029168564405210186,2.9168564405210184,0,VERY LOW,0
GRID_N20_E170,20,170,2025,11,2025-11-01,0.22802854367546196,22.802854367546196,0.029160314024476813,2.916031402447681,0,VERY LOW,0
GRID_N40_E080,40,80,2025,11,2025-11-01,0.22568578702517203,22.568578702517204,0.02915815731077282,2.915815731077282,0,VERY LOW,0
GRID_N20_W120,20,-120,2025,11,2025-11-01,0.22689882529691222,22.68988252969122,0.02915245267615694,2.9152452676156937,0,VERY LOW,0
GRID_N00_E060,0,60,2025,2,2025-02-01,0.2339875858211462,23.39875858211462,0.029139141341082836,2.9139141341082837,0,VERY LOW,0
GRID_S30_W170,-30,-170,2025,3,2025-03-01,0.2339556528690958,23.39556528690958,0.0291390706487784,2.91390706487784,0,VERY LOW,0
GRID_S70_E090,-70,90,2025,2,2025-02-01,0.2368546559714856,23.68546559714856,0.02913742455825895,2.9137424558258953,0,VERY LOW,0
GRID_N20_W030,20,-30,2025,2,2025-02-01,0.23160197392467205,23.160197392467204,0.029136718707303076,2.9136718707303078,0,VERY LOW,0
GRID_S30_W050,-30,-50,2025,2,2025-02-01,0.26435069240537395,26.435069240537395,0.029107844561709912,2.9107844561709912,0,VERY LOW,0
GRID_S30_E060,-30,60,2025,10,2025-10-01,0.22978967742120612,22.978967742120613,0.0290912765757839,2.9091276575783898,0,VERY LOW,0
GRID_N20_E170,20,170,2025,1,2025-01-01,0.23097035566048302,23.0970355660483,0.02908939515076798,2.908939515076798,0,VERY LOW,0
GRID_N20_W040,20,-40,2025,2,2025-02-01,0.23093344185710019,23.09334418571002,0.029075453286190666,2.9075453286190664,0,VERY LOW,0
GRID_N60_W050,60,-50,2025,11,2025-11-01,0.22076173472235863,22.076173472235862,0.02907150038236018,2.907150038236018,0,VERY LOW,0
GRID_N00_W030,0,-30,2025,11,2025-11-01,0.22925044590246527,22.925044590246525,0.02906889194725886,2.906889194725886,0,VERY LOW,0
GRID_N50_E040,50,40,2025,1,2025-01-01,0.22776124305429118,22.776124305429118,0.029052117399331983,2.9052117399331983,0,VERY LOW,0
GRID_N60_W060,60,-60,2025,11,2025-11-01,0.22011552999518835,22.011552999518834,0.029016863945237552,2.901686394523755,0,VERY LOW,0
GRID_S70_E060,-70,60,2025,9,2025-09-01,0.22750569301948775,22.750569301948776,0.029013878773257108,2.901387877325711,0,VERY LOW,1
GRID_N40_E080,40,80,2025,1,2025-01-01,0.22860632529202443,22.860632529202444,0.029007795531195906,2.9007795531195906,0,VERY LOW,0
GRID_N30_E120,30,120,2025,1,2025-01-01,0.22945361144293958,22.94536114429396,0.028994540433006605,2.8994540433006604,0,VERY LOW,0
GRID_S10_E040,-10,40,2025,1,2025-01-01,0.23444978091005036,23.444978091005037,0.02898967354960034,2.898967354960034,0,VERY LOW,0
GRID_S70_E150,-70,150,2025,10,2025-10-01,0.22853038843775897,22.8530388437759,0.028978905784443537,2.8978905784443536,0,VERY LOW,0
GRID_N20_W120,20,-120,2025,1,2025-01-01,0.22983040183179507,22.983040183179508,0.028947775723713848,2.894777572371385,0,VERY LOW,0
GRID_N00_W030,0,-30,2025,1,2025-01-01,0.23220328008499297,23.220328008499298,0.028947175959036363,2.894717595903636,0,VERY LOW,0
GRID_S80_W010,-80,-10,2025,3,2025-03-01,0.23556361790052482,23.55636179005248,0.028941215354360162,2.894121535436016,0,VERY LOW,0
GRID_N10_E050,10,50,2025,11,2025-11-01,0.229218745165571,22.9218745165571,0.028903294671734404,2.8903294671734403,0,VERY LOW,0
GRID_N40_E120,40,120,2025,2,2025-02-01,0.22705460763985608,22.705460763985606,0.028886281179244543,2.8886281179244544,0,VERY LOW,1
GRID_N60_W050,60,-50,2025,1,2025-01-01,0.22363695597808808,22.363695597808807,0.028825880541363702,2.88258805413637,0,VERY LOW,0
GRID_N00_W110,0,-110,2025,10,2025-10-01,0.2239669788885197,22.39669788885197,0.028805868788900974,2.8805868788900972,0,VERY LOW,0
GRID_N50_E000,50,0,2025,1,2025-01-01,0.22512648427786483,22.512648427786484,0.028796414482266018,2.879641448226602,0,VERY LOW,0
GRID_N60_E110,60,110,2025,1,2025-01-01,0.24067373618975826,24.067373618975825,0.02879231852824866,2.879231852824866,0,VERY LOW,0
GRID_S80_W160,-80,-160,2025,3,2025-03-01,0.23659354282492304,23.659354282492302,0.02877880776402445,2.877880776402445,0,VERY LOW,0
GRID_N60_W060,60,-60,2025,1,2025-01-01,0.22298474338673938,22.298474338673937,0.02876767693660325,2.876767693660325,0,VERY LOW,0
GRID_N40_E100,40,100,2025,2,2025-02-01,0.2257374163253647,22.57374163253647,0.02875313053714081,2.875313053714081,0,VERY LOW,0
GRID_N60_W120,60,-120,2025,1,2025-01-01,0.2504792256541446,25.04792256541446,0.02873392500716087,2.8733925007160868,0,VERY LOW,0
GRID_N30_E060,30,60,2025,11,2025-11-01,0.22379406148760062,22.37940614876006,0.028729726910023103,2.8729726910023103,0,VERY LOW,1
GRID_S50_E160,-50,160,2025,2,2025-02-01,0.23155671387455976,23.155671387455975,0.028709908786941674,2.8709908786941676,0,VERY LOW,0
GRID_S80_W120,-80,-120,2025,2,2025-02-01,0.2367062284459425,23.67062284459425,0.02870796031249166,2.870796031249166,0,VERY LOW,0
GRID_N60_E120,60,120,2025,10,2025-10-01,0.22143391462008868,22.143391462008868,0.02870378519702881,2.870378519702881,0,VERY LOW,0
GRID_N00_W130,0,-130,2025,10,2025-10-01,0.22266253964680388,22.266253964680388,0.02869328722594494,2.869328722594494,0,VERY LOW,0
GRID_S70_E030,-70,30,2025,1,2025-01-01,0.23452496948738574,23.452496948738574,0.028689121263802575,2.8689121263802573,0,VERY LOW,1
GRID_N60_W020,60,-20,2025,2,2025-02-01,0.22146022875080326,22.146022875080327,0.02868469756592911,2.868469756592911,0,VERY LOW,0
GRID_S30_W050,-30,-50,2025,1,2025-01-01,0.2581602702944315,25.816027029443152,0.028678140390191252,2.8678140390191253,0,VERY LOW,0
GRID_N60_E100,60,100,2025,11,2025-11-01,0.2191699369392521,21.91699369392521,0.028670677178529495,2.8670677178529496,0,VERY LOW,0
GRID_S80_W120,-80,-120,2025,10,2025-10-01,0.2269209897000045,22.692098970000448,0.02863932556838424,2.863932556838424,0,VERY LOW,0
GRID_N50_E030,50,30,2025,2,2025-02-01,0.22293942225158714,22.293942225158712,0.028635395083827297,2.8635395083827295,0,VERY LOW,0
GRID_N60_E100,60,100,2025,1,2025-01-01,0.22927036025487355,22.927036025487354,0.028612095356561295,2.8612095356561293,0,VERY LOW,0
GRID_N00_W020,0,-20,2025,2,2025-02-01,0.22863877935226407,22.863877935226405,0.028606429147224915,2.8606429147224914,0,VERY LOW,0
GRID_N00_E170,0,170,2025,11,2025-11-01,0.22444243440739114,22.444243440739115,0.02860505534205878,2.860505534205878,0,VERY LOW,0
GRID_N00_W090,0,-90,2025,3,2025-03-01,0.22654597187091893,22.654597187091895,0.028589744235818466,2.8589744235818464,0,VERY LOW,0
GRID_N00_E170,0,170,2025,1,2025-01-01,0.22735160704696966,22.735160704696966,0.02857911952678339,2.857911952678339,0,VERY LOW,0
GRID_S70_E130,-70,130,2025,10,2025-10-01,0.22490884195601152,22.49088419560115,0.028565176325753165,2.8565176325753163,0,VERY LOW,0
GRID_S60_W080,-60,-80,2025,2,2025-02-01,0.231935918286098,23.1935918286098,0.028562093774993396,2.8562093774993396,0,VERY LOW,0
GRID_N10_W170,10,-170,2025,11,2025-11-01,0.22184431984741992,22.18443198474199,0.028553465398106343,2.8553465398106344,0,VERY LOW,0
GRID_N60_E110,60,110,2025,11,2025-11-01,0.21939073249023647,21.939073249023647,0.028534945531841126,2.8534945531841127,0,VERY LOW,0
GRID_S60_E070,-60,70,2025,10,2025-10-01,0.22505136610047244,22.505136610047245,0.02851989391035568,2.851989391035568,0,VERY LOW,0
GRID_S70_E010,-70,10,2025,2,2025-02-01,0.2314601136497346,23.14601136497346,0.02851073678900115,2.851073678900115,0,VERY LOW,0
GRID_S80_W170,-80,-170,2025,4,2025-04-01,0.22846103569664025,22.846103569664024,0.02849028024092192,2.849028024092192,0,VERY LOW,0
GRID_N40_W030,40,-30,2025,11,2025-11-01,0.2185394225683799,21.853942256837993,0.028483529800318402,2.8483529800318403,0,VERY LOW,0
GRID_N20_W040,20,-40,2025,1,2025-01-01,0.22799072645126517,22.799072645126518,0.02848230341440474,2.848230341440474,0,VERY LOW,0
GRID_S80_W180,-80,-180,2025,4,2025-04-01,0.22779888227499887,22.779888227499885,0.028433065587573962,2.843306558757396,0,VERY LOW,0
GRID_N40_E050,40,50,2025,2,2025-02-01,0.2224681695524211,22.24681695524211,0.02843262567095369,2.843262567095369,0,VERY LOW,0
GRID_S20_W160,-20,-160,2025,1,2025-01-01,0.23091241356424305,23.091241356424305,0.028430466612529976,2.8430466612529974,0,VERY LOW,0
GRID_N00_W180,0,-180,2025,10,2025-10-01,0.2194252045264592,21.94252045264592,0.028423405373747018,2.8423405373747017,0,VERY LOW,0
GRID_S80_W080,-80,-80,2025,11,2025-11-01,0.22895979793340038,22.89597979334004,0.028397466089043415,2.8397466089043415,0,VERY LOW,0
GRID_S30_E060,-30,60,2025,2,2025-02-01,0.22852483330572188,22.852483330572188,0.02837500895670502,2.837500895670502,0,VERY LOW,0
GRID_N20_E050,20,50,2025,11,2025-11-01,0.22137092492076552,22.13709249207655,0.028358870125727097,2.8358870125727096,0,VERY LOW,0
GRID_N10_W170,10,-170,2025,1,2025-01-01,0.224729574491313,22.4729574491313,0.02835599043210817,2.835599043210817,0,VERY LOW,0
GRID_N50_W070,50,-70,2025,11,2025-11-01,0.2154919396831474,21.54919396831474,0.028347253639437398,2.8347253639437398,0,VERY LOW,0
GRID_S10_E170,-10,170,2025,1,2025-01-01,0.2255573025249781,22.55573025249781,0.02834531534487879,2.834531534487879,0,VERY LOW,0
GRID_S60_W070,-60,-70,2025,9,2025-09-01,0.22078608948518857,22.07860894851886,0.028305306768195797,2.83053067681958,0,VERY LOW,0
GRID_S20_W040,-20,-40,2025,3,2025-03-01,0.226250986436794,22.6250986436794,0.028298101898578325,2.8298101898578327,0,VERY LOW,0
GRID_N40_W030,40,-30,2025,1,2025-01-01,0.22139392355959567,22.13939235595957,0.02829372410763021,2.829372410763021,0,VERY LOW,0
GRID_N50_W080,50,-80,2025,11,2025-11-01,0.21485690725230827,21.48569072523083,0.028293582098839937,2.829358209883994,0,VERY LOW,0
GRID_S60_W050,-60,-50,2025,11,2025-11-01,0.22761340968122015,22.761340968122017,0.02828236028112973,2.828236028112973,0,VERY LOW,0
GRID_S70_E110,-70,110,2025,1,2025-01-01,0.22651332056180146,22.651332056180145,0.028276825881868868,2.827682588186887,0,VERY LOW,0
GRID_S80_W070,-80,-70,2025,1,2025-01-01,0.22854431317043597,22.8544313170436,0.028266366835646844,2.8266366835646846,0,VERY LOW,0
GRID_S70_E150,-70,150,2025,2,2025-02-01,0.22727043055682833,22.727043055682834,0.028262273124167948,2.826227312416795,0,VERY LOW,0
GRID_N30_E070,30,70,2025,2,2025-02-01,0.2219976284077924,22.19976284077924,0.028248952869475298,2.82489528694753,0,VERY LOW,0
GRID_S40_E030,-40,30,2025,3,2025-03-01,0.22727436638968238,22.72743663896824,0.02822828939387223,2.822828939387223,0,VERY LOW,0
GRID_S80_W070,-80,-70,2025,11,2025-11-01,0.2256243354148012,22.56243354148012,0.028227996523910986,2.8227996523910988,0,VERY LOW,0
GRID_S50_E160,-50,160,2025,11,2025-11-01,0.2256878599728094,22.56878599728094,0.028210912440041737,2.8210912440041738,0,VERY LOW,0
GRID_S10_W040,-10,-40,2025,2,2025-02-01,0.22552100013958987,22.552100013958988,0.028203893906271704,2.82038939062717,0,VERY LOW,0
GRID_N50_W150,50,-150,2025,11,2025-11-01,0.21264086556538347,21.26408655653835,0.028189719667072538,2.8189719667072537,0,VERY LOW,0
GRID_N50_E130,50,130,2025,11,2025-11-01,0.21850268533846157,21.850268533846158,0.028187431318884237,2.8187431318884237,0,VERY LOW,0
GRID_N30_E060,30,60,2025,2,2025-02-01,0.22134883364755067,22.13488336475507,0.028184957162992363,2.8184957162992363,0,VERY LOW,0
GRID_S70_E110,-70,110,2025,11,2025-11-01,0.2236117701748632,22.36117701748632,0.028182829013584414,2.8182829013584416,0,VERY LOW,0
GRID_S70_E050,-70,50,2025,10,2025-10-01,0.22196842880369022,22.196842880369022,0.028182292004379477,2.8182292004379477,0,VERY LOW,0
GRID_S80_W130,-80,-130,2025,1,2025-01-01,0.22931869583680986,22.931869583680985,0.02815438065854494,2.815438065854494,0,VERY LOW,0
GRID_S30_W080,-30,-80,2025,10,2025-10-01,0.22060493645118093,22.060493645118093,0.02815433308604025,2.815433308604025,0,VERY LOW,0
GRID_S20_W060,-20,-60,2025,1,2025-01-01,0.3366678695554775,33.66678695554775,0.028141130606831016,2.8141130606831015,0,VERY LOW,0
GRID_N40_W060,40,-60,2025,1,2025-01-01,0.21945540633416818,21.94554063341682,0.028113456634022975,2.8113456634022973,0,VERY LOW,0
GRID_N50_W080,50,-80,2025,1,2025-01-01,0.22003807385707136,22.003807385707137,0.028096178826055012,2.8096178826055014,0,VERY LOW,0
GRID_S80_W140,-80,-140,2025,3,2025-03-01,0.2268747785178683,22.68747785178683,0.02806944202516507,2.8069442025165072,0,VERY LOW,0
GRID_N00_W110,0,-110,2025,2,2025-02-01,0.22272491688627727,22.272491688627728,0.02806061659684751,2.806061659684751,0,VERY LOW,0
GRID_S80_W130,-80,-130,2025,11,2025-11-01,0.2239817560450898,22.398175604508978,0.028054471521705426,2.805447152170543,0,VERY LOW,0
GRID_S30_E010,-30,10,2025,2,2025-02-01,0.2252269606857455,22.52269606857455,0.02802484041472068,2.802484041472068,0,VERY LOW,0
GRID_N20_E080,20,80,2025,2,2025-02-01,0.22087998744800774,22.087998744800775,0.02801840768392372,2.801840768392372,0,VERY LOW,0
GRID_N10_E050,10,50,2025,1,2025-01-01,0.22128255232856206,22.128255232856205,0.027950059864117055,2.7950059864117054,0,VERY LOW,0
GRID_N00_W130,0,-130,2025,2,2025-02-01,0.22142564762115838,22.14256476211584,0.02794670975362591,2.7946709753625907,0,VERY LOW,0
GRID_S30_E170,-30,170,2025,1,2025-01-01,0.22199888110622992,22.199888110622993,0.027919947248195093,2.791994724819509,0,VERY LOW,0
GRID_N40_W040,40,-40,2025,2,2025-02-01,0.21666908111408265,21.666908111408265,0.02789876539196448,2.789876539196448,0,VERY LOW,0
GRID_S30_E060,-30,60,2025,1,2025-01-01,0.22560380659954124,22.560380659954124,0.0278884741493469,2.78884741493469,0,VERY LOW,0
GRID_S30_E170,-30,170,2025,11,2025-11-01,0.21913877549311064,21.913877549311064,0.02788049904858746,2.788049904858746,0,VERY LOW,0
GRID_S70_E090,-70,90,2025,1,2025-01-01,0.22291450264726734,22.291450264726734,0.027869258945548335,2.7869258945548334,0,VERY LOW,0
GRID_S70_E130,-70,130,2025,2,2025-02-01,0.2236630620606431,22.36630620606431,0.027858478137564563,2.7858478137564564,0,VERY LOW,0
GRID_S40_W090,-40,-90,2025,10,2025-10-01,0.2182066230740045,21.82066230740045,0.027846221079383632,2.7846221079383633,0,VERY LOW,0
GRID_N20_W030,20,-30,2025,11,2025-11-01,0.21506097083895956,21.506097083895956,0.027842120816010958,2.784212081601096,0,VERY LOW,0
GRID_S70_E100,-70,100,2025,10,2025-10-01,0.21842987498510918,21.84298749851092,0.027837464652900417,2.783746465290042,0,VERY LOW,0
GRID_N00_E060,0,60,2025,11,2025-11-01,0.21732439073598883,21.732439073598883,0.02782855451936672,2.782855451936672,0,VERY LOW,0
GRID_N20_E050,20,50,2025,2,2025-02-01,0.21894470482305248,21.89447048230525,0.027824548092637662,2.782454809263766,0,VERY LOW,0
GRID_S70_E000,-70,0,2025,10,2025-10-01,0.21873834571974474,21.873834571974474,0.027812877525726774,2.7812877525726774,0,VERY LOW,0
GRID_S80_W060,-80,-60,2025,11,2025-11-01,0.22171524890236324,22.171524890236324,0.02781235895858955,2.781235895858955,0,VERY LOW,0
GRID_S60_E070,-60,70,2025,2,2025-02-01,0.2238050247080045,22.38050247080045,0.02781190147613156,2.781190147613156,0,VERY LOW,0
GRID_N20_W040,20,-40,2025,11,2025-11-01,0.21442686129837119,21.442686129837117,0.027783523656527465,2.7783523656527467,0,VERY LOW,0
GRID_S70_E060,-70,60,2025,3,2025-03-01,0.22387699864963195,22.387699864963196,0.02778291204148345,2.7782912041483447,0,VERY LOW,0
GRID_S70_E090,-70,90,2025,11,2025-11-01,0.22004593711174014,22.004593711174014,0.027782327770975168,2.778232777097517,0,VERY LOW,0
GRID_N00_E060,0,60,2025,1,2025-01-01,0.2201674926241287,22.016749262412873,0.027762983930928336,2.7762983930928335,0,VERY LOW,0
GRID_N00_E040,0,40,2025,11,2025-11-01,0.21721989058078667,21.721989058078666,0.027722891564079394,2.7722891564079393,0,VERY LOW,0
GRID_S30_W170,-30,-170,2025,2,2025-02-01,0.22425643164426196,22.425643164426194,0.027722565408934124,2.7722565408934123,0,VERY LOW,0
GRID_S20_W160,-20,-160,2025,11,2025-11-01,0.2172236368382842,21.72236368382842,0.02771663175936817,2.7716631759368173,0,VERY LOW,0
GRID_N20_W030,20,-30,2025,1,2025-01-01,0.21788270508926494,21.788270508926495,0.02769943666729252,2.769943666729252,0,VERY LOW,0
GRID_N00_E110,0,110,2025,2,2025-02-01,0.21929994543302772,21.929994543302772,0.027673424546965024,2.7673424546965024,0,VERY LOW,0
GRID_N00_W180,0,-180,2025,2,2025-02-01,0.21820124791422618,21.820124791422618,0.027673295767272166,2.767329576727217,0,VERY LOW,0
GRID_N30_W030,30,-30,2025,2,2025-02-01,0.2155708334466367,21.55708334466367,0.027639674054601448,2.7639674054601446,0,VERY LOW,0
GRID_S30_W170,-30,-170,2025,10,2025-10-01,0.2148409968292138,21.48409968292138,0.02762441269541812,2.762441269541812,0,VERY LOW,0
GRID_N00_W110,0,-110,2025,11,2025-11-01,0.21701669084921263,21.701669084921264,0.027621647623186807,2.7621647623186805,0,VERY LOW,0
GRID_N40_E130,40,130,2025,1,2025-01-01,0.21416203345861282,21.41620334586128,0.027576953711992192,2.7576953711992194,0,VERY LOW,1
GRID_S80_W010,-80,-10,2025,10,2025-10-01,0.21635469192817094,21.635469192817094,0.02756205907570425,2.7562059075704246,0,VERY LOW,0
GRID_N40_E120,40,120,2025,1,2025-01-01,0.2135298534119324,21.35298534119324,0.027508849106223403,2.7508849106223403,0,VERY LOW,0
GRID_S70_E050,-70,50,2025,2,2025-02-01,0.22073429767077227,22.073429767077226,0.02747687630096867,2.747687630096867,0,VERY LOW,0
GRID_S50_E160,-50,160,2025,1,2025-01-01,0.21783936601143333,21.783936601143335,0.027468230459173938,2.746823045917394,0,VERY LOW,0
GRID_S70_W050,-70,-50,2025,10,2025-10-01,0.21554224497294067,21.554224497294065,0.027461928814829784,2.7461928814829784,0,VERY LOW,0
GRID_S30_W080,-30,-80,2025,2,2025-02-01,0.21937624870921715,21.937624870921717,0.02743936498194862,2.743936498194862,0,VERY LOW,0
GRID_N40_E100,40,100,2025,1,2025-01-01,0.212269575025903,21.2269575025903,0.027374745155349524,2.7374745155349522,0,VERY LOW,0
GRID_S80_W040,-80,-40,2025,10,2025-10-01,0.21444814533302223,21.44481453330222,0.02734796776490327,2.734796776490327,0,VERY LOW,0
GRID_S80_W020,-80,-20,2025,1,2025-01-01,0.21855685852688048,21.855685852688048,0.027321916247032518,2.7321916247032516,0,VERY LOW,0
GRID_N00_W020,0,-20,2025,11,2025-11-01,0.21225094960348018,21.225094960348017,0.027318106312111234,2.7318106312111237,0,VERY LOW,0
GRID_S50_W070,-50,-70,2025,11,2025-11-01,0.21715443807450743,21.715443807450743,0.02730136752602544,2.7301367526025437,0,VERY LOW,0
GRID_S80_W020,-80,-20,2025,11,2025-11-01,0.21572880169215777,21.57288016921578,0.027254314933327545,2.7254314933327546,0,VERY LOW,0
GRID_N60_W020,60,-20,2025,1,2025-01-01,0.2081789588453119,20.81789588453119,0.02724460528641897,2.724460528641897,0,VERY LOW,0
GRID_S70_E010,-70,10,2025,1,2025-01-01,0.21774686680147676,21.774686680147674,0.02723657110673089,2.7236571106730887,0,VERY LOW,0
GRID_S60_W080,-60,-80,2025,1,2025-01-01,0.2182024851985053,21.82024851985053,0.02723213315516637,2.723213315516637,0,VERY LOW,0
GRID_S60_W080,-60,-80,2025,11,2025-11-01,0.21537775001432968,21.53777500143297,0.027230799001671736,2.7230799001671735,0,VERY LOW,0
GRID_N50_E030,50,30,2025,1,2025-01-01,0.20959332482211465,20.959332482211465,0.02722613035992046,2.7226130359920457,0,VERY LOW,0
GRID_N00_W020,0,-20,2025,1,2025-01-01,0.2150459155042285,21.504591550422848,0.02722457603890016,2.722457603890016,0,VERY LOW,0
GRID_N00_E040,0,40,2025,2,2025-02-01,0.21482661341837672,21.482661341837673,0.027206863852189095,2.7206863852189094,0,VERY LOW,0
GRID_S70_E010,-70,10,2025,11,2025-11-01,0.21492640832269616,21.492640832269615,0.027178922654267974,2.7178922654267974,0,VERY LOW,0
GRID_S70_E100,-70,100,2025,2,2025-02-01,0.21720992539410486,21.720992539410485,0.02714901301506383,2.7149013015063828,0,VERY LOW,0
GRID_S40_W090,-40,-90,2025,2,2025-02-01,0.216987574192068,21.6987574192068,0.027138549530064282,2.713854953006428,0,VERY LOW,0
GRID_S60_W070,-60,-70,2025,3,2025-03-01,0.21723443272072415,21.723443272072416,0.027124901281081203,2.7124901281081204,0,VERY LOW,0
GRID_S70_E000,-70,0,2025,2,2025-02-01,0.21751715277198602,21.751715277198603,0.027112397736609235,2.7112397736609237,0,VERY LOW,0
GRID_N00_W180,0,-180,2025,1,2025-01-01,0.2153753393789794,21.53753393789794,0.02707962639630787,2.707962639630787,0,VERY LOW,0
GRID_S30_E060,-30,60,2025,11,2025-11-01,0.21214292454768885,21.214292454768884,0.02707712392519477,2.707712392519477,0,VERY LOW,0
GRID_S70_E150,-70,150,2025,1,2025-01-01,0.2137363754931919,21.37363754931919,0.027068791040374796,2.7068791040374798,0,VERY LOW,0
GRID_N40_E050,40,50,2025,1,2025-01-01,0.20914269037959948,20.914269037959947,0.027051556693701295,2.7051556693701295,0,VERY LOW,0
GRID_S70_E150,-70,150,2025,11,2025-11-01,0.21095385565271252,21.09538556527125,0.026952693075394052,2.695269307539405,0,VERY LOW,0
GRID_N30_E070,30,70,2025,1,2025-01-01,0.2086927690037985,20.869276900379848,0.026895519900092802,2.68955199000928,0,VERY LOW,0
GRID_S80_W050,-80,-50,2025,1,2025-01-01,0.21441522180539738,21.44152218053974,0.026863642470488745,2.6863642470488744,0,VERY LOW,1
GRID_S80_W010,-80,-10,2025,2,2025-02-01,0.21514314200756574,21.514314200756573,0.026863531180777916,2.6863531180777915,0,VERY LOW,0
GRID_S10_W040,-10,-40,2025,1,2025-01-01,0.21206253417493057,21.206253417493055,0.026847071815691292,2.684707181569129,0,VERY LOW,0
GRID_S40_E030,-40,30,2025,10,2025-10-01,0.20855696973353144,20.855696973353144,0.02683685502825074,2.6836855028250737,0,VERY LOW,0
GRID_N30_E060,30,60,2025,1,2025-01-01,0.20807245882348396,20.807245882348397,0.026830972821651304,2.6830972821651304,0,VERY LOW,0
GRID_S70_W050,-70,-50,2025,2,2025-02-01,0.2143340002716604,21.43340002716604,0.026765944063193964,2.6765944063193965,0,VERY LOW,0
GRID_N60_E120,60,120,2025,11,2025-11-01,0.20425867118208718,20.425867118208718,0.02674650707265418,2.674650707265418,0,VERY LOW,0
GRID_S30_E010,-30,10,2025,11,2025-11-01,0.20901741051983314,20.901741051983315,0.026740859995254874,2.6740859995254875,0,VERY LOW,0
GRID_S30_E010,-30,10,2025,1,2025-01-01,0.2117812438266182,21.17812438266182,0.02672371553628363,2.672371553628363,0,VERY LOW,0
GRID_N20_E080,20,80,2025,1,2025-01-01,0.20762423536172456,20.762423536172456,0.026691555319650413,2.6691555319650413,0,VERY LOW,0
GRID_N00_W130,0,-130,2025,11,2025-11-01,0.20541714258088692,20.541714258088692,0.026686241510797924,2.6686241510797926,0,VERY LOW,0
GRID_S80_W140,-80,-140,2025,10,2025-10-01,0.20818142437829237,20.818142437829238,0.026680666328658287,2.6680666328658287,0,VERY LOW,0
GRID_S70_E000,-70,0,2025,1,2025-01-01,0.214697670860569,21.4697670860569,0.026676447302639055,2.6676447302639055,0,VERY LOW,0
GRID_S70_E130,-70,130,2025,1,2025-01-01,0.2102853676319129,21.02853676319129,0.026673949949193705,2.6673949949193707,0,VERY LOW,0
GRID_N00_W110,0,-110,2025,1,2025-01-01,0.20938820044230277,20.938820044230276,0.026671132962471387,2.667113296247139,0,VERY LOW,0
GRID_S80_W040,-80,-40,2025,2,2025-02-01,0.21324436652347123,21.324436652347124,0.026652765689747525,2.6652765689747526,0,VERY LOW,0
GRID_S80_W120,-80,-120,2025,1,2025-01-01,0.21220250443578303,21.220250443578305,0.02660057281478005,2.660057281478005,0,VERY LOW,0
GRID_S60_E070,-60,70,2025,1,2025-01-01,0.2104211406781625,21.04211406781625,0.026589543452940057,2.658954345294006,0,VERY LOW,0
GRID_S80_W120,-80,-120,2025,11,2025-11-01,0.20943463425637304,20.943463425637304,0.02656851532885867,2.656851532885867,0,VERY LOW,0
GRID_S70_E130,-70,130,2025,11,2025-11-01,0.2075359160915077,20.75359160915077,0.026564828940699187,2.6564828940699186,0,VERY LOW,0
GRID_S80_W160,-80,-160,2025,10,2025-10-01,0.20694440679037376,20.694440679037378,0.026555493462701817,2.6555493462701816,0,VERY LOW,0
GRID_N00_W130,0,-130,2025,1,2025-01-01,0.2081458971330267,20.81458971330267,0.02655535874892085,2.655535874892085,0,VERY LOW,0
GRID_S60_E070,-60,70,2025,11,2025-11-01,0.2076703807502251,20.76703807502251,0.02652245184746624,2.652245184746624,0,VERY LOW,0
GRID_S40_E010,-40,10,2025,1,2025-01-01,0.21007641252297723,21.007641252297724,0.026518177347835636,2.6518177347835636,0,VERY LOW,1
GRID_N40_W040,40,-40,2025,1,2025-01-01,0.2036000012315802,20.36000012315802,0.02651180592821383,2.651180592821383,0,VERY LOW,0
GRID_N20_E050,20,50,2025,1,2025-01-01,0.20577442092927467,20.577442092927466,0.02649604616823616,2.649604616823616,0,VERY LOW,0
GRID_N00_W090,0,-90,2025,2,2025-02-01,0.20669584629621268,20.66958462962127,0.02642843070291425,2.642843070291425,0,VERY LOW,0
GRID_N00_W180,0,-180,2025,11,2025-11-01,0.20236526775415076,20.236526775415076,0.026424481036219066,2.6424481036219065,0,VERY LOW,0
GRID_N00_E110,0,110,2025,1,2025-01-01,0.20611393167151124,20.611393167151125,0.026398829359422043,2.6398829359422042,0,VERY LOW,0
GRID_N30_W030,30,-30,2025,1,2025-01-01,0.2025508686357453,20.25508686357453,0.026279985545786488,2.6279985545786486,0,VERY LOW,0
GRID_S70_E050,-70,50,2025,1,2025-01-01,0.20748496050936868,20.74849605093687,0.026277286559902368,2.6277286559902366,0,VERY LOW,0
GRID_S20_W040,-20,-40,2025,2,2025-02-01,0.20641980968547363,20.64198096854736,0.026202788532416872,2.6202788532416874,0,VERY LOW,0
GRID_S70_E050,-70,50,2025,11,2025-11-01,0.2047626301274104,20.47626301274104,0.026196474608958253,2.619647460895825,0,VERY LOW,0
GRID_S40_E030,-40,30,2025,2,2025-02-01,0.20737753034878875,20.737753034878875,0.02619204227841295,2.619204227841295,0,VERY LOW,0
GRID_S30_W080,-30,-80,2025,11,2025-11-01,0.20347718729874192,20.34771872987419,0.026178737560073433,2.6178737560073433,0,VERY LOW,0
GRID_S30_W080,-30,-80,2025,1,2025-01-01,0.2061868587024593,20.61868587024593,0.026131088836301736,2.6131088836301735,0,VERY LOW,0
GRID_S30_E160,-30,160,2025,1,2025-01-01,0.20416908678562432,20.416908678562432,0.02612443553570682,2.612443553570682,0,VERY LOW,1
GRID_S80_W170,-80,-170,2025,3,2025-03-01,0.20751890830475211,20.75189083047521,0.02610643737589676,2.610643737589676,0,VERY LOW,0
GRID_S20_W050,-20,-50,2025,2,2025-02-01,0.25387391264763753,25.387391264763753,0.02610042131815804,2.610042131815804,0,VERY LOW,0
GRID_S80_W180,-80,-180,2025,3,2025-03-01,0.2069011749655646,20.69011749655646,0.02604977444106831,2.604977444106831,0,VERY LOW,0
GRID_S80_W140,-80,-140,2025,2,2025-02-01,0.2070035533081928,20.70035533081928,0.025995377021060296,2.5995377021060295,0,VERY LOW,0
GRID_S70_E100,-70,100,2025,1,2025-01-01,0.2041167234601161,20.41167234601161,0.02598268380310497,2.598268380310497,0,VERY LOW,0
GRID_N00_E040,0,40,2025,1,2025-01-01,0.2018400319494066,20.18400319494066,0.025928531901667672,2.592853190166767,0,VERY LOW,0
GRID_S40_W090,-40,-90,2025,11,2025-11-01,0.20121700612898963,20.121700612898962,0.02588412842876292,2.5884128428762923,0,VERY LOW,0
GRID_S70_E100,-70,100,2025,11,2025-11-01,0.20142735414462734,20.142735414462734,0.025883625813183524,2.5883625813183526,0,VERY LOW,0
GRID_S80_W160,-80,-160,2025,2,2025-02-01,0.20577171582227324,20.577171582227326,0.02587197290869586,2.587197290869586,0,VERY LOW,0
GRID_S40_W090,-40,-90,2025,1,2025-01-01,0.20390428407473726,20.390428407473728,0.025854691180034074,2.5854691180034073,0,VERY LOW,0
GRID_S70_E000,-70,0,2025,11,2025-11-01,0.201718010752392,20.171801075239202,0.02584555667840438,2.584555667840438,0,VERY LOW,0
GRID_S70_E060,-70,60,2025,2,2025-02-01,0.2041989899718961,20.41989899718961,0.025826715181263626,2.5826715181263626,0,VERY LOW,0
GRID_S60_W070,-60,-70,2025,10,2025-10-01,0.19913080618007056,19.913080618007058,0.025780573814189207,2.5780573814189207,0,VERY LOW,0
GRID_S10_W070,-10,-70,2025,1,2025-01-01,0.2231535110700435,22.31535110700435,0.025696159273982992,2.5696159273982992,0,VERY LOW,0
GRID_S80_W010,-80,-10,2025,1,2025-01-01,0.2021423521179495,20.21423521179495,0.02568327681969057,2.5683276819690573,0,VERY LOW,0
GRID_S30_W170,-30,-170,2025,11,2025-11-01,0.19804704514319033,19.80470451431903,0.025669430118702895,2.5669430118702894,0,VERY LOW,0
GRID_S50_E140,-50,140,2025,1,2025-01-01,0.19965608846145025,19.965608846145024,0.02561687246251943,2.5616872462519433,0,VERY LOW,1
GRID_S80_W010,-80,-10,2025,11,2025-11-01,0.1994724766163628,19.94724766163628,0.025602525601882364,2.5602525601882364,0,VERY LOW,0
GRID_S30_W170,-30,-170,2025,1,2025-01-01,0.20070262503795638,20.07026250379564,0.025592147463794006,2.5592147463794004,0,VERY LOW,0
GRID_S70_W050,-70,-50,2025,1,2025-01-01,0.2013695606639998,20.136956066399982,0.02555883246423672,2.555883246423672,0,VERY LOW,0
GRID_S70_W050,-70,-50,2025,11,2025-11-01,0.198707350060299,19.8707350060299,0.025512003634034507,2.5512003634034506,0,VERY LOW,0
GRID_S80_W040,-80,-40,2025,1,2025-01-01,0.20032903027694945,20.032903027694946,0.02547013832636169,2.547013832636169,0,VERY LOW,0
GRID_S80_W040,-80,-40,2025,11,2025-11-01,0.19767717105192567,19.767717105192567,0.025399477837673084,2.5399477837673086,0,VERY LOW,0
GRID_N40_W130,40,-130,2025,11,2025-11-01,0.12401830902674332,12.401830902674332,0.025390739113016043,2.5390739113016045,0,VERY LOW,1
GRID_S10_W050,-10,-50,2025,1,2025-01-01,0.2349748291359942,23.49748291359942,0.025222657531883567,2.5222657531883566,0,VERY LOW,0
GRID_S60_W070,-60,-70,2025,2,2025-02-01,0.19799133840172908,19.799133840172907,0.025147413590452278,2.5147413590452277,0,VERY LOW,0
GRID_N00_W090,0,-90,2025,1,2025-01-01,0.19407928835293348,19.407928835293347,0.02514115059108101,2.514115059108101,0,VERY LOW,0
GRID_S40_E030,-40,30,2025,1,2025-01-01,0.1947295766592401,19.47295766592401,0.02500953408600498,2.5009534086004983,0,VERY LOW,0
GRID_S40_E030,-40,30,2025,11,2025-11-01,0.192134031072474,19.2134031072474,0.0249849486222365,2.49849486222365,0,VERY LOW,1
GRID_S20_W070,-20,-70,2025,1,2025-01-01,0.2521902535448761,25.219025354487613,0.024976299977550034,2.4976299977550034,0,VERY LOW,0
GRID_S20_W040,-20,-40,2025,1,2025-01-01,0.19381598433095512,19.381598433095512,0.02496828634834592,2.4968286348345923,0,VERY LOW,0
GRID_S80_W140,-80,-140,2025,1,2025-01-01,0.19437281511647153,19.437281511647154,0.024803982178029423,2.4803982178029425,0,VERY LOW,0
GRID_S80_W140,-80,-140,2025,11,2025-11-01,0.19178089229486484,19.178089229486485,0.024766164337791385,2.4766164337791388,0,VERY LOW,0
GRID_S70_E060,-70,60,2025,1,2025-01-01,0.19169801004175638,19.16980100417564,0.0247142484156394,2.4714248415639397,0,VERY LOW,0
GRID_S80_W160,-80,-160,2025,1,2025-01-01,0.19319782869076474,19.319782869076473,0.024678669461235106,2.4678669461235105,0,VERY LOW,0
GRID_N50_W110,50,-110,2025,11,2025-11-01,0.2089905372425578,20.899053724255783,0.024666664563385073,2.4666664563385075,0,VERY LOW,0
GRID_S80_W160,-80,-160,2025,11,2025-11-01,0.19061786685492693,19.06178668549269,0.024647279396241284,2.4647279396241286,0,VERY LOW,0
GRID_S80_W170,-80,-170,2025,11,2025-11-01,0.19014245142607408,19.014245142607408,0.024438142711107773,2.443814271110777,0,VERY LOW,0
GRID_S80_W170,-80,-170,2025,2,2025-02-01,0.1889287158720756,18.89287158720756,0.02418424705845203,2.418424705845203,0,VERY LOW,0
GRID_S80_W180,-80,-180,2025,2,2025-02-01,0.18835316842648278,18.83531684264828,0.024127619181988847,2.4127619181988846,0,VERY LOW,0
GRID_S60_W070,-60,-70,2025,1,2025-01-01,0.18578166949512773,18.578166949512774,0.02400389312283565,2.400389312283565,0,VERY LOW,0
GRID_S60_W070,-60,-70,2025,11,2025-11-01,0.1832782454899811,18.32782454899811,0.02397203078666909,2.3972030786669087,0,VERY LOW,1
GRID_N60_W130,60,-130,2025,1,2025-01-01,0.20160301519179188,20.16030151917919,0.02333256115774397,2.3332561157743967,0,VERY LOW,0
GRID_S80_W170,-80,-170,2025,1,2025-01-01,0.17715446981553354,17.715446981553352,0.02307683515723676,2.3076835157236757,0,VERY LOW,0
GRID_S80_W180,-80,-180,2025,1,2025-01-01,0.17660698086880008,17.660698086880007,0.02301932077383555,2.301932077383555,0,VERY LOW,0
GRID_S20_W050,-20,-50,2025,1,2025-01-01,0.2100685864072289,21.00685864072289,0.02279105520574929,2.279105520574929,0,VERY LOW,0
GRID_S10_E010,-10,10,2025,1,2025-01-01,0.24387120998304315,24.387120998304315,0.02267706122997164,2.267706122997164,0,VERY LOW,0
GRID_S20_E010,-20,10,2025,10,2025-10-01,0.181912352317836,18.1912352317836,0.02193601691118106,2.193601691118106,0,VERY LOW,1
GRID_S10_E020,-10,20,2025,10,2025-10-01,0.1650994214254957,16.50994214254957,0.021773371826899496,2.1773371826899495,0,VERY LOW,1
GRID_N50_E120,50,120,2025,11,2025-11-01,0.1604380579921379,16.04380579921379,0.021447906872042524,2.1447906872042526,0,VERY LOW,0
GRID_S10_E010,-10,10,2025,10,2025-10-01,0.15939217751992657,15.939217751992658,0.021441764212960714,2.1441764212960712,0,VERY LOW,1
GRID_S10_E020,-10,20,2025,9,2025-09-01,0.15153690696189506,15.153690696189507,0.02059562459060446,2.059562459060446,0,VERY LOW,1
GRID_S10_W060,-10,-60,2025,1,2025-01-01,0.18555657181898008,18.55565718189801,0.020228022989018886,2.0228022989018886,0,VERY LOW,0
GRID_S20_E020,-20,20,2025,10,2025-10-01,0.15226136154175185,15.226136154175185,0.019012953475488148,1.9012953475488148,0,VERY LOW,0
GRID_N00_E020,0,20,2025,6,2025-06-01,0.163004108882951,16.3004108882951,0.018945744017466494,1.8945744017466495,0,VERY LOW,0
GRID_N50_E110,50,110,2025,9,2025-09-01,0.14787721488010394,14.787721488010394,0.017641402944823505,1.7641402944823505,0,VERY LOW,0
GRID_S20_E030,-20,30,2025,1,2025-01-01,0.1595399512712387,15.953995127123871,0.017589628804564536,1.7589628804564537,0,VERY LOW,0
GRID_N00_E020,0,20,2025,5,2025-05-01,0.1412372897780298,14.12372897780298,0.016930195585156453,1.6930195585156453,0,VERY LOW,0
GRID_S20_E020,-20,20,2025,1,2025-01-01,0.1220721304920021,12.207213049200211,0.014053416927862642,1.405341692786264,0,VERY LOW,0
GRID_S20_E010,-20,10,2025,1,2025-01-01,0.11460268721031386,11.460268721031387,0.013630278663923667,1.3630278663923667,0,VERY LOW,0
GRID_S10_E020,-10,20,2025,11,2025-11-01,0.08315259247291935,8.315259247291936,0.013311729976068595,1.3311729976068596,0,VERY LOW,1
GRID_N40_W120,40,-120,2025,11,2025-11-01,0.020827435069730255,2.0827435069730256,0.01087990660641872,1.087990660641872,0,VERY LOW,0
GRID_S20_E020,-20,20,2025,11,2025-11-01,0.062011759309509876,6.2011759309509875,0.010818309729965496,1.0818309729965496,0,VERY LOW,0
GRID_N50_E110,50,110,2025,10,2025-10-01,0.07061563939037888,7.061563939037888,0.010649129597309143,1.0649129597309144,0,VERY LOW,0
GRID_S20_W060,-20,-60,2025,11,2025-11-01,0.041209267675248684,4.120926767524868,0.00816252458225472,0.8162524582254719,0,VERY LOW,0
