event_id,title,categories,category_count,is_multi_category,event_date,year,month,month_name,latitude,longitude,has_coordinates,geometry_type,magnitude_value,magnitude_unit,source_ids,source_names,source_urls,source_count,geometry_count,closed,event_link,cat_drought,cat_dust_and_haze,cat_earthquakes,cat_floods,cat_landslides,cat_manmade,cat_sea_and_lake_ice,cat_severe_storms,cat_snow,cat_temperature_extremes,cat_volcanoes,cat_water_color,cat_wildfires,category_ids,state_name,state_iso
EONET_332,Tropical Storm Ashobaa,Severe Storms,1,False,2015-06-07 06:00:00+00:00,2015,6,June,15.5,68.5,True,Point,,,UNISYS,,,1,19,2016-02-03T00:00:00Z,https://eonet.gsfc.nasa.gov/api/v3/events/EONET_332,0,0,0,0,0,0,0,1,0,0,0,0,0,severeStorms,,
EONET_332,Tropical Storm Ashobaa,Severe Storms,1,False,2015-06-07 12:00:00+00:00,2015,6,June,16.0,68.6,True,Point,,,UNISYS,,,1,19,2016-02-03T00:00:00Z,https://eonet.gsfc.nasa.gov/api/v3/events/EONET_332,0,0,0,0,0,0,0,1,0,0,0,0,0,severeStorms,,
EONET_332,Tropical Storm Ashobaa,Severe Storms,1,False,2015-06-07 18:00:00+00:00,2015,6,June,16.6,68.3,True,Point,,,UNISYS,,,1,19,2016-02-03T00:00:00Z,https://eonet.gsfc.nasa.gov/api/v3/events/EONET_332,0,0,0,0,0,0,0,1,0,0,0,0,0,severeStorms,,
EONET_331,Tropical Storm Two,Severe Storms,1,False,2015-07-29 00:00:00+00:00,2015,7,July,21.2,91.2,True,Point,,,UNISYS,,,1,6,2016-02-03T00:00:00Z,https://eonet.gsfc.nasa.gov/api/v3/events/EONET_331,0,0,0,0,0,0,0,1,0,0,0,0,0,severeStorms,,
EONET_331,Tropical Storm Two,Severe Storms,1,False,2015-07-29 06:00:00+00:00,2015,7,July,21.2,91.4,True,Point,,,UNISYS,,,1,6,2016-02-03T00:00:00Z,https://eonet.gsfc.nasa.gov/api/v3/events/EONET_331,0,0,0,0,0,0,0,1,0,0,0,0,0,severeStorms,,
EONET_331,Tropical Storm Two,Severe Storms,1,False,2015-07-29 12:00:00+00:00,2015,7,July,21.4,91.2,True,Point,,,UNISYS,,,1,6,2016-02-03T00:00:00Z,https://eonet.gsfc.nasa.gov/api/v3/events/EONET_331,0,0,0,0,0,0,0,1,0,0,0,0,0,severeStorms,,
EONET_331,Tropical Storm Two,Severe Storms,1,False,2015-07-29 18:00:00+00:00,2015,7,July,21.6,91.2,True,Point,,,UNISYS,,,1,6,2016-02-03T00:00:00Z,https://eonet.gsfc.nasa.gov/api/v3/events/EONET_331,0,0,0,0,0,0,0,1,0,0,0,0,0,severeStorms,,
EONET_331,Tropical Storm Two,Severe Storms,1,False,2015-07-30 00:00:00+00:00,2015,7,July,21.9,91.2,True,Point,,,UNISYS,,,1,6,2016-02-03T00:00:00Z,https://eonet.gsfc.nasa.gov/api/v3/events/EONET_331,0,0,0,0,0,0,0,1,0,0,0,0,0,severeStorms,,
EONET_331,Tropical Storm Two,Severe Storms,1,False,2015-07-30 06:00:00+00:00,2015,7,July,22.5,91.8,True,Point,,,UNISYS,,,1,6,2016-02-03T00:00:00Z,https://eonet.gsfc.nasa.gov/api/v3/events/EONET_331,0,0,0,0,0,0,0,1,0,0,0,0,0,severeStorms,,
EONET_222,Tropical Storm Three (Indian Ocean),Severe Storms,1,False,2015-10-09 18:00:00+00:00,2015,10,October,14.9,69.8,True,Point,,,UNISYS,,,1,7,2015-10-16T00:00:00Z,https://eonet.gsfc.nasa.gov/api/v3/events/EONET_222,0,0,0,0,0,0,0,1,0,0,0,0,0,severeStorms,,
EONET_222,Tropical Storm Three (Indian Ocean),Severe Storms,1,False,2015-10-10 00:00:00+00:00,2015,10,October,14.9,69.5,True,Point,,,UNISYS,,,1,7,2015-10-16T00:00:00Z,https://eonet.gsfc.nasa.gov/api/v3/events/EONET_222,0,0,0,0,0,0,0,1,0,0,0,0,0,severeStorms,,
EONET_222,Tropical Storm Three (Indian Ocean),Severe Storms,1,False,2015-10-10 06:00:00+00:00,2015,10,October,15.0,69.1,True,Point,,,UNISYS,,,1,7,2015-10-16T00:00:00Z,https://eonet.gsfc.nasa.gov/api/v3/events/EONET_222,0,0,0,0,0,0,0,1,0,0,0,0,0,severeStorms,,
EONET_222,Tropical Storm Three (Indian Ocean),Severe Storms,1,False,2015-10-10 12:00:00+00:00,2015,10,October,15.2,69.4,True,Point,,,UNISYS,,,1,7,2015-10-16T00:00:00Z,https://eonet.gsfc.nasa.gov/api/v3/events/EONET_222,0,0,0,0,0,0,0,1,0,0,0,0,0,severeStorms,,
EONET_222,Tropical Storm Three (Indian Ocean),Severe Storms,1,False,2015-10-10 18:00:00+00:00,2015,10,October,15.6,69.5,True,Point,,,UNISYS,,,1,7,2015-10-16T00:00:00Z,https://eonet.gsfc.nasa.gov/api/v3/events/EONET_222,0,0,0,0,0,0,0,1,0,0,0,0,0,severeStorms,,
EONET_222,Tropical Storm Three (Indian Ocean),Severe Storms,1,False,2015-10-11 00:00:00+00:00,2015,10,October,15.8,69.7,True,Point,,,UNISYS,,,1,7,2015-10-16T00:00:00Z,https://eonet.gsfc.nasa.gov/api/v3/events/EONET_222,0,0,0,0,0,0,0,1,0,0,0,0,0,severeStorms,,
EONET_222,Tropical Storm Three (Indian Ocean),Severe Storms,1,False,2015-10-11 06:00:00+00:00,2015,10,October,15.9,69.4,True,Point,,,UNISYS,,,1,7,2015-10-16T00:00:00Z,https://eonet.gsfc.nasa.gov/api/v3/events/EONET_222,0,0,0,0,0,0,0,1,0,0,0,0,0,severeStorms,,
EONET_401,Tropical Storm One,Severe Storms,1,False,2016-05-18 06:00:00+00:00,2016,5,May,13.9,81.5,True,Point,,,UNISYS,,,1,5,2016-05-24T00:00:00Z,https://eonet.gsfc.nasa.gov/api/v3/events/EONET_401,0,0,0,0,0,0,0,1,0,0,0,0,0,severeStorms,,
EONET_402,Tropical Storm Roanu,Severe Storms,1,False,2016-05-18 06:00:00+00:00,2016,5,May,13.9,81.5,True,Point,,,UNISYS,,,1,14,2016-05-27T00:00:00Z,https://eonet.gsfc.nasa.gov/api/v3/events/EONET_402,0,0,0,0,0,0,0,1,0,0,0,0,0,severeStorms,,
EONET_401,Tropical Storm One,Severe Storms,1,False,2016-05-18 12:00:00+00:00,2016,5,May,14.4,81.4,True,Point,,,UNISYS,,,1,5,2016-05-24T00:00:00Z,https://eonet.gsfc.nasa.gov/api/v3/events/EONET_401,0,0,0,0,0,0,0,1,0,0,0,0,0,severeStorms,,
EONET_402,Tropical Storm Roanu,Severe Storms,1,False,2016-05-18 12:00:00+00:00,2016,5,May,14.4,81.4,True,Point,,,UNISYS,,,1,14,2016-05-27T00:00:00Z,https://eonet.gsfc.nasa.gov/api/v3/events/EONET_402,0,0,0,0,0,0,0,1,0,0,0,0,0,severeStorms,,
EONET_402,Tropical Storm Roanu,Severe Storms,1,False,2016-05-18 18:00:00+00:00,2016,5,May,15.0,81.7,True,Point,,,UNISYS,,,1,14,2016-05-27T00:00:00Z,https://eonet.gsfc.nasa.gov/api/v3/events/EONET_402,0,0,0,0,0,0,0,1,0,0,0,0,0,severeStorms,,
EONET_401,Tropical Storm One,Severe Storms,1,False,2016-05-18 18:00:00+00:00,2016,5,May,15.0,81.7,True,Point,,,UNISYS,,,1,5,2016-05-24T00:00:00Z,https://eonet.gsfc.nasa.gov/api/v3/events/EONET_401,0,0,0,0,0,0,0,1,0,0,0,0,0,severeStorms,,
EONET_401,Tropical Storm One,Severe Storms,1,False,2016-05-19 00:00:00+00:00,2016,5,May,15.7,82.1,True,Point,,,UNISYS,,,1,5,2016-05-24T00:00:00Z,https://eonet.gsfc.nasa.gov/api/v3/events/EONET_401,0,0,0,0,0,0,0,1,0,0,0,0,0,severeStorms,,
EONET_402,Tropical Storm Roanu,Severe Storms,1,False,2016-05-19 00:00:00+00:00,2016,5,May,15.7,82.1,True,Point,,,UNISYS,,,1,14,2016-05-27T00:00:00Z,https://eonet.gsfc.nasa.gov/api/v3/events/EONET_402,0,0,0,0,0,0,0,1,0,0,0,0,0,severeStorms,,
EONET_402,Tropical Storm Roanu,Severe Storms,1,False,2016-05-19 06:00:00+00:00,2016,5,May,15.3,82.0,True,Point,,,UNISYS,,,1,14,2016-05-27T00:00:00Z,https://eonet.gsfc.nasa.gov/api/v3/events/EONET_402,0,0,0,0,0,0,0,1,0,0,0,0,0,severeStorms,,
EONET_401,Tropical Storm One,Severe Storms,1,False,2016-05-19 06:00:00+00:00,2016,5,May,15.3,82.0,True,Point,,,UNISYS,,,1,5,2016-05-24T00:00:00Z,https://eonet.gsfc.nasa.gov/api/v3/events/EONET_401,0,0,0,0,0,0,0,1,0,0,0,0,0,severeStorms,,
EONET_402,Tropical Storm Roanu,Severe Storms,1,False,2016-05-19 12:00:00+00:00,2016,5,May,15.5,83.0,True,Point,,,UNISYS,,,1,14,2016-05-27T00:00:00Z,https://eonet.gsfc.nasa.gov/api/v3/events/EONET_402,0,0,0,0,0,0,0,1,0,0,0,0,0,severeStorms,,
EONET_402,Tropical Storm Roanu,Severe Storms,1,False,2016-05-19 18:00:00+00:00,2016,5,May,16.4,83.6,True,Point,,,UNISYS,,,1,14,2016-05-27T00:00:00Z,https://eonet.gsfc.nasa.gov/api/v3/events/EONET_402,0,0,0,0,0,0,0,1,0,0,0,0,0,severeStorms,,
EONET_402,Tropical Storm Roanu,Severe Storms,1,False,2016-05-20 00:00:00+00:00,2016,5,May,17.6,84.4,True,Point,,,UNISYS,,,1,14,2016-05-27T00:00:00Z,https://eonet.gsfc.nasa.gov/api/v3/events/EONET_402,0,0,0,0,0,0,0,1,0,0,0,0,0,severeStorms,,
EONET_402,Tropical Storm Roanu,Severe Storms,1,False,2016-05-20 06:00:00+00:00,2016,5,May,18.4,85.6,True,Point,,,UNISYS,,,1,14,2016-05-27T00:00:00Z,https://eonet.gsfc.nasa.gov/api/v3/events/EONET_402,0,0,0,0,0,0,0,1,0,0,0,0,0,severeStorms,,
EONET_402,Tropical Storm Roanu,Severe Storms,1,False,2016-05-20 12:00:00+00:00,2016,5,May,18.9,87.0,True,Point,,,UNISYS,,,1,14,2016-05-27T00:00:00Z,https://eonet.gsfc.nasa.gov/api/v3/events/EONET_402,0,0,0,0,0,0,0,1,0,0,0,0,0,severeStorms,,
EONET_402,Tropical Storm Roanu,Severe Storms,1,False,2016-05-20 18:00:00+00:00,2016,5,May,19.8,87.6,True,Point,,,UNISYS,,,1,14,2016-05-27T00:00:00Z,https://eonet.gsfc.nasa.gov/api/v3/events/EONET_402,0,0,0,0,0,0,0,1,0,0,0,0,0,severeStorms,,
EONET_402,Tropical Storm Roanu,Severe Storms,1,False,2016-05-21 00:00:00+00:00,2016,5,May,20.7,89.2,True,Point,,,UNISYS,,,1,14,2016-05-27T00:00:00Z,https://eonet.gsfc.nasa.gov/api/v3/events/EONET_402,0,0,0,0,0,0,0,1,0,0,0,0,0,severeStorms,,
EONET_402,Tropical Storm Roanu,Severe Storms,1,False,2016-05-21 06:00:00+00:00,2016,5,May,22.0,91.0,True,Point,,,UNISYS,,,1,14,2016-05-27T00:00:00Z,https://eonet.gsfc.nasa.gov/api/v3/events/EONET_402,0,0,0,0,0,0,0,1,0,0,0,0,0,severeStorms,,
EONET_402,Tropical Storm Roanu,Severe Storms,1,False,2016-05-21 12:00:00+00:00,2016,5,May,23.3,92.5,True,Point,,,UNISYS,,,1,14,2016-05-27T00:00:00Z,https://eonet.gsfc.nasa.gov/api/v3/events/EONET_402,0,0,0,0,0,0,0,1,0,0,0,0,0,severeStorms,Mizoram,IN-MZ
EONET_2562,Myanmar Earthquake,Earthquakes,1,False,2016-08-24 00:00:00+00:00,2016,8,August,20.9192,94.5789,True,Point,,,GDACS|PDC|ReliefWeb,,,3,1,2016-08-29T00:00:00Z,https://eonet.gsfc.nasa.gov/api/v3/events/EONET_2562,0,0,1,0,0,0,0,0,0,0,0,0,0,earthquakes,,
EONET_2640,Tropical Storm Kyant,Severe Storms,1,False,2016-10-25 00:00:00+00:00,2016,10,October,16.6,91.3,True,Point,,,UNISYS,,,1,8,2016-10-31T00:00:00Z,https://eonet.gsfc.nasa.gov/api/v3/events/EONET_2640,0,0,0,0,0,0,0,1,0,0,0,0,0,severeStorms,,
EONET_2640,Tropical Storm Kyant,Severe Storms,1,False,2016-10-25 06:00:00+00:00,2016,10,October,16.7,90.9,True,Point,,,UNISYS,,,1,8,2016-10-31T00:00:00Z,https://eonet.gsfc.nasa.gov/api/v3/events/EONET_2640,0,0,0,0,0,0,0,1,0,0,0,0,0,severeStorms,,
EONET_2640,Tropical Storm Kyant,Severe Storms,1,False,2016-10-25 12:00:00+00:00,2016,10,October,16.6,90.8,True,Point,,,UNISYS,,,1,8,2016-10-31T00:00:00Z,https://eonet.gsfc.nasa.gov/api/v3/events/EONET_2640,0,0,0,0,0,0,0,1,0,0,0,0,0,severeStorms,,
EONET_2640,Tropical Storm Kyant,Severe Storms,1,False,2016-10-25 18:00:00+00:00,2016,10,October,16.7,89.5,True,Point,,,UNISYS,,,1,8,2016-10-31T00:00:00Z,https://eonet.gsfc.nasa.gov/api/v3/events/EONET_2640,0,0,0,0,0,0,0,1,0,0,0,0,0,severeStorms,,
EONET_2640,Tropical Storm Kyant,Severe Storms,1,False,2016-10-26 00:00:00+00:00,2016,10,October,16.6,88.5,True,Point,,,UNISYS,,,1,8,2016-10-31T00:00:00Z,https://eonet.gsfc.nasa.gov/api/v3/events/EONET_2640,0,0,0,0,0,0,0,1,0,0,0,0,0,severeStorms,,
EONET_2640,Tropical Storm Kyant,Severe Storms,1,False,2016-10-26 06:00:00+00:00,2016,10,October,16.4,87.5,True,Point,,,UNISYS,,,1,8,2016-10-31T00:00:00Z,https://eonet.gsfc.nasa.gov/api/v3/events/EONET_2640,0,0,0,0,0,0,0,1,0,0,0,0,0,severeStorms,,
EONET_2640,Tropical Storm Kyant,Severe Storms,1,False,2016-10-26 12:00:00+00:00,2016,10,October,15.9,86.3,True,Point,,,UNISYS,,,1,8,2016-10-31T00:00:00Z,https://eonet.gsfc.nasa.gov/api/v3/events/EONET_2640,0,0,0,0,0,0,0,1,0,0,0,0,0,severeStorms,,
EONET_2640,Tropical Storm Kyant,Severe Storms,1,False,2016-10-26 18:00:00+00:00,2016,10,October,15.9,86.1,True,Point,,,UNISYS,,,1,8,2016-10-31T00:00:00Z,https://eonet.gsfc.nasa.gov/api/v3/events/EONET_2640,0,0,0,0,0,0,0,1,0,0,0,0,0,severeStorms,,
EONET_2672,Tropical Storm Nada,Severe Storms,1,False,2016-11-29 18:00:00+00:00,2016,11,November,7.6,86.5,True,Point,,,UNISYS,,,1,8,2016-12-06T00:00:00Z,https://eonet.gsfc.nasa.gov/api/v3/events/EONET_2672,0,0,0,0,0,0,0,1,0,0,0,0,0,severeStorms,,
EONET_2672,Tropical Storm Nada,Severe Storms,1,False,2016-11-30 00:00:00+00:00,2016,11,November,8.6,85.7,True,Point,,,UNISYS,,,1,8,2016-12-06T00:00:00Z,https://eonet.gsfc.nasa.gov/api/v3/events/EONET_2672,0,0,0,0,0,0,0,1,0,0,0,0,0,severeStorms,,
EONET_2672,Tropical Storm Nada,Severe Storms,1,False,2016-11-30 06:00:00+00:00,2016,11,November,9.3,85.0,True,Point,,,UNISYS,,,1,8,2016-12-06T00:00:00Z,https://eonet.gsfc.nasa.gov/api/v3/events/EONET_2672,0,0,0,0,0,0,0,1,0,0,0,0,0,severeStorms,,
EONET_2672,Tropical Storm Nada,Severe Storms,1,False,2016-11-30 12:00:00+00:00,2016,11,November,9.9,83.9,True,Point,,,UNISYS,,,1,8,2016-12-06T00:00:00Z,https://eonet.gsfc.nasa.gov/api/v3/events/EONET_2672,0,0,0,0,0,0,0,1,0,0,0,0,0,severeStorms,,
EONET_2672,Tropical Storm Nada,Severe Storms,1,False,2016-11-30 18:00:00+00:00,2016,11,November,10.0,82.7,True,Point,,,UNISYS,,,1,8,2016-12-06T00:00:00Z,https://eonet.gsfc.nasa.gov/api/v3/events/EONET_2672,0,0,0,0,0,0,0,1,0,0,0,0,0,severeStorms,,
EONET_2672,Tropical Storm Nada,Severe Storms,1,False,2016-12-01 00:00:00+00:00,2016,12,December,10.2,81.8,True,Point,,,UNISYS,,,1,8,2016-12-06T00:00:00Z,https://eonet.gsfc.nasa.gov/api/v3/events/EONET_2672,0,0,0,0,0,0,0,1,0,0,0,0,0,severeStorms,,
EONET_2672,Tropical Storm Nada,Severe Storms,1,False,2016-12-01 06:00:00+00:00,2016,12,December,10.3,81.2,True,Point,,,UNISYS,,,1,8,2016-12-06T00:00:00Z,https://eonet.gsfc.nasa.gov/api/v3/events/EONET_2672,0,0,0,0,0,0,0,1,0,0,0,0,0,severeStorms,,
EONET_2672,Tropical Storm Nada,Severe Storms,1,False,2016-12-01 12:00:00+00:00,2016,12,December,10.5,80.7,True,Point,,,UNISYS,,,1,8,2016-12-06T00:00:00Z,https://eonet.gsfc.nasa.gov/api/v3/events/EONET_2672,0,0,0,0,0,0,0,1,0,0,0,0,0,severeStorms,,
EONET_2679,Tropical Storm Five,Severe Storms,1,False,2016-12-07 12:00:00+00:00,2016,12,December,10.7,91.8,True,Point,,,UNISYS,,,1,3,2016-12-08T00:00:00Z,https://eonet.gsfc.nasa.gov/api/v3/events/EONET_2679,0,0,0,0,0,0,0,1,0,0,0,0,0,severeStorms,,
EONET_2680,Cyclone Vardah,Severe Storms,1,False,2016-12-07 12:00:00+00:00,2016,12,December,10.7,91.8,True,Point,,,EO|ReliefWeb|UNISYS,,,3,20,2016-12-17T00:00:00Z,https://eonet.gsfc.nasa.gov/api/v3/events/EONET_2680,0,0,0,0,0,0,0,1,0,0,0,0,0,severeStorms,,
EONET_2679,Tropical Storm Five,Severe Storms,1,False,2016-12-07 18:00:00+00:00,2016,12,December,11.0,92.0,True,Point,,,UNISYS,,,1,3,2016-12-08T00:00:00Z,https://eonet.gsfc.nasa.gov/api/v3/events/EONET_2679,0,0,0,0,0,0,0,1,0,0,0,0,0,severeStorms,,
EONET_2680,Cyclone Vardah,Severe Storms,1,False,2016-12-07 18:00:00+00:00,2016,12,December,11.0,92.0,True,Point,,,EO|ReliefWeb|UNISYS,,,3,20,2016-12-17T00:00:00Z,https://eonet.gsfc.nasa.gov/api/v3/events/EONET_2680,0,0,0,0,0,0,0,1,0,0,0,0,0,severeStorms,,
EONET_2679,Tropical Storm Five,Severe Storms,1,False,2016-12-08 00:00:00+00:00,2016,12,December,11.4,92.1,True,Point,,,UNISYS,,,1,3,2016-12-08T00:00:00Z,https://eonet.gsfc.nasa.gov/api/v3/events/EONET_2679,0,0,0,0,0,0,0,1,0,0,0,0,0,severeStorms,,
EONET_2680,Cyclone Vardah,Severe Storms,1,False,2016-12-08 00:00:00+00:00,2016,12,December,11.4,92.1,True,Point,,,EO|ReliefWeb|UNISYS,,,3,20,2016-12-17T00:00:00Z,https://eonet.gsfc.nasa.gov/api/v3/events/EONET_2680,0,0,0,0,0,0,0,1,0,0,0,0,0,severeStorms,,
EONET_2680,Cyclone Vardah,Severe Storms,1,False,2016-12-08 06:00:00+00:00,2016,12,December,11.3,92.0,True,Point,,,EO|ReliefWeb|UNISYS,,,3,20,2016-12-17T00:00:00Z,https://eonet.gsfc.nasa.gov/api/v3/events/EONET_2680,0,0,0,0,0,0,0,1,0,0,0,0,0,severeStorms,,
EONET_2680,Cyclone Vardah,Severe Storms,1,False,2016-12-08 12:00:00+00:00,2016,12,December,11.6,91.8,True,Point,,,EO|ReliefWeb|UNISYS,,,3,20,2016-12-17T00:00:00Z,https://eonet.gsfc.nasa.gov/api/v3/events/EONET_2680,0,0,0,0,0,0,0,1,0,0,0,0,0,severeStorms,,
EONET_2680,Cyclone Vardah,Severe Storms,1,False,2016-12-08 18:00:00+00:00,2016,12,December,11.8,91.5,True,Point,,,EO|ReliefWeb|UNISYS,,,3,20,2016-12-17T00:00:00Z,https://eonet.gsfc.nasa.gov/api/v3/events/EONET_2680,0,0,0,0,0,0,0,1,0,0,0,0,0,severeStorms,,
EONET_2680,Cyclone Vardah,Severe Storms,1,False,2016-12-09 00:00:00+00:00,2016,12,December,11.9,91.1,True,Point,,,EO|ReliefWeb|UNISYS,,,3,20,2016-12-17T00:00:00Z,https://eonet.gsfc.nasa.gov/api/v3/events/EONET_2680,0,0,0,0,0,0,0,1,0,0,0,0,0,severeStorms,,
EONET_2680,Cyclone Vardah,Severe Storms,1,False,2016-12-09 06:00:00+00:00,2016,12,December,11.7,90.8,True,Point,,,EO|ReliefWeb|UNISYS,,,3,20,2016-12-17T00:00:00Z,https://eonet.gsfc.nasa.gov/api/v3/events/EONET_2680,0,0,0,0,0,0,0,1,0,0,0,0,0,severeStorms,,
EONET_2680,Cyclone Vardah,Severe Storms,1,False,2016-12-09 12:00:00+00:00,2016,12,December,11.9,90.1,True,Point,,,EO|ReliefWeb|UNISYS,,,3,20,2016-12-17T00:00:00Z,https://eonet.gsfc.nasa.gov/api/v3/events/EONET_2680,0,0,0,0,0,0,0,1,0,0,0,0,0,severeStorms,,
EONET_2680,Cyclone Vardah,Severe Storms,1,False,2016-12-09 18:00:00+00:00,2016,12,December,12.3,89.1,True,Point,,,EO|ReliefWeb|UNISYS,,,3,20,2016-12-17T00:00:00Z,https://eonet.gsfc.nasa.gov/api/v3/events/EONET_2680,0,0,0,0,0,0,0,1,0,0,0,0,0,severeStorms,,
EONET_2680,Cyclone Vardah,Severe Storms,1,False,2016-12-10 00:00:00+00:00,2016,12,December,12.7,88.4,True,Point,,,EO|ReliefWeb|UNISYS,,,3,20,2016-12-17T00:00:00Z,https://eonet.gsfc.nasa.gov/api/v3/events/EONET_2680,0,0,0,0,0,0,0,1,0,0,0,0,0,severeStorms,,
EONET_2680,Cyclone Vardah,Severe Storms,1,False,2016-12-10 06:00:00+00:00,2016,12,December,12.9,87.5,True,Point,,,EO|ReliefWeb|UNISYS,,,3,20,2016-12-17T00:00:00Z,https://eonet.gsfc.nasa.gov/api/v3/events/EONET_2680,0,0,0,0,0,0,0,1,0,0,0,0,0,severeStorms,,
EONET_2680,Cyclone Vardah,Severe Storms,1,False,2016-12-10 12:00:00+00:00,2016,12,December,13.2,86.3,True,Point,,,EO|ReliefWeb|UNISYS,,,3,20,2016-12-17T00:00:00Z,https://eonet.gsfc.nasa.gov/api/v3/events/EONET_2680,0,0,0,0,0,0,0,1,0,0,0,0,0,severeStorms,,
EONET_2680,Cyclone Vardah,Severe Storms,1,False,2016-12-10 18:00:00+00:00,2016,12,December,13.0,85.2,True,Point,,,EO|ReliefWeb|UNISYS,,,3,20,2016-12-17T00:00:00Z,https://eonet.gsfc.nasa.gov/api/v3/events/EONET_2680,0,0,0,0,0,0,0,1,0,0,0,0,0,severeStorms,,
EONET_2680,Cyclone Vardah,Severe Storms,1,False,2016-12-11 00:00:00+00:00,2016,12,December,12.7,84.5,True,Point,,,EO|ReliefWeb|UNISYS,,,3,20,2016-12-17T00:00:00Z,https://eonet.gsfc.nasa.gov/api/v3/events/EONET_2680,0,0,0,0,0,0,0,1,0,0,0,0,0,severeStorms,,
EONET_2680,Cyclone Vardah,Severe Storms,1,False,2016-12-11 06:00:00+00:00,2016,12,December,12.9,83.7,True,Point,,,EO|ReliefWeb|UNISYS,,,3,20,2016-12-17T00:00:00Z,https://eonet.gsfc.nasa.gov/api/v3/events/EONET_2680,0,0,0,0,0,0,0,1,0,0,0,0,0,severeStorms,,
EONET_2680,Cyclone Vardah,Severe Storms,1,False,2016-12-11 12:00:00+00:00,2016,12,December,13.1,83.2,True,Point,,,EO|ReliefWeb|UNISYS,,,3,20,2016-12-17T00:00:00Z,https://eonet.gsfc.nasa.gov/api/v3/events/EONET_2680,0,0,0,0,0,0,0,1,0,0,0,0,0,severeStorms,,
EONET_2680,Cyclone Vardah,Severe Storms,1,False,2016-12-11 18:00:00+00:00,2016,12,December,13.2,82.3,True,Point,,,EO|ReliefWeb|UNISYS,,,3,20,2016-12-17T00:00:00Z,https://eonet.gsfc.nasa.gov/api/v3/events/EONET_2680,0,0,0,0,0,0,0,1,0,0,0,0,0,severeStorms,,
EONET_2680,Cyclone Vardah,Severe Storms,1,False,2016-12-12 00:00:00+00:00,2016,12,December,13.2,81.5,True,Point,,,EO|ReliefWeb|UNISYS,,,3,20,2016-12-17T00:00:00Z,https://eonet.gsfc.nasa.gov/api/v3/events/EONET_2680,0,0,0,0,0,0,0,1,0,0,0,0,0,severeStorms,,
EONET_2680,Cyclone Vardah,Severe Storms,1,False,2016-12-12 06:00:00+00:00,2016,12,December,13.2,80.6,True,Point,,,EO|ReliefWeb|UNISYS,,,3,20,2016-12-17T00:00:00Z,https://eonet.gsfc.nasa.gov/api/v3/events/EONET_2680,0,0,0,0,0,0,0,1,0,0,0,0,0,severeStorms,,
EONET_2729,"Barren Island Volcano, Indonesia",Volcanoes,1,False,2017-01-23 00:00:00+00:00,2017,1,January,12.278,93.858,True,Point,,,SIVolcano,,,1,1,2017-02-21T00:00:00Z,https://eonet.gsfc.nasa.gov/api/v3/events/EONET_2729,0,0,0,0,0,0,0,0,0,0,1,0,0,volcanoes,,
EONET_2769,Tropical Storm Maarutha,Severe Storms,1,False,2017-04-15 12:00:00+00:00,2017,4,April,14.3,90.2,True,Point,,,EO|UNISYS,,,2,6,2017-04-21T00:00:00Z,https://eonet.gsfc.nasa.gov/api/v3/events/EONET_2769,0,0,0,0,0,0,0,1,0,0,0,0,0,severeStorms,,
EONET_2769,Tropical Storm Maarutha,Severe Storms,1,False,2017-04-15 18:00:00+00:00,2017,4,April,15.3,91.3,True,Point,,,EO|UNISYS,,,2,6,2017-04-21T00:00:00Z,https://eonet.gsfc.nasa.gov/api/v3/events/EONET_2769,0,0,0,0,0,0,0,1,0,0,0,0,0,severeStorms,,
EONET_2769,Tropical Storm Maarutha,Severe Storms,1,False,2017-04-16 00:00:00+00:00,2017,4,April,16.3,92.3,True,Point,,,EO|UNISYS,,,2,6,2017-04-21T00:00:00Z,https://eonet.gsfc.nasa.gov/api/v3/events/EONET_2769,0,0,0,0,0,0,0,1,0,0,0,0,0,severeStorms,,
EONET_2769,Tropical Storm Maarutha,Severe Storms,1,False,2017-04-16 06:00:00+00:00,2017,4,April,16.8,92.6,True,Point,,,EO|UNISYS,,,2,6,2017-04-21T00:00:00Z,https://eonet.gsfc.nasa.gov/api/v3/events/EONET_2769,0,0,0,0,0,0,0,1,0,0,0,0,0,severeStorms,,
EONET_2769,Tropical Storm Maarutha,Severe Storms,1,False,2017-04-16 12:00:00+00:00,2017,4,April,18.0,93.5,True,Point,,,EO|UNISYS,,,2,6,2017-04-21T00:00:00Z,https://eonet.gsfc.nasa.gov/api/v3/events/EONET_2769,0,0,0,0,0,0,0,1,0,0,0,0,0,severeStorms,,
EONET_2769,Tropical Storm Maarutha,Severe Storms,1,False,2017-04-16 18:00:00+00:00,2017,4,April,19.2,94.2,True,Point,,,EO|UNISYS,,,2,6,2017-04-21T00:00:00Z,https://eonet.gsfc.nasa.gov/api/v3/events/EONET_2769,0,0,0,0,0,0,0,1,0,0,0,0,0,severeStorms,,
EONET_2804,Cyclone Mora,Severe Storms,1,False,2017-05-27 18:00:00+00:00,2017,5,May,14.0,88.7,True,Point,,,EO|GDACS|ReliefWeb|UNISYS,,,4,11,2017-06-04T00:00:00Z,https://eonet.gsfc.nasa.gov/api/v3/events/EONET_2804,0,0,0,0,0,0,0,1,0,0,0,0,0,severeStorms,,
EONET_2804,Cyclone Mora,Severe Storms,1,False,2017-05-28 00:00:00+00:00,2017,5,May,14.2,88.9,True,Point,,,EO|GDACS|ReliefWeb|UNISYS,,,4,11,2017-06-04T00:00:00Z,https://eonet.gsfc.nasa.gov/api/v3/events/EONET_2804,0,0,0,0,0,0,0,1,0,0,0,0,0,severeStorms,,
EONET_2804,Cyclone Mora,Severe Storms,1,False,2017-05-28 06:00:00+00:00,2017,5,May,14.8,90.4,True,Point,,,EO|GDACS|ReliefWeb|UNISYS,,,4,11,2017-06-04T00:00:00Z,https://eonet.gsfc.nasa.gov/api/v3/events/EONET_2804,0,0,0,0,0,0,0,1,0,0,0,0,0,severeStorms,,
EONET_2804,Cyclone Mora,Severe Storms,1,False,2017-05-28 12:00:00+00:00,2017,5,May,15.8,91.2,True,Point,,,EO|GDACS|ReliefWeb|UNISYS,,,4,11,2017-06-04T00:00:00Z,https://eonet.gsfc.nasa.gov/api/v3/events/EONET_2804,0,0,0,0,0,0,0,1,0,0,0,0,0,severeStorms,,
EONET_2804,Cyclone Mora,Severe Storms,1,False,2017-05-28 18:00:00+00:00,2017,5,May,16.3,91.0,True,Point,,,EO|GDACS|ReliefWeb|UNISYS,,,4,11,2017-06-04T00:00:00Z,https://eonet.gsfc.nasa.gov/api/v3/events/EONET_2804,0,0,0,0,0,0,0,1,0,0,0,0,0,severeStorms,,
EONET_2804,Cyclone Mora,Severe Storms,1,False,2017-05-29 00:00:00+00:00,2017,5,May,17.0,90.9,True,Point,,,EO|GDACS|ReliefWeb|UNISYS,,,4,11,2017-06-04T00:00:00Z,https://eonet.gsfc.nasa.gov/api/v3/events/EONET_2804,0,0,0,0,0,0,0,1,0,0,0,0,0,severeStorms,,
EONET_2804,Cyclone Mora,Severe Storms,1,False,2017-05-29 06:00:00+00:00,2017,5,May,17.7,91.5,True,Point,,,EO|GDACS|ReliefWeb|UNISYS,,,4,11,2017-06-04T00:00:00Z,https://eonet.gsfc.nasa.gov/api/v3/events/EONET_2804,0,0,0,0,0,0,0,1,0,0,0,0,0,severeStorms,,
EONET_2804,Cyclone Mora,Severe Storms,1,False,2017-05-29 12:00:00+00:00,2017,5,May,18.6,91.7,True,Point,,,EO|GDACS|ReliefWeb|UNISYS,,,4,11,2017-06-04T00:00:00Z,https://eonet.gsfc.nasa.gov/api/v3/events/EONET_2804,0,0,0,0,0,0,0,1,0,0,0,0,0,severeStorms,,
EONET_2804,Cyclone Mora,Severe Storms,1,False,2017-05-29 18:00:00+00:00,2017,5,May,19.5,91.7,True,Point,,,EO|GDACS|ReliefWeb|UNISYS,,,4,11,2017-06-04T00:00:00Z,https://eonet.gsfc.nasa.gov/api/v3/events/EONET_2804,0,0,0,0,0,0,0,1,0,0,0,0,0,severeStorms,,
EONET_2804,Cyclone Mora,Severe Storms,1,False,2017-05-30 00:00:00+00:00,2017,5,May,21.0,91.8,True,Point,,,EO|GDACS|ReliefWeb|UNISYS,,,4,11,2017-06-04T00:00:00Z,https://eonet.gsfc.nasa.gov/api/v3/events/EONET_2804,0,0,0,0,0,0,0,1,0,0,0,0,0,severeStorms,,
EONET_2804,Cyclone Mora,Severe Storms,1,False,2017-05-30 06:00:00+00:00,2017,5,May,22.9,92.0,True,Point,,,EO|GDACS|ReliefWeb|UNISYS,,,4,11,2017-06-04T00:00:00Z,https://eonet.gsfc.nasa.gov/api/v3/events/EONET_2804,0,0,0,0,0,0,0,1,0,0,0,0,0,severeStorms,,
EONET_3366,Tropical Storm Ockhi,Severe Storms,1,False,2017-11-29 18:00:00+00:00,2017,11,November,6.6,78.8,True,Point,,,EO|ReliefWeb|UNISYS,,,3,21,2017-12-10T00:00:00Z,https://eonet.gsfc.nasa.gov/api/v3/events/EONET_3366,0,0,0,0,0,0,0,1,0,0,0,0,0,severeStorms,,
EONET_3366,Tropical Storm Ockhi,Severe Storms,1,False,2017-11-30 00:00:00+00:00,2017,11,November,7.5,77.3,True,Point,,,EO|ReliefWeb|UNISYS,,,3,21,2017-12-10T00:00:00Z,https://eonet.gsfc.nasa.gov/api/v3/events/EONET_3366,0,0,0,0,0,0,0,1,0,0,0,0,0,severeStorms,,
EONET_3366,Tropical Storm Ockhi,Severe Storms,1,False,2017-11-30 06:00:00+00:00,2017,11,November,7.8,76.6,True,Point,,,EO|ReliefWeb|UNISYS,,,3,21,2017-12-10T00:00:00Z,https://eonet.gsfc.nasa.gov/api/v3/events/EONET_3366,0,0,0,0,0,0,0,1,0,0,0,0,0,severeStorms,,
EONET_3366,Tropical Storm Ockhi,Severe Storms,1,False,2017-11-30 12:00:00+00:00,2017,11,November,8.4,75.6,True,Point,,,EO|ReliefWeb|UNISYS,,,3,21,2017-12-10T00:00:00Z,https://eonet.gsfc.nasa.gov/api/v3/events/EONET_3366,0,0,0,0,0,0,0,1,0,0,0,0,0,severeStorms,,
EONET_3366,Tropical Storm Ockhi,Severe Storms,1,False,2017-11-30 18:00:00+00:00,2017,11,November,8.5,74.7,True,Point,,,EO|ReliefWeb|UNISYS,,,3,21,2017-12-10T00:00:00Z,https://eonet.gsfc.nasa.gov/api/v3/events/EONET_3366,0,0,0,0,0,0,0,1,0,0,0,0,0,severeStorms,,
EONET_3366,Tropical Storm Ockhi,Severe Storms,1,False,2017-12-01 00:00:00+00:00,2017,12,December,8.7,74.2,True,Point,,,EO|ReliefWeb|UNISYS,,,3,21,2017-12-10T00:00:00Z,https://eonet.gsfc.nasa.gov/api/v3/events/EONET_3366,0,0,0,0,0,0,0,1,0,0,0,0,0,severeStorms,,
EONET_3366,Tropical Storm Ockhi,Severe Storms,1,False,2017-12-01 06:00:00+00:00,2017,12,December,8.8,73.5,True,Point,,,EO|ReliefWeb|UNISYS,,,3,21,2017-12-10T00:00:00Z,https://eonet.gsfc.nasa.gov/api/v3/events/EONET_3366,0,0,0,0,0,0,0,1,0,0,0,0,0,severeStorms,,
EONET_3366,Tropical Storm Ockhi,Severe Storms,1,False,2017-12-01 12:00:00+00:00,2017,12,December,8.9,72.6,True,Point,,,EO|ReliefWeb|UNISYS,,,3,21,2017-12-10T00:00:00Z,https://eonet.gsfc.nasa.gov/api/v3/events/EONET_3366,0,0,0,0,0,0,0,1,0,0,0,0,0,severeStorms,,
EONET_3366,Tropical Storm Ockhi,Severe Storms,1,False,2017-12-02 00:00:00+00:00,2017,12,December,9.4,71.5,True,Point,,,EO|ReliefWeb|UNISYS,,,3,21,2017-12-10T00:00:00Z,https://eonet.gsfc.nasa.gov/api/v3/events/EONET_3366,0,0,0,0,0,0,0,1,0,0,0,0,0,severeStorms,,
EONET_3366,Tropical Storm Ockhi,Severe Storms,1,False,2017-12-02 06:00:00+00:00,2017,12,December,9.9,71.0,True,Point,,,EO|ReliefWeb|UNISYS,,,3,21,2017-12-10T00:00:00Z,https://eonet.gsfc.nasa.gov/api/v3/events/EONET_3366,0,0,0,0,0,0,0,1,0,0,0,0,0,severeStorms,,
EONET_3366,Tropical Storm Ockhi,Severe Storms,1,False,2017-12-02 12:00:00+00:00,2017,12,December,10.6,70.4,True,Point,,,EO|ReliefWeb|UNISYS,,,3,21,2017-12-10T00:00:00Z,https://eonet.gsfc.nasa.gov/api/v3/events/EONET_3366,0,0,0,0,0,0,0,1,0,0,0,0,0,severeStorms,,
EONET_3366,Tropical Storm Ockhi,Severe Storms,1,False,2017-12-02 18:00:00+00:00,2017,12,December,11.3,69.8,True,Point,,,EO|ReliefWeb|UNISYS,,,3,21,2017-12-10T00:00:00Z,https://eonet.gsfc.nasa.gov/api/v3/events/EONET_3366,0,0,0,0,0,0,0,1,0,0,0,0,0,severeStorms,,
EONET_3366,Tropical Storm Ockhi,Severe Storms,1,False,2017-12-03 00:00:00+00:00,2017,12,December,11.7,69.3,True,Point,,,EO|ReliefWeb|UNISYS,,,3,21,2017-12-10T00:00:00Z,https://eonet.gsfc.nasa.gov/api/v3/events/EONET_3366,0,0,0,0,0,0,0,1,0,0,0,0,0,severeStorms,,
EONET_3366,Tropical Storm Ockhi,Severe Storms,1,False,2017-12-03 06:00:00+00:00,2017,12,December,12.0,68.8,True,Point,,,EO|ReliefWeb|UNISYS,,,3,21,2017-12-10T00:00:00Z,https://eonet.gsfc.nasa.gov/api/v3/events/EONET_3366,0,0,0,0,0,0,0,1,0,0,0,0,0,severeStorms,,
EONET_3366,Tropical Storm Ockhi,Severe Storms,1,False,2017-12-03 12:00:00+00:00,2017,12,December,12.8,68.7,True,Point,,,EO|ReliefWeb|UNISYS,,,3,21,2017-12-10T00:00:00Z,https://eonet.gsfc.nasa.gov/api/v3/events/EONET_3366,0,0,0,0,0,0,0,1,0,0,0,0,0,severeStorms,,
EONET_3366,Tropical Storm Ockhi,Severe Storms,1,False,2017-12-03 18:00:00+00:00,2017,12,December,13.6,68.6,True,Point,,,EO|ReliefWeb|UNISYS,,,3,21,2017-12-10T00:00:00Z,https://eonet.gsfc.nasa.gov/api/v3/events/EONET_3366,0,0,0,0,0,0,0,1,0,0,0,0,0,severeStorms,,
EONET_3366,Tropical Storm Ockhi,Severe Storms,1,False,2017-12-04 00:00:00+00:00,2017,12,December,14.2,68.7,True,Point,,,EO|ReliefWeb|UNISYS,,,3,21,2017-12-10T00:00:00Z,https://eonet.gsfc.nasa.gov/api/v3/events/EONET_3366,0,0,0,0,0,0,0,1,0,0,0,0,0,severeStorms,,
EONET_3366,Tropical Storm Ockhi,Severe Storms,1,False,2017-12-04 06:00:00+00:00,2017,12,December,14.8,68.7,True,Point,,,EO|ReliefWeb|UNISYS,,,3,21,2017-12-10T00:00:00Z,https://eonet.gsfc.nasa.gov/api/v3/events/EONET_3366,0,0,0,0,0,0,0,1,0,0,0,0,0,severeStorms,,
EONET_3366,Tropical Storm Ockhi,Severe Storms,1,False,2017-12-04 12:00:00+00:00,2017,12,December,15.4,68.9,True,Point,,,EO|ReliefWeb|UNISYS,,,3,21,2017-12-10T00:00:00Z,https://eonet.gsfc.nasa.gov/api/v3/events/EONET_3366,0,0,0,0,0,0,0,1,0,0,0,0,0,severeStorms,,
EONET_3366,Tropical Storm Ockhi,Severe Storms,1,False,2017-12-05 00:00:00+00:00,2017,12,December,17.4,70.4,True,Point,,,EO|ReliefWeb|UNISYS,,,3,21,2017-12-10T00:00:00Z,https://eonet.gsfc.nasa.gov/api/v3/events/EONET_3366,0,0,0,0,0,0,0,1,0,0,0,0,0,severeStorms,,
EONET_3366,Tropical Storm Ockhi,Severe Storms,1,False,2017-12-05 06:00:00+00:00,2017,12,December,18.2,70.6,True,Point,,,EO|ReliefWeb|UNISYS,,,3,21,2017-12-10T00:00:00Z,https://eonet.gsfc.nasa.gov/api/v3/events/EONET_3366,0,0,0,0,0,0,0,1,0,0,0,0,0,severeStorms,,
EONET_3378,Tropical Storm Four,Severe Storms,1,False,2017-12-09 00:00:00+00:00,2017,12,December,19.3,86.9,True,Point,,,UNISYS,,,1,2,2017-12-14T00:00:00Z,https://eonet.gsfc.nasa.gov/api/v3/events/EONET_3378,0,0,0,0,0,0,0,1,0,0,0,0,0,severeStorms,,
EONET_3378,Tropical Storm Four,Severe Storms,1,False,2017-12-09 06:00:00+00:00,2017,12,December,18.8,86.8,True,Point,,,UNISYS,,,1,2,2017-12-14T00:00:00Z,https://eonet.gsfc.nasa.gov/api/v3/events/EONET_3378,0,0,0,0,0,0,0,1,0,0,0,0,0,severeStorms,,
EONET_3533,Sri Lanka Flooding,Floods,1,False,2018-05-21 00:00:00+00:00,2018,5,May,6.79,80.129,True,Point,,,IDC|ReliefWeb,,,2,1,2018-06-01T00:00:00Z,https://eonet.gsfc.nasa.gov/api/v3/events/EONET_3533,0,0,0,1,0,0,0,0,0,0,0,0,0,floods,,
EONET_3916,"Karnataka, India Floods and Landslides",Floods|Landslides,2,True,2018-08-14 00:00:00+00:00,2018,8,August,12.945675729694097,75.498046875,True,Point,,,FloodList|IDC,,,2,1,2018-09-14T00:00:00Z,https://eonet.gsfc.nasa.gov/api/v3/events/EONET_3916,0,0,0,1,1,0,0,0,0,0,0,0,0,floods|landslides,Karnātaka,IN-KA
EONET_3877,"Kerala, India Flood",Floods,1,False,2018-08-16 00:00:00+00:00,2018,8,August,9.88227549342994,76.5087890625,True,Point,,,EO|IDC,,,2,1,2018-09-01T00:00:00Z,https://eonet.gsfc.nasa.gov/api/v3/events/EONET_3877,0,0,0,1,0,0,0,0,0,0,0,0,0,floods,Kerala,IN-KL
EONET_4009,"Barren Island Volcano, Indonesia",Volcanoes,1,False,2018-09-25 00:00:00+00:00,2018,9,September,12.278,93.858,True,Point,,,SIVolcano,,,1,1,2018-09-25T00:00:00Z,https://eonet.gsfc.nasa.gov/api/v3/events/EONET_4009,0,0,0,0,0,0,0,0,0,0,1,0,0,volcanoes,,
EONET_4003,Tropical Cyclone Luban,Severe Storms,1,False,2018-10-05 00:00:00+00:00,2018,10,October,11.1,72.3,True,Point,,,GDACS|JTWC|ReliefWeb,,,3,38,2018-10-19T00:00:00Z,https://eonet.gsfc.nasa.gov/api/v3/events/EONET_4003,0,0,0,0,0,0,0,1,0,0,0,0,0,severeStorms,,
EONET_4003,Tropical Cyclone Luban,Severe Storms,1,False,2018-10-05 06:00:00+00:00,2018,10,October,11.5,71.4,True,Point,,,GDACS|JTWC|ReliefWeb,,,3,38,2018-10-19T00:00:00Z,https://eonet.gsfc.nasa.gov/api/v3/events/EONET_4003,0,0,0,0,0,0,0,1,0,0,0,0,0,severeStorms,,
EONET_4003,Tropical Cyclone Luban,Severe Storms,1,False,2018-10-05 12:00:00+00:00,2018,10,October,11.3,70.2,True,Point,,,GDACS|JTWC|ReliefWeb,,,3,38,2018-10-19T00:00:00Z,https://eonet.gsfc.nasa.gov/api/v3/events/EONET_4003,0,0,0,0,0,0,0,1,0,0,0,0,0,severeStorms,,
EONET_4003,Tropical Cyclone Luban,Severe Storms,1,False,2018-10-05 18:00:00+00:00,2018,10,October,11.2,69.3,True,Point,,,GDACS|JTWC|ReliefWeb,,,3,38,2018-10-19T00:00:00Z,https://eonet.gsfc.nasa.gov/api/v3/events/EONET_4003,0,0,0,0,0,0,0,1,0,0,0,0,0,severeStorms,,
EONET_4003,Tropical Cyclone Luban,Severe Storms,1,False,2018-10-06 00:00:00+00:00,2018,10,October,11.1,68.3,True,Point,,,GDACS|JTWC|ReliefWeb,,,3,38,2018-10-19T00:00:00Z,https://eonet.gsfc.nasa.gov/api/v3/events/EONET_4003,0,0,0,0,0,0,0,1,0,0,0,0,0,severeStorms,,
EONET_4005,Tropical Cyclone Titli,Severe Storms,1,False,2018-10-06 18:00:00+00:00,2018,10,October,10.7,93.8,True,Point,,,GDACS|JTWC,,,2,18,2018-10-16T00:00:00Z,https://eonet.gsfc.nasa.gov/api/v3/events/EONET_4005,0,0,0,0,0,0,0,1,0,0,0,0,0,severeStorms,,
EONET_4005,Tropical Cyclone Titli,Severe Storms,1,False,2018-10-07 00:00:00+00:00,2018,10,October,11.7,92.1,True,Point,,,GDACS|JTWC,,,2,18,2018-10-16T00:00:00Z,https://eonet.gsfc.nasa.gov/api/v3/events/EONET_4005,0,0,0,0,0,0,0,1,0,0,0,0,0,severeStorms,,
EONET_4005,Tropical Cyclone Titli,Severe Storms,1,False,2018-10-07 06:00:00+00:00,2018,10,October,12.4,91.4,True,Point,,,GDACS|JTWC,,,2,18,2018-10-16T00:00:00Z,https://eonet.gsfc.nasa.gov/api/v3/events/EONET_4005,0,0,0,0,0,0,0,1,0,0,0,0,0,severeStorms,,
EONET_4005,Tropical Cyclone Titli,Severe Storms,1,False,2018-10-07 12:00:00+00:00,2018,10,October,12.9,90.4,True,Point,,,GDACS|JTWC,,,2,18,2018-10-16T00:00:00Z,https://eonet.gsfc.nasa.gov/api/v3/events/EONET_4005,0,0,0,0,0,0,0,1,0,0,0,0,0,severeStorms,,
EONET_4005,Tropical Cyclone Titli,Severe Storms,1,False,2018-10-07 18:00:00+00:00,2018,10,October,13.2,89.5,True,Point,,,GDACS|JTWC,,,2,18,2018-10-16T00:00:00Z,https://eonet.gsfc.nasa.gov/api/v3/events/EONET_4005,0,0,0,0,0,0,0,1,0,0,0,0,0,severeStorms,,
EONET_4005,Tropical Cyclone Titli,Severe Storms,1,False,2018-10-08 00:00:00+00:00,2018,10,October,13.9,88.9,True,Point,,,GDACS|JTWC,,,2,18,2018-10-16T00:00:00Z,https://eonet.gsfc.nasa.gov/api/v3/events/EONET_4005,0,0,0,0,0,0,0,1,0,0,0,0,0,severeStorms,,
EONET_4005,Tropical Cyclone Titli,Severe Storms,1,False,2018-10-08 06:00:00+00:00,2018,10,October,14.3,88.4,True,Point,,,GDACS|JTWC,,,2,18,2018-10-16T00:00:00Z,https://eonet.gsfc.nasa.gov/api/v3/events/EONET_4005,0,0,0,0,0,0,0,1,0,0,0,0,0,severeStorms,,
EONET_4005,Tropical Cyclone Titli,Severe Storms,1,False,2018-10-08 12:00:00+00:00,2018,10,October,14.4,87.7,True,Point,,,GDACS|JTWC,,,2,18,2018-10-16T00:00:00Z,https://eonet.gsfc.nasa.gov/api/v3/events/EONET_4005,0,0,0,0,0,0,0,1,0,0,0,0,0,severeStorms,,
EONET_4005,Tropical Cyclone Titli,Severe Storms,1,False,2018-10-08 18:00:00+00:00,2018,10,October,14.5,87.2,True,Point,,,GDACS|JTWC,,,2,18,2018-10-16T00:00:00Z,https://eonet.gsfc.nasa.gov/api/v3/events/EONET_4005,0,0,0,0,0,0,0,1,0,0,0,0,0,severeStorms,,
EONET_4005,Tropical Cyclone Titli,Severe Storms,1,False,2018-10-09 00:00:00+00:00,2018,10,October,14.6,86.7,True,Point,,,GDACS|JTWC,,,2,18,2018-10-16T00:00:00Z,https://eonet.gsfc.nasa.gov/api/v3/events/EONET_4005,0,0,0,0,0,0,0,1,0,0,0,0,0,severeStorms,,
EONET_4005,Tropical Cyclone Titli,Severe Storms,1,False,2018-10-09 06:00:00+00:00,2018,10,October,14.7,86.7,True,Point,,,GDACS|JTWC,,,2,18,2018-10-16T00:00:00Z,https://eonet.gsfc.nasa.gov/api/v3/events/EONET_4005,0,0,0,0,0,0,0,1,0,0,0,0,0,severeStorms,,
EONET_4005,Tropical Cyclone Titli,Severe Storms,1,False,2018-10-09 12:00:00+00:00,2018,10,October,15.3,86.6,True,Point,,,GDACS|JTWC,,,2,18,2018-10-16T00:00:00Z,https://eonet.gsfc.nasa.gov/api/v3/events/EONET_4005,0,0,0,0,0,0,0,1,0,0,0,0,0,severeStorms,,
EONET_4005,Tropical Cyclone Titli,Severe Storms,1,False,2018-10-09 18:00:00+00:00,2018,10,October,15.7,86.5,True,Point,,,GDACS|JTWC,,,2,18,2018-10-16T00:00:00Z,https://eonet.gsfc.nasa.gov/api/v3/events/EONET_4005,0,0,0,0,0,0,0,1,0,0,0,0,0,severeStorms,,
EONET_4005,Tropical Cyclone Titli,Severe Storms,1,False,2018-10-10 00:00:00+00:00,2018,10,October,16.3,86.1,True,Point,,,GDACS|JTWC,,,2,18,2018-10-16T00:00:00Z,https://eonet.gsfc.nasa.gov/api/v3/events/EONET_4005,0,0,0,0,0,0,0,1,0,0,0,0,0,severeStorms,,
EONET_4005,Tropical Cyclone Titli,Severe Storms,1,False,2018-10-10 06:00:00+00:00,2018,10,October,17.0,85.7,True,Point,,,GDACS|JTWC,,,2,18,2018-10-16T00:00:00Z,https://eonet.gsfc.nasa.gov/api/v3/events/EONET_4005,0,0,0,0,0,0,0,1,0,0,0,0,0,severeStorms,,
EONET_4005,Tropical Cyclone Titli,Severe Storms,1,False,2018-10-10 12:00:00+00:00,2018,10,October,17.6,85.4,True,Point,,,GDACS|JTWC,,,2,18,2018-10-16T00:00:00Z,https://eonet.gsfc.nasa.gov/api/v3/events/EONET_4005,0,0,0,0,0,0,0,1,0,0,0,0,0,severeStorms,,
EONET_4005,Tropical Cyclone Titli,Severe Storms,1,False,2018-10-10 18:00:00+00:00,2018,10,October,18.5,85.2,True,Point,,,GDACS|JTWC,,,2,18,2018-10-16T00:00:00Z,https://eonet.gsfc.nasa.gov/api/v3/events/EONET_4005,0,0,0,0,0,0,0,1,0,0,0,0,0,severeStorms,,
EONET_4005,Tropical Cyclone Titli,Severe Storms,1,False,2018-10-11 00:00:00+00:00,2018,10,October,18.9,84.5,True,Point,,,GDACS|JTWC,,,2,18,2018-10-16T00:00:00Z,https://eonet.gsfc.nasa.gov/api/v3/events/EONET_4005,0,0,0,0,0,0,0,1,0,0,0,0,0,severeStorms,Andhra Pradesh,IN-AP
EONET_4034,Tropical Cyclone Gaja,Severe Storms,1,False,2018-11-09 00:00:00+00:00,2018,11,November,10.2,96.5,True,Point,,,JTWC,,,1,52,2018-11-23T00:00:00Z,https://eonet.gsfc.nasa.gov/api/v3/events/EONET_4034,0,0,0,0,0,0,0,1,0,0,0,0,0,severeStorms,,
EONET_4034,Tropical Cyclone Gaja,Severe Storms,1,False,2018-11-09 06:00:00+00:00,2018,11,November,10.6,95.5,True,Point,,,JTWC,,,1,52,2018-11-23T00:00:00Z,https://eonet.gsfc.nasa.gov/api/v3/events/EONET_4034,0,0,0,0,0,0,0,1,0,0,0,0,0,severeStorms,,
EONET_4034,Tropical Cyclone Gaja,Severe Storms,1,False,2018-11-09 12:00:00+00:00,2018,11,November,11.0,94.5,True,Point,,,JTWC,,,1,52,2018-11-23T00:00:00Z,https://eonet.gsfc.nasa.gov/api/v3/events/EONET_4034,0,0,0,0,0,0,0,1,0,0,0,0,0,severeStorms,,
EONET_4034,Tropical Cyclone Gaja,Severe Storms,1,False,2018-11-09 18:00:00+00:00,2018,11,November,11.6,93.1,True,Point,,,JTWC,,,1,52,2018-11-23T00:00:00Z,https://eonet.gsfc.nasa.gov/api/v3/events/EONET_4034,0,0,0,0,0,0,0,1,0,0,0,0,0,severeStorms,,
EONET_4034,Tropical Cyclone Gaja,Severe Storms,1,False,2018-11-10 00:00:00+00:00,2018,11,November,12.0,92.4,True,Point,,,JTWC,,,1,52,2018-11-23T00:00:00Z,https://eonet.gsfc.nasa.gov/api/v3/events/EONET_4034,0,0,0,0,0,0,0,1,0,0,0,0,0,severeStorms,,
EONET_4034,Tropical Cyclone Gaja,Severe Storms,1,False,2018-11-10 06:00:00+00:00,2018,11,November,12.3,91.5,True,Point,,,JTWC,,,1,52,2018-11-23T00:00:00Z,https://eonet.gsfc.nasa.gov/api/v3/events/EONET_4034,0,0,0,0,0,0,0,1,0,0,0,0,0,severeStorms,,
EONET_4034,Tropical Cyclone Gaja,Severe Storms,1,False,2018-11-10 12:00:00+00:00,2018,11,November,12.7,90.5,True,Point,,,JTWC,,,1,52,2018-11-23T00:00:00Z,https://eonet.gsfc.nasa.gov/api/v3/events/EONET_4034,0,0,0,0,0,0,0,1,0,0,0,0,0,severeStorms,,
EONET_4034,Tropical Cyclone Gaja,Severe Storms,1,False,2018-11-10 18:00:00+00:00,2018,11,November,13.1,89.7,True,Point,,,JTWC,,,1,52,2018-11-23T00:00:00Z,https://eonet.gsfc.nasa.gov/api/v3/events/EONET_4034,0,0,0,0,0,0,0,1,0,0,0,0,0,severeStorms,,
EONET_4034,Tropical Cyclone Gaja,Severe Storms,1,False,2018-11-11 00:00:00+00:00,2018,11,November,13.3,89.2,True,Point,,,JTWC,,,1,52,2018-11-23T00:00:00Z,https://eonet.gsfc.nasa.gov/api/v3/events/EONET_4034,0,0,0,0,0,0,0,1,0,0,0,0,0,severeStorms,,
EONET_4034,Tropical Cyclone Gaja,Severe Storms,1,False,2018-11-11 06:00:00+00:00,2018,11,November,13.3,88.5,True,Point,,,JTWC,,,1,52,2018-11-23T00:00:00Z,https://eonet.gsfc.nasa.gov/api/v3/events/EONET_4034,0,0,0,0,0,0,0,1,0,0,0,0,0,severeStorms,,
EONET_4034,Tropical Cyclone Gaja,Severe Storms,1,False,2018-11-11 12:00:00+00:00,2018,11,November,13.1,87.6,True,Point,,,JTWC,,,1,52,2018-11-23T00:00:00Z,https://eonet.gsfc.nasa.gov/api/v3/events/EONET_4034,0,0,0,0,0,0,0,1,0,0,0,0,0,severeStorms,,
EONET_4034,Tropical Cyclone Gaja,Severe Storms,1,False,2018-11-11 18:00:00+00:00,2018,11,November,12.8,87.4,True,Point,,,JTWC,,,1,52,2018-11-23T00:00:00Z,https://eonet.gsfc.nasa.gov/api/v3/events/EONET_4034,0,0,0,0,0,0,0,1,0,0,0,0,0,severeStorms,,
EONET_4034,Tropical Cyclone Gaja,Severe Storms,1,False,2018-11-12 00:00:00+00:00,2018,11,November,12.5,87.4,True,Point,,,JTWC,,,1,52,2018-11-23T00:00:00Z,https://eonet.gsfc.nasa.gov/api/v3/events/EONET_4034,0,0,0,0,0,0,0,1,0,0,0,0,0,severeStorms,,
EONET_4034,Tropical Cyclone Gaja,Severe Storms,1,False,2018-11-12 06:00:00+00:00,2018,11,November,12.3,87.6,True,Point,,,JTWC,,,1,52,2018-11-23T00:00:00Z,https://eonet.gsfc.nasa.gov/api/v3/events/EONET_4034,0,0,0,0,0,0,0,1,0,0,0,0,0,severeStorms,,
EONET_4034,Tropical Cyclone Gaja,Severe Storms,1,False,2018-11-12 12:00:00+00:00,2018,11,November,12.6,87.6,True,Point,,,JTWC,,,1,52,2018-11-23T00:00:00Z,https://eonet.gsfc.nasa.gov/api/v3/events/EONET_4034,0,0,0,0,0,0,0,1,0,0,0,0,0,severeStorms,,
EONET_4034,Tropical Cyclone Gaja,Severe Storms,1,False,2018-11-12 18:00:00+00:00,2018,11,November,13.2,87.7,True,Point,,,JTWC,,,1,52,2018-11-23T00:00:00Z,https://eonet.gsfc.nasa.gov/api/v3/events/EONET_4034,0,0,0,0,0,0,0,1,0,0,0,0,0,severeStorms,,
EONET_4034,Tropical Cyclone Gaja,Severe Storms,1,False,2018-11-13 00:00:00+00:00,2018,11,November,13.7,87.4,True,Point,,,JTWC,,,1,52,2018-11-23T00:00:00Z,https://eonet.gsfc.nasa.gov/api/v3/events/EONET_4034,0,0,0,0,0,0,0,1,0,0,0,0,0,severeStorms,,
EONET_4034,Tropical Cyclone Gaja,Severe Storms,1,False,2018-11-13 06:00:00+00:00,2018,11,November,13.8,86.5,True,Point,,,JTWC,,,1,52,2018-11-23T00:00:00Z,https://eonet.gsfc.nasa.gov/api/v3/events/EONET_4034,0,0,0,0,0,0,0,1,0,0,0,0,0,severeStorms,,
EONET_4034,Tropical Cyclone Gaja,Severe Storms,1,False,2018-11-13 12:00:00+00:00,2018,11,November,13.5,85.9,True,Point,,,JTWC,,,1,52,2018-11-23T00:00:00Z,https://eonet.gsfc.nasa.gov/api/v3/events/EONET_4034,0,0,0,0,0,0,0,1,0,0,0,0,0,severeStorms,,
EONET_4034,Tropical Cyclone Gaja,Severe Storms,1,False,2018-11-13 18:00:00+00:00,2018,11,November,13.4,85.7,True,Point,,,JTWC,,,1,52,2018-11-23T00:00:00Z,https://eonet.gsfc.nasa.gov/api/v3/events/EONET_4034,0,0,0,0,0,0,0,1,0,0,0,0,0,severeStorms,,
EONET_4034,Tropical Cyclone Gaja,Severe Storms,1,False,2018-11-14 00:00:00+00:00,2018,11,November,13.1,85.3,True,Point,,,JTWC,,,1,52,2018-11-23T00:00:00Z,https://eonet.gsfc.nasa.gov/api/v3/events/EONET_4034,0,0,0,0,0,0,0,1,0,0,0,0,0,severeStorms,,
EONET_4034,Tropical Cyclone Gaja,Severe Storms,1,False,2018-11-14 06:00:00+00:00,2018,11,November,12.8,84.8,True,Point,,,JTWC,,,1,52,2018-11-23T00:00:00Z,https://eonet.gsfc.nasa.gov/api/v3/events/EONET_4034,0,0,0,0,0,0,0,1,0,0,0,0,0,severeStorms,,
EONET_4034,Tropical Cyclone Gaja,Severe Storms,1,False,2018-11-14 12:00:00+00:00,2018,11,November,12.3,84.0,True,Point,,,JTWC,,,1,52,2018-11-23T00:00:00Z,https://eonet.gsfc.nasa.gov/api/v3/events/EONET_4034,0,0,0,0,0,0,0,1,0,0,0,0,0,severeStorms,,
EONET_4034,Tropical Cyclone Gaja,Severe Storms,1,False,2018-11-14 18:00:00+00:00,2018,11,November,12.0,83.9,True,Point,,,JTWC,,,1,52,2018-11-23T00:00:00Z,https://eonet.gsfc.nasa.gov/api/v3/events/EONET_4034,0,0,0,0,0,0,0,1,0,0,0,0,0,severeStorms,,
EONET_4034,Tropical Cyclone Gaja,Severe Storms,1,False,2018-11-15 00:00:00+00:00,2018,11,November,11.6,83.1,True,Point,,,JTWC,,,1,52,2018-11-23T00:00:00Z,https://eonet.gsfc.nasa.gov/api/v3/events/EONET_4034,0,0,0,0,0,0,0,1,0,0,0,0,0,severeStorms,,
EONET_4034,Tropical Cyclone Gaja,Severe Storms,1,False,2018-11-15 06:00:00+00:00,2018,11,November,11.3,82.1,True,Point,,,JTWC,,,1,52,2018-11-23T00:00:00Z,https://eonet.gsfc.nasa.gov/api/v3/events/EONET_4034,0,0,0,0,0,0,0,1,0,0,0,0,0,severeStorms,,
EONET_4034,Tropical Cyclone Gaja,Severe Storms,1,False,2018-11-15 12:00:00+00:00,2018,11,November,10.9,81.2,True,Point,,,JTWC,,,1,52,2018-11-23T00:00:00Z,https://eonet.gsfc.nasa.gov/api/v3/events/EONET_4034,0,0,0,0,0,0,0,1,0,0,0,0,0,severeStorms,,
EONET_4034,Tropical Cyclone Gaja,Severe Storms,1,False,2018-11-15 18:00:00+00:00,2018,11,November,10.6,80.3,True,Point,,,JTWC,,,1,52,2018-11-23T00:00:00Z,https://eonet.gsfc.nasa.gov/api/v3/events/EONET_4034,0,0,0,0,0,0,0,1,0,0,0,0,0,severeStorms,,
EONET_4034,Tropical Cyclone Gaja,Severe Storms,1,False,2018-11-16 00:00:00+00:00,2018,11,November,10.4,79.2,True,Point,,,JTWC,,,1,52,2018-11-23T00:00:00Z,https://eonet.gsfc.nasa.gov/api/v3/events/EONET_4034,0,0,0,0,0,0,0,1,0,0,0,0,0,severeStorms,Tamil Nādu,IN-TN
EONET_4034,Tropical Cyclone Gaja,Severe Storms,1,False,2018-11-16 06:00:00+00:00,2018,11,November,10.1,77.8,True,Point,,,JTWC,,,1,52,2018-11-23T00:00:00Z,https://eonet.gsfc.nasa.gov/api/v3/events/EONET_4034,0,0,0,0,0,0,0,1,0,0,0,0,0,severeStorms,Tamil Nādu,IN-TN
EONET_4034,Tropical Cyclone Gaja,Severe Storms,1,False,2018-11-16 12:00:00+00:00,2018,11,November,9.7,76.5,True,Point,,,JTWC,,,1,52,2018-11-23T00:00:00Z,https://eonet.gsfc.nasa.gov/api/v3/events/EONET_4034,0,0,0,0,0,0,0,1,0,0,0,0,0,severeStorms,Kerala,IN-KL
EONET_4034,Tropical Cyclone Gaja,Severe Storms,1,False,2018-11-16 18:00:00+00:00,2018,11,November,9.7,75.2,True,Point,,,JTWC,,,1,52,2018-11-23T00:00:00Z,https://eonet.gsfc.nasa.gov/api/v3/events/EONET_4034,0,0,0,0,0,0,0,1,0,0,0,0,0,severeStorms,,
EONET_4034,Tropical Cyclone Gaja,Severe Storms,1,False,2018-11-17 00:00:00+00:00,2018,11,November,9.7,74.0,True,Point,,,JTWC,,,1,52,2018-11-23T00:00:00Z,https://eonet.gsfc.nasa.gov/api/v3/events/EONET_4034,0,0,0,0,0,0,0,1,0,0,0,0,0,severeStorms,,
EONET_4034,Tropical Cyclone Gaja,Severe Storms,1,False,2018-11-17 06:00:00+00:00,2018,11,November,9.8,72.8,True,Point,,,JTWC,,,1,52,2018-11-23T00:00:00Z,https://eonet.gsfc.nasa.gov/api/v3/events/EONET_4034,0,0,0,0,0,0,0,1,0,0,0,0,0,severeStorms,,
EONET_4034,Tropical Cyclone Gaja,Severe Storms,1,False,2018-11-17 12:00:00+00:00,2018,11,November,10.0,71.6,True,Point,,,JTWC,,,1,52,2018-11-23T00:00:00Z,https://eonet.gsfc.nasa.gov/api/v3/events/EONET_4034,0,0,0,0,0,0,0,1,0,0,0,0,0,severeStorms,,
EONET_4034,Tropical Cyclone Gaja,Severe Storms,1,False,2018-11-17 18:00:00+00:00,2018,11,November,10.4,70.5,True,Point,,,JTWC,,,1,52,2018-11-23T00:00:00Z,https://eonet.gsfc.nasa.gov/api/v3/events/EONET_4034,0,0,0,0,0,0,0,1,0,0,0,0,0,severeStorms,,
EONET_4034,Tropical Cyclone Gaja,Severe Storms,1,False,2018-11-18 00:00:00+00:00,2018,11,November,10.5,69.6,True,Point,,,JTWC,,,1,52,2018-11-23T00:00:00Z,https://eonet.gsfc.nasa.gov/api/v3/events/EONET_4034,0,0,0,0,0,0,0,1,0,0,0,0,0,severeStorms,,
EONET_4034,Tropical Cyclone Gaja,Severe Storms,1,False,2018-11-18 06:00:00+00:00,2018,11,November,10.6,69.0,True,Point,,,JTWC,,,1,52,2018-11-23T00:00:00Z,https://eonet.gsfc.nasa.gov/api/v3/events/EONET_4034,0,0,0,0,0,0,0,1,0,0,0,0,0,severeStorms,,
EONET_4034,Tropical Cyclone Gaja,Severe Storms,1,False,2018-11-18 12:00:00+00:00,2018,11,November,10.9,68.4,True,Point,,,JTWC,,,1,52,2018-11-23T00:00:00Z,https://eonet.gsfc.nasa.gov/api/v3/events/EONET_4034,0,0,0,0,0,0,0,1,0,0,0,0,0,severeStorms,,
EONET_4052,Tropical Cyclone Phethai,Severe Storms,1,False,2018-12-15 00:00:00+00:00,2018,12,December,9.7,85.4,True,Point,,,IDC|JTWC,,,2,11,2018-12-17T00:00:00Z,https://eonet.gsfc.nasa.gov/api/v3/events/EONET_4052,0,0,0,0,0,0,0,1,0,0,0,0,0,severeStorms,,
EONET_4052,Tropical Cyclone Phethai,Severe Storms,1,False,2018-12-15 06:00:00+00:00,2018,12,December,9.7,85.4,True,Point,,,IDC|JTWC,,,2,11,2018-12-17T00:00:00Z,https://eonet.gsfc.nasa.gov/api/v3/events/EONET_4052,0,0,0,0,0,0,0,1,0,0,0,0,0,severeStorms,,
EONET_4052,Tropical Cyclone Phethai,Severe Storms,1,False,2018-12-15 12:00:00+00:00,2018,12,December,10.3,84.9,True,Point,,,IDC|JTWC,,,2,11,2018-12-17T00:00:00Z,https://eonet.gsfc.nasa.gov/api/v3/events/EONET_4052,0,0,0,0,0,0,0,1,0,0,0,0,0,severeStorms,,
EONET_4052,Tropical Cyclone Phethai,Severe Storms,1,False,2018-12-15 18:00:00+00:00,2018,12,December,10.7,84.5,True,Point,,,IDC|JTWC,,,2,11,2018-12-17T00:00:00Z,https://eonet.gsfc.nasa.gov/api/v3/events/EONET_4052,0,0,0,0,0,0,0,1,0,0,0,0,0,severeStorms,,
EONET_4052,Tropical Cyclone Phethai,Severe Storms,1,False,2018-12-16 00:00:00+00:00,2018,12,December,11.1,84.4,True,Point,,,IDC|JTWC,,,2,11,2018-12-17T00:00:00Z,https://eonet.gsfc.nasa.gov/api/v3/events/EONET_4052,0,0,0,0,0,0,0,1,0,0,0,0,0,severeStorms,,
EONET_4052,Tropical Cyclone Phethai,Severe Storms,1,False,2018-12-16 06:00:00+00:00,2018,12,December,12.3,84.0,True,Point,,,IDC|JTWC,,,2,11,2018-12-17T00:00:00Z,https://eonet.gsfc.nasa.gov/api/v3/events/EONET_4052,0,0,0,0,0,0,0,1,0,0,0,0,0,severeStorms,,
EONET_4052,Tropical Cyclone Phethai,Severe Storms,1,False,2018-12-16 12:00:00+00:00,2018,12,December,13.4,83.1,True,Point,,,IDC|JTWC,,,2,11,2018-12-17T00:00:00Z,https://eonet.gsfc.nasa.gov/api/v3/events/EONET_4052,0,0,0,0,0,0,0,1,0,0,0,0,0,severeStorms,,
EONET_4052,Tropical Cyclone Phethai,Severe Storms,1,False,2018-12-16 18:00:00+00:00,2018,12,December,14.1,82.9,True,Point,,,IDC|JTWC,,,2,11,2018-12-17T00:00:00Z,https://eonet.gsfc.nasa.gov/api/v3/events/EONET_4052,0,0,0,0,0,0,0,1,0,0,0,0,0,severeStorms,,
EONET_4052,Tropical Cyclone Phethai,Severe Storms,1,False,2018-12-17 00:00:00+00:00,2018,12,December,14.9,82.7,True,Point,,,IDC|JTWC,,,2,11,2018-12-17T00:00:00Z,https://eonet.gsfc.nasa.gov/api/v3/events/EONET_4052,0,0,0,0,0,0,0,1,0,0,0,0,0,severeStorms,,
EONET_4052,Tropical Cyclone Phethai,Severe Storms,1,False,2018-12-17 06:00:00+00:00,2018,12,December,16.0,82.3,True,Point,,,IDC|JTWC,,,2,11,2018-12-17T00:00:00Z,https://eonet.gsfc.nasa.gov/api/v3/events/EONET_4052,0,0,0,0,0,0,0,1,0,0,0,0,0,severeStorms,,
EONET_4052,Tropical Cyclone Phethai,Severe Storms,1,False,2018-12-17 12:00:00+00:00,2018,12,December,17.3,82.3,True,Point,,,IDC|JTWC,,,2,11,2018-12-17T00:00:00Z,https://eonet.gsfc.nasa.gov/api/v3/events/EONET_4052,0,0,0,0,0,0,0,1,0,0,0,0,0,severeStorms,Andhra Pradesh,IN-AP
EONET_4066,Cyclone Pabuk,Severe Storms,1,False,2019-01-05 12:00:00+00:00,2019,1,January,10.0,97.4,True,Point,,,JTWC,,,1,19,2019-01-10T00:00:00Z,https://eonet.gsfc.nasa.gov/api/v3/events/EONET_4066,0,0,0,0,0,0,0,1,0,0,0,0,0,severeStorms,,
EONET_4084,"Barren Island Volcano, India",Volcanoes,1,False,2019-01-26 00:00:00+00:00,2019,1,January,12.278,93.855,True,Point,,,SIVolcano,,,1,1,2019-03-16T00:00:00Z,https://eonet.gsfc.nasa.gov/api/v3/events/EONET_4084,0,0,0,0,0,0,0,0,0,0,1,0,0,volcanoes,,
EONET_4169,Tropical Cyclone Fani,Severe Storms,1,False,2019-04-27 12:00:00+00:00,2019,4,April,6.2,89.3,True,Point,,,JTWC,,,1,27,2019-05-08T00:00:00Z,https://eonet.gsfc.nasa.gov/api/v3/events/EONET_4169,0,0,0,0,0,0,0,1,0,0,0,0,0,severeStorms,,
EONET_4169,Tropical Cyclone Fani,Severe Storms,1,False,2019-04-27 18:00:00+00:00,2019,4,April,6.7,88.7,True,Point,,,JTWC,,,1,27,2019-05-08T00:00:00Z,https://eonet.gsfc.nasa.gov/api/v3/events/EONET_4169,0,0,0,0,0,0,0,1,0,0,0,0,0,severeStorms,,
EONET_4169,Tropical Cyclone Fani,Severe Storms,1,False,2019-04-28 00:00:00+00:00,2019,4,April,7.1,88.2,True,Point,,,JTWC,,,1,27,2019-05-08T00:00:00Z,https://eonet.gsfc.nasa.gov/api/v3/events/EONET_4169,0,0,0,0,0,0,0,1,0,0,0,0,0,severeStorms,,
EONET_4169,Tropical Cyclone Fani,Severe Storms,1,False,2019-04-28 06:00:00+00:00,2019,4,April,7.3,88.3,True,Point,,,JTWC,,,1,27,2019-05-08T00:00:00Z,https://eonet.gsfc.nasa.gov/api/v3/events/EONET_4169,0,0,0,0,0,0,0,1,0,0,0,0,0,severeStorms,,
EONET_4169,Tropical Cyclone Fani,Severe Storms,1,False,2019-04-28 12:00:00+00:00,2019,4,April,7.5,88.3,True,Point,,,JTWC,,,1,27,2019-05-08T00:00:00Z,https://eonet.gsfc.nasa.gov/api/v3/events/EONET_4169,0,0,0,0,0,0,0,1,0,0,0,0,0,severeStorms,,
EONET_4169,Tropical Cyclone Fani,Severe Storms,1,False,2019-04-28 18:00:00+00:00,2019,4,April,8.1,88.1,True,Point,,,JTWC,,,1,27,2019-05-08T00:00:00Z,https://eonet.gsfc.nasa.gov/api/v3/events/EONET_4169,0,0,0,0,0,0,0,1,0,0,0,0,0,severeStorms,,
EONET_4169,Tropical Cyclone Fani,Severe Storms,1,False,2019-04-29 00:00:00+00:00,2019,4,April,8.8,87.8,True,Point,,,JTWC,,,1,27,2019-05-08T00:00:00Z,https://eonet.gsfc.nasa.gov/api/v3/events/EONET_4169,0,0,0,0,0,0,0,1,0,0,0,0,0,severeStorms,,
EONET_4169,Tropical Cyclone Fani,Severe Storms,1,False,2019-04-29 06:00:00+00:00,2019,4,April,9.6,87.3,True,Point,,,JTWC,,,1,27,2019-05-08T00:00:00Z,https://eonet.gsfc.nasa.gov/api/v3/events/EONET_4169,0,0,0,0,0,0,0,1,0,0,0,0,0,severeStorms,,
EONET_4169,Tropical Cyclone Fani,Severe Storms,1,False,2019-04-29 12:00:00+00:00,2019,4,April,10.2,86.8,True,Point,,,JTWC,,,1,27,2019-05-08T00:00:00Z,https://eonet.gsfc.nasa.gov/api/v3/events/EONET_4169,0,0,0,0,0,0,0,1,0,0,0,0,0,severeStorms,,
EONET_4169,Tropical Cyclone Fani,Severe Storms,1,False,2019-04-29 18:00:00+00:00,2019,4,April,11.0,86.8,True,Point,,,JTWC,,,1,27,2019-05-08T00:00:00Z,https://eonet.gsfc.nasa.gov/api/v3/events/EONET_4169,0,0,0,0,0,0,0,1,0,0,0,0,0,severeStorms,,
EONET_4169,Tropical Cyclone Fani,Severe Storms,1,False,2019-04-30 00:00:00+00:00,2019,4,April,11.9,86.5,True,Point,,,JTWC,,,1,27,2019-05-08T00:00:00Z,https://eonet.gsfc.nasa.gov/api/v3/events/EONET_4169,0,0,0,0,0,0,0,1,0,0,0,0,0,severeStorms,,
EONET_4169,Tropical Cyclone Fani,Severe Storms,1,False,2019-04-30 06:00:00+00:00,2019,4,April,12.7,85.8,True,Point,,,JTWC,,,1,27,2019-05-08T00:00:00Z,https://eonet.gsfc.nasa.gov/api/v3/events/EONET_4169,0,0,0,0,0,0,0,1,0,0,0,0,0,severeStorms,,
EONET_4169,Tropical Cyclone Fani,Severe Storms,1,False,2019-04-30 12:00:00+00:00,2019,4,April,13.2,84.8,True,Point,,,JTWC,,,1,27,2019-05-08T00:00:00Z,https://eonet.gsfc.nasa.gov/api/v3/events/EONET_4169,0,0,0,0,0,0,0,1,0,0,0,0,0,severeStorms,,
EONET_4169,Tropical Cyclone Fani,Severe Storms,1,False,2019-04-30 18:00:00+00:00,2019,4,April,13.5,84.3,True,Point,,,JTWC,,,1,27,2019-05-08T00:00:00Z,https://eonet.gsfc.nasa.gov/api/v3/events/EONET_4169,0,0,0,0,0,0,0,1,0,0,0,0,0,severeStorms,,
EONET_4169,Tropical Cyclone Fani,Severe Storms,1,False,2019-05-01 00:00:00+00:00,2019,5,May,13.9,84.1,True,Point,,,JTWC,,,1,27,2019-05-08T00:00:00Z,https://eonet.gsfc.nasa.gov/api/v3/events/EONET_4169,0,0,0,0,0,0,0,1,0,0,0,0,0,severeStorms,,
EONET_4169,Tropical Cyclone Fani,Severe Storms,1,False,2019-05-01 06:00:00+00:00,2019,5,May,14.2,84.1,True,Point,,,JTWC,,,1,27,2019-05-08T00:00:00Z,https://eonet.gsfc.nasa.gov/api/v3/events/EONET_4169,0,0,0,0,0,0,0,1,0,0,0,0,0,severeStorms,,
EONET_4169,Tropical Cyclone Fani,Severe Storms,1,False,2019-05-01 12:00:00+00:00,2019,5,May,14.9,84.2,True,Point,,,JTWC,,,1,27,2019-05-08T00:00:00Z,https://eonet.gsfc.nasa.gov/api/v3/events/EONET_4169,0,0,0,0,0,0,0,1,0,0,0,0,0,severeStorms,,
EONET_4169,Tropical Cyclone Fani,Severe Storms,1,False,2019-05-01 18:00:00+00:00,2019,5,May,15.3,84.2,True,Point,,,JTWC,,,1,27,2019-05-08T00:00:00Z,https://eonet.gsfc.nasa.gov/api/v3/events/EONET_4169,0,0,0,0,0,0,0,1,0,0,0,0,0,severeStorms,,
EONET_4169,Tropical Cyclone Fani,Severe Storms,1,False,2019-05-02 00:00:00+00:00,2019,5,May,15.8,84.6,True,Point,,,JTWC,,,1,27,2019-05-08T00:00:00Z,https://eonet.gsfc.nasa.gov/api/v3/events/EONET_4169,0,0,0,0,0,0,0,1,0,0,0,0,0,severeStorms,,
EONET_4169,Tropical Cyclone Fani,Severe Storms,1,False,2019-05-02 06:00:00+00:00,2019,5,May,16.7,84.9,True,Point,,,JTWC,,,1,27,2019-05-08T00:00:00Z,https://eonet.gsfc.nasa.gov/api/v3/events/EONET_4169,0,0,0,0,0,0,0,1,0,0,0,0,0,severeStorms,,
EONET_4169,Tropical Cyclone Fani,Severe Storms,1,False,2019-05-02 12:00:00+00:00,2019,5,May,17.6,84.8,True,Point,,,JTWC,,,1,27,2019-05-08T00:00:00Z,https://eonet.gsfc.nasa.gov/api/v3/events/EONET_4169,0,0,0,0,0,0,0,1,0,0,0,0,0,severeStorms,,
EONET_4169,Tropical Cyclone Fani,Severe Storms,1,False,2019-05-02 18:00:00+00:00,2019,5,May,18.2,85.0,True,Point,,,JTWC,,,1,27,2019-05-08T00:00:00Z,https://eonet.gsfc.nasa.gov/api/v3/events/EONET_4169,0,0,0,0,0,0,0,1,0,0,0,0,0,severeStorms,,
EONET_4169,Tropical Cyclone Fani,Severe Storms,1,False,2019-05-03 00:00:00+00:00,2019,5,May,19.0,85.5,True,Point,,,JTWC,,,1,27,2019-05-08T00:00:00Z,https://eonet.gsfc.nasa.gov/api/v3/events/EONET_4169,0,0,0,0,0,0,0,1,0,0,0,0,0,severeStorms,,
EONET_4169,Tropical Cyclone Fani,Severe Storms,1,False,2019-05-03 06:00:00+00:00,2019,5,May,20.2,85.8,True,Point,,,JTWC,,,1,27,2019-05-08T00:00:00Z,https://eonet.gsfc.nasa.gov/api/v3/events/EONET_4169,0,0,0,0,0,0,0,1,0,0,0,0,0,severeStorms,Odisha,IN-OR
EONET_4169,Tropical Cyclone Fani,Severe Storms,1,False,2019-05-03 12:00:00+00:00,2019,5,May,21.3,86.2,True,Point,,,JTWC,,,1,27,2019-05-08T00:00:00Z,https://eonet.gsfc.nasa.gov/api/v3/events/EONET_4169,0,0,0,0,0,0,0,1,0,0,0,0,0,severeStorms,Odisha,IN-OR
EONET_4216,Tropical Cyclone Vayu,Severe Storms,1,False,2019-06-10 10:01:47+00:00,2019,6,June,13.3,70.8,True,Point,,,EO|JTWC,,,2,26,2019-06-21T00:00:00Z,https://eonet.gsfc.nasa.gov/api/v3/events/EONET_4216,0,0,0,0,0,0,0,1,0,0,0,0,0,severeStorms,,
EONET_4216,Tropical Cyclone Vayu,Severe Storms,1,False,2019-06-10 12:00:00+00:00,2019,6,June,13.3,70.8,True,Point,,,EO|JTWC,,,2,26,2019-06-21T00:00:00Z,https://eonet.gsfc.nasa.gov/api/v3/events/EONET_4216,0,0,0,0,0,0,0,1,0,0,0,0,0,severeStorms,,
EONET_4216,Tropical Cyclone Vayu,Severe Storms,1,False,2019-06-10 18:00:00+00:00,2019,6,June,13.9,70.7,True,Point,,,EO|JTWC,,,2,26,2019-06-21T00:00:00Z,https://eonet.gsfc.nasa.gov/api/v3/events/EONET_4216,0,0,0,0,0,0,0,1,0,0,0,0,0,severeStorms,,
EONET_4216,Tropical Cyclone Vayu,Severe Storms,1,False,2019-06-11 00:00:00+00:00,2019,6,June,14.5,70.7,True,Point,,,EO|JTWC,,,2,26,2019-06-21T00:00:00Z,https://eonet.gsfc.nasa.gov/api/v3/events/EONET_4216,0,0,0,0,0,0,0,1,0,0,0,0,0,severeStorms,,
EONET_4216,Tropical Cyclone Vayu,Severe Storms,1,False,2019-06-11 06:00:00+00:00,2019,6,June,15.2,70.9,True,Point,,,EO|JTWC,,,2,26,2019-06-21T00:00:00Z,https://eonet.gsfc.nasa.gov/api/v3/events/EONET_4216,0,0,0,0,0,0,0,1,0,0,0,0,0,severeStorms,,
EONET_4216,Tropical Cyclone Vayu,Severe Storms,1,False,2019-06-11 12:00:00+00:00,2019,6,June,16.0,70.8,True,Point,,,EO|JTWC,,,2,26,2019-06-21T00:00:00Z,https://eonet.gsfc.nasa.gov/api/v3/events/EONET_4216,0,0,0,0,0,0,0,1,0,0,0,0,0,severeStorms,,
EONET_4216,Tropical Cyclone Vayu,Severe Storms,1,False,2019-06-11 18:00:00+00:00,2019,6,June,16.8,70.6,True,Point,,,EO|JTWC,,,2,26,2019-06-21T00:00:00Z,https://eonet.gsfc.nasa.gov/api/v3/events/EONET_4216,0,0,0,0,0,0,0,1,0,0,0,0,0,severeStorms,,
EONET_4216,Tropical Cyclone Vayu,Severe Storms,1,False,2019-06-12 00:00:00+00:00,2019,6,June,17.6,70.2,True,Point,,,EO|JTWC,,,2,26,2019-06-21T00:00:00Z,https://eonet.gsfc.nasa.gov/api/v3/events/EONET_4216,0,0,0,0,0,0,0,1,0,0,0,0,0,severeStorms,,
EONET_4216,Tropical Cyclone Vayu,Severe Storms,1,False,2019-06-12 06:00:00+00:00,2019,6,June,18.4,70.0,True,Point,,,EO|JTWC,,,2,26,2019-06-21T00:00:00Z,https://eonet.gsfc.nasa.gov/api/v3/events/EONET_4216,0,0,0,0,0,0,0,1,0,0,0,0,0,severeStorms,,
EONET_4216,Tropical Cyclone Vayu,Severe Storms,1,False,2019-06-12 12:00:00+00:00,2019,6,June,19.1,69.8,True,Point,,,EO|JTWC,,,2,26,2019-06-21T00:00:00Z,https://eonet.gsfc.nasa.gov/api/v3/events/EONET_4216,0,0,0,0,0,0,0,1,0,0,0,0,0,severeStorms,,
EONET_4216,Tropical Cyclone Vayu,Severe Storms,1,False,2019-06-12 18:00:00+00:00,2019,6,June,19.6,69.6,True,Point,,,EO|JTWC,,,2,26,2019-06-21T00:00:00Z,https://eonet.gsfc.nasa.gov/api/v3/events/EONET_4216,0,0,0,0,0,0,0,1,0,0,0,0,0,severeStorms,,
EONET_4216,Tropical Cyclone Vayu,Severe Storms,1,False,2019-06-13 00:00:00+00:00,2019,6,June,20.2,69.3,True,Point,,,EO|JTWC,,,2,26,2019-06-21T00:00:00Z,https://eonet.gsfc.nasa.gov/api/v3/events/EONET_4216,0,0,0,0,0,0,0,1,0,0,0,0,0,severeStorms,,
EONET_4216,Tropical Cyclone Vayu,Severe Storms,1,False,2019-06-13 06:00:00+00:00,2019,6,June,20.5,69.2,True,Point,,,EO|JTWC,,,2,26,2019-06-21T00:00:00Z,https://eonet.gsfc.nasa.gov/api/v3/events/EONET_4216,0,0,0,0,0,0,0,1,0,0,0,0,0,severeStorms,,
EONET_4216,Tropical Cyclone Vayu,Severe Storms,1,False,2019-06-13 12:00:00+00:00,2019,6,June,20.7,69.1,True,Point,,,EO|JTWC,,,2,26,2019-06-21T00:00:00Z,https://eonet.gsfc.nasa.gov/api/v3/events/EONET_4216,0,0,0,0,0,0,0,1,0,0,0,0,0,severeStorms,,
EONET_4216,Tropical Cyclone Vayu,Severe Storms,1,False,2019-06-13 18:00:00+00:00,2019,6,June,20.8,68.8,True,Point,,,EO|JTWC,,,2,26,2019-06-21T00:00:00Z,https://eonet.gsfc.nasa.gov/api/v3/events/EONET_4216,0,0,0,0,0,0,0,1,0,0,0,0,0,severeStorms,,
EONET_4216,Tropical Cyclone Vayu,Severe Storms,1,False,2019-06-14 00:00:00+00:00,2019,6,June,20.9,68.5,True,Point,,,EO|JTWC,,,2,26,2019-06-21T00:00:00Z,https://eonet.gsfc.nasa.gov/api/v3/events/EONET_4216,0,0,0,0,0,0,0,1,0,0,0,0,0,severeStorms,,
EONET_4216,Tropical Cyclone Vayu,Severe Storms,1,False,2019-06-14 06:00:00+00:00,2019,6,June,20.9,68.4,True,Point,,,EO|JTWC,,,2,26,2019-06-21T00:00:00Z,https://eonet.gsfc.nasa.gov/api/v3/events/EONET_4216,0,0,0,0,0,0,0,1,0,0,0,0,0,severeStorms,,
EONET_4216,Tropical Cyclone Vayu,Severe Storms,1,False,2019-06-14 12:00:00+00:00,2019,6,June,20.8,68.3,True,Point,,,EO|JTWC,,,2,26,2019-06-21T00:00:00Z,https://eonet.gsfc.nasa.gov/api/v3/events/EONET_4216,0,0,0,0,0,0,0,1,0,0,0,0,0,severeStorms,,
EONET_4216,Tropical Cyclone Vayu,Severe Storms,1,False,2019-06-14 18:00:00+00:00,2019,6,June,20.7,68.0,True,Point,,,EO|JTWC,,,2,26,2019-06-21T00:00:00Z,https://eonet.gsfc.nasa.gov/api/v3/events/EONET_4216,0,0,0,0,0,0,0,1,0,0,0,0,0,severeStorms,,
EONET_4480,Tropical Cyclone Kyarr,Severe Storms,1,False,2019-10-24 00:00:00+00:00,2019,10,October,15.6,71.3,True,Point,,,JTWC,,,1,20,2019-11-05T00:00:00Z,https://eonet.gsfc.nasa.gov/api/v3/events/EONET_4480,0,0,0,0,0,0,0,1,0,0,0,0,0,severeStorms,,
EONET_4480,Tropical Cyclone Kyarr,Severe Storms,1,False,2019-10-25 00:00:00+00:00,2019,10,October,16.3,71.9,True,Point,,,JTWC,,,1,20,2019-11-05T00:00:00Z,https://eonet.gsfc.nasa.gov/api/v3/events/EONET_4480,0,0,0,0,0,0,0,1,0,0,0,0,0,severeStorms,,
EONET_4480,Tropical Cyclone Kyarr,Severe Storms,1,False,2019-10-26 00:00:00+00:00,2019,10,October,16.7,69.4,True,Point,,,JTWC,,,1,20,2019-11-05T00:00:00Z,https://eonet.gsfc.nasa.gov/api/v3/events/EONET_4480,0,0,0,0,0,0,0,1,0,0,0,0,0,severeStorms,,
EONET_4485,Tropical Cyclone Maha,Severe Storms,1,False,2019-10-30 08:46:01+00:00,2019,10,October,8.8,74.8,True,Point,,,JTWC,,,1,30,2019-11-11T00:00:00Z,https://eonet.gsfc.nasa.gov/api/v3/events/EONET_4485,0,0,0,0,0,0,0,1,0,0,0,0,0,severeStorms,,
EONET_4485,Tropical Cyclone Maha,Severe Storms,1,False,2019-10-30 12:00:00+00:00,2019,10,October,9.9,74.0,True,Point,,,JTWC,,,1,30,2019-11-11T00:00:00Z,https://eonet.gsfc.nasa.gov/api/v3/events/EONET_4485,0,0,0,0,0,0,0,1,0,0,0,0,0,severeStorms,,
EONET_4485,Tropical Cyclone Maha,Severe Storms,1,False,2019-10-30 18:00:00+00:00,2019,10,October,10.6,73.6,True,Point,,,JTWC,,,1,30,2019-11-11T00:00:00Z,https://eonet.gsfc.nasa.gov/api/v3/events/EONET_4485,0,0,0,0,0,0,0,1,0,0,0,0,0,severeStorms,,
EONET_4485,Tropical Cyclone Maha,Severe Storms,1,False,2019-10-31 00:00:00+00:00,2019,10,October,11.3,73.3,True,Point,,,JTWC,,,1,30,2019-11-11T00:00:00Z,https://eonet.gsfc.nasa.gov/api/v3/events/EONET_4485,0,0,0,0,0,0,0,1,0,0,0,0,0,severeStorms,,
EONET_4485,Tropical Cyclone Maha,Severe Storms,1,False,2019-10-31 06:00:00+00:00,2019,10,October,11.9,73.1,True,Point,,,JTWC,,,1,30,2019-11-11T00:00:00Z,https://eonet.gsfc.nasa.gov/api/v3/events/EONET_4485,0,0,0,0,0,0,0,1,0,0,0,0,0,severeStorms,,
EONET_4485,Tropical Cyclone Maha,Severe Storms,1,False,2019-10-31 12:00:00+00:00,2019,10,October,13.0,72.7,True,Point,,,JTWC,,,1,30,2019-11-11T00:00:00Z,https://eonet.gsfc.nasa.gov/api/v3/events/EONET_4485,0,0,0,0,0,0,0,1,0,0,0,0,0,severeStorms,,
EONET_4485,Tropical Cyclone Maha,Severe Storms,1,False,2019-10-31 18:00:00+00:00,2019,10,October,14.1,72.4,True,Point,,,JTWC,,,1,30,2019-11-11T00:00:00Z,https://eonet.gsfc.nasa.gov/api/v3/events/EONET_4485,0,0,0,0,0,0,0,1,0,0,0,0,0,severeStorms,,
EONET_4485,Tropical Cyclone Maha,Severe Storms,1,False,2019-11-01 00:00:00+00:00,2019,11,November,14.6,71.5,True,Point,,,JTWC,,,1,30,2019-11-11T00:00:00Z,https://eonet.gsfc.nasa.gov/api/v3/events/EONET_4485,0,0,0,0,0,0,0,1,0,0,0,0,0,severeStorms,,
EONET_4485,Tropical Cyclone Maha,Severe Storms,1,False,2019-11-01 06:00:00+00:00,2019,11,November,15.3,70.2,True,Point,,,JTWC,,,1,30,2019-11-11T00:00:00Z,https://eonet.gsfc.nasa.gov/api/v3/events/EONET_4485,0,0,0,0,0,0,0,1,0,0,0,0,0,severeStorms,,
EONET_4485,Tropical Cyclone Maha,Severe Storms,1,False,2019-11-01 12:00:00+00:00,2019,11,November,15.8,69.3,True,Point,,,JTWC,,,1,30,2019-11-11T00:00:00Z,https://eonet.gsfc.nasa.gov/api/v3/events/EONET_4485,0,0,0,0,0,0,0,1,0,0,0,0,0,severeStorms,,
EONET_4485,Tropical Cyclone Maha,Severe Storms,1,False,2019-11-01 18:00:00+00:00,2019,11,November,15.8,69.2,True,Point,,,JTWC,,,1,30,2019-11-11T00:00:00Z,https://eonet.gsfc.nasa.gov/api/v3/events/EONET_4485,0,0,0,0,0,0,0,1,0,0,0,0,0,severeStorms,,
EONET_4485,Tropical Cyclone Maha,Severe Storms,1,False,2019-11-02 00:00:00+00:00,2019,11,November,16.1,68.7,True,Point,,,JTWC,,,1,30,2019-11-11T00:00:00Z,https://eonet.gsfc.nasa.gov/api/v3/events/EONET_4485,0,0,0,0,0,0,0,1,0,0,0,0,0,severeStorms,,
EONET_4485,Tropical Cyclone Maha,Severe Storms,1,False,2019-11-02 06:00:00+00:00,2019,11,November,16.4,68.2,True,Point,,,JTWC,,,1,30,2019-11-11T00:00:00Z,https://eonet.gsfc.nasa.gov/api/v3/events/EONET_4485,0,0,0,0,0,0,0,1,0,0,0,0,0,severeStorms,,
EONET_4496,Tropical Cyclone Matmo,Severe Storms,1,False,2019-11-06 00:00:00+00:00,2019,11,November,13.9,89.8,True,Point,,,JTWC,,,1,16,2019-11-15T00:00:00Z,https://eonet.gsfc.nasa.gov/api/v3/events/EONET_4496,0,0,0,0,0,0,0,1,0,0,0,0,0,severeStorms,,
EONET_4496,Tropical Cyclone Matmo,Severe Storms,1,False,2019-11-07 00:00:00+00:00,2019,11,November,15.0,88.7,True,Point,,,JTWC,,,1,16,2019-11-15T00:00:00Z,https://eonet.gsfc.nasa.gov/api/v3/events/EONET_4496,0,0,0,0,0,0,0,1,0,0,0,0,0,severeStorms,,
EONET_4496,Tropical Cyclone Matmo,Severe Storms,1,False,2019-11-07 06:00:00+00:00,2019,11,November,15.0,88.7,True,Point,,,JTWC,,,1,16,2019-11-15T00:00:00Z,https://eonet.gsfc.nasa.gov/api/v3/events/EONET_4496,0,0,0,0,0,0,0,1,0,0,0,0,0,severeStorms,,
EONET_4496,Tropical Cyclone Matmo,Severe Storms,1,False,2019-11-07 12:00:00+00:00,2019,11,November,16.0,88.2,True,Point,,,JTWC,,,1,16,2019-11-15T00:00:00Z,https://eonet.gsfc.nasa.gov/api/v3/events/EONET_4496,0,0,0,0,0,0,0,1,0,0,0,0,0,severeStorms,,
EONET_4496,Tropical Cyclone Matmo,Severe Storms,1,False,2019-11-07 18:00:00+00:00,2019,11,November,16.2,87.7,True,Point,,,JTWC,,,1,16,2019-11-15T00:00:00Z,https://eonet.gsfc.nasa.gov/api/v3/events/EONET_4496,0,0,0,0,0,0,0,1,0,0,0,0,0,severeStorms,,
EONET_4496,Tropical Cyclone Matmo,Severe Storms,1,False,2019-11-08 00:00:00+00:00,2019,11,November,16.9,87.6,True,Point,,,JTWC,,,1,16,2019-11-15T00:00:00Z,https://eonet.gsfc.nasa.gov/api/v3/events/EONET_4496,0,0,0,0,0,0,0,1,0,0,0,0,0,severeStorms,,
EONET_4496,Tropical Cyclone Matmo,Severe Storms,1,False,2019-11-08 06:00:00+00:00,2019,11,November,17.7,87.8,True,Point,,,JTWC,,,1,16,2019-11-15T00:00:00Z,https://eonet.gsfc.nasa.gov/api/v3/events/EONET_4496,0,0,0,0,0,0,0,1,0,0,0,0,0,severeStorms,,
EONET_4496,Tropical Cyclone Matmo,Severe Storms,1,False,2019-11-08 12:00:00+00:00,2019,11,November,18.7,88.0,True,Point,,,JTWC,,,1,16,2019-11-15T00:00:00Z,https://eonet.gsfc.nasa.gov/api/v3/events/EONET_4496,0,0,0,0,0,0,0,1,0,0,0,0,0,severeStorms,,
EONET_4496,Tropical Cyclone Matmo,Severe Storms,1,False,2019-11-08 18:00:00+00:00,2019,11,November,19.4,87.8,True,Point,,,JTWC,,,1,16,2019-11-15T00:00:00Z,https://eonet.gsfc.nasa.gov/api/v3/events/EONET_4496,0,0,0,0,0,0,0,1,0,0,0,0,0,severeStorms,,
EONET_4496,Tropical Cyclone Matmo,Severe Storms,1,False,2019-11-09 00:00:00+00:00,2019,11,November,19.9,87.7,True,Point,,,JTWC,,,1,16,2019-11-15T00:00:00Z,https://eonet.gsfc.nasa.gov/api/v3/events/EONET_4496,0,0,0,0,0,0,0,1,0,0,0,0,0,severeStorms,,
EONET_4496,Tropical Cyclone Matmo,Severe Storms,1,False,2019-11-09 06:00:00+00:00,2019,11,November,20.7,87.6,True,Point,,,JTWC,,,1,16,2019-11-15T00:00:00Z,https://eonet.gsfc.nasa.gov/api/v3/events/EONET_4496,0,0,0,0,0,0,0,1,0,0,0,0,0,severeStorms,,
EONET_4496,Tropical Cyclone Matmo,Severe Storms,1,False,2019-11-09 12:00:00+00:00,2019,11,November,21.2,87.9,True,Point,,,JTWC,,,1,16,2019-11-15T00:00:00Z,https://eonet.gsfc.nasa.gov/api/v3/events/EONET_4496,0,0,0,0,0,0,0,1,0,0,0,0,0,severeStorms,,
EONET_4496,Tropical Cyclone Matmo,Severe Storms,1,False,2019-11-09 18:00:00+00:00,2019,11,November,21.6,88.9,True,Point,,,JTWC,,,1,16,2019-11-15T00:00:00Z,https://eonet.gsfc.nasa.gov/api/v3/events/EONET_4496,0,0,0,0,0,0,0,1,0,0,0,0,0,severeStorms,,
EONET_4496,Tropical Cyclone Matmo,Severe Storms,1,False,2019-11-10 00:00:00+00:00,2019,11,November,22.0,89.4,True,Point,,,JTWC,,,1,16,2019-11-15T00:00:00Z,https://eonet.gsfc.nasa.gov/api/v3/events/EONET_4496,0,0,0,0,0,0,0,1,0,0,0,0,0,severeStorms,,
EONET_4496,Tropical Cyclone Matmo,Severe Storms,1,False,2019-11-10 06:00:00+00:00,2019,11,November,22.4,90.2,True,Point,,,JTWC,,,1,16,2019-11-15T00:00:00Z,https://eonet.gsfc.nasa.gov/api/v3/events/EONET_4496,0,0,0,0,0,0,0,1,0,0,0,0,0,severeStorms,,
EONET_4496,Tropical Cyclone Matmo,Severe Storms,1,False,2019-11-10 12:00:00+00:00,2019,11,November,23.0,90.8,True,Point,,,JTWC,,,1,16,2019-11-15T00:00:00Z,https://eonet.gsfc.nasa.gov/api/v3/events/EONET_4496,0,0,0,0,0,0,0,1,0,0,0,0,0,severeStorms,,
EONET_4517,Tropical Cyclone 07A,Severe Storms,1,False,2019-12-03 00:00:00+00:00,2019,12,December,12.7,70.8,True,Point,,,JTWC,,,1,8,2019-12-09T00:00:00Z,https://eonet.gsfc.nasa.gov/api/v3/events/EONET_4517,0,0,0,0,0,0,0,1,0,0,0,0,0,severeStorms,,
EONET_4517,Tropical Cyclone 07A,Severe Storms,1,False,2019-12-03 06:00:00+00:00,2019,12,December,12.7,70.8,True,Point,,,JTWC,,,1,8,2019-12-09T00:00:00Z,https://eonet.gsfc.nasa.gov/api/v3/events/EONET_4517,0,0,0,0,0,0,0,1,0,0,0,0,0,severeStorms,,
EONET_4517,Tropical Cyclone 07A,Severe Storms,1,False,2019-12-03 12:00:00+00:00,2019,12,December,13.0,70.4,True,Point,,,JTWC,,,1,8,2019-12-09T00:00:00Z,https://eonet.gsfc.nasa.gov/api/v3/events/EONET_4517,0,0,0,0,0,0,0,1,0,0,0,0,0,severeStorms,,
EONET_4517,Tropical Cyclone 07A,Severe Storms,1,False,2019-12-03 18:00:00+00:00,2019,12,December,13.6,69.8,True,Point,,,JTWC,,,1,8,2019-12-09T00:00:00Z,https://eonet.gsfc.nasa.gov/api/v3/events/EONET_4517,0,0,0,0,0,0,0,1,0,0,0,0,0,severeStorms,,
EONET_4517,Tropical Cyclone 07A,Severe Storms,1,False,2019-12-03 21:00:00+00:00,2019,12,December,14.0,69.7,True,Point,,,JTWC,,,1,8,2019-12-09T00:00:00Z,https://eonet.gsfc.nasa.gov/api/v3/events/EONET_4517,0,0,0,0,0,0,0,1,0,0,0,0,0,severeStorms,,
EONET_4517,Tropical Cyclone 07A,Severe Storms,1,False,2019-12-04 00:00:00+00:00,2019,12,December,14.3,69.5,True,Point,,,JTWC,,,1,8,2019-12-09T00:00:00Z,https://eonet.gsfc.nasa.gov/api/v3/events/EONET_4517,0,0,0,0,0,0,0,1,0,0,0,0,0,severeStorms,,
EONET_4517,Tropical Cyclone 07A,Severe Storms,1,False,2019-12-04 06:00:00+00:00,2019,12,December,14.7,69.0,True,Point,,,JTWC,,,1,8,2019-12-09T00:00:00Z,https://eonet.gsfc.nasa.gov/api/v3/events/EONET_4517,0,0,0,0,0,0,0,1,0,0,0,0,0,severeStorms,,
EONET_4517,Tropical Cyclone 07A,Severe Storms,1,False,2019-12-04 12:00:00+00:00,2019,12,December,14.8,68.5,True,Point,,,JTWC,,,1,8,2019-12-09T00:00:00Z,https://eonet.gsfc.nasa.gov/api/v3/events/EONET_4517,0,0,0,0,0,0,0,1,0,0,0,0,0,severeStorms,,
EONET_4654,Tropical Cyclone Amphan,Severe Storms,1,False,2020-05-16 06:00:00+00:00,2020,5,May,10.0,85.9,True,Point,35.0,kts,GDACS|JTWC,,,2,18,2020-05-25T00:00:00Z,https://eonet.gsfc.nasa.gov/api/v3/events/EONET_4654,0,0,0,0,0,0,0,1,0,0,0,0,0,severeStorms,,
EONET_4654,Tropical Cyclone Amphan,Severe Storms,1,False,2020-05-16 12:00:00+00:00,2020,5,May,10.3,86.0,True,Point,40.0,kts,GDACS|JTWC,,,2,18,2020-05-25T00:00:00Z,https://eonet.gsfc.nasa.gov/api/v3/events/EONET_4654,0,0,0,0,0,0,0,1,0,0,0,0,0,severeStorms,,
EONET_4654,Tropical Cyclone Amphan,Severe Storms,1,False,2020-05-16 18:00:00+00:00,2020,5,May,10.7,86.1,True,Point,50.0,kts,GDACS|JTWC,,,2,18,2020-05-25T00:00:00Z,https://eonet.gsfc.nasa.gov/api/v3/events/EONET_4654,0,0,0,0,0,0,0,1,0,0,0,0,0,severeStorms,,
EONET_4654,Tropical Cyclone Amphan,Severe Storms,1,False,2020-05-17 00:00:00+00:00,2020,5,May,11.0,86.3,True,Point,60.0,kts,GDACS|JTWC,,,2,18,2020-05-25T00:00:00Z,https://eonet.gsfc.nasa.gov/api/v3/events/EONET_4654,0,0,0,0,0,0,0,1,0,0,0,0,0,severeStorms,,
EONET_4654,Tropical Cyclone Amphan,Severe Storms,1,False,2020-05-17 06:00:00+00:00,2020,5,May,11.4,86.3,True,Point,65.0,kts,GDACS|JTWC,,,2,18,2020-05-25T00:00:00Z,https://eonet.gsfc.nasa.gov/api/v3/events/EONET_4654,0,0,0,0,0,0,0,1,0,0,0,0,0,severeStorms,,
EONET_4654,Tropical Cyclone Amphan,Severe Storms,1,False,2020-05-17 12:00:00+00:00,2020,5,May,12.0,86.4,True,Point,75.0,kts,GDACS|JTWC,,,2,18,2020-05-25T00:00:00Z,https://eonet.gsfc.nasa.gov/api/v3/events/EONET_4654,0,0,0,0,0,0,0,1,0,0,0,0,0,severeStorms,,
EONET_4654,Tropical Cyclone Amphan,Severe Storms,1,False,2020-05-17 18:00:00+00:00,2020,5,May,12.6,86.5,True,Point,115.0,kts,GDACS|JTWC,,,2,18,2020-05-25T00:00:00Z,https://eonet.gsfc.nasa.gov/api/v3/events/EONET_4654,0,0,0,0,0,0,0,1,0,0,0,0,0,severeStorms,,
EONET_4654,Tropical Cyclone Amphan,Severe Storms,1,False,2020-05-18 00:00:00+00:00,2020,5,May,13.0,86.4,True,Point,140.0,kts,GDACS|JTWC,,,2,18,2020-05-25T00:00:00Z,https://eonet.gsfc.nasa.gov/api/v3/events/EONET_4654,0,0,0,0,0,0,0,1,0,0,0,0,0,severeStorms,,
EONET_4654,Tropical Cyclone Amphan,Severe Storms,1,False,2020-05-18 06:00:00+00:00,2020,5,May,13.4,86.2,True,Point,,,GDACS|JTWC,,,2,18,2020-05-25T00:00:00Z,https://eonet.gsfc.nasa.gov/api/v3/events/EONET_4654,0,0,0,0,0,0,0,1,0,0,0,0,0,severeStorms,,
EONET_4654,Tropical Cyclone Amphan,Severe Storms,1,False,2020-05-18 12:00:00+00:00,2020,5,May,14.0,86.3,True,Point,140.0,kts,GDACS|JTWC,,,2,18,2020-05-25T00:00:00Z,https://eonet.gsfc.nasa.gov/api/v3/events/EONET_4654,0,0,0,0,0,0,0,1,0,0,0,0,0,severeStorms,,
EONET_4654,Tropical Cyclone Amphan,Severe Storms,1,False,2020-05-18 18:00:00+00:00,2020,5,May,14.8,86.5,True,Point,130.0,kts,GDACS|JTWC,,,2,18,2020-05-25T00:00:00Z,https://eonet.gsfc.nasa.gov/api/v3/events/EONET_4654,0,0,0,0,0,0,0,1,0,0,0,0,0,severeStorms,,
EONET_4654,Tropical Cyclone Amphan,Severe Storms,1,False,2020-05-19 00:00:00+00:00,2020,5,May,15.6,86.8,True,Point,120.0,kts,GDACS|JTWC,,,2,18,2020-05-25T00:00:00Z,https://eonet.gsfc.nasa.gov/api/v3/events/EONET_4654,0,0,0,0,0,0,0,1,0,0,0,0,0,severeStorms,,
EONET_4654,Tropical Cyclone Amphan,Severe Storms,1,False,2020-05-19 06:00:00+00:00,2020,5,May,16.5,86.8,True,Point,110.0,kts,GDACS|JTWC,,,2,18,2020-05-25T00:00:00Z,https://eonet.gsfc.nasa.gov/api/v3/events/EONET_4654,0,0,0,0,0,0,0,1,0,0,0,0,0,severeStorms,,
EONET_4654,Tropical Cyclone Amphan,Severe Storms,1,False,2020-05-19 12:00:00+00:00,2020,5,May,17.4,87.0,True,Point,100.0,kts,GDACS|JTWC,,,2,18,2020-05-25T00:00:00Z,https://eonet.gsfc.nasa.gov/api/v3/events/EONET_4654,0,0,0,0,0,0,0,1,0,0,0,0,0,severeStorms,,
EONET_4654,Tropical Cyclone Amphan,Severe Storms,1,False,2020-05-19 18:00:00+00:00,2020,5,May,18.3,87.1,True,Point,100.0,kts,GDACS|JTWC,,,2,18,2020-05-25T00:00:00Z,https://eonet.gsfc.nasa.gov/api/v3/events/EONET_4654,0,0,0,0,0,0,0,1,0,0,0,0,0,severeStorms,,
EONET_4654,Tropical Cyclone Amphan,Severe Storms,1,False,2020-05-20 00:00:00+00:00,2020,5,May,19.2,87.5,True,Point,95.0,kts,GDACS|JTWC,,,2,18,2020-05-25T00:00:00Z,https://eonet.gsfc.nasa.gov/api/v3/events/EONET_4654,0,0,0,0,0,0,0,1,0,0,0,0,0,severeStorms,,
EONET_4654,Tropical Cyclone Amphan,Severe Storms,1,False,2020-05-20 06:00:00+00:00,2020,5,May,20.5,87.9,True,Point,85.0,kts,GDACS|JTWC,,,2,18,2020-05-25T00:00:00Z,https://eonet.gsfc.nasa.gov/api/v3/events/EONET_4654,0,0,0,0,0,0,0,1,0,0,0,0,0,severeStorms,,
EONET_4654,Tropical Cyclone Amphan,Severe Storms,1,False,2020-05-20 12:00:00+00:00,2020,5,May,22.2,88.3,True,Point,75.0,kts,GDACS|JTWC,,,2,18,2020-05-25T00:00:00Z,https://eonet.gsfc.nasa.gov/api/v3/events/EONET_4654,0,0,0,0,0,0,0,1,0,0,0,0,0,severeStorms,West Bengal,IN-WB
EONET_4670,Tropical Cyclone Nisarga,Severe Storms,1,False,2020-06-02 12:00:00+00:00,2020,6,June,16.3,71.4,True,Point,35.0,kts,GDACS|JTWC,,,2,5,2020-06-08T00:00:00Z,https://eonet.gsfc.nasa.gov/api/v3/events/EONET_4670,0,0,0,0,0,0,0,1,0,0,0,0,0,severeStorms,,
EONET_4670,Tropical Cyclone Nisarga,Severe Storms,1,False,2020-06-02 18:00:00+00:00,2020,6,June,17.0,71.7,True,Point,40.0,kts,GDACS|JTWC,,,2,5,2020-06-08T00:00:00Z,https://eonet.gsfc.nasa.gov/api/v3/events/EONET_4670,0,0,0,0,0,0,0,1,0,0,0,0,0,severeStorms,,
EONET_4670,Tropical Cyclone Nisarga,Severe Storms,1,False,2020-06-03 00:00:00+00:00,2020,6,June,17.2,72.1,True,Point,,,GDACS|JTWC,,,2,5,2020-06-08T00:00:00Z,https://eonet.gsfc.nasa.gov/api/v3/events/EONET_4670,0,0,0,0,0,0,0,1,0,0,0,0,0,severeStorms,,
EONET_4670,Tropical Cyclone Nisarga,Severe Storms,1,False,2020-06-03 06:00:00+00:00,2020,6,June,17.9,72.9,True,Point,,,GDACS|JTWC,,,2,5,2020-06-08T00:00:00Z,https://eonet.gsfc.nasa.gov/api/v3/events/EONET_4670,0,0,0,0,0,0,0,1,0,0,0,0,0,severeStorms,,
EONET_4670,Tropical Cyclone Nisarga,Severe Storms,1,False,2020-06-03 12:00:00+00:00,2020,6,June,19.1,73.7,True,Point,,,GDACS|JTWC,,,2,5,2020-06-08T00:00:00Z,https://eonet.gsfc.nasa.gov/api/v3/events/EONET_4670,0,0,0,0,0,0,0,1,0,0,0,0,0,severeStorms,Mahārāshtra,IN-MH
EONET_5155,"Barren Island Volcano, India",Volcanoes,1,False,2020-11-05 00:00:00+00:00,2020,11,November,12.278,93.855,True,Point,,,SIVolcano,,,1,1,2020-12-13T00:00:00Z,https://eonet.gsfc.nasa.gov/api/v3/events/EONET_5155,0,0,0,0,0,0,0,0,0,0,1,0,0,volcanoes,,
EONET_5167,Tropical Cyclone Nivar,Severe Storms,1,False,2020-11-23 12:00:00+00:00,2020,11,November,9.8,83.8,True,Point,35.0,kts,GDACS|JTWC,,,2,11,2020-12-01T00:00:00Z,https://eonet.gsfc.nasa.gov/api/v3/events/EONET_5167,0,0,0,0,0,0,0,1,0,0,0,0,0,severeStorms,,
EONET_5167,Tropical Cyclone Nivar,Severe Storms,1,False,2020-11-23 18:00:00+00:00,2020,11,November,9.7,83.5,True,Point,40.0,kts,GDACS|JTWC,,,2,11,2020-12-01T00:00:00Z,https://eonet.gsfc.nasa.gov/api/v3/events/EONET_5167,0,0,0,0,0,0,0,1,0,0,0,0,0,severeStorms,,
EONET_5167,Tropical Cyclone Nivar,Severe Storms,1,False,2020-11-24 00:00:00+00:00,2020,11,November,9.5,83.3,True,Point,40.0,kts,GDACS|JTWC,,,2,11,2020-12-01T00:00:00Z,https://eonet.gsfc.nasa.gov/api/v3/events/EONET_5167,0,0,0,0,0,0,0,1,0,0,0,0,0,severeStorms,,
EONET_5167,Tropical Cyclone Nivar,Severe Storms,1,False,2020-11-24 06:00:00+00:00,2020,11,November,9.5,82.8,True,Point,45.0,kts,GDACS|JTWC,,,2,11,2020-12-01T00:00:00Z,https://eonet.gsfc.nasa.gov/api/v3/events/EONET_5167,0,0,0,0,0,0,0,1,0,0,0,0,0,severeStorms,,
EONET_5167,Tropical Cyclone Nivar,Severe Storms,1,False,2020-11-24 12:00:00+00:00,2020,11,November,9.9,82.9,True,Point,50.0,kts,GDACS|JTWC,,,2,11,2020-12-01T00:00:00Z,https://eonet.gsfc.nasa.gov/api/v3/events/EONET_5167,0,0,0,0,0,0,0,1,0,0,0,0,0,severeStorms,,
EONET_5167,Tropical Cyclone Nivar,Severe Storms,1,False,2020-11-24 18:00:00+00:00,2020,11,November,10.4,82.8,True,Point,50.0,kts,GDACS|JTWC,,,2,11,2020-12-01T00:00:00Z,https://eonet.gsfc.nasa.gov/api/v3/events/EONET_5167,0,0,0,0,0,0,0,1,0,0,0,0,0,severeStorms,,
EONET_5167,Tropical Cyclone Nivar,Severe Storms,1,False,2020-11-25 00:00:00+00:00,2020,11,November,10.8,82.6,True,Point,60.0,kts,GDACS|JTWC,,,2,11,2020-12-01T00:00:00Z,https://eonet.gsfc.nasa.gov/api/v3/events/EONET_5167,0,0,0,0,0,0,0,1,0,0,0,0,0,severeStorms,,
EONET_5167,Tropical Cyclone Nivar,Severe Storms,1,False,2020-11-25 06:00:00+00:00,2020,11,November,11.2,81.8,True,Point,60.0,kts,GDACS|JTWC,,,2,11,2020-12-01T00:00:00Z,https://eonet.gsfc.nasa.gov/api/v3/events/EONET_5167,0,0,0,0,0,0,0,1,0,0,0,0,0,severeStorms,,
EONET_5167,Tropical Cyclone Nivar,Severe Storms,1,False,2020-11-25 12:00:00+00:00,2020,11,November,11.6,81.0,True,Point,70.0,kts,GDACS|JTWC,,,2,11,2020-12-01T00:00:00Z,https://eonet.gsfc.nasa.gov/api/v3/events/EONET_5167,0,0,0,0,0,0,0,1,0,0,0,0,0,severeStorms,,
EONET_5167,Tropical Cyclone Nivar,Severe Storms,1,False,2020-11-25 18:00:00+00:00,2020,11,November,12.0,80.1,True,Point,70.0,kts,GDACS|JTWC,,,2,11,2020-12-01T00:00:00Z,https://eonet.gsfc.nasa.gov/api/v3/events/EONET_5167,0,0,0,0,0,0,0,1,0,0,0,0,0,severeStorms,,
EONET_5167,Tropical Cyclone Nivar,Severe Storms,1,False,2020-11-26 00:00:00+00:00,2020,11,November,12.3,79.4,True,Point,55.0,kts,GDACS|JTWC,,,2,11,2020-12-01T00:00:00Z,https://eonet.gsfc.nasa.gov/api/v3/events/EONET_5167,0,0,0,0,0,0,0,1,0,0,0,0,0,severeStorms,Tamil Nādu,IN-TN
EONET_5169,Tropical Cyclone Burevi,Severe Storms,1,False,2020-12-01 12:00:00+00:00,2020,12,December,7.8,84.8,True,Point,35.0,kts,GDACS|JTWC,,,2,12,2020-12-09T00:00:00Z,https://eonet.gsfc.nasa.gov/api/v3/events/EONET_5169,0,0,0,0,0,0,0,1,0,0,0,0,0,severeStorms,,
EONET_5169,Tropical Cyclone Burevi,Severe Storms,1,False,2020-12-01 18:00:00+00:00,2020,12,December,7.9,84.3,True,Point,35.0,kts,GDACS|JTWC,,,2,12,2020-12-09T00:00:00Z,https://eonet.gsfc.nasa.gov/api/v3/events/EONET_5169,0,0,0,0,0,0,0,1,0,0,0,0,0,severeStorms,,
EONET_5169,Tropical Cyclone Burevi,Severe Storms,1,False,2020-12-02 00:00:00+00:00,2020,12,December,8.5,83.5,True,Point,45.0,kts,GDACS|JTWC,,,2,12,2020-12-09T00:00:00Z,https://eonet.gsfc.nasa.gov/api/v3/events/EONET_5169,0,0,0,0,0,0,0,1,0,0,0,0,0,severeStorms,,
EONET_5169,Tropical Cyclone Burevi,Severe Storms,1,False,2020-12-02 06:00:00+00:00,2020,12,December,8.9,82.4,True,Point,40.0,kts,GDACS|JTWC,,,2,12,2020-12-09T00:00:00Z,https://eonet.gsfc.nasa.gov/api/v3/events/EONET_5169,0,0,0,0,0,0,0,1,0,0,0,0,0,severeStorms,,
EONET_5169,Tropical Cyclone Burevi,Severe Storms,1,False,2020-12-02 12:00:00+00:00,2020,12,December,8.8,82.3,True,Point,40.0,kts,GDACS|JTWC,,,2,12,2020-12-09T00:00:00Z,https://eonet.gsfc.nasa.gov/api/v3/events/EONET_5169,0,0,0,0,0,0,0,1,0,0,0,0,0,severeStorms,,
EONET_5169,Tropical Cyclone Burevi,Severe Storms,1,False,2020-12-02 18:00:00+00:00,2020,12,December,9.0,81.4,True,Point,40.0,kts,GDACS|JTWC,,,2,12,2020-12-09T00:00:00Z,https://eonet.gsfc.nasa.gov/api/v3/events/EONET_5169,0,0,0,0,0,0,0,1,0,0,0,0,0,severeStorms,,
EONET_5169,Tropical Cyclone Burevi,Severe Storms,1,False,2020-12-03 00:00:00+00:00,2020,12,December,9.0,80.7,True,Point,40.0,kts,GDACS|JTWC,,,2,12,2020-12-09T00:00:00Z,https://eonet.gsfc.nasa.gov/api/v3/events/EONET_5169,0,0,0,0,0,0,0,1,0,0,0,0,0,severeStorms,,
EONET_5169,Tropical Cyclone Burevi,Severe Storms,1,False,2020-12-03 06:00:00+00:00,2020,12,December,9.2,79.8,True,Point,35.0,kts,GDACS|JTWC,,,2,12,2020-12-09T00:00:00Z,https://eonet.gsfc.nasa.gov/api/v3/events/EONET_5169,0,0,0,0,0,0,0,1,0,0,0,0,0,severeStorms,,
EONET_5169,Tropical Cyclone Burevi,Severe Storms,1,False,2020-12-03 12:00:00+00:00,2020,12,December,9.4,80.2,True,Point,35.0,kts,GDACS|JTWC,,,2,12,2020-12-09T00:00:00Z,https://eonet.gsfc.nasa.gov/api/v3/events/EONET_5169,0,0,0,0,0,0,0,1,0,0,0,0,0,severeStorms,,
EONET_5169,Tropical Cyclone Burevi,Severe Storms,1,False,2020-12-03 18:00:00+00:00,2020,12,December,9.4,79.9,True,Point,35.0,kts,GDACS|JTWC,,,2,12,2020-12-09T00:00:00Z,https://eonet.gsfc.nasa.gov/api/v3/events/EONET_5169,0,0,0,0,0,0,0,1,0,0,0,0,0,severeStorms,,
EONET_5169,Tropical Cyclone Burevi,Severe Storms,1,False,2020-12-04 00:00:00+00:00,2020,12,December,9.3,79.7,True,Point,35.0,kts,GDACS|JTWC,,,2,12,2020-12-09T00:00:00Z,https://eonet.gsfc.nasa.gov/api/v3/events/EONET_5169,0,0,0,0,0,0,0,1,0,0,0,0,0,severeStorms,,
EONET_5169,Tropical Cyclone Burevi,Severe Storms,1,False,2020-12-04 06:00:00+00:00,2020,12,December,9.3,79.5,True,Point,35.0,kts,GDACS|JTWC,,,2,12,2020-12-09T00:00:00Z,https://eonet.gsfc.nasa.gov/api/v3/events/EONET_5169,0,0,0,0,0,0,0,1,0,0,0,0,0,severeStorms,,
EONET_5327,Tropical Cyclone Tauktae,Severe Storms,1,False,2021-05-14 00:00:00+00:00,2021,5,May,11.6,72.1,True,Point,35.0,kts,EO|GDACS|JTWC,,,3,16,2021-05-22T00:00:00Z,https://eonet.gsfc.nasa.gov/api/v3/events/EONET_5327,0,0,0,0,0,0,0,1,0,0,0,0,0,severeStorms,,
EONET_5327,Tropical Cyclone Tauktae,Severe Storms,1,False,2021-05-14 06:00:00+00:00,2021,5,May,11.4,72.0,True,Point,40.0,kts,EO|GDACS|JTWC,,,3,16,2021-05-22T00:00:00Z,https://eonet.gsfc.nasa.gov/api/v3/events/EONET_5327,0,0,0,0,0,0,0,1,0,0,0,0,0,severeStorms,,
EONET_5327,Tropical Cyclone Tauktae,Severe Storms,1,False,2021-05-14 12:00:00+00:00,2021,5,May,11.9,72.2,True,Point,40.0,kts,EO|GDACS|JTWC,,,3,16,2021-05-22T00:00:00Z,https://eonet.gsfc.nasa.gov/api/v3/events/EONET_5327,0,0,0,0,0,0,0,1,0,0,0,0,0,severeStorms,,
EONET_5327,Tropical Cyclone Tauktae,Severe Storms,1,False,2021-05-14 18:00:00+00:00,2021,5,May,12.3,72.5,True,Point,45.0,kts,EO|GDACS|JTWC,,,3,16,2021-05-22T00:00:00Z,https://eonet.gsfc.nasa.gov/api/v3/events/EONET_5327,0,0,0,0,0,0,0,1,0,0,0,0,0,severeStorms,,
EONET_5327,Tropical Cyclone Tauktae,Severe Storms,1,False,2021-05-15 00:00:00+00:00,2021,5,May,12.8,73.0,True,Point,50.0,kts,EO|GDACS|JTWC,,,3,16,2021-05-22T00:00:00Z,https://eonet.gsfc.nasa.gov/api/v3/events/EONET_5327,0,0,0,0,0,0,0,1,0,0,0,0,0,severeStorms,,
EONET_5327,Tropical Cyclone Tauktae,Severe Storms,1,False,2021-05-15 06:00:00+00:00,2021,5,May,13.5,73.3,True,Point,55.0,kts,EO|GDACS|JTWC,,,3,16,2021-05-22T00:00:00Z,https://eonet.gsfc.nasa.gov/api/v3/events/EONET_5327,0,0,0,0,0,0,0,1,0,0,0,0,0,severeStorms,,
EONET_5327,Tropical Cyclone Tauktae,Severe Storms,1,False,2021-05-15 12:00:00+00:00,2021,5,May,14.0,73.3,True,Point,60.0,kts,EO|GDACS|JTWC,,,3,16,2021-05-22T00:00:00Z,https://eonet.gsfc.nasa.gov/api/v3/events/EONET_5327,0,0,0,0,0,0,0,1,0,0,0,0,0,severeStorms,,
EONET_5327,Tropical Cyclone Tauktae,Severe Storms,1,False,2021-05-15 18:00:00+00:00,2021,5,May,14.4,73.1,True,Point,65.0,kts,EO|GDACS|JTWC,,,3,16,2021-05-22T00:00:00Z,https://eonet.gsfc.nasa.gov/api/v3/events/EONET_5327,0,0,0,0,0,0,0,1,0,0,0,0,0,severeStorms,,
EONET_5327,Tropical Cyclone Tauktae,Severe Storms,1,False,2021-05-16 00:00:00+00:00,2021,5,May,15.0,72.9,True,Point,75.0,kts,EO|GDACS|JTWC,,,3,16,2021-05-22T00:00:00Z,https://eonet.gsfc.nasa.gov/api/v3/events/EONET_5327,0,0,0,0,0,0,0,1,0,0,0,0,0,severeStorms,,
EONET_5327,Tropical Cyclone Tauktae,Severe Storms,1,False,2021-05-16 06:00:00+00:00,2021,5,May,15.9,72.8,True,Point,90.0,kts,EO|GDACS|JTWC,,,3,16,2021-05-22T00:00:00Z,https://eonet.gsfc.nasa.gov/api/v3/events/EONET_5327,0,0,0,0,0,0,0,1,0,0,0,0,0,severeStorms,,
EONET_5327,Tropical Cyclone Tauktae,Severe Storms,1,False,2021-05-16 12:00:00+00:00,2021,5,May,16.8,72.6,True,Point,,,EO|GDACS|JTWC,,,3,16,2021-05-22T00:00:00Z,https://eonet.gsfc.nasa.gov/api/v3/events/EONET_5327,0,0,0,0,0,0,0,1,0,0,0,0,0,severeStorms,,
EONET_5327,Tropical Cyclone Tauktae,Severe Storms,1,False,2021-05-16 18:00:00+00:00,2021,5,May,17.8,72.0,True,Point,,,EO|GDACS|JTWC,,,3,16,2021-05-22T00:00:00Z,https://eonet.gsfc.nasa.gov/api/v3/events/EONET_5327,0,0,0,0,0,0,0,1,0,0,0,0,0,severeStorms,,
EONET_5327,Tropical Cyclone Tauktae,Severe Storms,1,False,2021-05-17 00:00:00+00:00,2021,5,May,18.4,71.8,True,Point,,,EO|GDACS|JTWC,,,3,16,2021-05-22T00:00:00Z,https://eonet.gsfc.nasa.gov/api/v3/events/EONET_5327,0,0,0,0,0,0,0,1,0,0,0,0,0,severeStorms,,
EONET_5327,Tropical Cyclone Tauktae,Severe Storms,1,False,2021-05-17 06:00:00+00:00,2021,5,May,19.2,71.3,True,Point,,,EO|GDACS|JTWC,,,3,16,2021-05-22T00:00:00Z,https://eonet.gsfc.nasa.gov/api/v3/events/EONET_5327,0,0,0,0,0,0,0,1,0,0,0,0,0,severeStorms,,
EONET_5327,Tropical Cyclone Tauktae,Severe Storms,1,False,2021-05-17 12:00:00+00:00,2021,5,May,20.0,71.3,True,Point,,,EO|GDACS|JTWC,,,3,16,2021-05-22T00:00:00Z,https://eonet.gsfc.nasa.gov/api/v3/events/EONET_5327,0,0,0,0,0,0,0,1,0,0,0,0,0,severeStorms,,
EONET_5327,Tropical Cyclone Tauktae,Severe Storms,1,False,2021-05-17 18:00:00+00:00,2021,5,May,20.8,71.3,True,Point,,,EO|GDACS|JTWC,,,3,16,2021-05-22T00:00:00Z,https://eonet.gsfc.nasa.gov/api/v3/events/EONET_5327,0,0,0,0,0,0,0,1,0,0,0,0,0,severeStorms,,
EONET_5347,Tropical Cyclone Yaas,Severe Storms,1,False,2021-05-23 18:00:00+00:00,2021,5,May,15.6,89.2,True,Point,35.0,kts,EO|GDACS|JTWC,,,3,11,2021-05-31T00:00:00Z,https://eonet.gsfc.nasa.gov/api/v3/events/EONET_5347,0,0,0,0,0,0,0,1,0,0,0,0,0,severeStorms,,
EONET_5347,Tropical Cyclone Yaas,Severe Storms,1,False,2021-05-24 00:00:00+00:00,2021,5,May,16.2,90.0,True,Point,35.0,kts,EO|GDACS|JTWC,,,3,11,2021-05-31T00:00:00Z,https://eonet.gsfc.nasa.gov/api/v3/events/EONET_5347,0,0,0,0,0,0,0,1,0,0,0,0,0,severeStorms,,
EONET_5347,Tropical Cyclone Yaas,Severe Storms,1,False,2021-05-24 06:00:00+00:00,2021,5,May,16.8,90.0,True,Point,35.0,kts,EO|GDACS|JTWC,,,3,11,2021-05-31T00:00:00Z,https://eonet.gsfc.nasa.gov/api/v3/events/EONET_5347,0,0,0,0,0,0,0,1,0,0,0,0,0,severeStorms,,
EONET_5347,Tropical Cyclone Yaas,Severe Storms,1,False,2021-05-24 12:00:00+00:00,2021,5,May,16.7,89.3,True,Point,40.0,kts,EO|GDACS|JTWC,,,3,11,2021-05-31T00:00:00Z,https://eonet.gsfc.nasa.gov/api/v3/events/EONET_5347,0,0,0,0,0,0,0,1,0,0,0,0,0,severeStorms,,
EONET_5347,Tropical Cyclone Yaas,Severe Storms,1,False,2021-05-24 18:00:00+00:00,2021,5,May,17.3,89.1,True,Point,50.0,kts,EO|GDACS|JTWC,,,3,11,2021-05-31T00:00:00Z,https://eonet.gsfc.nasa.gov/api/v3/events/EONET_5347,0,0,0,0,0,0,0,1,0,0,0,0,0,severeStorms,,
EONET_5347,Tropical Cyclone Yaas,Severe Storms,1,False,2021-05-25 00:00:00+00:00,2021,5,May,18.0,88.6,True,Point,60.0,kts,EO|GDACS|JTWC,,,3,11,2021-05-31T00:00:00Z,https://eonet.gsfc.nasa.gov/api/v3/events/EONET_5347,0,0,0,0,0,0,0,1,0,0,0,0,0,severeStorms,,
EONET_5347,Tropical Cyclone Yaas,Severe Storms,1,False,2021-05-25 06:00:00+00:00,2021,5,May,18.9,88.5,True,Point,60.0,kts,EO|GDACS|JTWC,,,3,11,2021-05-31T00:00:00Z,https://eonet.gsfc.nasa.gov/api/v3/events/EONET_5347,0,0,0,0,0,0,0,1,0,0,0,0,0,severeStorms,,
EONET_5347,Tropical Cyclone Yaas,Severe Storms,1,False,2021-05-25 12:00:00+00:00,2021,5,May,19.8,88.3,True,Point,65.0,kts,EO|GDACS|JTWC,,,3,11,2021-05-31T00:00:00Z,https://eonet.gsfc.nasa.gov/api/v3/events/EONET_5347,0,0,0,0,0,0,0,1,0,0,0,0,0,severeStorms,,
EONET_5347,Tropical Cyclone Yaas,Severe Storms,1,False,2021-05-25 18:00:00+00:00,2021,5,May,20.3,87.8,True,Point,65.0,kts,EO|GDACS|JTWC,,,3,11,2021-05-31T00:00:00Z,https://eonet.gsfc.nasa.gov/api/v3/events/EONET_5347,0,0,0,0,0,0,0,1,0,0,0,0,0,severeStorms,,
EONET_5347,Tropical Cyclone Yaas,Severe Storms,1,False,2021-05-26 00:00:00+00:00,2021,5,May,21.1,87.4,True,Point,65.0,kts,EO|GDACS|JTWC,,,3,11,2021-05-31T00:00:00Z,https://eonet.gsfc.nasa.gov/api/v3/events/EONET_5347,0,0,0,0,0,0,0,1,0,0,0,0,0,severeStorms,,
EONET_5347,Tropical Cyclone Yaas,Severe Storms,1,False,2021-05-26 06:00:00+00:00,2021,5,May,21.6,87.0,True,Point,55.0,kts,EO|GDACS|JTWC,,,3,11,2021-05-31T00:00:00Z,https://eonet.gsfc.nasa.gov/api/v3/events/EONET_5347,0,0,0,0,0,0,0,1,0,0,0,0,0,severeStorms,Odisha,IN-OR
EONET_5938,Tropical Storm Shaheen-Gulab,Severe Storms,1,False,2021-09-24 06:00:00+00:00,2021,9,September,18.8,92.1,True,Point,35.0,kts,GDACS|JTWC,,,2,38,2021-10-08T00:00:00Z,https://eonet.gsfc.nasa.gov/api/v3/events/EONET_5938,0,0,0,0,0,0,0,1,0,0,0,0,0,severeStorms,,
EONET_5938,Tropical Storm Shaheen-Gulab,Severe Storms,1,False,2021-09-24 12:00:00+00:00,2021,9,September,18.3,91.0,True,Point,35.0,kts,GDACS|JTWC,,,2,38,2021-10-08T00:00:00Z,https://eonet.gsfc.nasa.gov/api/v3/events/EONET_5938,0,0,0,0,0,0,0,1,0,0,0,0,0,severeStorms,,
EONET_5938,Tropical Storm Shaheen-Gulab,Severe Storms,1,False,2021-09-24 18:00:00+00:00,2021,9,September,18.3,90.3,True,Point,35.0,kts,GDACS|JTWC,,,2,38,2021-10-08T00:00:00Z,https://eonet.gsfc.nasa.gov/api/v3/events/EONET_5938,0,0,0,0,0,0,0,1,0,0,0,0,0,severeStorms,,
EONET_5938,Tropical Storm Shaheen-Gulab,Severe Storms,1,False,2021-09-25 00:00:00+00:00,2021,9,September,18.2,89.7,True,Point,35.0,kts,GDACS|JTWC,,,2,38,2021-10-08T00:00:00Z,https://eonet.gsfc.nasa.gov/api/v3/events/EONET_5938,0,0,0,0,0,0,0,1,0,0,0,0,0,severeStorms,,
EONET_5938,Tropical Storm Shaheen-Gulab,Severe Storms,1,False,2021-09-25 06:00:00+00:00,2021,9,September,18.2,89.3,True,Point,35.0,kts,GDACS|JTWC,,,2,38,2021-10-08T00:00:00Z,https://eonet.gsfc.nasa.gov/api/v3/events/EONET_5938,0,0,0,0,0,0,0,1,0,0,0,0,0,severeStorms,,
EONET_5938,Tropical Storm Shaheen-Gulab,Severe Storms,1,False,2021-09-25 12:00:00+00:00,2021,9,September,18.2,88.8,True,Point,40.0,kts,GDACS|JTWC,,,2,38,2021-10-08T00:00:00Z,https://eonet.gsfc.nasa.gov/api/v3/events/EONET_5938,0,0,0,0,0,0,0,1,0,0,0,0,0,severeStorms,,
EONET_5938,Tropical Storm Shaheen-Gulab,Severe Storms,1,False,2021-09-25 18:00:00+00:00,2021,9,September,18.3,88.2,True,Point,40.0,kts,GDACS|JTWC,,,2,38,2021-10-08T00:00:00Z,https://eonet.gsfc.nasa.gov/api/v3/events/EONET_5938,0,0,0,0,0,0,0,1,0,0,0,0,0,severeStorms,,
EONET_5938,Tropical Storm Shaheen-Gulab,Severe Storms,1,False,2021-09-26 00:00:00+00:00,2021,9,September,18.4,87.1,True,Point,40.0,kts,GDACS|JTWC,,,2,38,2021-10-08T00:00:00Z,https://eonet.gsfc.nasa.gov/api/v3/events/EONET_5938,0,0,0,0,0,0,0,1,0,0,0,0,0,severeStorms,,
EONET_5938,Tropical Storm Shaheen-Gulab,Severe Storms,1,False,2021-09-26 06:00:00+00:00,2021,9,September,18.4,85.3,True,Point,40.0,kts,GDACS|JTWC,,,2,38,2021-10-08T00:00:00Z,https://eonet.gsfc.nasa.gov/api/v3/events/EONET_5938,0,0,0,0,0,0,0,1,0,0,0,0,0,severeStorms,,
EONET_5938,Tropical Storm Shaheen-Gulab,Severe Storms,1,False,2021-09-26 12:00:00+00:00,2021,9,September,18.4,84.3,True,Point,40.0,kts,GDACS|JTWC,,,2,38,2021-10-08T00:00:00Z,https://eonet.gsfc.nasa.gov/api/v3/events/EONET_5938,0,0,0,0,0,0,0,1,0,0,0,0,0,severeStorms,,
EONET_5938,Tropical Storm Shaheen-Gulab,Severe Storms,1,False,2021-09-26 18:00:00+00:00,2021,9,September,18.3,83.5,True,Point,30.0,kts,GDACS|JTWC,,,2,38,2021-10-08T00:00:00Z,https://eonet.gsfc.nasa.gov/api/v3/events/EONET_5938,0,0,0,0,0,0,0,1,0,0,0,0,0,severeStorms,Andhra Pradesh,IN-AP
EONET_5938,Tropical Storm Shaheen-Gulab,Severe Storms,1,False,2021-09-27 00:00:00+00:00,2021,9,September,18.0,82.1,True,Point,30.0,kts,GDACS|JTWC,,,2,38,2021-10-08T00:00:00Z,https://eonet.gsfc.nasa.gov/api/v3/events/EONET_5938,0,0,0,0,0,0,0,1,0,0,0,0,0,severeStorms,Andhra Pradesh,IN-AP
EONET_5938,Tropical Storm Shaheen-Gulab,Severe Storms,1,False,2021-09-27 06:00:00+00:00,2021,9,September,18.2,81.1,True,Point,25.0,kts,GDACS|JTWC,,,2,38,2021-10-08T00:00:00Z,https://eonet.gsfc.nasa.gov/api/v3/events/EONET_5938,0,0,0,0,0,0,0,1,0,0,0,0,0,severeStorms,Chhattīsgarh,IN-CT
EONET_5938,Tropical Storm Shaheen-Gulab,Severe Storms,1,False,2021-09-27 12:00:00+00:00,2021,9,September,19.1,80.1,True,Point,25.0,kts,GDACS|JTWC,,,2,38,2021-10-08T00:00:00Z,https://eonet.gsfc.nasa.gov/api/v3/events/EONET_5938,0,0,0,0,0,0,0,1,0,0,0,0,0,severeStorms,Mahārāshtra,IN-MH
EONET_5938,Tropical Storm Shaheen-Gulab,Severe Storms,1,False,2021-09-27 18:00:00+00:00,2021,9,September,19.5,79.0,True,Point,20.0,kts,GDACS|JTWC,,,2,38,2021-10-08T00:00:00Z,https://eonet.gsfc.nasa.gov/api/v3/events/EONET_5938,0,0,0,0,0,0,0,1,0,0,0,0,0,severeStorms,Telangāna,IN-TG
EONET_5938,Tropical Storm Shaheen-Gulab,Severe Storms,1,False,2021-09-28 00:00:00+00:00,2021,9,September,19.8,77.9,True,Point,20.0,kts,GDACS|JTWC,,,2,38,2021-10-08T00:00:00Z,https://eonet.gsfc.nasa.gov/api/v3/events/EONET_5938,0,0,0,0,0,0,0,1,0,0,0,0,0,severeStorms,Mahārāshtra,IN-MH
EONET_5938,Tropical Storm Shaheen-Gulab,Severe Storms,1,False,2021-09-28 06:00:00+00:00,2021,9,September,20.0,77.2,True,Point,20.0,kts,GDACS|JTWC,,,2,38,2021-10-08T00:00:00Z,https://eonet.gsfc.nasa.gov/api/v3/events/EONET_5938,0,0,0,0,0,0,0,1,0,0,0,0,0,severeStorms,Mahārāshtra,IN-MH
EONET_5938,Tropical Storm Shaheen-Gulab,Severe Storms,1,False,2021-09-28 12:00:00+00:00,2021,9,September,20.3,76.7,True,Point,20.0,kts,GDACS|JTWC,,,2,38,2021-10-08T00:00:00Z,https://eonet.gsfc.nasa.gov/api/v3/events/EONET_5938,0,0,0,0,0,0,0,1,0,0,0,0,0,severeStorms,Mahārāshtra,IN-MH
EONET_5938,Tropical Storm Shaheen-Gulab,Severe Storms,1,False,2021-09-28 18:00:00+00:00,2021,9,September,20.8,75.5,True,Point,20.0,kts,GDACS|JTWC,,,2,38,2021-10-08T00:00:00Z,https://eonet.gsfc.nasa.gov/api/v3/events/EONET_5938,0,0,0,0,0,0,0,1,0,0,0,0,0,severeStorms,Mahārāshtra,IN-MH
EONET_5938,Tropical Storm Shaheen-Gulab,Severe Storms,1,False,2021-09-29 00:00:00+00:00,2021,9,September,21.5,74.1,True,Point,20.0,kts,GDACS|JTWC,,,2,38,2021-10-08T00:00:00Z,https://eonet.gsfc.nasa.gov/api/v3/events/EONET_5938,0,0,0,0,0,0,0,1,0,0,0,0,0,severeStorms,Gujarāt,IN-GJ
EONET_5938,Tropical Storm Shaheen-Gulab,Severe Storms,1,False,2021-09-29 06:00:00+00:00,2021,9,September,22.1,72.6,True,Point,25.0,kts,GDACS|JTWC,,,2,38,2021-10-08T00:00:00Z,https://eonet.gsfc.nasa.gov/api/v3/events/EONET_5938,0,0,0,0,0,0,0,1,0,0,0,0,0,severeStorms,Gujarāt,IN-GJ
EONET_5938,Tropical Storm Shaheen-Gulab,Severe Storms,1,False,2021-09-29 18:00:00+00:00,2021,9,September,22.6,69.7,True,Point,25.0,kts,GDACS|JTWC,,,2,38,2021-10-08T00:00:00Z,https://eonet.gsfc.nasa.gov/api/v3/events/EONET_5938,0,0,0,0,0,0,0,1,0,0,0,0,0,severeStorms,,
EONET_5938,Tropical Storm Shaheen-Gulab,Severe Storms,1,False,2021-09-30 00:00:00+00:00,2021,9,September,22.5,68.9,True,Point,25.0,kts,GDACS|JTWC,,,2,38,2021-10-08T00:00:00Z,https://eonet.gsfc.nasa.gov/api/v3/events/EONET_5938,0,0,0,0,0,0,0,1,0,0,0,0,0,severeStorms,,
EONET_5938,Tropical Storm Shaheen-Gulab,Severe Storms,1,False,2021-09-30 06:00:00+00:00,2021,9,September,22.7,68.2,True,Point,25.0,kts,GDACS|JTWC,,,2,38,2021-10-08T00:00:00Z,https://eonet.gsfc.nasa.gov/api/v3/events/EONET_5938,0,0,0,0,0,0,0,1,0,0,0,0,0,severeStorms,,
EONET_5981,Tropical Cyclone Jawad,Severe Storms,1,False,2021-12-03 00:00:00+00:00,2021,12,December,13.4,86.0,True,Point,35.0,kts,GDACS|JTWC,,,2,6,2021-12-09T00:00:00Z,https://eonet.gsfc.nasa.gov/api/v3/events/EONET_5981,0,0,0,0,0,0,0,1,0,0,0,0,0,severeStorms,,
EONET_5981,Tropical Cyclone Jawad,Severe Storms,1,False,2021-12-03 06:00:00+00:00,2021,12,December,14.2,85.2,True,Point,35.0,kts,GDACS|JTWC,,,2,6,2021-12-09T00:00:00Z,https://eonet.gsfc.nasa.gov/api/v3/events/EONET_5981,0,0,0,0,0,0,0,1,0,0,0,0,0,severeStorms,,
EONET_5981,Tropical Cyclone Jawad,Severe Storms,1,False,2021-12-03 12:00:00+00:00,2021,12,December,14.8,85.3,True,Point,35.0,kts,GDACS|JTWC,,,2,6,2021-12-09T00:00:00Z,https://eonet.gsfc.nasa.gov/api/v3/events/EONET_5981,0,0,0,0,0,0,0,1,0,0,0,0,0,severeStorms,,
EONET_5981,Tropical Cyclone Jawad,Severe Storms,1,False,2021-12-03 18:00:00+00:00,2021,12,December,14.8,84.9,True,Point,35.0,kts,GDACS|JTWC,,,2,6,2021-12-09T00:00:00Z,https://eonet.gsfc.nasa.gov/api/v3/events/EONET_5981,0,0,0,0,0,0,0,1,0,0,0,0,0,severeStorms,,
EONET_5981,Tropical Cyclone Jawad,Severe Storms,1,False,2021-12-04 00:00:00+00:00,2021,12,December,15.5,84.9,True,Point,30.0,kts,GDACS|JTWC,,,2,6,2021-12-09T00:00:00Z,https://eonet.gsfc.nasa.gov/api/v3/events/EONET_5981,0,0,0,0,0,0,0,1,0,0,0,0,0,severeStorms,,
EONET_5981,Tropical Cyclone Jawad,Severe Storms,1,False,2021-12-04 06:00:00+00:00,2021,12,December,16.1,84.9,True,Point,30.0,kts,GDACS|JTWC,,,2,6,2021-12-09T00:00:00Z,https://eonet.gsfc.nasa.gov/api/v3/events/EONET_5981,0,0,0,0,0,0,0,1,0,0,0,0,0,severeStorms,,
EONET_5999,"Barren Island Volcano, India",Volcanoes,1,False,2022-01-09 00:00:00+00:00,2022,1,January,12.278,93.858,True,Point,,,SIVolcano,,,1,1,2022-01-16T00:00:00Z,https://eonet.gsfc.nasa.gov/api/v3/events/EONET_5999,0,0,0,0,0,0,0,0,0,0,1,0,0,volcanoes,,
EONET_6027,Tropical Cyclone 01B,Severe Storms,1,False,2022-03-04 18:00:00+00:00,2022,3,March,11.0,83.8,True,Point,35.0,kts,GDACS|JTWC,,,2,4,2022-03-10T00:00:00Z,https://eonet.gsfc.nasa.gov/api/v3/events/EONET_6027,0,0,0,0,0,0,0,1,0,0,0,0,0,severeStorms,,
EONET_6027,Tropical Cyclone 01B,Severe Storms,1,False,2022-03-05 00:00:00+00:00,2022,3,March,11.8,84.3,True,Point,35.0,kts,GDACS|JTWC,,,2,4,2022-03-10T00:00:00Z,https://eonet.gsfc.nasa.gov/api/v3/events/EONET_6027,0,0,0,0,0,0,0,1,0,0,0,0,0,severeStorms,,
EONET_6027,Tropical Cyclone 01B,Severe Storms,1,False,2022-03-05 06:00:00+00:00,2022,3,March,11.6,83.9,True,Point,35.0,kts,GDACS|JTWC,,,2,4,2022-03-10T00:00:00Z,https://eonet.gsfc.nasa.gov/api/v3/events/EONET_6027,0,0,0,0,0,0,0,1,0,0,0,0,0,severeStorms,,
EONET_6027,Tropical Cyclone 01B,Severe Storms,1,False,2022-03-05 12:00:00+00:00,2022,3,March,11.3,83.4,True,Point,35.0,kts,GDACS|JTWC,,,2,4,2022-03-10T00:00:00Z,https://eonet.gsfc.nasa.gov/api/v3/events/EONET_6027,0,0,0,0,0,0,0,1,0,0,0,0,0,severeStorms,,
EONET_6055,Tropical Cyclone Asani,Severe Storms,1,False,2022-05-07 00:00:00+00:00,2022,5,May,9.0,91.9,True,Point,35.0,kts,GDACS|JTWC,,,2,19,2022-05-16T00:00:00Z,https://eonet.gsfc.nasa.gov/api/v3/events/EONET_6055,0,0,0,0,0,0,0,1,0,0,0,0,0,severeStorms,,
EONET_6055,Tropical Cyclone Asani,Severe Storms,1,False,2022-05-07 06:00:00+00:00,2022,5,May,9.6,91.2,True,Point,40.0,kts,GDACS|JTWC,,,2,19,2022-05-16T00:00:00Z,https://eonet.gsfc.nasa.gov/api/v3/events/EONET_6055,0,0,0,0,0,0,0,1,0,0,0,0,0,severeStorms,,
EONET_6055,Tropical Cyclone Asani,Severe Storms,1,False,2022-05-07 12:00:00+00:00,2022,5,May,10.0,90.5,True,Point,45.0,kts,GDACS|JTWC,,,2,19,2022-05-16T00:00:00Z,https://eonet.gsfc.nasa.gov/api/v3/events/EONET_6055,0,0,0,0,0,0,0,1,0,0,0,0,0,severeStorms,,
EONET_6055,Tropical Cyclone Asani,Severe Storms,1,False,2022-05-07 18:00:00+00:00,2022,5,May,10.5,89.8,True,Point,50.0,kts,GDACS|JTWC,,,2,19,2022-05-16T00:00:00Z,https://eonet.gsfc.nasa.gov/api/v3/events/EONET_6055,0,0,0,0,0,0,0,1,0,0,0,0,0,severeStorms,,
EONET_6055,Tropical Cyclone Asani,Severe Storms,1,False,2022-05-08 00:00:00+00:00,2022,5,May,11.1,89.0,True,Point,60.0,kts,GDACS|JTWC,,,2,19,2022-05-16T00:00:00Z,https://eonet.gsfc.nasa.gov/api/v3/events/EONET_6055,0,0,0,0,0,0,0,1,0,0,0,0,0,severeStorms,,
EONET_6055,Tropical Cyclone Asani,Severe Storms,1,False,2022-05-08 06:00:00+00:00,2022,5,May,11.8,88.4,True,Point,65.0,kts,GDACS|JTWC,,,2,19,2022-05-16T00:00:00Z,https://eonet.gsfc.nasa.gov/api/v3/events/EONET_6055,0,0,0,0,0,0,0,1,0,0,0,0,0,severeStorms,,
EONET_6055,Tropical Cyclone Asani,Severe Storms,1,False,2022-05-08 12:00:00+00:00,2022,5,May,12.6,87.8,True,Point,65.0,kts,GDACS|JTWC,,,2,19,2022-05-16T00:00:00Z,https://eonet.gsfc.nasa.gov/api/v3/events/EONET_6055,0,0,0,0,0,0,0,1,0,0,0,0,0,severeStorms,,
EONET_6055,Tropical Cyclone Asani,Severe Storms,1,False,2022-05-08 18:00:00+00:00,2022,5,May,13.2,86.8,True,Point,65.0,kts,GDACS|JTWC,,,2,19,2022-05-16T00:00:00Z,https://eonet.gsfc.nasa.gov/api/v3/events/EONET_6055,0,0,0,0,0,0,0,1,0,0,0,0,0,severeStorms,,
EONET_6055,Tropical Cyclone Asani,Severe Storms,1,False,2022-05-09 00:00:00+00:00,2022,5,May,14.0,86.1,True,Point,55.0,kts,GDACS|JTWC,,,2,19,2022-05-16T00:00:00Z,https://eonet.gsfc.nasa.gov/api/v3/events/EONET_6055,0,0,0,0,0,0,0,1,0,0,0,0,0,severeStorms,,
EONET_6055,Tropical Cyclone Asani,Severe Storms,1,False,2022-05-09 06:00:00+00:00,2022,5,May,14.4,85.5,True,Point,60.0,kts,GDACS|JTWC,,,2,19,2022-05-16T00:00:00Z,https://eonet.gsfc.nasa.gov/api/v3/events/EONET_6055,0,0,0,0,0,0,0,1,0,0,0,0,0,severeStorms,,
EONET_6055,Tropical Cyclone Asani,Severe Storms,1,False,2022-05-09 12:00:00+00:00,2022,5,May,14.2,84.7,True,Point,55.0,kts,GDACS|JTWC,,,2,19,2022-05-16T00:00:00Z,https://eonet.gsfc.nasa.gov/api/v3/events/EONET_6055,0,0,0,0,0,0,0,1,0,0,0,0,0,severeStorms,,
EONET_6055,Tropical Cyclone Asani,Severe Storms,1,False,2022-05-09 18:00:00+00:00,2022,5,May,14.7,84.2,True,Point,55.0,kts,GDACS|JTWC,,,2,19,2022-05-16T00:00:00Z,https://eonet.gsfc.nasa.gov/api/v3/events/EONET_6055,0,0,0,0,0,0,0,1,0,0,0,0,0,severeStorms,,
EONET_6055,Tropical Cyclone Asani,Severe Storms,1,False,2022-05-10 00:00:00+00:00,2022,5,May,14.8,83.9,True,Point,65.0,kts,GDACS|JTWC,,,2,19,2022-05-16T00:00:00Z,https://eonet.gsfc.nasa.gov/api/v3/events/EONET_6055,0,0,0,0,0,0,0,1,0,0,0,0,0,severeStorms,,
EONET_6055,Tropical Cyclone Asani,Severe Storms,1,False,2022-05-10 06:00:00+00:00,2022,5,May,14.9,82.3,True,Point,65.0,kts,GDACS|JTWC,,,2,19,2022-05-16T00:00:00Z,https://eonet.gsfc.nasa.gov/api/v3/events/EONET_6055,0,0,0,0,0,0,0,1,0,0,0,0,0,severeStorms,,
EONET_6055,Tropical Cyclone Asani,Severe Storms,1,False,2022-05-10 12:00:00+00:00,2022,5,May,15.3,81.8,True,Point,60.0,kts,GDACS|JTWC,,,2,19,2022-05-16T00:00:00Z,https://eonet.gsfc.nasa.gov/api/v3/events/EONET_6055,0,0,0,0,0,0,0,1,0,0,0,0,0,severeStorms,,
EONET_6055,Tropical Cyclone Asani,Severe Storms,1,False,2022-05-10 18:00:00+00:00,2022,5,May,15.4,81.2,True,Point,55.0,kts,GDACS|JTWC,,,2,19,2022-05-16T00:00:00Z,https://eonet.gsfc.nasa.gov/api/v3/events/EONET_6055,0,0,0,0,0,0,0,1,0,0,0,0,0,severeStorms,,
EONET_6055,Tropical Cyclone Asani,Severe Storms,1,False,2022-05-11 00:00:00+00:00,2022,5,May,15.7,80.7,True,Point,50.0,kts,GDACS|JTWC,,,2,19,2022-05-16T00:00:00Z,https://eonet.gsfc.nasa.gov/api/v3/events/EONET_6055,0,0,0,0,0,0,0,1,0,0,0,0,0,severeStorms,,
EONET_6055,Tropical Cyclone Asani,Severe Storms,1,False,2022-05-11 06:00:00+00:00,2022,5,May,15.7,81.1,True,Point,40.0,kts,GDACS|JTWC,,,2,19,2022-05-16T00:00:00Z,https://eonet.gsfc.nasa.gov/api/v3/events/EONET_6055,0,0,0,0,0,0,0,1,0,0,0,0,0,severeStorms,,
EONET_6055,Tropical Cyclone Asani,Severe Storms,1,False,2022-05-11 12:00:00+00:00,2022,5,May,16.0,81.0,True,Point,35.0,kts,GDACS|JTWC,,,2,19,2022-05-16T00:00:00Z,https://eonet.gsfc.nasa.gov/api/v3/events/EONET_6055,0,0,0,0,0,0,0,1,0,0,0,0,0,severeStorms,Andhra Pradesh,IN-AP
EONET_6187,Tropical Cyclone 04B,Severe Storms,1,False,2022-08-18 18:00:00+00:00,2022,8,August,20.4,90.0,True,Point,35.0,kts,GDACS|JTWC,,,2,5,2022-08-24T00:00:00Z,https://eonet.gsfc.nasa.gov/api/v3/events/EONET_6187,0,0,0,0,0,0,0,1,0,0,0,0,0,severeStorms,,
EONET_6187,Tropical Cyclone 04B,Severe Storms,1,False,2022-08-19 00:00:00+00:00,2022,8,August,20.7,89.5,True,Point,40.0,kts,GDACS|JTWC,,,2,5,2022-08-24T00:00:00Z,https://eonet.gsfc.nasa.gov/api/v3/events/EONET_6187,0,0,0,0,0,0,0,1,0,0,0,0,0,severeStorms,,
EONET_6187,Tropical Cyclone 04B,Severe Storms,1,False,2022-08-19 06:00:00+00:00,2022,8,August,21.2,88.9,True,Point,45.0,kts,GDACS|JTWC,,,2,5,2022-08-24T00:00:00Z,https://eonet.gsfc.nasa.gov/api/v3/events/EONET_6187,0,0,0,0,0,0,0,1,0,0,0,0,0,severeStorms,,
EONET_6187,Tropical Cyclone 04B,Severe Storms,1,False,2022-08-19 12:00:00+00:00,2022,8,August,21.7,88.2,True,Point,40.0,kts,GDACS|JTWC,,,2,5,2022-08-24T00:00:00Z,https://eonet.gsfc.nasa.gov/api/v3/events/EONET_6187,0,0,0,0,0,0,0,1,0,0,0,0,0,severeStorms,West Bengal,IN-WB
EONET_6187,Tropical Cyclone 04B,Severe Storms,1,False,2022-08-19 18:00:00+00:00,2022,8,August,22.0,87.3,True,Point,35.0,kts,GDACS|JTWC,,,2,5,2022-08-24T00:00:00Z,https://eonet.gsfc.nasa.gov/api/v3/events/EONET_6187,0,0,0,0,0,0,0,1,0,0,0,0,0,severeStorms,West Bengal,IN-WB
EONET_6287,Tropical Cyclone Sitrang,Severe Storms,1,False,2022-10-23 12:00:00+00:00,2022,10,October,15.8,88.4,True,Point,35.0,kts,GDACS|JTWC,,,2,6,2022-10-29T00:00:00Z,https://eonet.gsfc.nasa.gov/api/v3/events/EONET_6287,0,0,0,0,0,0,0,1,0,0,0,0,0,severeStorms,,
EONET_6287,Tropical Cyclone Sitrang,Severe Storms,1,False,2022-10-23 18:00:00+00:00,2022,10,October,16.7,88.8,True,Point,35.0,kts,GDACS|JTWC,,,2,6,2022-10-29T00:00:00Z,https://eonet.gsfc.nasa.gov/api/v3/events/EONET_6287,0,0,0,0,0,0,0,1,0,0,0,0,0,severeStorms,,
EONET_6287,Tropical Cyclone Sitrang,Severe Storms,1,False,2022-10-24 00:00:00+00:00,2022,10,October,18.0,89.2,True,Point,35.0,kts,GDACS|JTWC,,,2,6,2022-10-29T00:00:00Z,https://eonet.gsfc.nasa.gov/api/v3/events/EONET_6287,0,0,0,0,0,0,0,1,0,0,0,0,0,severeStorms,,
EONET_6287,Tropical Cyclone Sitrang,Severe Storms,1,False,2022-10-24 06:00:00+00:00,2022,10,October,19.5,89.7,True,Point,40.0,kts,GDACS|JTWC,,,2,6,2022-10-29T00:00:00Z,https://eonet.gsfc.nasa.gov/api/v3/events/EONET_6287,0,0,0,0,0,0,0,1,0,0,0,0,0,severeStorms,,
EONET_6287,Tropical Cyclone Sitrang,Severe Storms,1,False,2022-10-24 12:00:00+00:00,2022,10,October,21.0,90.2,True,Point,45.0,kts,GDACS|JTWC,,,2,6,2022-10-29T00:00:00Z,https://eonet.gsfc.nasa.gov/api/v3/events/EONET_6287,0,0,0,0,0,0,0,1,0,0,0,0,0,severeStorms,,
EONET_6287,Tropical Cyclone Sitrang,Severe Storms,1,False,2022-10-24 18:00:00+00:00,2022,10,October,24.1,91.0,True,Point,35.0,kts,GDACS|JTWC,,,2,6,2022-10-29T00:00:00Z,https://eonet.gsfc.nasa.gov/api/v3/events/EONET_6287,0,0,0,0,0,0,0,1,0,0,0,0,0,severeStorms,,
EONET_6307,Tropical Cyclone Mandous,Severe Storms,1,False,2022-12-07 18:00:00+00:00,2022,12,December,9.2,84.6,True,Point,40.0,kts,GDACS|JTWC,,,2,10,2022-12-15T00:00:00Z,https://eonet.gsfc.nasa.gov/api/v3/events/EONET_6307,0,0,0,0,0,0,0,1,0,0,0,0,0,severeStorms,,
EONET_6307,Tropical Cyclone Mandous,Severe Storms,1,False,2022-12-08 00:00:00+00:00,2022,12,December,9.4,84.1,True,Point,40.0,kts,GDACS|JTWC,,,2,10,2022-12-15T00:00:00Z,https://eonet.gsfc.nasa.gov/api/v3/events/EONET_6307,0,0,0,0,0,0,0,1,0,0,0,0,0,severeStorms,,
EONET_6307,Tropical Cyclone Mandous,Severe Storms,1,False,2022-12-08 06:00:00+00:00,2022,12,December,9.7,83.5,True,Point,45.0,kts,GDACS|JTWC,,,2,10,2022-12-15T00:00:00Z,https://eonet.gsfc.nasa.gov/api/v3/events/EONET_6307,0,0,0,0,0,0,0,1,0,0,0,0,0,severeStorms,,
EONET_6307,Tropical Cyclone Mandous,Severe Storms,1,False,2022-12-08 12:00:00+00:00,2022,12,December,10.2,82.9,True,Point,50.0,kts,GDACS|JTWC,,,2,10,2022-12-15T00:00:00Z,https://eonet.gsfc.nasa.gov/api/v3/events/EONET_6307,0,0,0,0,0,0,0,1,0,0,0,0,0,severeStorms,,
EONET_6307,Tropical Cyclone Mandous,Severe Storms,1,False,2022-12-08 18:00:00+00:00,2022,12,December,10.5,82.2,True,Point,55.0,kts,GDACS|JTWC,,,2,10,2022-12-15T00:00:00Z,https://eonet.gsfc.nasa.gov/api/v3/events/EONET_6307,0,0,0,0,0,0,0,1,0,0,0,0,0,severeStorms,,
EONET_6307,Tropical Cyclone Mandous,Severe Storms,1,False,2022-12-09 00:00:00+00:00,2022,12,December,10.9,81.4,True,Point,55.0,kts,GDACS|JTWC,,,2,10,2022-12-15T00:00:00Z,https://eonet.gsfc.nasa.gov/api/v3/events/EONET_6307,0,0,0,0,0,0,0,1,0,0,0,0,0,severeStorms,,
EONET_6307,Tropical Cyclone Mandous,Severe Storms,1,False,2022-12-09 06:00:00+00:00,2022,12,December,11.2,81.4,True,Point,50.0,kts,GDACS|JTWC,,,2,10,2022-12-15T00:00:00Z,https://eonet.gsfc.nasa.gov/api/v3/events/EONET_6307,0,0,0,0,0,0,0,1,0,0,0,0,0,severeStorms,,
EONET_6307,Tropical Cyclone Mandous,Severe Storms,1,False,2022-12-09 12:00:00+00:00,2022,12,December,11.9,81.2,True,Point,45.0,kts,GDACS|JTWC,,,2,10,2022-12-15T00:00:00Z,https://eonet.gsfc.nasa.gov/api/v3/events/EONET_6307,0,0,0,0,0,0,0,1,0,0,0,0,0,severeStorms,,
EONET_6307,Tropical Cyclone Mandous,Severe Storms,1,False,2022-12-09 18:00:00+00:00,2022,12,December,12.7,80.7,True,Point,35.0,kts,GDACS|JTWC,,,2,10,2022-12-15T00:00:00Z,https://eonet.gsfc.nasa.gov/api/v3/events/EONET_6307,0,0,0,0,0,0,0,1,0,0,0,0,0,severeStorms,,
EONET_6307,Tropical Cyclone Mandous,Severe Storms,1,False,2022-12-10 00:00:00+00:00,2022,12,December,12.9,80.1,True,Point,30.0,kts,GDACS|JTWC,,,2,10,2022-12-15T00:00:00Z,https://eonet.gsfc.nasa.gov/api/v3/events/EONET_6307,0,0,0,0,0,0,0,1,0,0,0,0,0,severeStorms,Tamil Nādu,IN-TN
EONET_6310,Tropical Cyclone 07A,Severe Storms,1,False,2022-12-13 18:00:00+00:00,2022,12,December,12.9,71.3,True,Point,35.0,kts,GDACS|JTWC,,,2,11,2022-12-21T00:00:00Z,https://eonet.gsfc.nasa.gov/api/v3/events/EONET_6310,0,0,0,0,0,0,0,1,0,0,0,0,0,severeStorms,,
EONET_6310,Tropical Cyclone 07A,Severe Storms,1,False,2022-12-14 00:00:00+00:00,2022,12,December,13.2,70.5,True,Point,50.0,kts,GDACS|JTWC,,,2,11,2022-12-21T00:00:00Z,https://eonet.gsfc.nasa.gov/api/v3/events/EONET_6310,0,0,0,0,0,0,0,1,0,0,0,0,0,severeStorms,,
EONET_6310,Tropical Cyclone 07A,Severe Storms,1,False,2022-12-14 06:00:00+00:00,2022,12,December,13.4,69.9,True,Point,50.0,kts,GDACS|JTWC,,,2,11,2022-12-21T00:00:00Z,https://eonet.gsfc.nasa.gov/api/v3/events/EONET_6310,0,0,0,0,0,0,0,1,0,0,0,0,0,severeStorms,,
EONET_6310,Tropical Cyclone 07A,Severe Storms,1,False,2022-12-14 12:00:00+00:00,2022,12,December,13.5,69.2,True,Point,45.0,kts,GDACS|JTWC,,,2,11,2022-12-21T00:00:00Z,https://eonet.gsfc.nasa.gov/api/v3/events/EONET_6310,0,0,0,0,0,0,0,1,0,0,0,0,0,severeStorms,,
EONET_6310,Tropical Cyclone 07A,Severe Storms,1,False,2022-12-14 18:00:00+00:00,2022,12,December,13.5,68.5,True,Point,45.0,kts,GDACS|JTWC,,,2,11,2022-12-21T00:00:00Z,https://eonet.gsfc.nasa.gov/api/v3/events/EONET_6310,0,0,0,0,0,0,0,1,0,0,0,0,0,severeStorms,,
EONET_6314,"Barren Island Volcano, India",Volcanoes,1,False,2022-12-30 00:00:00+00:00,2022,12,December,12.278,93.858,True,Point,,,SIVolcano,,,1,1,2023-02-13T00:00:00Z,https://eonet.gsfc.nasa.gov/api/v3/events/EONET_6314,0,0,0,0,0,0,0,0,0,0,1,0,0,volcanoes,,
EONET_6348,"Barren Island Volcano, India",Volcanoes,1,False,2023-05-02 00:00:00+00:00,2023,5,May,12.278,93.858,True,Point,,,SIVolcano,,,1,1,2023-05-16T00:00:00Z,https://eonet.gsfc.nasa.gov/api/v3/events/EONET_6348,0,0,0,0,0,0,0,0,0,0,1,0,0,volcanoes,,
EONET_6349,Tropical Cyclone Mocha,Severe Storms,1,False,2023-05-11 00:00:00+00:00,2023,5,May,11.1,88.2,True,Point,35.0,kts,GDACS|JTWC,,,2,15,2023-05-19T00:00:00Z,https://eonet.gsfc.nasa.gov/api/v3/events/EONET_6349,0,0,0,0,0,0,0,1,0,0,0,0,0,severeStorms,,
EONET_6349,Tropical Cyclone Mocha,Severe Storms,1,False,2023-05-11 06:00:00+00:00,2023,5,May,11.4,88.1,True,Point,45.0,kts,GDACS|JTWC,,,2,15,2023-05-19T00:00:00Z,https://eonet.gsfc.nasa.gov/api/v3/events/EONET_6349,0,0,0,0,0,0,0,1,0,0,0,0,0,severeStorms,,
EONET_6349,Tropical Cyclone Mocha,Severe Storms,1,False,2023-05-11 12:00:00+00:00,2023,5,May,12.0,88.1,True,Point,50.0,kts,GDACS|JTWC,,,2,15,2023-05-19T00:00:00Z,https://eonet.gsfc.nasa.gov/api/v3/events/EONET_6349,0,0,0,0,0,0,0,1,0,0,0,0,0,severeStorms,,
EONET_6349,Tropical Cyclone Mocha,Severe Storms,1,False,2023-05-11 18:00:00+00:00,2023,5,May,12.8,88.1,True,Point,60.0,kts,GDACS|JTWC,,,2,15,2023-05-19T00:00:00Z,https://eonet.gsfc.nasa.gov/api/v3/events/EONET_6349,0,0,0,0,0,0,0,1,0,0,0,0,0,severeStorms,,
EONET_6349,Tropical Cyclone Mocha,Severe Storms,1,False,2023-05-12 00:00:00+00:00,2023,5,May,13.4,88.2,True,Point,65.0,kts,GDACS|JTWC,,,2,15,2023-05-19T00:00:00Z,https://eonet.gsfc.nasa.gov/api/v3/events/EONET_6349,0,0,0,0,0,0,0,1,0,0,0,0,0,severeStorms,,
EONET_6349,Tropical Cyclone Mocha,Severe Storms,1,False,2023-05-12 06:00:00+00:00,2023,5,May,14.0,88.3,True,Point,75.0,kts,GDACS|JTWC,,,2,15,2023-05-19T00:00:00Z,https://eonet.gsfc.nasa.gov/api/v3/events/EONET_6349,0,0,0,0,0,0,0,1,0,0,0,0,0,severeStorms,,
EONET_6349,Tropical Cyclone Mocha,Severe Storms,1,False,2023-05-12 12:00:00+00:00,2023,5,May,14.6,88.7,True,Point,90.0,kts,GDACS|JTWC,,,2,15,2023-05-19T00:00:00Z,https://eonet.gsfc.nasa.gov/api/v3/events/EONET_6349,0,0,0,0,0,0,0,1,0,0,0,0,0,severeStorms,,
EONET_6349,Tropical Cyclone Mocha,Severe Storms,1,False,2023-05-12 18:00:00+00:00,2023,5,May,15.0,88.7,True,Point,110.0,kts,GDACS|JTWC,,,2,15,2023-05-19T00:00:00Z,https://eonet.gsfc.nasa.gov/api/v3/events/EONET_6349,0,0,0,0,0,0,0,1,0,0,0,0,0,severeStorms,,
EONET_6349,Tropical Cyclone Mocha,Severe Storms,1,False,2023-05-13 00:00:00+00:00,2023,5,May,15.3,89.1,True,Point,115.0,kts,GDACS|JTWC,,,2,15,2023-05-19T00:00:00Z,https://eonet.gsfc.nasa.gov/api/v3/events/EONET_6349,0,0,0,0,0,0,0,1,0,0,0,0,0,severeStorms,,
EONET_6349,Tropical Cyclone Mocha,Severe Storms,1,False,2023-05-13 06:00:00+00:00,2023,5,May,16.0,90.0,True,Point,115.0,kts,GDACS|JTWC,,,2,15,2023-05-19T00:00:00Z,https://eonet.gsfc.nasa.gov/api/v3/events/EONET_6349,0,0,0,0,0,0,0,1,0,0,0,0,0,severeStorms,,
EONET_6349,Tropical Cyclone Mocha,Severe Storms,1,False,2023-05-13 12:00:00+00:00,2023,5,May,16.9,90.8,True,Point,130.0,kts,GDACS|JTWC,,,2,15,2023-05-19T00:00:00Z,https://eonet.gsfc.nasa.gov/api/v3/events/EONET_6349,0,0,0,0,0,0,0,1,0,0,0,0,0,severeStorms,,
EONET_6349,Tropical Cyclone Mocha,Severe Storms,1,False,2023-05-13 18:00:00+00:00,2023,5,May,17.8,91.1,True,Point,130.0,kts,GDACS|JTWC,,,2,15,2023-05-19T00:00:00Z,https://eonet.gsfc.nasa.gov/api/v3/events/EONET_6349,0,0,0,0,0,0,0,1,0,0,0,0,0,severeStorms,,
EONET_6349,Tropical Cyclone Mocha,Severe Storms,1,False,2023-05-14 00:00:00+00:00,2023,5,May,18.6,91.7,True,Point,140.0,kts,GDACS|JTWC,,,2,15,2023-05-19T00:00:00Z,https://eonet.gsfc.nasa.gov/api/v3/events/EONET_6349,0,0,0,0,0,0,0,1,0,0,0,0,0,severeStorms,,
EONET_6349,Tropical Cyclone Mocha,Severe Storms,1,False,2023-05-14 06:00:00+00:00,2023,5,May,19.8,92.5,True,Point,135.0,kts,GDACS|JTWC,,,2,15,2023-05-19T00:00:00Z,https://eonet.gsfc.nasa.gov/api/v3/events/EONET_6349,0,0,0,0,0,0,0,1,0,0,0,0,0,severeStorms,,
EONET_6349,Tropical Cyclone Mocha,Severe Storms,1,False,2023-05-14 12:00:00+00:00,2023,5,May,20.8,93.1,True,Point,105.0,kts,GDACS|JTWC,,,2,15,2023-05-19T00:00:00Z,https://eonet.gsfc.nasa.gov/api/v3/events/EONET_6349,0,0,0,0,0,0,0,1,0,0,0,0,0,severeStorms,,
EONET_6368,Tropical Cyclone 03B,Severe Storms,1,False,2023-06-09 00:00:00+00:00,2023,6,June,19.8,91.3,True,Point,35.0,kts,GDACS|JTWC,,,2,5,2023-06-15T00:00:00Z,https://eonet.gsfc.nasa.gov/api/v3/events/EONET_6368,0,0,0,0,0,0,0,1,0,0,0,0,0,severeStorms,,
EONET_6368,Tropical Cyclone 03B,Severe Storms,1,False,2023-06-09 06:00:00+00:00,2023,6,June,19.8,91.5,True,Point,40.0,kts,GDACS|JTWC,,,2,5,2023-06-15T00:00:00Z,https://eonet.gsfc.nasa.gov/api/v3/events/EONET_6368,0,0,0,0,0,0,0,1,0,0,0,0,0,severeStorms,,
EONET_6368,Tropical Cyclone 03B,Severe Storms,1,False,2023-06-09 12:00:00+00:00,2023,6,June,19.9,91.7,True,Point,40.0,kts,GDACS|JTWC,,,2,5,2023-06-15T00:00:00Z,https://eonet.gsfc.nasa.gov/api/v3/events/EONET_6368,0,0,0,0,0,0,0,1,0,0,0,0,0,severeStorms,,
EONET_6368,Tropical Cyclone 03B,Severe Storms,1,False,2023-06-09 18:00:00+00:00,2023,6,June,20.3,91.8,True,Point,40.0,kts,GDACS|JTWC,,,2,5,2023-06-15T00:00:00Z,https://eonet.gsfc.nasa.gov/api/v3/events/EONET_6368,0,0,0,0,0,0,0,1,0,0,0,0,0,severeStorms,,
EONET_6368,Tropical Cyclone 03B,Severe Storms,1,False,2023-06-10 00:00:00+00:00,2023,6,June,20.9,91.9,True,Point,35.0,kts,GDACS|JTWC,,,2,5,2023-06-15T00:00:00Z,https://eonet.gsfc.nasa.gov/api/v3/events/EONET_6368,0,0,0,0,0,0,0,1,0,0,0,0,0,severeStorms,,
EONET_6366,Tropical Cyclone Biparyjoy,Severe Storms,1,False,2023-06-15 12:00:00+00:00,2023,6,June,22.9,68.0,True,Point,55.0,kts,EO|GDACS|JTWC,,,3,41,2023-06-20T00:00:00Z,https://eonet.gsfc.nasa.gov/api/v3/events/EONET_6366,0,0,0,0,0,0,0,1,0,0,0,0,0,severeStorms,,
EONET_6366,Tropical Cyclone Biparyjoy,Severe Storms,1,False,2023-06-15 18:00:00+00:00,2023,6,June,23.4,68.7,True,Point,55.0,kts,EO|GDACS|JTWC,,,3,41,2023-06-20T00:00:00Z,https://eonet.gsfc.nasa.gov/api/v3/events/EONET_6366,0,0,0,0,0,0,0,1,0,0,0,0,0,severeStorms,Gujarāt,IN-GJ
EONET_6446,Tropical Cyclone Hamoon,Severe Storms,1,False,2023-10-23 06:00:00+00:00,2023,10,October,17.5,87.0,True,Point,45.0,kts,GDACS|JTWC,,,2,1,2023-10-28T00:00:00Z,https://eonet.gsfc.nasa.gov/api/v3/events/EONET_6446,0,0,0,0,0,0,0,1,0,0,0,0,0,severeStorms,,
EONET_6454,Tropical Cyclone Midhili,Severe Storms,1,False,2023-11-16 18:00:00+00:00,2023,11,November,19.3,88.1,True,Point,35.0,kts,JTWC,,,1,4,2023-11-22T00:00:00Z,https://eonet.gsfc.nasa.gov/api/v3/events/EONET_6454,0,0,0,0,0,0,0,1,0,0,0,0,0,severeStorms,,
EONET_6454,Tropical Cyclone Midhili,Severe Storms,1,False,2023-11-17 00:00:00+00:00,2023,11,November,20.3,88.9,True,Point,35.0,kts,JTWC,,,1,4,2023-11-22T00:00:00Z,https://eonet.gsfc.nasa.gov/api/v3/events/EONET_6454,0,0,0,0,0,0,0,1,0,0,0,0,0,severeStorms,,
EONET_6454,Tropical Cyclone Midhili,Severe Storms,1,False,2023-11-17 06:00:00+00:00,2023,11,November,21.5,89.9,True,Point,40.0,kts,JTWC,,,1,4,2023-11-22T00:00:00Z,https://eonet.gsfc.nasa.gov/api/v3/events/EONET_6454,0,0,0,0,0,0,0,1,0,0,0,0,0,severeStorms,,
EONET_6454,Tropical Cyclone Midhili,Severe Storms,1,False,2023-11-17 12:00:00+00:00,2023,11,November,23.2,91.2,True,Point,35.0,kts,JTWC,,,1,4,2023-11-22T00:00:00Z,https://eonet.gsfc.nasa.gov/api/v3/events/EONET_6454,0,0,0,0,0,0,0,1,0,0,0,0,0,severeStorms,,
EONET_6457,Tropical Cyclone Michaung,Severe Storms,1,False,2023-12-03 00:00:00+00:00,2023,12,December,11.3,82.9,True,Point,35.0,kts,JTWC,,,1,8,2023-12-09T00:00:00Z,https://eonet.gsfc.nasa.gov/api/v3/events/EONET_6457,0,0,0,0,0,0,0,1,0,0,0,0,0,severeStorms,,
EONET_6457,Tropical Cyclone Michaung,Severe Storms,1,False,2023-12-03 06:00:00+00:00,2023,12,December,11.9,82.9,True,Point,35.0,kts,JTWC,,,1,8,2023-12-09T00:00:00Z,https://eonet.gsfc.nasa.gov/api/v3/events/EONET_6457,0,0,0,0,0,0,0,1,0,0,0,0,0,severeStorms,,
EONET_6457,Tropical Cyclone Michaung,Severe Storms,1,False,2023-12-03 12:00:00+00:00,2023,12,December,12.4,82.5,True,Point,40.0,kts,JTWC,,,1,8,2023-12-09T00:00:00Z,https://eonet.gsfc.nasa.gov/api/v3/events/EONET_6457,0,0,0,0,0,0,0,1,0,0,0,0,0,severeStorms,,
EONET_6457,Tropical Cyclone Michaung,Severe Storms,1,False,2023-12-03 18:00:00+00:00,2023,12,December,12.9,81.8,True,Point,45.0,kts,JTWC,,,1,8,2023-12-09T00:00:00Z,https://eonet.gsfc.nasa.gov/api/v3/events/EONET_6457,0,0,0,0,0,0,0,1,0,0,0,0,0,severeStorms,,
EONET_6457,Tropical Cyclone Michaung,Severe Storms,1,False,2023-12-04 00:00:00+00:00,2023,12,December,13.5,81.2,True,Point,55.0,kts,JTWC,,,1,8,2023-12-09T00:00:00Z,https://eonet.gsfc.nasa.gov/api/v3/events/EONET_6457,0,0,0,0,0,0,0,1,0,0,0,0,0,severeStorms,,
EONET_6457,Tropical Cyclone Michaung,Severe Storms,1,False,2023-12-04 06:00:00+00:00,2023,12,December,13.4,81.1,True,Point,55.0,kts,JTWC,,,1,8,2023-12-09T00:00:00Z,https://eonet.gsfc.nasa.gov/api/v3/events/EONET_6457,0,0,0,0,0,0,0,1,0,0,0,0,0,severeStorms,,
EONET_6457,Tropical Cyclone Michaung,Severe Storms,1,False,2023-12-04 12:00:00+00:00,2023,12,December,13.8,80.8,True,Point,60.0,kts,JTWC,,,1,8,2023-12-09T00:00:00Z,https://eonet.gsfc.nasa.gov/api/v3/events/EONET_6457,0,0,0,0,0,0,0,1,0,0,0,0,0,severeStorms,,
EONET_6457,Tropical Cyclone Michaung,Severe Storms,1,False,2023-12-04 18:00:00+00:00,2023,12,December,14.3,80.1,True,Point,60.0,kts,JTWC,,,1,8,2023-12-09T00:00:00Z,https://eonet.gsfc.nasa.gov/api/v3/events/EONET_6457,0,0,0,0,0,0,0,1,0,0,0,0,0,severeStorms,Andhra Pradesh,IN-AP
EONET_6506,"Barren Island Volcano, India",Volcanoes,1,False,2024-03-28 00:00:00+00:00,2024,3,March,12.278,93.858,True,Point,,,SIVolcano,,,1,1,2024-04-29T00:00:00Z,https://eonet.gsfc.nasa.gov/api/v3/events/EONET_6506,0,0,0,0,0,0,0,0,0,0,1,0,0,volcanoes,,
EONET_6521,Tropical Cyclone Remal,Severe Storms,1,False,2024-05-25 12:00:00+00:00,2024,5,May,18.3,89.2,True,Point,35.0,kts,JTWC,,,1,6,2024-05-31T00:00:00Z,https://eonet.gsfc.nasa.gov/api/v3/events/EONET_6521,0,0,0,0,0,0,0,1,0,0,0,0,0,severeStorms,,
EONET_6521,Tropical Cyclone Remal,Severe Storms,1,False,2024-05-25 18:00:00+00:00,2024,5,May,18.9,89.1,True,Point,35.0,kts,JTWC,,,1,6,2024-05-31T00:00:00Z,https://eonet.gsfc.nasa.gov/api/v3/events/EONET_6521,0,0,0,0,0,0,0,1,0,0,0,0,0,severeStorms,,
EONET_6521,Tropical Cyclone Remal,Severe Storms,1,False,2024-05-26 00:00:00+00:00,2024,5,May,19.5,89.0,True,Point,45.0,kts,JTWC,,,1,6,2024-05-31T00:00:00Z,https://eonet.gsfc.nasa.gov/api/v3/events/EONET_6521,0,0,0,0,0,0,0,1,0,0,0,0,0,severeStorms,,
EONET_6521,Tropical Cyclone Remal,Severe Storms,1,False,2024-05-26 06:00:00+00:00,2024,5,May,20.2,88.8,True,Point,55.0,kts,JTWC,,,1,6,2024-05-31T00:00:00Z,https://eonet.gsfc.nasa.gov/api/v3/events/EONET_6521,0,0,0,0,0,0,0,1,0,0,0,0,0,severeStorms,,
EONET_6521,Tropical Cyclone Remal,Severe Storms,1,False,2024-05-26 12:00:00+00:00,2024,5,May,20.9,88.7,True,Point,55.0,kts,JTWC,,,1,6,2024-05-31T00:00:00Z,https://eonet.gsfc.nasa.gov/api/v3/events/EONET_6521,0,0,0,0,0,0,0,1,0,0,0,0,0,severeStorms,,
EONET_6521,Tropical Cyclone Remal,Severe Storms,1,False,2024-05-26 18:00:00+00:00,2024,5,May,21.7,88.4,True,Point,55.0,kts,JTWC,,,1,6,2024-05-31T00:00:00Z,https://eonet.gsfc.nasa.gov/api/v3/events/EONET_6521,0,0,0,0,0,0,0,1,0,0,0,0,0,severeStorms,West Bengal,IN-WB
EONET_10659,Tropical Cyclone Asna,Severe Storms,1,False,2024-08-29 18:00:00+00:00,2024,8,August,23.6,68.7,True,Point,35.0,kts,JTWC,,,1,12,2024-09-06T00:00:00Z,https://eonet.gsfc.nasa.gov/api/v3/events/EONET_10659,0,0,0,0,0,0,0,1,0,0,0,0,0,severeStorms,Gujarāt,IN-GJ
EONET_10659,Tropical Cyclone Asna,Severe Storms,1,False,2024-08-30 00:00:00+00:00,2024,8,August,23.4,68.3,True,Point,35.0,kts,JTWC,,,1,12,2024-09-06T00:00:00Z,https://eonet.gsfc.nasa.gov/api/v3/events/EONET_10659,0,0,0,0,0,0,0,1,0,0,0,0,0,severeStorms,,
EONET_10885,Tropical Storm Francine,Severe Storms,1,False,2024-09-12 09:00:00+00:00,2024,9,September,30.9,90.1,True,Point,40.0,kts,NOAA_NHC,,,1,16,2024-09-18T00:00:00Z,https://eonet.gsfc.nasa.gov/api/v3/events/EONET_10885,0,0,0,0,0,0,0,1,0,0,0,0,0,severeStorms,,
EONET_11448,Tropical Cyclone Ancha,Severe Storms,1,False,2024-10-01 06:00:00+00:00,2024,10,October,9.6,76.9,True,Point,35.0,kts,JTWC,,,1,11,2024-10-08T00:00:00Z,https://eonet.gsfc.nasa.gov/api/v3/events/EONET_11448,0,0,0,0,0,0,0,1,0,0,0,0,0,severeStorms,Kerala,IN-KL
EONET_11744,Tropical Cyclone Dana,Severe Storms,1,False,2024-10-23 06:00:00+00:00,2024,10,October,16.6,89.3,True,Point,35.0,kts,JTWC,,,1,8,2024-10-30T00:00:00Z,https://eonet.gsfc.nasa.gov/api/v3/events/EONET_11744,0,0,0,0,0,0,0,1,0,0,0,0,0,severeStorms,,
EONET_11744,Tropical Cyclone Dana,Severe Storms,1,False,2024-10-23 12:00:00+00:00,2024,10,October,17.3,89.0,True,Point,45.0,kts,JTWC,,,1,8,2024-10-30T00:00:00Z,https://eonet.gsfc.nasa.gov/api/v3/events/EONET_11744,0,0,0,0,0,0,0,1,0,0,0,0,0,severeStorms,,
EONET_11744,Tropical Cyclone Dana,Severe Storms,1,False,2024-10-23 18:00:00+00:00,2024,10,October,18.1,88.7,True,Point,55.0,kts,JTWC,,,1,8,2024-10-30T00:00:00Z,https://eonet.gsfc.nasa.gov/api/v3/events/EONET_11744,0,0,0,0,0,0,0,1,0,0,0,0,0,severeStorms,,
EONET_11744,Tropical Cyclone Dana,Severe Storms,1,False,2024-10-24 00:00:00+00:00,2024,10,October,18.8,88.3,True,Point,60.0,kts,JTWC,,,1,8,2024-10-30T00:00:00Z,https://eonet.gsfc.nasa.gov/api/v3/events/EONET_11744,0,0,0,0,0,0,0,1,0,0,0,0,0,severeStorms,,
EONET_11744,Tropical Cyclone Dana,Severe Storms,1,False,2024-10-24 06:00:00+00:00,2024,10,October,19.1,87.7,True,Point,65.0,kts,JTWC,,,1,8,2024-10-30T00:00:00Z,https://eonet.gsfc.nasa.gov/api/v3/events/EONET_11744,0,0,0,0,0,0,0,1,0,0,0,0,0,severeStorms,,
EONET_11744,Tropical Cyclone Dana,Severe Storms,1,False,2024-10-24 12:00:00+00:00,2024,10,October,19.8,87.2,True,Point,65.0,kts,JTWC,,,1,8,2024-10-30T00:00:00Z,https://eonet.gsfc.nasa.gov/api/v3/events/EONET_11744,0,0,0,0,0,0,0,1,0,0,0,0,0,severeStorms,,
EONET_11744,Tropical Cyclone Dana,Severe Storms,1,False,2024-10-24 18:00:00+00:00,2024,10,October,20.2,87.2,True,Point,65.0,kts,JTWC,,,1,8,2024-10-30T00:00:00Z,https://eonet.gsfc.nasa.gov/api/v3/events/EONET_11744,0,0,0,0,0,0,0,1,0,0,0,0,0,severeStorms,,
EONET_11744,Tropical Cyclone Dana,Severe Storms,1,False,2024-10-25 00:00:00+00:00,2024,10,October,20.8,86.9,True,Point,60.0,kts,JTWC,,,1,8,2024-10-30T00:00:00Z,https://eonet.gsfc.nasa.gov/api/v3/events/EONET_11744,0,0,0,0,0,0,0,1,0,0,0,0,0,severeStorms,Odisha,IN-OR
EONET_11971,Wildfire in India 1022937,Wildfires,1,False,2024-11-07 19:00:00+00:00,2024,11,November,25.571184574035875,76.70890104125064,True,Point,,,GDACS,,,1,1,,https://eonet.gsfc.nasa.gov/api/v3/events/EONET_11971,0,0,0,0,0,0,0,0,0,0,0,0,1,wildfires,Madhya Pradesh,IN-MP
EONET_12013,Wildfire in India 1022967,Wildfires,1,False,2024-11-07 19:00:00+00:00,2024,11,November,25.785872257463776,76.6407432589817,True,Point,,,GDACS,,,1,1,,https://eonet.gsfc.nasa.gov/api/v3/events/EONET_12013,0,0,0,0,0,0,0,0,0,0,0,0,1,wildfires,Madhya Pradesh,IN-MP
EONET_12017,Wildfire in India 1022974,Wildfires,1,False,2024-11-07 19:00:00+00:00,2024,11,November,25.7802010840543,76.62217239585428,True,Point,,,GDACS,,,1,1,,https://eonet.gsfc.nasa.gov/api/v3/events/EONET_12017,0,0,0,0,0,0,0,0,0,0,0,0,1,wildfires,Madhya Pradesh,IN-MP
EONET_12079,Tropical Cyclone Fengal,Severe Storms,1,False,2024-11-29 06:00:00+00:00,2024,11,November,11.3,82.7,True,Point,35.0,kts,JTWC,,,1,9,2024-12-06T00:00:00Z,https://eonet.gsfc.nasa.gov/api/v3/events/EONET_12079,0,0,0,0,0,0,0,1,0,0,0,0,0,severeStorms,,
EONET_12079,Tropical Cyclone Fengal,Severe Storms,1,False,2024-11-29 12:00:00+00:00,2024,11,November,11.9,82.1,True,Point,40.0,kts,JTWC,,,1,9,2024-12-06T00:00:00Z,https://eonet.gsfc.nasa.gov/api/v3/events/EONET_12079,0,0,0,0,0,0,0,1,0,0,0,0,0,severeStorms,,
EONET_12079,Tropical Cyclone Fengal,Severe Storms,1,False,2024-11-29 18:00:00+00:00,2024,11,November,12.3,81.8,True,Point,40.0,kts,JTWC,,,1,9,2024-12-06T00:00:00Z,https://eonet.gsfc.nasa.gov/api/v3/events/EONET_12079,0,0,0,0,0,0,0,1,0,0,0,0,0,severeStorms,,
EONET_12079,Tropical Cyclone Fengal,Severe Storms,1,False,2024-11-30 00:00:00+00:00,2024,11,November,12.5,81.4,True,Point,45.0,kts,JTWC,,,1,9,2024-12-06T00:00:00Z,https://eonet.gsfc.nasa.gov/api/v3/events/EONET_12079,0,0,0,0,0,0,0,1,0,0,0,0,0,severeStorms,,
EONET_12079,Tropical Cyclone Fengal,Severe Storms,1,False,2024-11-30 06:00:00+00:00,2024,11,November,12.3,81.0,True,Point,45.0,kts,JTWC,,,1,9,2024-12-06T00:00:00Z,https://eonet.gsfc.nasa.gov/api/v3/events/EONET_12079,0,0,0,0,0,0,0,1,0,0,0,0,0,severeStorms,,
EONET_12079,Tropical Cyclone Fengal,Severe Storms,1,False,2024-11-30 12:00:00+00:00,2024,11,November,12.3,80.7,True,Point,45.0,kts,JTWC,,,1,9,2024-12-06T00:00:00Z,https://eonet.gsfc.nasa.gov/api/v3/events/EONET_12079,0,0,0,0,0,0,0,1,0,0,0,0,0,severeStorms,,
EONET_12079,Tropical Cyclone Fengal,Severe Storms,1,False,2024-11-30 18:00:00+00:00,2024,11,November,12.2,80.2,True,Point,40.0,kts,JTWC,,,1,9,2024-12-06T00:00:00Z,https://eonet.gsfc.nasa.gov/api/v3/events/EONET_12079,0,0,0,0,0,0,0,1,0,0,0,0,0,severeStorms,,
EONET_12079,Tropical Cyclone Fengal,Severe Storms,1,False,2024-12-01 00:00:00+00:00,2024,12,December,12.1,80.0,True,Point,35.0,kts,JTWC,,,1,9,2024-12-06T00:00:00Z,https://eonet.gsfc.nasa.gov/api/v3/events/EONET_12079,0,0,0,0,0,0,0,1,0,0,0,0,0,severeStorms,,
EONET_12079,Tropical Cyclone Fengal,Severe Storms,1,False,2024-12-01 06:00:00+00:00,2024,12,December,12.1,79.9,True,Point,35.0,kts,JTWC,,,1,9,2024-12-06T00:00:00Z,https://eonet.gsfc.nasa.gov/api/v3/events/EONET_12079,0,0,0,0,0,0,0,1,0,0,0,0,0,severeStorms,Tamil Nādu,IN-TN
EONET_12852,Wildfire in Myanmar 1023563,Wildfires,1,False,2025-02-27 19:00:00+00:00,2025,2,February,19.538833730103978,94.58351878953316,True,Point,,,GDACS,,,1,1,,https://eonet.gsfc.nasa.gov/api/v3/events/EONET_12852,0,0,0,0,0,0,0,0,0,0,0,0,1,wildfires,,
EONET_12851,Wildfire in Myanmar 1023561,Wildfires,1,False,2025-02-28 19:00:00+00:00,2025,2,February,22.5979169762239,97.15913730391168,True,Point,,,GDACS,,,1,1,,https://eonet.gsfc.nasa.gov/api/v3/events/EONET_12851,0,0,0,0,0,0,0,0,0,0,0,0,1,wildfires,,
EONET_12863,Wildfire in India 1023571,Wildfires,1,False,2025-02-28 19:00:00+00:00,2025,2,February,19.184716809696404,79.99317338106425,True,Point,,,GDACS,,,1,1,,https://eonet.gsfc.nasa.gov/api/v3/events/EONET_12863,0,0,0,0,0,0,0,0,0,0,0,0,1,wildfires,Mahārāshtra,IN-MH
EONET_12871,Wildfire in Myanmar 1023580,Wildfires,1,False,2025-03-01 19:00:00+00:00,2025,3,March,18.64426234678043,97.44061204928268,True,Point,,,GDACS,,,1,1,,https://eonet.gsfc.nasa.gov/api/v3/events/EONET_12871,0,0,0,0,0,0,0,0,0,0,0,0,1,wildfires,,
EONET_12877,Wildfire in Myanmar 1023582,Wildfires,1,False,2025-03-02 19:00:00+00:00,2025,3,March,20.916152625051392,94.09367491290467,True,Point,,,GDACS,,,1,1,,https://eonet.gsfc.nasa.gov/api/v3/events/EONET_12877,0,0,0,0,0,0,0,0,0,0,0,0,1,wildfires,,
EONET_12870,Wildfire in Myanmar 1023579,Wildfires,1,False,2025-03-02 19:00:00+00:00,2025,3,March,19.74357618486521,97.2656543265482,True,Point,,,GDACS,,,1,1,,https://eonet.gsfc.nasa.gov/api/v3/events/EONET_12870,0,0,0,0,0,0,0,0,0,0,0,0,1,wildfires,,
EONET_12862,Wildfire in India 1023570,Wildfires,1,False,2025-03-03 19:00:00+00:00,2025,3,March,16.171901237732552,78.62792317851759,True,Point,,,GDACS,,,1,1,,https://eonet.gsfc.nasa.gov/api/v3/events/EONET_12862,0,0,0,0,0,0,0,0,0,0,0,0,1,wildfires,Telangāna,IN-TG
EONET_12876,Wildfire in Myanmar 1023585,Wildfires,1,False,2025-03-03 19:00:00+00:00,2025,3,March,21.431668536367507,97.22638595937607,True,Point,,,GDACS,,,1,1,,https://eonet.gsfc.nasa.gov/api/v3/events/EONET_12876,0,0,0,0,0,0,0,0,0,0,0,0,1,wildfires,,
EONET_12881,Wildfire in Myanmar 1023589,Wildfires,1,False,2025-03-04 19:00:00+00:00,2025,3,March,21.373585908949025,97.103322067522,True,Point,,,GDACS,,,1,1,,https://eonet.gsfc.nasa.gov/api/v3/events/EONET_12881,0,0,0,0,0,0,0,0,0,0,0,0,1,wildfires,,
EONET_12880,Wildfire in Myanmar 1023588,Wildfires,1,False,2025-03-05 19:00:00+00:00,2025,3,March,21.11372737882551,97.02884177730608,True,Point,,,GDACS,,,1,1,,https://eonet.gsfc.nasa.gov/api/v3/events/EONET_12880,0,0,0,0,0,0,0,0,0,0,0,0,1,wildfires,,
EONET_12892,Wildfire in India 1023594,Wildfires,1,False,2025-03-06 19:00:00+00:00,2025,3,March,23.18152643821413,92.41440586858594,True,Point,,,GDACS,,,1,1,,https://eonet.gsfc.nasa.gov/api/v3/events/EONET_12892,0,0,0,0,0,0,0,0,0,0,0,0,1,wildfires,Mizoram,IN-MZ
EONET_12879,Wildfire in India 1023587,Wildfires,1,False,2025-03-06 19:00:00+00:00,2025,3,March,22.48307877881833,92.67331338162067,True,Point,,,GDACS,,,1,1,,https://eonet.gsfc.nasa.gov/api/v3/events/EONET_12879,0,0,0,0,0,0,0,0,0,0,0,0,1,wildfires,Mizoram,IN-MZ
EONET_12891,Wildfire in Myanmar 1023601,Wildfires,1,False,2025-03-07 19:00:00+00:00,2025,3,March,21.77333945199785,96.70426337145264,True,Point,,,GDACS,,,1,1,,https://eonet.gsfc.nasa.gov/api/v3/events/EONET_12891,0,0,0,0,0,0,0,0,0,0,0,0,1,wildfires,,
EONET_12874,Wildfire in Myanmar 1023586,Wildfires,1,False,2025-03-07 19:00:00+00:00,2025,3,March,21.11563416223357,97.04883946292448,True,Point,,,GDACS,,,1,1,,https://eonet.gsfc.nasa.gov/api/v3/events/EONET_12874,0,0,0,0,0,0,0,0,0,0,0,0,1,wildfires,,
EONET_12889,Wildfire in Myanmar 1023592,Wildfires,1,False,2025-03-08 19:00:00+00:00,2025,3,March,20.188311094429693,93.52984617226184,True,Point,,,GDACS,,,1,1,,https://eonet.gsfc.nasa.gov/api/v3/events/EONET_12889,0,0,0,0,0,0,0,0,0,0,0,0,1,wildfires,,
EONET_12897,Wildfire in Myanmar 1023605,Wildfires,1,False,2025-03-09 19:00:00+00:00,2025,3,March,21.51524095754266,97.25800272968672,True,Point,,,GDACS,,,1,1,,https://eonet.gsfc.nasa.gov/api/v3/events/EONET_12897,0,0,0,0,0,0,0,0,0,0,0,0,1,wildfires,,
EONET_12888,Wildfire in India 1023600,Wildfires,1,False,2025-03-09 19:00:00+00:00,2025,3,March,22.32423758852614,92.74218103787096,True,Point,,,GDACS,,,1,1,,https://eonet.gsfc.nasa.gov/api/v3/events/EONET_12888,0,0,0,0,0,0,0,0,0,0,0,0,1,wildfires,Mizoram,IN-MZ
EONET_12896,Wildfire in Myanmar 1023606,Wildfires,1,False,2025-03-10 19:00:00+00:00,2025,3,March,18.52601847848982,97.32648709441683,True,Point,,,GDACS,,,1,1,,https://eonet.gsfc.nasa.gov/api/v3/events/EONET_12896,0,0,0,0,0,0,0,0,0,0,0,0,1,wildfires,,
EONET_12885,Wildfire in India 1023598,Wildfires,1,False,2025-03-10 19:00:00+00:00,2025,3,March,22.74653034476868,93.00463337862833,True,Point,,,GDACS,,,1,1,,https://eonet.gsfc.nasa.gov/api/v3/events/EONET_12885,0,0,0,0,0,0,0,0,0,0,0,0,1,wildfires,Mizoram,IN-MZ
EONET_12886,Wildfire in India 1023599,Wildfires,1,False,2025-03-10 19:00:00+00:00,2025,3,March,22.955887691948824,92.59304989103023,True,Point,,,GDACS,,,1,1,,https://eonet.gsfc.nasa.gov/api/v3/events/EONET_12886,0,0,0,0,0,0,0,0,0,0,0,0,1,wildfires,Mizoram,IN-MZ
EONET_13043,Wildfire in Myanmar 1023616,Wildfires,1,False,2025-03-11 19:00:00+00:00,2025,3,March,21.57340199470004,96.66372562012208,True,Point,,,GDACS,,,1,1,,https://eonet.gsfc.nasa.gov/api/v3/events/EONET_13043,0,0,0,0,0,0,0,0,0,0,0,0,1,wildfires,,
EONET_13035,Wildfire in India 1023608,Wildfires,1,False,2025-03-12 19:00:00+00:00,2025,3,March,25.79082244673053,90.99926889712192,True,Point,,,GDACS,,,1,1,,https://eonet.gsfc.nasa.gov/api/v3/events/EONET_13035,0,0,0,0,0,0,0,0,0,0,0,0,1,wildfires,Meghālaya,IN-ML
EONET_12883,Wildfire in Myanmar 1023597,Wildfires,1,False,2025-03-12 19:00:00+00:00,2025,3,March,21.7238106604614,94.23278989531258,True,Point,,,GDACS,,,1,1,,https://eonet.gsfc.nasa.gov/api/v3/events/EONET_12883,0,0,0,0,0,0,0,0,0,0,0,0,1,wildfires,,
EONET_13046,Wildfire in Myanmar 1023619,Wildfires,1,False,2025-03-12 19:00:00+00:00,2025,3,March,18.92783125418988,97.4833761380538,True,Point,,,GDACS,,,1,1,,https://eonet.gsfc.nasa.gov/api/v3/events/EONET_13046,0,0,0,0,0,0,0,0,0,0,0,0,1,wildfires,,
EONET_13049,Wildfire in Myanmar 1023622,Wildfires,1,False,2025-03-12 19:00:00+00:00,2025,3,March,22.05017236786709,93.29823961736854,True,Point,,,GDACS,,,1,1,,https://eonet.gsfc.nasa.gov/api/v3/events/EONET_13049,0,0,0,0,0,0,0,0,0,0,0,0,1,wildfires,,
EONET_13041,Wildfire in Myanmar 1023611,Wildfires,1,False,2025-03-13 19:00:00+00:00,2025,3,March,20.83396349041565,93.95692361883717,True,Point,,,GDACS,,,1,1,,https://eonet.gsfc.nasa.gov/api/v3/events/EONET_13041,0,0,0,0,0,0,0,0,0,0,0,0,1,wildfires,,
EONET_13040,Wildfire in India 1023610,Wildfires,1,False,2025-03-14 19:00:00+00:00,2025,3,March,25.91382783620165,92.1848055127105,True,Point,,,GDACS,,,1,1,,https://eonet.gsfc.nasa.gov/api/v3/events/EONET_13040,0,0,0,0,0,0,0,0,0,0,0,0,1,wildfires,Meghālaya,IN-ML
EONET_13038,Wildfire in India 1023613,Wildfires,1,False,2025-03-15 19:00:00+00:00,2025,3,March,25.77018954782079,91.19923416495722,True,Point,,,GDACS,,,1,1,,https://eonet.gsfc.nasa.gov/api/v3/events/EONET_13038,0,0,0,0,0,0,0,0,0,0,0,0,1,wildfires,Assam,IN-AS
EONET_13037,Wildfire in India 1023609,Wildfires,1,False,2025-03-16 19:00:00+00:00,2025,3,March,25.75808077379684,91.16213724363196,True,Point,,,GDACS,,,1,1,,https://eonet.gsfc.nasa.gov/api/v3/events/EONET_13037,0,0,0,0,0,0,0,0,0,0,0,0,1,wildfires,Meghālaya,IN-ML
EONET_13126,Wildfire in Myanmar 1023640,Wildfires,1,False,2025-03-16 19:00:00+00:00,2025,3,March,20.757022191585733,94.01300317418269,True,Point,,,GDACS,,,1,1,,https://eonet.gsfc.nasa.gov/api/v3/events/EONET_13126,0,0,0,0,0,0,0,0,0,0,0,0,1,wildfires,,
EONET_13054,"Wildfire in Myanmar, Thailand 1023630",Wildfires,1,False,2025-03-17 19:00:00+00:00,2025,3,March,18.561563626031457,97.40296561351408,True,Point,,,GDACS,,,1,1,,https://eonet.gsfc.nasa.gov/api/v3/events/EONET_13054,0,0,0,0,0,0,0,0,0,0,0,0,1,wildfires,,
EONET_13161,Wildfire in Myanmar 1023653,Wildfires,1,False,2025-03-21 19:00:00+00:00,2025,3,March,18.47685293245474,97.29274591499905,True,Point,,,GDACS,,,1,1,,https://eonet.gsfc.nasa.gov/api/v3/events/EONET_13161,0,0,0,0,0,0,0,0,0,0,0,0,1,wildfires,,
EONET_13124,Wildfire in Myanmar 1023645,Wildfires,1,False,2025-03-21 19:00:00+00:00,2025,3,March,20.246505139283567,97.12991919011898,True,Point,,,GDACS,,,1,1,,https://eonet.gsfc.nasa.gov/api/v3/events/EONET_13124,0,0,0,0,0,0,0,0,0,0,0,0,1,wildfires,,
EONET_13113,"Wildfire in India, Bangladesh 1023636",Wildfires,1,False,2025-03-21 19:00:00+00:00,2025,3,March,22.11558671730912,92.61231032581604,True,Point,,,GDACS,,,1,1,,https://eonet.gsfc.nasa.gov/api/v3/events/EONET_13113,0,0,0,0,0,0,0,0,0,0,0,0,1,wildfires,Mizoram,IN-MZ
EONET_13157,"Wildfire in Myanmar, Thailand 1023650",Wildfires,1,False,2025-03-21 19:00:00+00:00,2025,3,March,18.426918684578474,97.42091148546491,True,Point,,,GDACS,,,1,1,,https://eonet.gsfc.nasa.gov/api/v3/events/EONET_13157,0,0,0,0,0,0,0,0,0,0,0,0,1,wildfires,,
EONET_13112,Wildfire in Myanmar 1023635,Wildfires,1,False,2025-03-23 19:00:00+00:00,2025,3,March,21.45203552812816,92.68472384031172,True,Point,,,GDACS,,,1,1,,https://eonet.gsfc.nasa.gov/api/v3/events/EONET_13112,0,0,0,0,0,0,0,0,0,0,0,0,1,wildfires,,
EONET_13163,Wildfire in India 1023657,Wildfires,1,False,2025-03-24 19:00:00+00:00,2025,3,March,23.72915241526437,91.87846739769266,True,Point,,,GDACS,,,1,1,,https://eonet.gsfc.nasa.gov/api/v3/events/EONET_13163,0,0,0,0,0,0,0,0,0,0,0,0,1,wildfires,Tripura,IN-TR
EONET_13162,Wildfire in Myanmar 1023656,Wildfires,1,False,2025-03-28 19:00:00+00:00,2025,3,March,21.89435213731637,92.76503877746704,True,Point,,,GDACS,,,1,1,,https://eonet.gsfc.nasa.gov/api/v3/events/EONET_13162,0,0,0,0,0,0,0,0,0,0,0,0,1,wildfires,,
EONET_13377,Flood in India 1103235,Floods,1,False,2025-04-23 20:00:00+00:00,2025,4,April,27.8121896,88.5211163430433,True,Point,,,GDACS,,,1,1,2025-04-26T00:00:00Z,https://eonet.gsfc.nasa.gov/api/v3/events/EONET_13377,0,0,0,1,0,0,0,0,0,0,0,0,0,floods,Sikkim,IN-SK
EONET_13465,Flood in Afghanistan 1103252,Floods,1,False,2025-05-01 20:00:00+00:00,2025,5,May,36.8040254,71.367658,True,Point,,,GDACS,,,1,1,2025-05-03T00:00:00Z,https://eonet.gsfc.nasa.gov/api/v3/events/EONET_13465,0,0,0,1,0,0,0,0,0,0,0,0,0,floods,,
EONET_13476,Flood in Pakistan 1103257,Floods,1,False,2025-05-03 20:00:00+00:00,2025,5,May,33.1160464,71.0950863,True,Point,,,GDACS,,,1,1,2025-05-04T00:00:00Z,https://eonet.gsfc.nasa.gov/api/v3/events/EONET_13476,0,0,0,1,0,0,0,0,0,0,0,0,0,floods,,
EONET_13567,Wildfire in Myanmar 1023800,Wildfires,1,False,2025-05-04 19:00:00+00:00,2025,5,May,20.971298199452484,93.2443845107597,True,Point,5146.0,hectare,GDACS,,,1,1,2025-05-10T00:00:00Z,https://eonet.gsfc.nasa.gov/api/v3/events/EONET_13567,0,0,0,0,0,0,0,0,0,0,0,0,1,wildfires,,
EONET_13641,Flood in India 1103280,Floods,1,False,2025-05-17 20:00:00+00:00,2025,5,May,12.9767936,77.590082,True,Point,,,GDACS,,,1,1,2025-05-19T00:00:00Z,https://eonet.gsfc.nasa.gov/api/v3/events/EONET_13641,0,0,0,1,0,0,0,0,0,0,0,0,0,floods,Karnātaka,IN-KA
EONET_13855,Flood in Bangladesh 1103308,Floods,1,False,2025-05-29 20:00:00+00:00,2025,5,May,23.1077999,91.9889955,True,Point,,,GDACS,,,1,1,2025-05-31T00:00:00Z,https://eonet.gsfc.nasa.gov/api/v3/events/EONET_13855,0,0,0,1,0,0,0,0,0,0,0,0,0,floods,,
EONET_13950,Flood in India 1103334,Floods,1,False,2025-06-15 20:00:00+00:00,2025,6,June,22.04670975,71.6689616993011,True,Point,,,GDACS,,,1,1,2025-06-17T00:00:00Z,https://eonet.gsfc.nasa.gov/api/v3/events/EONET_13950,0,0,0,1,0,0,0,0,0,0,0,0,0,floods,Gujarāt,IN-GJ
EONET_14027,Flood in Nepal 1103340,Floods,1,False,2025-06-17 20:00:00+00:00,2025,6,June,27.505987943711,83.768356129422,True,Point,,,GDACS,,,1,1,2025-06-19T00:00:00Z,https://eonet.gsfc.nasa.gov/api/v3/events/EONET_14027,0,0,0,1,0,0,0,0,0,0,0,0,0,floods,,
EONET_14108,Flood in Pakistan 1103347,Floods,1,False,2025-06-25 20:00:00+00:00,2025,6,June,34.7725375,72.3607712,True,Point,,,GDACS,,,1,1,2025-06-27T00:00:00Z,https://eonet.gsfc.nasa.gov/api/v3/events/EONET_14108,0,0,0,1,0,0,0,0,0,0,0,0,0,floods,,
EONET_14134,Flood in Afghanistan 1103353,Floods,1,False,2025-06-26 20:00:00+00:00,2025,6,June,33.381189,69.682647,True,Point,,,GDACS,,,1,1,2025-06-28T00:00:00Z,https://eonet.gsfc.nasa.gov/api/v3/events/EONET_14134,0,0,0,1,0,0,0,0,0,0,0,0,0,floods,,
EONET_14236,Flood in India 1103374,Floods,1,False,2025-07-04 20:00:00+00:00,2025,7,July,25.911744,93.721703,True,Point,,,GDACS,,,1,1,2025-07-06T00:00:00Z,https://eonet.gsfc.nasa.gov/api/v3/events/EONET_14236,0,0,0,1,0,0,0,0,0,0,0,0,0,floods,Nāgāland,IN-NL
EONET_14186,Flood in Nepal 1103372,Floods,1,False,2025-07-07 20:00:00+00:00,2025,7,July,28.21162025,85.5436648855251,True,Point,,,GDACS,,,1,1,2025-07-09T00:00:00Z,https://eonet.gsfc.nasa.gov/api/v3/events/EONET_14186,0,0,0,1,0,0,0,0,0,0,0,0,0,floods,,
EONET_14387,Flood in Pakistan 1103389,Floods,1,False,2025-07-17 09:00:00+00:00,2025,7,July,31.0,72.0,True,Point,,,GDACS,,,1,1,2025-07-17T00:00:00Z,https://eonet.gsfc.nasa.gov/api/v3/events/EONET_14387,0,0,0,1,0,0,0,0,0,0,0,0,0,floods,,
EONET_14524,Flood in India 1103414,Floods,1,False,2025-07-25 20:00:00+00:00,2025,7,July,22.8015194,86.2029579,True,Point,,,GDACS,,,1,1,2025-07-27T00:00:00Z,https://eonet.gsfc.nasa.gov/api/v3/events/EONET_14524,0,0,0,1,0,0,0,0,0,0,0,0,0,floods,Jhārkhand,IN-JH
EONET_14707,Flood in Myanmar 1103424,Floods,1,False,2025-08-02 20:00:00+00:00,2025,8,August,19.0545611,96.7407115403549,True,Point,,,GDACS,,,1,1,2025-08-04T00:00:00Z,https://eonet.gsfc.nasa.gov/api/v3/events/EONET_14707,0,0,0,1,0,0,0,0,0,0,0,0,0,floods,,
EONET_14847,Flood in Pakistan 1103435,Floods,1,False,2025-08-13 20:00:00+00:00,2025,8,August,34.0019893,71.4805341599303,True,Point,,,GDACS,,,1,1,2025-08-15T00:00:00Z,https://eonet.gsfc.nasa.gov/api/v3/events/EONET_14847,0,0,0,1,0,0,0,0,0,0,0,0,0,floods,,
EONET_14844,Flood in India 1103434,Floods,1,False,2025-08-15 20:00:00+00:00,2025,8,August,19.1114795,72.928021,True,Point,,,GDACS,,,1,1,2025-08-17T00:00:00Z,https://eonet.gsfc.nasa.gov/api/v3/events/EONET_14844,0,0,0,1,0,0,0,0,0,0,0,0,0,floods,Mahārāshtra,IN-MH
EONET_15099,Flood in Myanmar 1103466,Floods,1,False,2025-08-23 20:00:00+00:00,2025,8,August,19.4662005,95.6019621,True,Point,,,GDACS,,,1,1,2025-08-25T00:00:00Z,https://eonet.gsfc.nasa.gov/api/v3/events/EONET_15099,0,0,0,1,0,0,0,0,0,0,0,0,0,floods,,
EONET_15227,Flood in Afghanistan 1103477,Floods,1,False,2025-08-28 20:00:00+00:00,2025,8,August,34.220389,70.3800314,True,Point,,,GDACS,,,1,1,2025-08-30T00:00:00Z,https://eonet.gsfc.nasa.gov/api/v3/events/EONET_15227,0,0,0,1,0,0,0,0,0,0,0,0,0,floods,,
EONET_15532,Flood in Bangladesh 1103509,Floods,1,False,2025-09-17 20:00:00+00:00,2025,9,September,25.09348475,90.0978252395603,True,Point,,,GDACS,,,1,1,2025-09-19T00:00:00Z,https://eonet.gsfc.nasa.gov/api/v3/events/EONET_15532,0,0,0,1,0,0,0,0,0,0,0,0,0,floods,,
EONET_15656,Tropical Cyclone 01B,Severe Storms,1,False,2025-10-01 06:00:00+00:00,2025,10,October,15.9,86.5,True,Point,35.0,kts,JTWC,,,1,6,2025-10-07T00:00:00Z,https://eonet.gsfc.nasa.gov/api/v3/events/EONET_15656,0,0,0,0,0,0,0,1,0,0,0,0,0,severeStorms,,
EONET_15656,Tropical Cyclone 01B,Severe Storms,1,False,2025-10-01 12:00:00+00:00,2025,10,October,16.7,86.3,True,Point,35.0,kts,JTWC,,,1,6,2025-10-07T00:00:00Z,https://eonet.gsfc.nasa.gov/api/v3/events/EONET_15656,0,0,0,0,0,0,0,1,0,0,0,0,0,severeStorms,,
EONET_15656,Tropical Cyclone 01B,Severe Storms,1,False,2025-10-01 18:00:00+00:00,2025,10,October,16.7,85.5,True,Point,35.0,kts,JTWC,,,1,6,2025-10-07T00:00:00Z,https://eonet.gsfc.nasa.gov/api/v3/events/EONET_15656,0,0,0,0,0,0,0,1,0,0,0,0,0,severeStorms,,
EONET_15656,Tropical Cyclone 01B,Severe Storms,1,False,2025-10-02 00:00:00+00:00,2025,10,October,16.9,85.2,True,Point,35.0,kts,JTWC,,,1,6,2025-10-07T00:00:00Z,https://eonet.gsfc.nasa.gov/api/v3/events/EONET_15656,0,0,0,0,0,0,0,1,0,0,0,0,0,severeStorms,,
EONET_15656,Tropical Cyclone 01B,Severe Storms,1,False,2025-10-02 06:00:00+00:00,2025,10,October,18.6,84.9,True,Point,35.0,kts,JTWC,,,1,6,2025-10-07T00:00:00Z,https://eonet.gsfc.nasa.gov/api/v3/events/EONET_15656,0,0,0,0,0,0,0,1,0,0,0,0,0,severeStorms,,
EONET_15656,Tropical Cyclone 01B,Severe Storms,1,False,2025-10-02 12:00:00+00:00,2025,10,October,19.5,84.7,True,Point,35.0,kts,JTWC,,,1,6,2025-10-07T00:00:00Z,https://eonet.gsfc.nasa.gov/api/v3/events/EONET_15656,0,0,0,0,0,0,0,1,0,0,0,0,0,severeStorms,Odisha,IN-OR
EONET_15766,Flood in Bhutan 1103538,Floods,1,False,2025-10-03 20:00:00+00:00,2025,10,October,27.3596658,89.2357556,True,Point,,,GDACS,,,1,1,2025-10-05T00:00:00Z,https://eonet.gsfc.nasa.gov/api/v3/events/EONET_15766,0,0,0,1,0,0,0,0,0,0,0,0,0,floods,,
EONET_15768,Flood in Nepal 1103540,Floods,1,False,2025-10-03 20:00:00+00:00,2025,10,October,26.8854074,87.9203052,True,Point,,,GDACS,,,1,1,2025-10-05T00:00:00Z,https://eonet.gsfc.nasa.gov/api/v3/events/EONET_15768,0,0,0,1,0,0,0,0,0,0,0,0,0,floods,,
EONET_15821,Flood in India 1103571,Floods,1,False,2025-10-16 20:00:00+00:00,2025,10,October,9.8154785,76.9991599480914,True,Point,,,GDACS,,,1,1,2025-10-21T00:00:00Z,https://eonet.gsfc.nasa.gov/api/v3/events/EONET_15821,0,0,0,1,0,0,0,0,0,0,0,0,0,floods,Kerala,IN-KL
EONET_15825,Tropical Cyclone Montha,Severe Storms,1,False,2025-10-26 12:00:00+00:00,2025,10,October,11.3,86.1,True,Point,35.0,kts,JTWC,,,1,11,2025-11-03T00:00:00Z,https://eonet.gsfc.nasa.gov/api/v3/events/EONET_15825,0,0,0,0,0,0,0,1,0,0,0,0,0,severeStorms,,
EONET_15825,Tropical Cyclone Montha,Severe Storms,1,False,2025-10-26 18:00:00+00:00,2025,10,October,11.5,85.7,True,Point,40.0,kts,JTWC,,,1,11,2025-11-03T00:00:00Z,https://eonet.gsfc.nasa.gov/api/v3/events/EONET_15825,0,0,0,0,0,0,0,1,0,0,0,0,0,severeStorms,,
EONET_15825,Tropical Cyclone Montha,Severe Storms,1,False,2025-10-27 00:00:00+00:00,2025,10,October,12.5,85.1,True,Point,40.0,kts,JTWC,,,1,11,2025-11-03T00:00:00Z,https://eonet.gsfc.nasa.gov/api/v3/events/EONET_15825,0,0,0,0,0,0,0,1,0,0,0,0,0,severeStorms,,
EONET_15825,Tropical Cyclone Montha,Severe Storms,1,False,2025-10-27 06:00:00+00:00,2025,10,October,12.7,84.3,True,Point,40.0,kts,JTWC,,,1,11,2025-11-03T00:00:00Z,https://eonet.gsfc.nasa.gov/api/v3/events/EONET_15825,0,0,0,0,0,0,0,1,0,0,0,0,0,severeStorms,,
EONET_15825,Tropical Cyclone Montha,Severe Storms,1,False,2025-10-27 12:00:00+00:00,2025,10,October,13.3,84.0,True,Point,45.0,kts,JTWC,,,1,11,2025-11-03T00:00:00Z,https://eonet.gsfc.nasa.gov/api/v3/events/EONET_15825,0,0,0,0,0,0,0,1,0,0,0,0,0,severeStorms,,
EONET_15825,Tropical Cyclone Montha,Severe Storms,1,False,2025-10-27 18:00:00+00:00,2025,10,October,14.2,83.5,True,Point,45.0,kts,JTWC,,,1,11,2025-11-03T00:00:00Z,https://eonet.gsfc.nasa.gov/api/v3/events/EONET_15825,0,0,0,0,0,0,0,1,0,0,0,0,0,severeStorms,,
EONET_15825,Tropical Cyclone Montha,Severe Storms,1,False,2025-10-28 00:00:00+00:00,2025,10,October,14.5,83.1,True,Point,45.0,kts,JTWC,,,1,11,2025-11-03T00:00:00Z,https://eonet.gsfc.nasa.gov/api/v3/events/EONET_15825,0,0,0,0,0,0,0,1,0,0,0,0,0,severeStorms,,
EONET_15825,Tropical Cyclone Montha,Severe Storms,1,False,2025-10-28 06:00:00+00:00,2025,10,October,15.2,82.6,True,Point,45.0,kts,JTWC,,,1,11,2025-11-03T00:00:00Z,https://eonet.gsfc.nasa.gov/api/v3/events/EONET_15825,0,0,0,0,0,0,0,1,0,0,0,0,0,severeStorms,,
EONET_15825,Tropical Cyclone Montha,Severe Storms,1,False,2025-10-28 12:00:00+00:00,2025,10,October,15.9,82.1,True,Point,45.0,kts,JTWC,,,1,11,2025-11-03T00:00:00Z,https://eonet.gsfc.nasa.gov/api/v3/events/EONET_15825,0,0,0,0,0,0,0,1,0,0,0,0,0,severeStorms,,
EONET_15825,Tropical Cyclone Montha,Severe Storms,1,False,2025-10-28 18:00:00+00:00,2025,10,October,16.0,81.3,True,Point,40.0,kts,JTWC,,,1,11,2025-11-03T00:00:00Z,https://eonet.gsfc.nasa.gov/api/v3/events/EONET_15825,0,0,0,0,0,0,0,1,0,0,0,0,0,severeStorms,,
EONET_15825,Tropical Cyclone Montha,Severe Storms,1,False,2025-10-29 00:00:00+00:00,2025,10,October,16.9,81.4,True,Point,35.0,kts,JTWC,,,1,11,2025-11-03T00:00:00Z,https://eonet.gsfc.nasa.gov/api/v3/events/EONET_15825,0,0,0,0,0,0,0,1,0,0,0,0,0,severeStorms,Andhra Pradesh,IN-AP
EONET_15978,Wildfire in India 1025477,Wildfires,1,False,2025-11-02 19:00:00+00:00,2025,11,November,22.28319177864519,79.78918859124747,True,Point,18490.0,hectare,GDACS,,,1,1,2025-11-17T00:00:00Z,https://eonet.gsfc.nasa.gov/api/v3/events/EONET_15978,0,0,0,0,0,0,0,0,0,0,0,0,1,wildfires,Madhya Pradesh,IN-MP
EONET_15971,Wildfire in India 1025404,Wildfires,1,False,2025-11-05 19:00:00+00:00,2025,11,November,22.772808997094003,77.87733787357449,True,Point,10134.0,hectare,GDACS,,,1,1,2025-11-17T00:00:00Z,https://eonet.gsfc.nasa.gov/api/v3/events/EONET_15971,0,0,0,0,0,0,0,0,0,0,0,0,1,wildfires,Madhya Pradesh,IN-MP
EONET_15970,Wildfire in India 1025388,Wildfires,1,False,2025-11-06 19:00:00+00:00,2025,11,November,25.968534818778394,78.80799401573758,True,Point,7941.0,hectare,GDACS,,,1,1,2025-11-17T00:00:00Z,https://eonet.gsfc.nasa.gov/api/v3/events/EONET_15970,0,0,0,0,0,0,0,0,0,0,0,0,1,wildfires,Madhya Pradesh,IN-MP
EONET_15966,Wildfire in India 1025376,Wildfires,1,False,2025-11-07 19:00:00+00:00,2025,11,November,26.0546098087446,78.74175220803617,True,Point,11863.0,hectare,GDACS,,,1,1,2025-11-17T00:00:00Z,https://eonet.gsfc.nasa.gov/api/v3/events/EONET_15966,0,0,0,0,0,0,0,0,0,0,0,0,1,wildfires,Madhya Pradesh,IN-MP
EONET_15967,Wildfire in India 1025378,Wildfires,1,False,2025-11-07 19:00:00+00:00,2025,11,November,22.6616663447276,77.77847821977183,True,Point,15533.0,hectare,GDACS,,,1,1,2025-11-17T00:00:00Z,https://eonet.gsfc.nasa.gov/api/v3/events/EONET_15967,0,0,0,0,0,0,0,0,0,0,0,0,1,wildfires,Madhya Pradesh,IN-MP
EONET_15965,Wildfire in India 1025367,Wildfires,1,False,2025-11-07 19:00:00+00:00,2025,11,November,25.53388658651709,76.67397077728023,True,Point,27780.0,hectare,GDACS,,,1,1,2025-11-17T00:00:00Z,https://eonet.gsfc.nasa.gov/api/v3/events/EONET_15965,0,0,0,0,0,0,0,0,0,0,0,0,1,wildfires,Madhya Pradesh,IN-MP
EONET_15957,Wildfire in India 1025339,Wildfires,1,False,2025-11-09 19:00:00+00:00,2025,11,November,25.76529149008416,76.72131107072268,True,Point,8015.0,hectare,GDACS,,,1,1,2025-11-17T00:00:00Z,https://eonet.gsfc.nasa.gov/api/v3/events/EONET_15957,0,0,0,0,0,0,0,0,0,0,0,0,1,wildfires,Madhya Pradesh,IN-MP
EONET_15981,Flood in India 1103618,Floods,1,False,2025-11-19 08:00:00+00:00,2025,11,November,27.742109,77.7392703087543,True,Point,,,GDACS,,,1,1,2025-11-19T00:00:00Z,https://eonet.gsfc.nasa.gov/api/v3/events/EONET_15981,0,0,0,1,0,0,0,0,0,0,0,0,0,floods,Uttar Pradesh,IN-UP
EONET_16178,Wildfire in India 1026045,Wildfires,1,False,2025-11-24 19:00:00+00:00,2025,11,November,16.587588501633935,76.53197527948105,True,Point,7204.0,hectare,GDACS,,,1,1,2025-12-03T00:00:00Z,https://eonet.gsfc.nasa.gov/api/v3/events/EONET_16178,0,0,0,0,0,0,0,0,0,0,0,0,1,wildfires,Karnātaka,IN-KA
EONET_16284,Wildfire in India 1026126,Wildfires,1,False,2025-11-25 19:00:00+00:00,2025,11,November,25.08320867114718,83.89287149524546,True,Point,5772.0,hectare,GDACS,,,1,1,2025-12-09T00:00:00Z,https://eonet.gsfc.nasa.gov/api/v3/events/EONET_16284,0,0,0,0,0,0,0,0,0,0,0,0,1,wildfires,Bihār,IN-BR
EONET_15999,Flood in Sri Lanka 1103632,Floods,1,False,2025-11-26 09:00:00+00:00,2025,11,November,6.8124018,80.3354764302592,True,Point,,,GDACS,,,1,1,2025-11-26T00:00:00Z,https://eonet.gsfc.nasa.gov/api/v3/events/EONET_15999,0,0,0,1,0,0,0,0,0,0,0,0,0,floods,,
EONET_16000,Tropical Cyclone Ditwah,Severe Storms,1,False,2025-11-27 00:00:00+00:00,2025,11,November,6.6,82.2,True,Point,35.0,kts,JTWC,,,1,12,2025-12-04T00:00:00Z,https://eonet.gsfc.nasa.gov/api/v3/events/EONET_16000,0,0,0,0,0,0,0,1,0,0,0,0,0,severeStorms,,
EONET_16000,Tropical Cyclone Ditwah,Severe Storms,1,False,2025-11-27 06:00:00+00:00,2025,11,November,7.1,82.1,True,Point,35.0,kts,JTWC,,,1,12,2025-12-04T00:00:00Z,https://eonet.gsfc.nasa.gov/api/v3/events/EONET_16000,0,0,0,0,0,0,0,1,0,0,0,0,0,severeStorms,,
EONET_16000,Tropical Cyclone Ditwah,Severe Storms,1,False,2025-11-27 12:00:00+00:00,2025,11,November,7.6,81.7,True,Point,35.0,kts,JTWC,,,1,12,2025-12-04T00:00:00Z,https://eonet.gsfc.nasa.gov/api/v3/events/EONET_16000,0,0,0,0,0,0,0,1,0,0,0,0,0,severeStorms,,
EONET_16000,Tropical Cyclone Ditwah,Severe Storms,1,False,2025-11-27 18:00:00+00:00,2025,11,November,7.9,81.3,True,Point,35.0,kts,JTWC,,,1,12,2025-12-04T00:00:00Z,https://eonet.gsfc.nasa.gov/api/v3/events/EONET_16000,0,0,0,0,0,0,0,1,0,0,0,0,0,severeStorms,,
EONET_16106,Flood in Sri Lanka 1103640,Floods,1,False,2025-11-27 20:00:00+00:00,2025,11,November,7.8771833,80.6625544,True,Point,,,GDACS,,,1,1,2025-11-30T00:00:00Z,https://eonet.gsfc.nasa.gov/api/v3/events/EONET_16106,0,0,0,1,0,0,0,0,0,0,0,0,0,floods,,
EONET_16000,Tropical Cyclone Ditwah,Severe Storms,1,False,2025-11-28 00:00:00+00:00,2025,11,November,8.1,81.1,True,Point,35.0,kts,JTWC,,,1,12,2025-12-04T00:00:00Z,https://eonet.gsfc.nasa.gov/api/v3/events/EONET_16000,0,0,0,0,0,0,0,1,0,0,0,0,0,severeStorms,,
EONET_16000,Tropical Cyclone Ditwah,Severe Storms,1,False,2025-11-28 06:00:00+00:00,2025,11,November,8.3,81.0,True,Point,35.0,kts,JTWC,,,1,12,2025-12-04T00:00:00Z,https://eonet.gsfc.nasa.gov/api/v3/events/EONET_16000,0,0,0,0,0,0,0,1,0,0,0,0,0,severeStorms,,
EONET_16000,Tropical Cyclone Ditwah,Severe Storms,1,False,2025-11-28 12:00:00+00:00,2025,11,November,8.6,80.9,True,Point,35.0,kts,JTWC,,,1,12,2025-12-04T00:00:00Z,https://eonet.gsfc.nasa.gov/api/v3/events/EONET_16000,0,0,0,0,0,0,0,1,0,0,0,0,0,severeStorms,,
EONET_16000,Tropical Cyclone Ditwah,Severe Storms,1,False,2025-11-28 18:00:00+00:00,2025,11,November,9.0,80.8,True,Point,35.0,kts,JTWC,,,1,12,2025-12-04T00:00:00Z,https://eonet.gsfc.nasa.gov/api/v3/events/EONET_16000,0,0,0,0,0,0,0,1,0,0,0,0,0,severeStorms,,
EONET_16243,Wildfire in India 1026109,Wildfires,1,False,2025-11-28 19:00:00+00:00,2025,11,November,25.157944901102343,84.03451524047068,True,Point,5355.0,hectare,GDACS,,,1,1,2025-12-07T00:00:00Z,https://eonet.gsfc.nasa.gov/api/v3/events/EONET_16243,0,0,0,0,0,0,0,0,0,0,0,0,1,wildfires,Bihār,IN-BR
EONET_16200,"Barren Island Volcano, India",Volcanoes,1,False,2025-11-29 00:00:00+00:00,2025,11,November,12.278,93.858,True,Point,,,SIVolcano,,,1,1,2026-02-07T00:00:00Z,https://eonet.gsfc.nasa.gov/api/v3/events/EONET_16200,0,0,0,0,0,0,0,0,0,0,1,0,0,volcanoes,,
EONET_16000,Tropical Cyclone Ditwah,Severe Storms,1,False,2025-11-29 00:00:00+00:00,2025,11,November,9.4,80.8,True,Point,35.0,kts,JTWC,,,1,12,2025-12-04T00:00:00Z,https://eonet.gsfc.nasa.gov/api/v3/events/EONET_16000,0,0,0,0,0,0,0,1,0,0,0,0,0,severeStorms,,
EONET_16000,Tropical Cyclone Ditwah,Severe Storms,1,False,2025-11-29 06:00:00+00:00,2025,11,November,9.9,80.8,True,Point,35.0,kts,JTWC,,,1,12,2025-12-04T00:00:00Z,https://eonet.gsfc.nasa.gov/api/v3/events/EONET_16000,0,0,0,0,0,0,0,1,0,0,0,0,0,severeStorms,,
EONET_16000,Tropical Cyclone Ditwah,Severe Storms,1,False,2025-11-29 12:00:00+00:00,2025,11,November,10.2,80.8,True,Point,35.0,kts,JTWC,,,1,12,2025-12-04T00:00:00Z,https://eonet.gsfc.nasa.gov/api/v3/events/EONET_16000,0,0,0,0,0,0,0,1,0,0,0,0,0,severeStorms,,
EONET_16000,Tropical Cyclone Ditwah,Severe Storms,1,False,2025-11-29 18:00:00+00:00,2025,11,November,10.5,80.8,True,Point,30.0,kts,JTWC,,,1,12,2025-12-04T00:00:00Z,https://eonet.gsfc.nasa.gov/api/v3/events/EONET_16000,0,0,0,0,0,0,0,1,0,0,0,0,0,severeStorms,,
EONET_16482,Wildfire in India 1026302,Wildfires,1,False,2025-12-02 19:00:00+00:00,2025,12,December,25.2138009386898,83.87565060635853,True,Point,5745.0,hectare,GDACS,,,1,1,2025-12-16T00:00:00Z,https://eonet.gsfc.nasa.gov/api/v3/events/EONET_16482,0,0,0,0,0,0,0,0,0,0,0,0,1,wildfires,Bihār,IN-BR
EONET_16480,Wildfire in India 1026301,Wildfires,1,False,2025-12-05 19:00:00+00:00,2025,12,December,21.159143936288416,82.36490876280149,True,Point,5654.0,hectare,GDACS,,,1,1,2025-12-16T00:00:00Z,https://eonet.gsfc.nasa.gov/api/v3/events/EONET_16480,0,0,0,0,0,0,0,0,0,0,0,0,1,wildfires,Chhattīsgarh,IN-CT
EONET_16402,Wildfire in India 1026220,Wildfires,1,False,2025-12-06 19:00:00+00:00,2025,12,December,20.92364055358194,81.97158837584013,True,Point,11460.0,hectare,GDACS,,,1,1,2025-12-14T00:00:00Z,https://eonet.gsfc.nasa.gov/api/v3/events/EONET_16402,0,0,0,0,0,0,0,0,0,0,0,0,1,wildfires,Chhattīsgarh,IN-CT
EONET_16479,Wildfire in India 1026300,Wildfires,1,False,2025-12-06 19:00:00+00:00,2025,12,December,20.80398980007026,81.86578553337876,True,Point,7020.0,hectare,GDACS,,,1,1,2025-12-16T00:00:00Z,https://eonet.gsfc.nasa.gov/api/v3/events/EONET_16479,0,0,0,0,0,0,0,0,0,0,0,0,1,wildfires,Chhattīsgarh,IN-CT
EONET_16429,Wildfire in India 1026257,Wildfires,1,False,2025-12-08 19:00:00+00:00,2025,12,December,20.80107608659403,81.88424788800543,True,Point,5053.0,hectare,GDACS,,,1,1,2025-12-15T00:00:00Z,https://eonet.gsfc.nasa.gov/api/v3/events/EONET_16429,0,0,0,0,0,0,0,0,0,0,0,0,1,wildfires,Chhattīsgarh,IN-CT
EONET_16656,Wildfire in India 1026463,Wildfires,1,False,2025-12-11 19:00:00+00:00,2025,12,December,21.250578424144408,82.80744238024528,True,Point,5553.0,hectare,GDACS,,,1,1,2025-12-24T00:00:00Z,https://eonet.gsfc.nasa.gov/api/v3/events/EONET_16656,0,0,0,0,0,0,0,0,0,0,0,0,1,wildfires,Chhattīsgarh,IN-CT
EONET_16646,Wildfire in India 1026453,Wildfires,1,False,2025-12-14 19:00:00+00:00,2025,12,December,21.89381123695652,82.65386239443055,True,Point,5066.0,hectare,GDACS,,,1,1,2025-12-23T00:00:00Z,https://eonet.gsfc.nasa.gov/api/v3/events/EONET_16646,0,0,0,0,0,0,0,0,0,0,0,0,1,wildfires,Chhattīsgarh,IN-CT
EONET_16757,Wildfire in India 1026553,Wildfires,1,False,2025-12-20 19:00:00+00:00,2025,12,December,21.89982027958733,82.51983894175517,True,Point,6319.0,hectare,GDACS,,,1,1,2025-12-31T00:00:00Z,https://eonet.gsfc.nasa.gov/api/v3/events/EONET_16757,0,0,0,0,0,0,0,0,0,0,0,0,1,wildfires,Chhattīsgarh,IN-CT
