region_id,grid_lat,grid_lon,year,month,date,raw_probability,raw_probability_percent,calibrated_probability,calibrated_probability_percent,predicted_event,activity_level,actual_next_month_event
GRID_N00_E020,0,20,2025,1,2025-01-01,1.0,100.0,1.0,100.0,1,VERY HIGH,1
GRID_N00_E020,0,20,2025,11,2025-11-01,1.0,100.0,1.0,100.0,1,VERY HIGH,1
GRID_N30_W100,30,-100,2025,3,2025-03-01,1.0,100.0,1.0,100.0,1,VERY HIGH,1
GRID_N50_E110,50,110,2025,5,2025-05-01,1.0,100.0,1.0,100.0,1,VERY HIGH,1
GRID_N30_W120,30,-120,2025,6,2025-06-01,1.0,100.0,0.9999999999999869,99.99999999999869,1,VERY HIGH,1
GRID_S20_E020,-20,20,2025,8,2025-08-01,1.0,100.0,0.999999999999986,99.99999999999861,1,VERY HIGH,1
GRID_S20_E130,-20,130,2025,8,2025-08-01,1.0,100.0,0.999999999999986,99.99999999999861,1,VERY HIGH,1
GRID_N30_W120,30,-120,2025,5,2025-05-01,1.0,100.0,0.9999999999999474,99.99999999999474,1,VERY HIGH,1
GRID_S20_E130,-20,130,2025,6,2025-06-01,1.0,100.0,0.9999999999999234,99.99999999999234,1,VERY HIGH,1
GRID_N40_W120,40,-120,2025,7,2025-07-01,1.0,100.0,0.9999999999992178,99.99999999992178,1,VERY HIGH,1
GRID_S20_E130,-20,130,2025,7,2025-07-01,1.0,100.0,0.9999999999986106,99.99999999986106,1,VERY HIGH,1
GRID_N30_W100,30,-100,2025,4,2025-04-01,1.0,100.0,0.9999999999983329,99.99999999983329,1,VERY HIGH,1
GRID_N50_W110,50,-110,2025,7,2025-07-01,1.0,100.0,0.9999999999969351,99.99999999969351,1,VERY HIGH,1
GRID_S10_E020,-10,20,2025,7,2025-07-01,1.0,100.0,0.9999999999955531,99.99999999955531,1,VERY HIGH,1
GRID_S20_W050,-20,-50,2025,9,2025-09-01,1.0,100.0,0.9999999999949309,99.9999999994931,1,VERY HIGH,1
GRID_N40_W120,40,-120,2025,8,2025-08-01,1.0,100.0,0.9999999999858462,99.99999999858463,1,VERY HIGH,1
GRID_N30_W120,30,-120,2025,4,2025-04-01,1.0,100.0,0.9999999999848159,99.9999999984816,1,VERY HIGH,1
GRID_S20_E130,-20,130,2025,5,2025-05-01,1.0,100.0,0.9999999999788329,99.9999999978833,1,VERY HIGH,1
GRID_N30_W120,30,-120,2025,3,2025-03-01,1.0,100.0,0.9999999999360704,99.99999999360703,1,VERY HIGH,1
GRID_N30_W120,30,-120,2025,2,2025-02-01,1.0,100.0,0.9999999999279326,99.99999999279326,1,VERY HIGH,1
GRID_N30_W120,30,-120,2025,1,2025-01-01,1.0,100.0,0.9999999998968576,99.99999998968576,1,VERY HIGH,1
GRID_S20_E120,-20,120,2025,9,2025-09-01,1.0,100.0,0.9999999997293036,99.99999997293037,1,VERY HIGH,1
GRID_S20_E030,-20,30,2025,8,2025-08-01,1.0,100.0,0.9999999994074408,99.99999994074408,1,VERY HIGH,1
GRID_N30_W100,30,-100,2025,2,2025-02-01,1.0,100.0,0.9999999980957213,99.99999980957213,1,VERY HIGH,1
GRID_S20_E120,-20,120,2025,8,2025-08-01,1.0,100.0,0.9999999977130247,99.99999977130247,1,VERY HIGH,1
GRID_S10_E010,-10,10,2025,8,2025-08-01,1.0,100.0,0.9999999948795664,99.99999948795664,1,VERY HIGH,1
GRID_N30_W130,30,-130,2025,6,2025-06-01,1.0,100.0,0.9999999933054543,99.99999933054544,1,VERY HIGH,1
GRID_N50_W100,50,-100,2025,7,2025-07-01,1.0,100.0,0.9999999689376219,99.99999689376219,1,VERY HIGH,1
GRID_S20_W060,-20,-60,2025,8,2025-08-01,1.0,100.0,0.9999999513127081,99.99999513127081,1,VERY HIGH,1
GRID_N50_E110,50,110,2025,4,2025-04-01,1.0,100.0,0.9999999390017422,99.99999390017422,1,VERY HIGH,1
GRID_N40_W120,40,-120,2025,6,2025-06-01,1.0,100.0,0.9999999077324915,99.99999077324915,1,VERY HIGH,1
GRID_S20_E120,-20,120,2025,5,2025-05-01,1.0,100.0,0.9999998980728477,99.99998980728478,1,VERY HIGH,1
GRID_N40_W120,40,-120,2025,5,2025-05-01,0.9999999999999984,99.99999999999984,0.9999996646888907,99.99996646888907,1,VERY HIGH,1
GRID_S20_E130,-20,130,2025,9,2025-09-01,0.9999999999999882,99.99999999999882,0.9999995851003494,99.99995851003493,1,VERY HIGH,1
GRID_N30_W090,30,-90,2025,3,2025-03-01,0.9999999999999996,99.99999999999996,0.9999989210038936,99.99989210038936,1,VERY HIGH,1
GRID_N30_W130,30,-130,2025,5,2025-05-01,0.9999999999999103,99.99999999999103,0.9999987203313949,99.9998720331395,1,VERY HIGH,1
GRID_N30_W090,30,-90,2025,2,2025-02-01,0.9999999999999984,99.99999999999984,0.9999983632254,99.99983632254,1,VERY HIGH,1
GRID_N40_W120,40,-120,2025,4,2025-04-01,0.9999999999999507,99.99999999999507,0.9999979587537944,99.99979587537943,1,VERY HIGH,1
GRID_N30_W100,30,-100,2025,11,2025-11-01,0.999999999999754,99.9999999999754,0.9999976793404052,99.99976793404052,1,VERY HIGH,1
GRID_N50_E110,50,110,2025,6,2025-06-01,0.9999999999992404,99.99999999992404,0.9999975506199789,99.99975506199789,1,VERY HIGH,0
GRID_S10_E020,-10,20,2025,6,2025-06-01,0.9999999999998352,99.99999999998353,0.9999975069659927,99.99975069659926,1,VERY HIGH,1
GRID_S10_E010,-10,10,2025,7,2025-07-01,0.9999999999993905,99.99999999993905,0.9999967691472342,99.99967691472342,1,VERY HIGH,1
GRID_S20_E010,-20,10,2025,7,2025-07-01,0.9999999999993072,99.99999999993072,0.9999966565547156,99.99966565547156,1,VERY HIGH,1
GRID_N30_W110,30,-110,2025,5,2025-05-01,0.9999999999984577,99.99999999984577,0.9999954062076135,99.99954062076135,1,VERY HIGH,1
GRID_N00_E030,0,30,2025,11,2025-11-01,0.9999999999997731,99.9999999999773,0.9999947716690911,99.99947716690912,1,VERY HIGH,1
GRID_N30_W130,30,-130,2025,4,2025-04-01,0.9999999999985254,99.99999999985253,0.999994427738583,99.9994427738583,1,VERY HIGH,1
GRID_N30_W110,30,-110,2025,3,2025-03-01,0.9999999999980462,99.99999999980463,0.9999934673621066,99.99934673621065,1,VERY HIGH,1
GRID_N30_W110,30,-110,2025,6,2025-06-01,0.9999999999981222,99.99999999981222,0.9999934330822441,99.99934330822441,1,VERY HIGH,1
GRID_S20_W050,-20,-50,2025,8,2025-08-01,0.9999999999986584,99.99999999986584,0.999992743761729,99.99927437617289,1,VERY HIGH,1
GRID_N40_W130,40,-130,2025,7,2025-07-01,0.9999999999999134,99.99999999999135,0.9999920424171694,99.99920424171694,1,VERY HIGH,1
GRID_N30_W130,30,-130,2025,3,2025-03-01,0.999999999996805,99.9999999996805,0.9999918198089854,99.99918198089854,1,VERY HIGH,0
GRID_N40_W110,40,-110,2025,3,2025-03-01,0.999999999998674,99.9999999998674,0.9999912939559688,99.99912939559688,1,VERY HIGH,1
GRID_N30_W130,30,-130,2025,2,2025-02-01,0.9999999999962697,99.99999999962697,0.9999910668401342,99.99910668401341,1,VERY HIGH,0
GRID_S10_E020,-10,20,2025,8,2025-08-01,0.9999999999977303,99.99999999977302,0.999990670843272,99.9990670843272,1,VERY HIGH,0
GRID_S20_E130,-20,130,2025,10,2025-10-01,0.9999999999974791,99.99999999974791,0.9999892377988434,99.99892377988434,1,VERY HIGH,1
GRID_N30_W110,30,-110,2025,2,2025-02-01,0.9999999999881972,99.99999999881972,0.9999867141398843,99.99867141398843,1,VERY HIGH,1
GRID_S20_W060,-20,-60,2025,7,2025-07-01,0.9999999999975335,99.99999999975336,0.9999863464788838,99.99863464788838,1,VERY HIGH,1
GRID_N30_W130,30,-130,2025,1,2025-01-01,0.9999999999906715,99.99999999906714,0.9999854002151668,99.99854002151667,1,VERY HIGH,0
GRID_N40_W130,40,-130,2025,6,2025-06-01,0.999999999995375,99.99999999953751,0.9999852500011162,99.99852500011161,1,VERY HIGH,1
GRID_S20_E010,-20,10,2025,8,2025-08-01,0.9999999999937574,99.99999999937575,0.999984135852183,99.9984135852183,1,VERY HIGH,1
GRID_N40_W110,40,-110,2025,6,2025-06-01,0.9999999999749645,99.99999999749645,0.999981588752888,99.9981588752888,1,VERY HIGH,1
GRID_S20_W060,-20,-60,2025,6,2025-06-01,0.9999999999958129,99.99999999958129,0.9999811371364613,99.99811371364613,1,VERY HIGH,1
GRID_N40_W110,40,-110,2025,4,2025-04-01,0.9999999999748364,99.99999999748364,0.9999793058524924,99.99793058524924,1,VERY HIGH,1
GRID_S20_W060,-20,-60,2025,9,2025-09-01,0.9999999999873139,99.9999999987314,0.9999788525298465,99.99788525298466,1,VERY HIGH,1
GRID_N30_W090,30,-90,2025,4,2025-04-01,0.9999999999997209,99.99999999997209,0.9999773347958272,99.99773347958272,1,VERY HIGH,1
GRID_N40_W110,40,-110,2025,5,2025-05-01,0.9999999999412474,99.99999999412475,0.9999745553405506,99.99745553405506,1,VERY HIGH,1
GRID_N40_W120,40,-120,2025,3,2025-03-01,0.9999999999948199,99.99999999948199,0.9999740735082915,99.99740735082915,1,VERY HIGH,1
GRID_S20_W060,-20,-60,2025,5,2025-05-01,0.9999999999896323,99.99999999896323,0.9999721768780502,99.99721768780502,1,VERY HIGH,0
GRID_N60_W150,60,-150,2025,6,2025-06-01,0.9999999999939202,99.99999999939202,0.9999708585376161,99.99708585376162,1,VERY HIGH,1
GRID_S20_E030,-20,30,2025,9,2025-09-01,0.9999999999461395,99.99999999461396,0.999963708758988,99.9963708758988,1,VERY HIGH,0
GRID_N50_W110,50,-110,2025,5,2025-05-01,0.9999999999939508,99.99999999939509,0.9999508984286785,99.99508984286784,1,VERY HIGH,1
GRID_N60_W160,60,-160,2025,6,2025-06-01,0.9999999999377396,99.99999999377395,0.9999485648520718,99.99485648520718,1,VERY HIGH,1
GRID_N40_W110,40,-110,2025,7,2025-07-01,0.9999999999417004,99.99999999417004,0.9999483537567808,99.99483537567808,1,VERY HIGH,1
GRID_N40_W110,40,-110,2025,8,2025-08-01,0.9999999999903078,99.99999999903078,0.9999443684137134,99.99443684137134,1,VERY HIGH,1
GRID_S20_E120,-20,120,2025,7,2025-07-01,0.999999999850252,99.9999999850252,0.9999366224146404,99.99366224146404,1,VERY HIGH,1
GRID_S20_W060,-20,-60,2025,4,2025-04-01,0.9999999999319715,99.99999999319715,0.9999293119597968,99.99293119597968,1,VERY HIGH,0
GRID_N40_W130,40,-130,2025,5,2025-05-01,0.9999999998431754,99.99999998431754,0.9999143081081581,99.99143081081581,1,VERY HIGH,1
GRID_S10_E020,-10,20,2025,5,2025-05-01,0.9999999998537303,99.99999998537304,0.9999130164999691,99.99130164999691,1,VERY HIGH,1
GRID_S10_W050,-10,-50,2025,9,2025-09-01,0.9999999999354954,99.99999999354954,0.9999093380538875,99.99093380538875,1,VERY HIGH,1
GRID_N30_W100,30,-100,2025,10,2025-10-01,0.9999999996809512,99.99999996809512,0.9998807830976262,99.98807830976261,1,VERY HIGH,1
GRID_N30_W110,30,-110,2025,4,2025-04-01,0.9999999992769752,99.99999992769753,0.9998735879380334,99.98735879380334,1,VERY HIGH,1
GRID_S20_E020,-20,20,2025,7,2025-07-01,0.9999999997890727,99.99999997890727,0.999860177042003,99.98601770420031,1,VERY HIGH,1
GRID_N30_W110,30,-110,2025,1,2025-01-01,0.9999999990277948,99.99999990277948,0.9998417781947582,99.98417781947582,1,VERY HIGH,1
GRID_S10_E020,-10,20,2025,4,2025-04-01,0.9999999990870254,99.99999990870253,0.999753187424884,99.9753187424884,1,VERY HIGH,1
GRID_N40_W130,40,-130,2025,4,2025-04-01,0.9999999985964829,99.9999998596483,0.999751060857939,99.9751060857939,1,VERY HIGH,1
GRID_S10_E020,-10,20,2025,3,2025-03-01,0.9999999985059598,99.99999985059598,0.9996819084087354,99.96819084087353,1,VERY HIGH,0
GRID_S10_W050,-10,-50,2025,8,2025-08-01,0.9999999958219681,99.9999995821968,0.999657636163119,99.9657636163119,1,VERY HIGH,1
GRID_S20_E130,-20,130,2025,11,2025-11-01,0.9999999999950406,99.99999999950407,0.9996433582527964,99.96433582527963,1,VERY HIGH,1
GRID_N00_E020,0,20,2025,10,2025-10-01,0.9999999983577468,99.99999983577467,0.9996213151977766,99.96213151977767,1,VERY HIGH,1
GRID_N30_W090,30,-90,2025,11,2025-11-01,0.9999999914400882,99.99999914400883,0.9995435182075252,99.95435182075252,1,VERY HIGH,1
GRID_S20_E120,-20,120,2025,6,2025-06-01,0.9999999894724493,99.99999894724493,0.9995292844003263,99.95292844003262,1,VERY HIGH,1
GRID_N00_E020,0,20,2025,9,2025-09-01,0.9999999972883569,99.99999972883569,0.9995170732048708,99.95170732048709,1,VERY HIGH,0
GRID_S20_W070,-20,-70,2025,7,2025-07-01,0.9999999928795429,99.9999992879543,0.9994523930043032,99.94523930043032,1,VERY HIGH,1
GRID_N00_E020,0,20,2025,8,2025-08-01,0.9999999954697782,99.99999954697782,0.9993842266484199,99.93842266484198,1,VERY HIGH,0
GRID_N20_E090,20,90,2025,3,2025-03-01,0.9999999994067295,99.99999994067295,0.9993823112069281,99.9382311206928,1,VERY HIGH,1
GRID_N40_W120,40,-120,2025,2,2025-02-01,0.9999999986261172,99.99999986261172,0.9993515661775824,99.93515661775824,1,VERY HIGH,1
GRID_S20_E020,-20,20,2025,6,2025-06-01,0.9999999924342676,99.99999924342676,0.9992660224156529,99.92660224156529,1,VERY HIGH,1
GRID_N30_W120,30,-120,2025,7,2025-07-01,0.9999999999992413,99.99999999992413,0.9992489757542486,99.92489757542486,1,VERY HIGH,1
GRID_S20_E020,-20,20,2025,5,2025-05-01,0.9999999912489391,99.99999912489392,0.9992242015189211,99.92242015189211,1,VERY HIGH,0
GRID_N40_W100,40,-100,2025,4,2025-04-01,0.999999982901202,99.99999829012019,0.9991993042287242,99.91993042287241,1,VERY HIGH,1
GRID_N30_W100,30,-100,2025,1,2025-01-01,0.9999999942695139,99.99999942695139,0.999152185679854,99.91521856798539,1,VERY HIGH,1
GRID_S20_E120,-20,120,2025,10,2025-10-01,0.9999999969987166,99.99999969987165,0.9990599341182612,99.90599341182612,1,VERY HIGH,1
GRID_S20_E140,-20,140,2025,11,2025-11-01,0.9999999832637484,99.99999832637484,0.9990010977220611,99.90010977220611,1,VERY HIGH,1
GRID_S20_E020,-20,20,2025,4,2025-04-01,0.9999999832757852,99.99999832757852,0.9989269098497171,99.89269098497171,1,VERY HIGH,0
GRID_N40_W130,40,-130,2025,3,2025-03-01,0.9999999809370347,99.99999809370347,0.9989150665384254,99.89150665384254,1,VERY HIGH,1
GRID_N50_W110,50,-110,2025,6,2025-06-01,0.9999999920613859,99.9999992061386,0.9987815097727685,99.87815097727685,1,VERY HIGH,1
GRID_S20_E130,-20,130,2025,4,2025-04-01,0.9999999808107415,99.99999808107415,0.9981786398586895,99.81786398586895,1,VERY HIGH,1
GRID_S20_E140,-20,140,2025,8,2025-08-01,0.9999999320497679,99.99999320497679,0.9981379035115518,99.81379035115519,1,VERY HIGH,1
GRID_N50_E120,50,120,2025,5,2025-05-01,0.9999998535300333,99.99998535300332,0.9979866643915905,99.79866643915905,1,VERY HIGH,0
GRID_S20_E030,-20,30,2025,7,2025-07-01,0.9999999376248138,99.99999376248138,0.997801227623383,99.7801227623383,1,VERY HIGH,1
GRID_N40_W130,40,-130,2025,2,2025-02-01,0.9999999363192181,99.99999363192181,0.9977958958086965,99.77958958086965,1,VERY HIGH,0
GRID_S20_E120,-20,120,2025,4,2025-04-01,0.9999999743715429,99.99999743715429,0.9977471115453438,99.77471115453437,1,VERY HIGH,1
GRID_N40_W010,40,-10,2025,8,2025-08-01,0.9999999799103694,99.99999799103693,0.9976347568953159,99.76347568953159,1,VERY HIGH,1
GRID_S20_E020,-20,20,2025,3,2025-03-01,0.9999998929924209,99.99998929924209,0.9972277909997379,99.72277909997379,1,VERY HIGH,0
GRID_S10_E030,-10,30,2025,8,2025-08-01,0.9999998008499201,99.99998008499202,0.9971820380905866,99.71820380905866,1,VERY HIGH,1
GRID_N20_W090,20,-90,2025,1,2025-01-01,0.9999999750532009,99.9999975053201,0.9971327817894047,99.71327817894047,1,VERY HIGH,1
GRID_N40_W130,40,-130,2025,8,2025-08-01,0.9999999947016802,99.99999947016802,0.9968810577999712,99.68810577999712,1,VERY HIGH,1
GRID_N10_E000,10,0,2025,11,2025-11-01,0.9999997904611216,99.99997904611216,0.9964625729600195,99.64625729600195,1,VERY HIGH,1
GRID_N30_W100,30,-100,2025,5,2025-05-01,0.9999999406039415,99.99999406039414,0.9960875039290086,99.60875039290086,1,VERY HIGH,0
GRID_S10_E010,-10,10,2025,6,2025-06-01,0.9999997192071091,99.9999719207109,0.9959571119674427,99.59571119674428,1,VERY HIGH,1
GRID_S20_E010,-20,10,2025,6,2025-06-01,0.9999997578994102,99.99997578994102,0.9959022828888614,99.59022828888614,1,VERY HIGH,1
GRID_S20_E010,-20,10,2025,5,2025-05-01,0.9999997457910133,99.99997457910132,0.9958365243207215,99.58365243207214,1,VERY HIGH,0
GRID_S20_E030,-20,30,2025,6,2025-06-01,0.9999997255389864,99.99997255389864,0.9958205123487186,99.58205123487186,1,VERY HIGH,0
GRID_S20_E030,-20,30,2025,5,2025-05-01,0.9999997118121184,99.99997118121185,0.9957541246491683,99.57541246491684,1,VERY HIGH,0
GRID_S30_E140,-30,140,2025,11,2025-11-01,0.9999997866804957,99.99997866804958,0.9956421168303355,99.56421168303355,1,VERY HIGH,1
GRID_S10_E010,-10,10,2025,5,2025-05-01,0.9999994870116189,99.99994870116188,0.9945737395890946,99.45737395890946,1,VERY HIGH,1
GRID_S20_E010,-20,10,2025,4,2025-04-01,0.9999995565117858,99.99995565117858,0.9944768609211385,99.44768609211386,1,VERY HIGH,0
GRID_S10_E010,-10,10,2025,4,2025-04-01,0.9999993625424421,99.99993625424422,0.9938181433491694,99.38181433491694,1,VERY HIGH,1
GRID_S10_E020,-10,20,2025,2,2025-02-01,0.9999993867738582,99.99993867738583,0.9932532661970722,99.32532661970723,1,VERY HIGH,0
GRID_S20_E030,-20,30,2025,4,2025-04-01,0.9999992443368172,99.99992443368171,0.9930294081507014,99.30294081507014,1,VERY HIGH,0
GRID_S20_W070,-20,-70,2025,8,2025-08-01,0.9999992117590668,99.99992117590668,0.9930121149876289,99.30121149876288,1,VERY HIGH,1
GRID_N40_W110,40,-110,2025,2,2025-02-01,0.9999996293987817,99.99996293987817,0.9929511726989277,99.29511726989277,1,VERY HIGH,1
GRID_N40_W100,40,-100,2025,5,2025-05-01,0.9999987478369597,99.99987478369597,0.9926319710036704,99.26319710036704,1,VERY HIGH,0
GRID_S20_W070,-20,-70,2025,6,2025-06-01,0.9999989458984191,99.99989458984192,0.9923182666863687,99.23182666863687,1,VERY HIGH,1
GRID_N20_W090,20,-90,2025,6,2025-06-01,0.9999998051833145,99.99998051833145,0.9922872540102045,99.22872540102044,1,VERY HIGH,1
GRID_N30_W090,30,-90,2025,10,2025-10-01,0.9999987970504414,99.99987970504414,0.9922203996091069,99.22203996091069,1,VERY HIGH,1
GRID_S20_W070,-20,-70,2025,5,2025-05-01,0.9999988927505431,99.99988927505431,0.9922156645355045,99.22156645355045,1,VERY HIGH,0
GRID_S20_W070,-20,-70,2025,4,2025-04-01,0.9999986481201198,99.99986481201198,0.9916580167451372,99.16580167451372,1,VERY HIGH,0
GRID_S20_W060,-20,-60,2025,3,2025-03-01,0.9999990782041478,99.99990782041478,0.9901539451615653,99.01539451615653,1,VERY HIGH,0
GRID_S30_E130,-30,130,2025,1,2025-01-01,0.9999996729212852,99.99996729212852,0.9878114252966951,98.78114252966951,1,VERY HIGH,1
GRID_S20_E140,-20,140,2025,9,2025-09-01,0.9999967475995036,99.99967475995037,0.9877862765820247,98.77862765820247,1,VERY HIGH,1
GRID_N20_W090,20,-90,2025,3,2025-03-01,0.9999978602175149,99.99978602175149,0.9867156567927751,98.6715656792775,1,VERY HIGH,1
GRID_S20_E010,-20,10,2025,3,2025-03-01,0.9999962698113977,99.99962698113977,0.9834740463506103,98.34740463506103,1,VERY HIGH,0
GRID_N00_E030,0,30,2025,1,2025-01-01,0.9999984292424672,99.99984292424672,0.9826000951774004,98.26000951774004,1,VERY HIGH,1
GRID_N20_W090,20,-90,2025,4,2025-04-01,0.9999962720253986,99.99962720253987,0.9815493894091085,98.15493894091085,1,VERY HIGH,1
GRID_N50_W120,50,-120,2025,5,2025-05-01,0.9999940058273991,99.99940058273991,0.9808372261266303,98.08372261266302,1,VERY HIGH,1
GRID_N50_W120,50,-120,2025,6,2025-06-01,0.9999941896862808,99.99941896862808,0.9806315180354304,98.06315180354304,1,VERY HIGH,1
GRID_S20_E140,-20,140,2025,7,2025-07-01,0.9999907774992278,99.99907774992278,0.9803984903109819,98.03984903109819,1,VERY HIGH,1
GRID_S10_E010,-10,10,2025,3,2025-03-01,0.9999924695674812,99.99924695674812,0.9768024581418958,97.68024581418958,1,VERY HIGH,1
GRID_N20_W090,20,-90,2025,5,2025-05-01,0.9999932515203396,99.99932515203396,0.9710772337667052,97.10772337667052,1,VERY HIGH,1
GRID_N40_W130,40,-130,2025,1,2025-01-01,0.9999965794678073,99.99965794678073,0.9699087934197029,96.9908793419703,1,VERY HIGH,0
GRID_S30_E140,-30,140,2025,1,2025-01-01,0.9999958144808716,99.99958144808716,0.9666166489171211,96.6616648917121,1,VERY HIGH,1
GRID_N20_W090,20,-90,2025,7,2025-07-01,0.9999920274546322,99.99920274546322,0.9635525548760947,96.35525548760947,1,VERY HIGH,1
GRID_N50_E120,50,120,2025,6,2025-06-01,0.99998113614649,99.998113614649,0.9596775469049689,95.96775469049689,1,VERY HIGH,0
GRID_N30_W110,30,-110,2025,7,2025-07-01,0.9999998310814674,99.99998310814674,0.9592236917987037,95.92236917987037,1,VERY HIGH,1
GRID_N40_W130,40,-130,2025,9,2025-09-01,0.9999999132613966,99.99999132613966,0.9579061543550301,95.79061543550301,1,VERY HIGH,0
GRID_N30_W090,30,-90,2025,1,2025-01-01,0.9999727681093754,99.99727681093754,0.9533773501651197,95.33773501651197,1,VERY HIGH,1
GRID_N10_E090,10,90,2025,3,2025-03-01,0.9999864927538743,99.99864927538744,0.9532501912901188,95.32501912901188,1,VERY HIGH,0
GRID_S20_E010,-20,10,2025,9,2025-09-01,0.99999018830016,99.999018830016,0.9510691044611257,95.10691044611256,1,VERY HIGH,0
GRID_N50_W100,50,-100,2025,5,2025-05-01,0.9999932491650662,99.99932491650661,0.9509302799194567,95.09302799194566,1,VERY HIGH,1
GRID_S20_E140,-20,140,2025,10,2025-10-01,0.9999556647806483,99.99556647806483,0.950210914483533,95.0210914483533,1,VERY HIGH,1
GRID_N40_W100,40,-100,2025,3,2025-03-01,0.9999454264716082,99.99454264716083,0.9489073002632674,94.89073002632674,1,VERY HIGH,1
GRID_N50_W130,50,-130,2025,6,2025-06-01,0.9999753460453704,99.99753460453704,0.9474229622687806,94.74229622687807,1,VERY HIGH,0
GRID_S10_W060,-10,-60,2025,8,2025-08-01,0.9999518957771241,99.99518957771241,0.9468040664331496,94.68040664331497,1,VERY HIGH,1
GRID_N30_W090,30,-90,2025,9,2025-09-01,0.9999754896174303,99.99754896174304,0.9404271218678474,94.04271218678474,1,VERY HIGH,1
GRID_S30_E140,-30,140,2025,9,2025-09-01,0.9999251295158303,99.99251295158304,0.9397320221134414,93.97320221134414,1,VERY HIGH,1
GRID_S10_W060,-10,-60,2025,7,2025-07-01,0.999941780122066,99.9941780122066,0.9374479501811779,93.74479501811778,1,VERY HIGH,1
GRID_N00_E030,0,30,2025,2,2025-02-01,0.9999670937432981,99.99670937432981,0.9371363799268859,93.71363799268859,1,VERY HIGH,1
GRID_N20_W110,20,-110,2025,5,2025-05-01,0.9999506135107865,99.99506135107865,0.9303321629161255,93.03321629161255,1,VERY HIGH,1
GRID_N40_W110,40,-110,2025,9,2025-09-01,0.9999816629335188,99.99816629335187,0.9302745076927279,93.02745076927279,1,VERY HIGH,0
GRID_N40_W090,40,-90,2025,3,2025-03-01,0.9999038508666391,99.9903850866639,0.9263535740480565,92.63535740480565,1,VERY HIGH,1
GRID_N30_W080,30,-80,2025,4,2025-04-01,0.9999492491856935,99.99492491856935,0.9258378144870024,92.58378144870024,1,VERY HIGH,1
GRID_N50_W100,50,-100,2025,6,2025-06-01,0.9999800213700509,99.99800213700509,0.9247821335102342,92.47821335102341,1,VERY HIGH,1
GRID_S10_E030,-10,30,2025,7,2025-07-01,0.999862963282161,99.9862963282161,0.9186434405477126,91.86434405477127,1,VERY HIGH,1
GRID_N40_W090,40,-90,2025,4,2025-04-01,0.9998627917010899,99.986279170109,0.9132380841496601,91.32380841496601,1,VERY HIGH,1
GRID_N30_W090,30,-90,2025,6,2025-06-01,0.9999401832384662,99.99401832384662,0.9085797712574258,90.85797712574258,1,VERY HIGH,1
GRID_N40_E020,40,20,2025,7,2025-07-01,0.9998937089523678,99.98937089523679,0.9041539727350859,90.41539727350859,1,VERY HIGH,1
GRID_N60_W150,60,-150,2025,4,2025-04-01,0.9997877550722926,99.97877550722926,0.8997785288247186,89.97785288247186,1,VERY HIGH,1
GRID_S20_E120,-20,120,2025,11,2025-11-01,0.9999832184553419,99.99832184553419,0.8978231883352148,89.78231883352149,1,VERY HIGH,1
GRID_S20_W070,-20,-70,2025,3,2025-03-01,0.9998440136067406,99.98440136067406,0.897337353094518,89.7337353094518,1,VERY HIGH,1
GRID_N40_W110,40,-110,2025,1,2025-01-01,0.9999349645233003,99.99349645233004,0.8961552950191006,89.61552950191006,1,VERY HIGH,1
GRID_S20_W050,-20,-50,2025,7,2025-07-01,0.9997773152503927,99.97773152503927,0.8949770143027035,89.49770143027035,1,VERY HIGH,1
GRID_N30_W110,30,-110,2025,8,2025-08-01,0.9999978995033706,99.99978995033706,0.881129512183462,88.1129512183462,1,VERY HIGH,1
GRID_S20_E140,-20,140,2025,6,2025-06-01,0.9996888442905066,99.96888442905066,0.8795269156861728,87.95269156861728,1,VERY HIGH,1
GRID_N60_W120,60,-120,2025,8,2025-08-01,0.9997801680023065,99.97801680023065,0.8793623182894598,87.93623182894598,1,VERY HIGH,1
GRID_N60_W130,60,-130,2025,8,2025-08-01,0.999732207462625,99.9732207462625,0.8777836323244955,87.77836323244955,1,VERY HIGH,0
GRID_N10_W090,10,-90,2025,9,2025-09-01,0.9998946331698472,99.98946331698471,0.877243515286373,87.7243515286373,1,VERY HIGH,1
GRID_N50_W120,50,-120,2025,7,2025-07-01,0.9997381117103079,99.97381117103079,0.8769385461336615,87.69385461336616,1,VERY HIGH,1
GRID_S30_E120,-30,120,2025,8,2025-08-01,0.9997948383069682,99.97948383069682,0.8738253043246604,87.38253043246604,1,VERY HIGH,1
GRID_N40_W100,40,-100,2025,2,2025-02-01,0.9996566726750206,99.96566726750206,0.8734406424841057,87.34406424841058,1,VERY HIGH,1
GRID_N20_W090,20,-90,2025,2,2025-02-01,0.9996479418916647,99.96479418916647,0.8695943900051029,86.95943900051029,1,VERY HIGH,1
GRID_S20_E130,-20,130,2025,1,2025-01-01,0.9999681451852386,99.99681451852386,0.8649386536036257,86.49386536036256,1,VERY HIGH,1
GRID_N20_W090,20,-90,2025,8,2025-08-01,0.9997629165041051,99.9762916504105,0.859115738650253,85.9115738650253,1,VERY HIGH,1
GRID_N30_W120,30,-120,2025,8,2025-08-01,0.9999999902548832,99.99999902548832,0.8584641019699593,85.84641019699592,1,VERY HIGH,1
GRID_S20_W070,-20,-70,2025,9,2025-09-01,0.9997224767996687,99.97224767996687,0.8575444330562745,85.75444330562745,1,VERY HIGH,0
GRID_S20_E130,-20,130,2025,3,2025-03-01,0.9999354308238491,99.9935430823849,0.8531720233706002,85.31720233706001,1,VERY HIGH,1
GRID_S30_E130,-30,130,2025,10,2025-10-01,0.9995594001538477,99.95594001538477,0.849077622359198,84.9077622359198,1,VERY HIGH,0
GRID_N60_W150,60,-150,2025,5,2025-05-01,0.9995186219933935,99.95186219933935,0.8450355046666971,84.50355046666971,1,VERY HIGH,1
GRID_S30_E130,-30,130,2025,9,2025-09-01,0.9994285374610895,99.94285374610895,0.8389054871876578,83.89054871876579,1,VERY HIGH,1
GRID_N50_W110,50,-110,2025,8,2025-08-01,0.9995903609758581,99.95903609758581,0.8382574996994645,83.82574996994646,1,VERY HIGH,0
GRID_S10_E030,-10,30,2025,5,2025-05-01,0.9993744561906621,99.93744561906621,0.8330891180564105,83.30891180564105,1,VERY HIGH,1
GRID_N40_E010,40,10,2025,8,2025-08-01,0.9995979799881001,99.95979799881,0.8313935045168162,83.13935045168162,1,VERY HIGH,1
GRID_N40_W120,40,-120,2025,1,2025-01-01,0.9999908904690666,99.99908904690666,0.8250164393902871,82.50164393902871,1,VERY HIGH,0
GRID_N10_E010,10,10,2025,11,2025-11-01,0.9994848656349826,99.94848656349826,0.8248177293409986,82.48177293409987,1,VERY HIGH,1
GRID_S30_E120,-30,120,2025,11,2025-11-01,0.9995271254803504,99.95271254803504,0.8239363127529659,82.39363127529658,1,VERY HIGH,1
GRID_N10_E030,10,30,2025,11,2025-11-01,0.999417735697356,99.9417735697356,0.8215652546153605,82.15652546153605,1,VERY HIGH,1
GRID_N30_W090,30,-90,2025,7,2025-07-01,0.9998171012894806,99.98171012894807,0.8172421302011899,81.72421302011898,1,VERY HIGH,1
GRID_N30_W100,30,-100,2025,9,2025-09-01,0.9999691072500321,99.9969107250032,0.816399560532948,81.63995605329481,1,VERY HIGH,1
GRID_S10_W050,-10,-50,2025,7,2025-07-01,0.9992474639601653,99.92474639601653,0.8148306753223438,81.48306753223437,1,VERY HIGH,1
GRID_N40_W120,40,-120,2025,9,2025-09-01,0.9999982926325649,99.99982926325649,0.8145011896996843,81.45011896996843,1,VERY HIGH,1
GRID_S10_W060,-10,-60,2025,6,2025-06-01,0.9992418232679715,99.92418232679715,0.8108582331745267,81.08582331745266,1,VERY HIGH,1
GRID_N10_W090,10,-90,2025,7,2025-07-01,0.9995423082271545,99.95423082271545,0.8095521456965432,80.95521456965432,1,VERY HIGH,1
GRID_N30_W090,30,-90,2025,5,2025-05-01,0.9994586968061204,99.94586968061205,0.8071440159719415,80.71440159719415,1,VERY HIGH,1
GRID_N30_W130,30,-130,2025,9,2025-09-01,0.9999567460933731,99.99567460933731,0.8058990627457472,80.58990627457472,1,VERY HIGH,0
GRID_N20_W090,20,-90,2025,9,2025-09-01,0.999417123098474,99.9417123098474,0.8001457826708442,80.01457826708443,1,VERY HIGH,1
GRID_S10_E030,-10,30,2025,6,2025-06-01,0.9989497265518976,99.89497265518976,0.7901028955437763,79.01028955437764,1,VERY HIGH,1
GRID_N10_W090,10,-90,2025,10,2025-10-01,0.9992786322710446,99.92786322710447,0.7890905541866571,78.9090554186657,1,VERY HIGH,0
GRID_N50_E110,50,110,2025,3,2025-03-01,0.9990525449382316,99.90525449382316,0.7890136598839089,78.90136598839089,1,VERY HIGH,1
GRID_S30_E130,-30,130,2025,8,2025-08-01,0.9989246704567768,99.89246704567768,0.7860867701619787,78.60867701619787,1,VERY HIGH,1
GRID_S30_E020,-30,20,2025,8,2025-08-01,0.9989778933980616,99.89778933980617,0.7846760606465042,78.46760606465043,1,VERY HIGH,1
GRID_S10_W060,-10,-60,2025,5,2025-05-01,0.9989537834195693,99.89537834195693,0.7828804271475732,78.28804271475732,1,VERY HIGH,0
GRID_N00_E020,0,20,2025,7,2025-07-01,0.9996286373257837,99.96286373257837,0.7800504111147577,78.00504111147578,1,VERY HIGH,0
GRID_N10_W090,10,-90,2025,5,2025-05-01,0.9992253000297577,99.92253000297578,0.7778678903248004,77.78678903248004,1,VERY HIGH,1
GRID_N20_W110,20,-110,2025,4,2025-04-01,0.9990840732968543,99.90840732968543,0.7771520709940511,77.71520709940512,1,VERY HIGH,1
GRID_S10_W060,-10,-60,2025,4,2025-04-01,0.998843099750519,99.8843099750519,0.7735616050884062,77.35616050884062,1,VERY HIGH,0
GRID_N50_E120,50,120,2025,4,2025-04-01,0.9988459317981122,99.88459317981122,0.7729005196043912,77.29005196043911,1,VERY HIGH,1
GRID_N10_W090,10,-90,2025,8,2025-08-01,0.9991151233796248,99.91151233796248,0.7706421976561246,77.06421976561246,1,VERY HIGH,1
GRID_N30_W110,30,-110,2025,10,2025-10-01,0.9997256222849139,99.97256222849138,0.7643518657924622,76.43518657924622,1,VERY HIGH,1
GRID_N40_E010,40,10,2025,7,2025-07-01,0.9989600500040122,99.89600500040122,0.7597139028426244,75.97139028426244,1,VERY HIGH,1
GRID_N10_W090,10,-90,2025,6,2025-06-01,0.9989815249567882,99.89815249567881,0.7592544651390336,75.92544651390337,1,VERY HIGH,1
GRID_N10_W110,10,-110,2025,6,2025-06-01,0.9989410223874566,99.89410223874566,0.754439461679107,75.4439461679107,1,VERY HIGH,0
GRID_S30_W060,-30,-60,2025,5,2025-05-01,0.9984594634908951,99.84594634908952,0.7516974964349185,75.16974964349184,1,VERY HIGH,1
GRID_N50_E120,50,120,2025,3,2025-03-01,0.9985694853052796,99.85694853052796,0.7515698417531623,75.15698417531624,1,VERY HIGH,0
GRID_N30_W090,30,-90,2025,8,2025-08-01,0.9994829982629049,99.9482998262905,0.7457313727186478,74.57313727186478,1,VERY HIGH,1
GRID_N60_W160,60,-160,2025,7,2025-07-01,0.9988522252480744,99.88522252480743,0.7413340929384061,74.13340929384061,1,VERY HIGH,0
GRID_N20_W090,20,-90,2025,11,2025-11-01,0.9985585742781543,99.85585742781544,0.7377129320596285,73.77129320596285,1,VERY HIGH,1
GRID_N50_W130,50,-130,2025,8,2025-08-01,0.9991471001715575,99.91471001715576,0.7372156653481858,73.72156653481858,1,VERY HIGH,1
GRID_N40_W100,40,-100,2025,1,2025-01-01,0.9981443537191453,99.81443537191453,0.7353179607447821,73.53179607447821,1,VERY HIGH,1
GRID_N50_E110,50,110,2025,2,2025-02-01,0.9983292722529298,99.83292722529298,0.7333075326729122,73.33075326729121,1,VERY HIGH,0
GRID_N20_W090,20,-90,2025,10,2025-10-01,0.9985747547562482,99.85747547562482,0.7320770260742384,73.20770260742384,1,VERY HIGH,0
GRID_N50_E120,50,120,2025,2,2025-02-01,0.9982475774766015,99.82475774766016,0.7297188657057696,72.97188657057696,1,VERY HIGH,0
GRID_S30_E140,-30,140,2025,10,2025-10-01,0.9980974332369573,99.80974332369573,0.7246571335550314,72.46571335550314,1,VERY HIGH,1
GRID_N60_W120,60,-120,2025,7,2025-07-01,0.9981317254743287,99.81317254743287,0.717101703554472,71.7101703554472,1,VERY HIGH,1
GRID_N20_W100,20,-100,2025,3,2025-03-01,0.998038795049787,99.8038795049787,0.7120029987484318,71.20029987484318,1,VERY HIGH,1
GRID_S30_E140,-30,140,2025,8,2025-08-01,0.9977350767791312,99.77350767791312,0.7100835911491098,71.00835911491097,1,VERY HIGH,1
GRID_N40_W110,40,-110,2025,10,2025-10-01,0.998924903802569,99.8924903802569,0.7087407962736556,70.87407962736556,1,VERY HIGH,1
GRID_S30_W060,-30,-60,2025,6,2025-06-01,0.997621220147451,99.7621220147451,0.7038655937876533,70.38655937876534,1,VERY HIGH,0
GRID_N10_E120,10,120,2025,7,2025-07-01,0.9978361080208048,99.78361080208047,0.7037006008792841,70.37006008792841,1,VERY HIGH,0
GRID_S40_W080,-40,-80,2025,3,2025-03-01,0.9982254803157257,99.82254803157257,0.6983135479963818,69.83135479963818,1,HIGH,0
GRID_N10_W090,10,-90,2025,4,2025-04-01,0.9977429426189496,99.77429426189495,0.6982234478189147,69.82234478189146,1,HIGH,1
GRID_N10_W110,10,-110,2025,9,2025-09-01,0.9979750599995644,99.79750599995644,0.6978575635329797,69.78575635329797,1,HIGH,1
GRID_N10_W090,10,-90,2025,11,2025-11-01,0.9976144100801881,99.76144100801882,0.6978435712179342,69.78435712179342,1,HIGH,0
GRID_N10_E000,10,0,2025,1,2025-01-01,0.9979197008457279,99.7919700845728,0.6950343887493036,69.50343887493035,1,HIGH,1
GRID_N40_E000,40,0,2025,8,2025-08-01,0.9978283524610073,99.78283524610073,0.693729417373557,69.3729417373557,1,HIGH,1
GRID_S10_E030,-10,30,2025,9,2025-09-01,0.9977661428939039,99.77661428939038,0.6895465876930544,68.95465876930544,1,HIGH,0
GRID_S20_W050,-20,-50,2025,6,2025-06-01,0.9972563521280121,99.72563521280121,0.6871141023103384,68.71141023103384,1,HIGH,1
GRID_N00_E030,0,30,2025,10,2025-10-01,0.9971586859269812,99.71586859269811,0.6854089625765228,68.54089625765228,1,HIGH,1
GRID_S10_E010,-10,10,2025,2,2025-02-01,0.998335702548851,99.83357025488509,0.6852385755966586,68.52385755966586,1,HIGH,0
GRID_N50_W130,50,-130,2025,7,2025-07-01,0.9982875645506292,99.82875645506292,0.6830402085015933,68.30402085015933,1,HIGH,1
GRID_S20_W050,-20,-50,2025,5,2025-05-01,0.9971195267974093,99.71195267974093,0.6815298877184889,68.15298877184888,1,HIGH,0
GRID_N20_W100,20,-100,2025,11,2025-11-01,0.9972620932343292,99.72620932343293,0.6794443421432955,67.94443421432955,1,HIGH,1
GRID_N10_W090,10,-90,2025,1,2025-01-01,0.9969863337814083,99.69863337814083,0.6755072796679833,67.55072796679833,1,HIGH,0
GRID_N10_W090,10,-90,2025,3,2025-03-01,0.9970313525436707,99.70313525436707,0.6750680585260029,67.5068058526003,1,HIGH,1
GRID_N10_W100,10,-100,2025,9,2025-09-01,0.9971727858042697,99.71727858042698,0.6720606413141843,67.20606413141843,1,HIGH,1
GRID_N60_W150,60,-150,2025,3,2025-03-01,0.9965188929547163,99.65188929547163,0.664274260245046,66.4274260245046,1,HIGH,1
GRID_N40_E000,40,0,2025,6,2025-06-01,0.9970964457605468,99.70964457605469,0.6628878323911115,66.28878323911115,1,HIGH,1
GRID_S30_E120,-30,120,2025,1,2025-01-01,0.9973522653799615,99.73522653799614,0.6620764109912012,66.20764109912012,1,HIGH,0
GRID_N30_W100,30,-100,2025,7,2025-07-01,0.9988092006518524,99.88092006518524,0.6591701753422374,65.91701753422375,1,HIGH,1
GRID_N30_W100,30,-100,2025,8,2025-08-01,0.9991498025784298,99.91498025784298,0.6489980866550973,64.89980866550972,1,HIGH,1
GRID_N00_W010,0,-10,2025,11,2025-11-01,0.9966416072284843,99.66416072284842,0.6460734711553136,64.60734711553135,1,HIGH,1
GRID_S10_E030,-10,30,2025,4,2025-04-01,0.9959388149687508,99.59388149687508,0.6409031549970189,64.09031549970189,1,HIGH,1
GRID_N60_W150,60,-150,2025,2,2025-02-01,0.9957375113250523,99.57375113250522,0.6380460290931584,63.80460290931585,1,HIGH,0
GRID_N20_W100,20,-100,2025,8,2025-08-01,0.9963056139859533,99.63056139859533,0.6360893036114236,63.608930361142356,1,HIGH,0
GRID_S10_W050,-10,-50,2025,6,2025-06-01,0.995612712906064,99.5612712906064,0.631058531867541,63.1058531867541,1,HIGH,1
GRID_N20_E070,20,70,2025,11,2025-11-01,0.9963850738208792,99.63850738208791,0.6281965392680148,62.81965392680148,1,HIGH,0
GRID_N50_W130,50,-130,2025,5,2025-05-01,0.9968544600890616,99.68544600890617,0.6269044197476232,62.69044197476232,1,HIGH,1
GRID_S20_E120,-20,120,2025,2,2025-02-01,0.9971097564790132,99.71097564790132,0.6267961030412207,62.67961030412207,1,HIGH,1
GRID_S20_E120,-20,120,2025,3,2025-03-01,0.9968569934140453,99.68569934140453,0.6263935029679727,62.63935029679727,1,HIGH,1
GRID_S20_E020,-20,20,2025,9,2025-09-01,0.9975404563733667,99.75404563733667,0.6263581937975398,62.635819379753976,1,HIGH,0
GRID_N40_E000,40,0,2025,7,2025-07-01,0.9959544531820652,99.59544531820652,0.6260474144326531,62.60474144326531,1,HIGH,1
GRID_N10_W110,10,-110,2025,10,2025-10-01,0.9954073019333524,99.54073019333524,0.6172757800438335,61.72757800438335,1,HIGH,0
GRID_N60_W150,60,-150,2025,1,2025-01-01,0.9950026440712638,99.50026440712638,0.6160204470183077,61.60204470183077,1,HIGH,0
GRID_N10_E120,10,120,2025,10,2025-10-01,0.9949003881724279,99.49003881724279,0.6144215750381857,61.44215750381857,1,HIGH,1
GRID_S30_W060,-30,-60,2025,7,2025-07-01,0.9948029430551073,99.48029430551072,0.6048050835772052,60.48050835772052,1,HIGH,0
GRID_N40_E020,40,20,2025,5,2025-05-01,0.995128543208922,99.5128543208922,0.6022918562274977,60.22918562274977,1,HIGH,0
GRID_N10_W090,10,-90,2025,2,2025-02-01,0.9938399293591779,99.38399293591779,0.6011244777666189,60.112447776661895,1,HIGH,1
GRID_N10_E120,10,120,2025,9,2025-09-01,0.9940867465436989,99.40867465436989,0.5996342156550897,59.963421565508966,1,HIGH,1
GRID_N30_W130,30,-130,2025,8,2025-08-01,0.9966372116368918,99.66372116368917,0.591091569444208,59.1091569444208,1,HIGH,1
GRID_N50_E120,50,120,2025,1,2025-01-01,0.9944978229327641,99.44978229327641,0.5900929504490169,59.00929504490169,1,HIGH,0
GRID_S10_W050,-10,-50,2025,5,2025-05-01,0.9939542751127818,99.39542751127817,0.5864194231797175,58.641942317971754,1,HIGH,0
GRID_S20_W050,-20,-50,2025,4,2025-04-01,0.9939885836178448,99.39885836178448,0.5817983720021458,58.17983720021458,1,HIGH,0
GRID_S30_W060,-30,-60,2025,8,2025-08-01,0.9943357733897906,99.43357733897906,0.5809904544989475,58.099045449894746,1,HIGH,1
GRID_N10_W100,10,-100,2025,8,2025-08-01,0.9934707566893803,99.34707566893803,0.5807511758052138,58.075117580521386,1,HIGH,1
GRID_N10_W100,10,-100,2025,6,2025-06-01,0.993456056572937,99.3456056572937,0.5783546654270196,57.835466542701965,1,HIGH,1
GRID_S40_W080,-40,-80,2025,1,2025-01-01,0.9942143491044113,99.42143491044114,0.5773492438493422,57.73492438493422,1,HIGH,0
GRID_N50_W100,50,-100,2025,8,2025-08-01,0.9952385948785818,99.52385948785818,0.5772954922748046,57.72954922748046,1,HIGH,0
GRID_N10_E120,10,120,2025,6,2025-06-01,0.9926423161265501,99.26423161265501,0.5746949835585523,57.46949835585523,1,HIGH,1
GRID_S10_W070,-10,-70,2025,8,2025-08-01,0.994240870531777,99.4240870531777,0.5682915651180479,56.82915651180479,1,HIGH,0
GRID_S10_W060,-10,-60,2025,3,2025-03-01,0.9938622928456443,99.38622928456444,0.566691227778281,56.66912277782809,1,HIGH,0
GRID_N30_W110,30,-110,2025,11,2025-11-01,0.9934336598828385,99.34336598828385,0.564512933225865,56.4512933225865,1,HIGH,1
GRID_N40_W090,40,-90,2025,5,2025-05-01,0.9931764531139069,99.31764531139069,0.5633220903131224,56.33220903131224,1,HIGH,0
GRID_N00_W070,0,-70,2025,2,2025-02-01,0.9939305614711302,99.39305614711303,0.5613417839257946,56.13417839257946,1,HIGH,1
GRID_N10_W110,10,-110,2025,7,2025-07-01,0.9922216892164509,99.22216892164509,0.5570365087085776,55.70365087085776,1,HIGH,0
GRID_N10_E120,10,120,2025,11,2025-11-01,0.9908052606737805,99.08052606737805,0.5471286106816449,54.712861068164486,1,HIGH,0
GRID_S10_W050,-10,-50,2025,4,2025-04-01,0.9919924380832421,99.19924380832421,0.5450449076294968,54.50449076294967,1,HIGH,0
GRID_N10_W120,10,-120,2025,8,2025-08-01,0.991840619906044,99.1840619906044,0.542734875437586,54.273487543758606,1,HIGH,0
GRID_N10_W110,10,-110,2025,5,2025-05-01,0.9905222868098444,99.05222868098444,0.537235072462005,53.7235072462005,1,HIGH,1
GRID_N00_E020,0,20,2025,3,2025-03-01,0.9902885051669676,99.02885051669676,0.5328860039758544,53.28860039758544,1,HIGH,0
GRID_N10_W110,10,-110,2025,8,2025-08-01,0.990641935206491,99.0641935206491,0.5328070151508427,53.280701515084274,1,HIGH,1
GRID_N30_W080,30,-80,2025,3,2025-03-01,0.9909223977208779,99.0922397720878,0.5313736487826766,53.137364878267654,1,HIGH,1
GRID_N00_E030,0,30,2025,9,2025-09-01,0.9909472889773784,99.09472889773784,0.5298093485872034,52.98093485872034,1,HIGH,1
GRID_S30_E020,-30,20,2025,9,2025-09-01,0.9920149951173798,99.20149951173798,0.5264868630254175,52.64868630254175,1,HIGH,1
GRID_N10_W100,10,-100,2025,5,2025-05-01,0.990014831931896,99.0014831931896,0.5257785474303212,52.57785474303211,1,HIGH,1
GRID_N00_W070,0,-70,2025,3,2025-03-01,0.9912089225968049,99.12089225968049,0.5167092889262184,51.67092889262184,1,HIGH,0
GRID_N30_W080,30,-80,2025,11,2025-11-01,0.9895594768175303,98.95594768175303,0.5148925337699233,51.48925337699233,1,HIGH,0
GRID_N10_E120,10,120,2025,8,2025-08-01,0.9878917602781261,98.7891760278126,0.5140380262721458,51.40380262721458,1,HIGH,1
GRID_S30_E150,-30,150,2025,9,2025-09-01,0.9907046964736425,99.07046964736425,0.5138074670110834,51.380746701108336,1,HIGH,0
GRID_N60_W150,60,-150,2025,7,2025-07-01,0.9905819263725519,99.05819263725519,0.51272845362605,51.272845362605004,1,HIGH,1
GRID_S20_E030,-20,30,2025,3,2025-03-01,0.9946586513550341,99.4658651355034,0.5112637938064962,51.126379380649624,1,HIGH,0
GRID_N40_W110,40,-110,2025,11,2025-11-01,0.9909815352427694,99.09815352427694,0.5078962441665004,50.789624416650035,1,HIGH,1
GRID_N30_W100,30,-100,2025,6,2025-06-01,0.9902348605641538,99.02348605641538,0.5069919934356522,50.69919934356521,1,HIGH,1
GRID_S30_E130,-30,130,2025,7,2025-07-01,0.9903836963508257,99.03836963508257,0.5064983158252436,50.649831582524364,1,HIGH,1
GRID_N60_W130,60,-130,2025,7,2025-07-01,0.9893100159817786,98.93100159817786,0.5022145666798298,50.22145666798298,1,HIGH,1
GRID_S30_W060,-30,-60,2025,4,2025-04-01,0.9891089416879232,98.91089416879232,0.5018846877453261,50.188468774532616,1,HIGH,1
GRID_N10_E120,10,120,2025,4,2025-04-01,0.985845143130924,98.5845143130924,0.4925622908543934,49.256229085439344,0,MODERATE,0
GRID_N00_E030,0,30,2025,8,2025-08-01,0.9888186073953089,98.8818607395309,0.48634158119151927,48.63415811915193,0,MODERATE,0
GRID_N30_E030,30,30,2025,7,2025-07-01,0.9884202863769276,98.84202863769276,0.4851437301314084,48.51437301314084,0,MODERATE,0
GRID_S30_E140,-30,140,2025,7,2025-07-01,0.9887096213730369,98.87096213730369,0.48463030787398304,48.4630307873983,0,MODERATE,1
GRID_N00_E020,0,20,2025,2,2025-02-01,0.9852753219112363,98.52753219112364,0.4842440914822322,48.42440914822322,0,MODERATE,1
GRID_S20_E040,-20,40,2025,11,2025-11-01,0.9883672882124418,98.83672882124418,0.483685263011831,48.3685263011831,0,MODERATE,0
GRID_N30_W120,30,-120,2025,9,2025-09-01,0.9895783918686409,98.95783918686409,0.4826207534883979,48.26207534883979,0,MODERATE,1
GRID_S20_E130,-20,130,2025,2,2025-02-01,0.9935184827849312,99.35184827849312,0.4817065736206317,48.17065736206317,0,MODERATE,1
GRID_N10_E120,10,120,2025,5,2025-05-01,0.9843658556163158,98.43658556163159,0.48169821054429407,48.169821054429406,0,MODERATE,1
GRID_N10_W100,10,-100,2025,7,2025-07-01,0.9850993447391732,98.50993447391731,0.48124310554753646,48.12431055475365,0,MODERATE,1
GRID_S10_E140,-10,140,2025,3,2025-03-01,0.9854527103913436,98.54527103913436,0.4785011882081783,47.850118820817826,0,MODERATE,0
GRID_S40_W080,-40,-80,2025,6,2025-06-01,0.9832673983393004,98.32673983393005,0.4735296593260516,47.35296593260516,0,MODERATE,0
GRID_N30_W080,30,-80,2025,6,2025-06-01,0.9849752988356059,98.49752988356059,0.4725574445475386,47.25574445475386,0,MODERATE,1
GRID_N50_W120,50,-120,2025,4,2025-04-01,0.9863549880787224,98.63549880787224,0.4723674942515849,47.23674942515849,0,MODERATE,1
GRID_S10_E100,-10,100,2025,8,2025-08-01,0.9846716985761487,98.46716985761486,0.4714328182400423,47.14328182400423,0,MODERATE,0
GRID_N30_W110,30,-110,2025,9,2025-09-01,0.9840836966142799,98.40836966142798,0.469175579458639,46.917557945863905,0,MODERATE,1
GRID_N20_W100,20,-100,2025,2,2025-02-01,0.9853765950084483,98.53765950084482,0.46366931933439154,46.366931933439155,0,MODERATE,1
GRID_N10_W100,10,-100,2025,10,2025-10-01,0.9835394242819834,98.35394242819834,0.4627759636372403,46.27759636372403,0,MODERATE,1
GRID_S30_E130,-30,130,2025,6,2025-06-01,0.9869399062334315,98.69399062334315,0.4622374224177202,46.22374224177202,0,MODERATE,0
GRID_N10_W110,10,-110,2025,4,2025-04-01,0.9821529434137588,98.21529434137588,0.45945350286943787,45.945350286943786,0,MODERATE,1
GRID_N00_E010,0,10,2025,11,2025-11-01,0.9864870838385981,98.64870838385981,0.4573286788397418,45.73286788397418,0,MODERATE,1
GRID_N20_E140,20,140,2025,7,2025-07-01,0.9840352097823932,98.40352097823933,0.45727855815505525,45.72785581550553,0,MODERATE,0
GRID_N50_E110,50,110,2025,7,2025-07-01,0.9841335192935193,98.41335192935193,0.45610997080947635,45.610997080947634,0,MODERATE,0
GRID_N00_E120,0,120,2025,10,2025-10-01,0.9832536016802965,98.32536016802965,0.4560302688999068,45.60302688999068,0,MODERATE,1
GRID_N50_W120,50,-120,2025,3,2025-03-01,0.984583683910317,98.4583683910317,0.45371931451637604,45.37193145163761,0,MODERATE,0
GRID_S20_E160,-20,160,2025,4,2025-04-01,0.9819948114712554,98.19948114712554,0.45325167394500365,45.32516739450037,0,MODERATE,0
GRID_N30_W080,30,-80,2025,5,2025-05-01,0.9825795033790623,98.25795033790624,0.45154309858666564,45.154309858666565,0,MODERATE,1
GRID_N30_E020,30,20,2025,8,2025-08-01,0.9849894473526645,98.49894473526645,0.4507317196309527,45.07317196309527,0,MODERATE,0
GRID_N00_E030,0,30,2025,3,2025-03-01,0.9848671538015332,98.48671538015333,0.4506032985489363,45.06032985489363,0,MODERATE,1
GRID_N30_W080,30,-80,2025,7,2025-07-01,0.9816368433479644,98.16368433479644,0.4456790678703636,44.56790678703636,0,MODERATE,1
GRID_S40_W080,-40,-80,2025,11,2025-11-01,0.9814394286267331,98.1439428626733,0.44434799065820874,44.434799065820876,0,MODERATE,0
GRID_S30_E020,-30,20,2025,6,2025-06-01,0.9832179930831543,98.32179930831543,0.4434229434476727,44.34229434476727,0,MODERATE,0
GRID_S30_E020,-30,20,2025,7,2025-07-01,0.9828928179253679,98.28928179253678,0.43943209306262254,43.943209306262254,0,MODERATE,1
GRID_N60_W130,60,-130,2025,6,2025-06-01,0.9829190925622683,98.29190925622683,0.43818176840698114,43.818176840698115,0,MODERATE,1
GRID_N10_W100,10,-100,2025,11,2025-11-01,0.9792491346033871,97.92491346033871,0.4361643693482454,43.616436934824534,0,MODERATE,1
GRID_N40_W010,40,-10,2025,9,2025-09-01,0.9818145819391102,98.18145819391103,0.4305682781760051,43.056827817600514,0,MODERATE,1
GRID_S20_E140,-20,140,2025,5,2025-05-01,0.9849368000378413,98.49368000378414,0.4295410133083152,42.95410133083152,0,MODERATE,0
GRID_S30_E020,-30,20,2025,5,2025-05-01,0.9815369632125833,98.15369632125834,0.429020210227112,42.9020210227112,0,MODERATE,0
GRID_N10_W110,10,-110,2025,11,2025-11-01,0.9761929538745603,97.61929538745603,0.4223289029755367,42.23289029755367,0,MODERATE,0
GRID_S30_E130,-30,130,2025,5,2025-05-01,0.9825521775505576,98.25521775505575,0.4190260532043705,41.90260532043705,0,MODERATE,0
GRID_N10_W120,10,-120,2025,7,2025-07-01,0.9785442140638279,97.85442140638278,0.41752068394828823,41.752068394828825,0,MODERATE,1
GRID_S40_W080,-40,-80,2025,2,2025-02-01,0.9793709989453601,97.937099894536,0.41720590444526967,41.72059044452697,0,MODERATE,1
GRID_S40_W080,-40,-80,2025,4,2025-04-01,0.9739550299422597,97.39550299422596,0.4118040852941355,41.18040852941355,0,MODERATE,0
GRID_N40_E000,40,0,2025,5,2025-05-01,0.9780089037886988,97.80089037886988,0.40991377763464315,40.991377763464314,0,MODERATE,1
GRID_N40_W010,40,-10,2025,7,2025-07-01,0.9784772837379927,97.84772837379927,0.408218511735182,40.8218511735182,0,MODERATE,1
GRID_S20_E160,-20,160,2025,2,2025-02-01,0.9754976200684283,97.54976200684283,0.40381653422432817,40.38165342243282,0,MODERATE,0
GRID_S40_W080,-40,-80,2025,5,2025-05-01,0.9711074795770623,97.11074795770624,0.40013035895072135,40.013035895072136,0,MODERATE,1
GRID_N60_W160,60,-160,2025,5,2025-05-01,0.9760933973810745,97.60933973810745,0.3990767079048672,39.90767079048672,0,MODERATE,1
GRID_N30_W130,30,-130,2025,7,2025-07-01,0.9805103290129996,98.05103290129996,0.39769479899455307,39.769479899455305,0,MODERATE,1
GRID_N10_E100,10,100,2025,8,2025-08-01,0.9777660734713881,97.7766073471388,0.39718653011163985,39.71865301116399,0,MODERATE,1
GRID_N40_E010,40,10,2025,11,2025-11-01,0.9783435575051039,97.8343557505104,0.396382082085997,39.6382082085997,0,MODERATE,1
GRID_N20_W100,20,-100,2025,6,2025-06-01,0.9741657837167599,97.41657837167598,0.39380501459599043,39.380501459599046,0,MODERATE,1
GRID_S10_E140,-10,140,2025,6,2025-06-01,0.9700832498995782,97.00832498995781,0.39127531586668607,39.12753158666861,0,MODERATE,0
GRID_N10_W020,10,-20,2025,11,2025-11-01,0.9778579984705191,97.78579984705192,0.38930091880837187,38.93009188083719,0,MODERATE,1
GRID_S10_E140,-10,140,2025,11,2025-11-01,0.9711477942593852,97.11477942593852,0.38886340054033686,38.88634005403369,0,MODERATE,0
GRID_N10_W010,10,-10,2025,11,2025-11-01,0.9782336993199064,97.82336993199064,0.38737524207004975,38.737524207004974,0,MODERATE,1
GRID_S10_E140,-10,140,2025,10,2025-10-01,0.9709165079653131,97.09165079653131,0.38531554872116114,38.53155487211611,0,MODERATE,1
GRID_S40_W080,-40,-80,2025,8,2025-08-01,0.9678250866911056,96.78250866911056,0.3851339216504955,38.513392165049545,0,MODERATE,0
GRID_N20_W100,20,-100,2025,4,2025-04-01,0.971347509565763,97.1347509565763,0.3826280948472475,38.262809484724755,0,MODERATE,0
GRID_N10_E100,10,100,2025,3,2025-03-01,0.9767934822406819,97.67934822406818,0.38121900843884143,38.12190084388414,0,MODERATE,1
GRID_S40_W080,-40,-80,2025,7,2025-07-01,0.9644627731831698,96.44627731831697,0.3755929507513817,37.559295075138174,0,MODERATE,0
GRID_S20_E160,-20,160,2025,5,2025-05-01,0.9658051302009041,96.58051302009041,0.37515332680051133,37.51533268005113,0,MODERATE,0
GRID_N00_E120,0,120,2025,7,2025-07-01,0.9678841885640483,96.78841885640483,0.37379756791092983,37.37975679109298,0,MODERATE,1
GRID_N10_E100,10,100,2025,9,2025-09-01,0.9736304468553183,97.36304468553183,0.3724202816274203,37.24202816274203,0,MODERATE,0
GRID_S30_E020,-30,20,2025,4,2025-04-01,0.9733815167151207,97.33815167151208,0.37134383833203294,37.134383833203295,0,MODERATE,0
GRID_S10_E140,-10,140,2025,5,2025-05-01,0.9639122355423678,96.39122355423679,0.36761712739258,36.761712739258,0,MODERATE,0
GRID_S40_W080,-40,-80,2025,10,2025-10-01,0.9656434955199991,96.56434955199991,0.3672666759459887,36.72666759459887,0,MODERATE,1
GRID_S40_E140,-40,140,2025,2,2025-02-01,0.9739742760229898,97.39742760229898,0.36500670888408204,36.5006708884082,0,MODERATE,0
GRID_N10_E120,10,120,2025,1,2025-01-01,0.9645127538478739,96.4512753847874,0.3637132977708448,36.37132977708448,0,MODERATE,0
GRID_N40_E000,40,0,2025,9,2025-09-01,0.9674167937810431,96.74167937810431,0.3616481173536024,36.16481173536024,0,MODERATE,1
GRID_S10_E140,-10,140,2025,4,2025-04-01,0.9638298038226645,96.38298038226645,0.36094191714788,36.094191714787996,0,MODERATE,0
GRID_N60_W160,60,-160,2025,4,2025-04-01,0.9681775724911454,96.81775724911455,0.3593288024216729,35.93288024216729,0,MODERATE,0
GRID_S40_W080,-40,-80,2025,9,2025-09-01,0.9601574553133371,96.0157455313337,0.35710560399109664,35.71056039910967,0,MODERATE,0
GRID_S20_E160,-20,160,2025,6,2025-06-01,0.9597966854750786,95.97966854750786,0.35556128251290164,35.55612825129016,0,MODERATE,0
GRID_N40_E010,40,10,2025,6,2025-06-01,0.9676778546188004,96.76778546188004,0.35536494043216693,35.53649404321669,0,MODERATE,1
GRID_N10_W120,10,-120,2025,10,2025-10-01,0.9636863680787957,96.36863680787957,0.35351562469702474,35.35156246970247,0,MODERATE,0
GRID_S20_E160,-20,160,2025,7,2025-07-01,0.9582447121046884,95.82447121046884,0.3517000296369037,35.17000296369037,0,MODERATE,0
GRID_N20_W100,20,-100,2025,7,2025-07-01,0.9638786719060627,96.38786719060627,0.35009860475943355,35.009860475943356,0,MODERATE,1
GRID_N30_W080,30,-80,2025,8,2025-08-01,0.9623758318144496,96.23758318144496,0.3498326441665609,34.98326441665609,0,MODERATE,0
GRID_N00_E120,0,120,2025,8,2025-08-01,0.9615000064987604,96.15000064987605,0.3495672637796806,34.95672637796806,0,MODERATE,1
GRID_N00_E120,0,120,2025,11,2025-11-01,0.9631314812371351,96.3131481237135,0.349331700469925,34.9331700469925,0,MODERATE,0
GRID_N00_E120,0,120,2025,9,2025-09-01,0.9612280016855288,96.12280016855289,0.34888182406666973,34.88818240666697,0,MODERATE,1
GRID_N30_E130,30,130,2025,8,2025-08-01,0.9635788690724348,96.35788690724348,0.347895473218575,34.7895473218575,0,MODERATE,1
GRID_N10_E120,10,120,2025,3,2025-03-01,0.9585818092304802,95.85818092304802,0.3477048883945047,34.77048883945047,0,MODERATE,1
GRID_N00_W010,0,-10,2025,1,2025-01-01,0.9718334768561279,97.18334768561279,0.3475942984679528,34.75942984679528,0,MODERATE,1
GRID_S20_E160,-20,160,2025,3,2025-03-01,0.9608804179898177,96.08804179898178,0.34713434022896344,34.713434022896344,0,MODERATE,1
GRID_N40_W100,40,-100,2025,9,2025-09-01,0.9692145812558975,96.92145812558975,0.3411877940478294,34.11877940478294,0,MODERATE,0
GRID_N60_W160,60,-160,2025,3,2025-03-01,0.9641324043684801,96.41324043684801,0.34024198622645413,34.024198622645415,0,MODERATE,0
GRID_S10_E100,-10,100,2025,7,2025-07-01,0.9586091339587838,95.86091339587838,0.3396889413971393,33.96889413971393,0,MODERATE,1
GRID_N50_E160,50,160,2025,4,2025-04-01,0.9597302244351089,95.97302244351089,0.3391170523870969,33.911705238709686,0,MODERATE,0
GRID_S10_E140,-10,140,2025,8,2025-08-01,0.9562866552432996,95.62866552432996,0.3365346791655147,33.65346791655147,0,MODERATE,0
GRID_N10_E110,10,110,2025,9,2025-09-01,0.9591025861934246,95.91025861934246,0.3356899886085174,33.56899886085174,0,MODERATE,1
GRID_N50_E160,50,160,2025,8,2025-08-01,0.9563867111596865,95.63867111596865,0.3333598416053688,33.33598416053688,0,MODERATE,0
GRID_S10_E140,-10,140,2025,7,2025-07-01,0.953547435151421,95.3547435151421,0.33327988467189673,33.32798846718967,0,MODERATE,0
GRID_N10_W110,10,-110,2025,3,2025-03-01,0.9524551577767617,95.24551577767618,0.330475054619086,33.0475054619086,0,MODERATE,1
GRID_N50_W120,50,-120,2025,2,2025-02-01,0.9649509620724095,96.49509620724095,0.3303676788735549,33.03676788735549,0,MODERATE,0
GRID_N50_E110,50,110,2025,1,2025-01-01,0.970630506609639,97.0630506609639,0.32987477588167213,32.987477588167216,0,MODERATE,0
GRID_N10_E120,10,120,2025,2,2025-02-01,0.9538942657950432,95.38942657950432,0.32944127769152926,32.94412776915293,0,MODERATE,0
GRID_N50_W120,50,-120,2025,8,2025-08-01,0.9628992934041897,96.28992934041896,0.329296241443354,32.9296241443354,0,MODERATE,0
GRID_S20_E020,-20,20,2025,2,2025-02-01,0.9819294694405156,98.19294694405156,0.3286337146828594,32.86337146828594,0,MODERATE,0
GRID_N00_E120,0,120,2025,6,2025-06-01,0.9546340841919654,95.46340841919654,0.32856451143261584,32.85645114326158,0,MODERATE,1
GRID_N10_E110,10,110,2025,8,2025-08-01,0.9561650133930046,95.61650133930047,0.3282544461149053,32.825444611490525,0,MODERATE,1
GRID_S40_W070,-40,-70,2025,11,2025-11-01,0.9666310408357917,96.66310408357917,0.32609610114886106,32.60961011488611,0,MODERATE,1
GRID_N40_E000,40,0,2025,10,2025-10-01,0.958792167117214,95.8792167117214,0.3256957833029258,32.56957833029258,0,MODERATE,1
GRID_N10_W100,10,-100,2025,4,2025-04-01,0.9529515348879352,95.29515348879352,0.3238849233168913,32.38849233168913,0,MODERATE,1
GRID_S20_E160,-20,160,2025,8,2025-08-01,0.9499805202008134,94.99805202008133,0.32352741185833284,32.35274118583328,0,MODERATE,0
GRID_N10_W120,10,-120,2025,9,2025-09-01,0.953191081196507,95.31910811965069,0.32316263969364456,32.316263969364456,0,MODERATE,1
GRID_N60_W160,60,-160,2025,2,2025-02-01,0.9600468721029353,96.00468721029353,0.32270473331424887,32.27047333142489,0,MODERATE,0
GRID_S20_E140,-20,140,2025,4,2025-04-01,0.9668846192925407,96.68846192925406,0.31879558456142565,31.879558456142565,0,MODERATE,0
GRID_N20_W100,20,-100,2025,5,2025-05-01,0.9519491799368964,95.19491799368964,0.3179197984417632,31.79197984417632,0,MODERATE,1
GRID_S10_W080,-10,-80,2025,6,2025-06-01,0.9549894002899645,95.49894002899644,0.3176679794139944,31.76679794139944,0,MODERATE,0
GRID_N40_E020,40,20,2025,11,2025-11-01,0.9625522335406277,96.25522335406276,0.316631312516347,31.663131251634702,0,MODERATE,1
GRID_N10_W120,10,-120,2025,6,2025-06-01,0.9499406562777402,94.99406562777402,0.315844566369449,31.584456636944903,0,MODERATE,1
GRID_N10_E110,10,110,2025,10,2025-10-01,0.9537133060227428,95.37133060227428,0.31547821770491113,31.54782177049111,0,MODERATE,0
GRID_N10_E110,10,110,2025,7,2025-07-01,0.952739315375097,95.27393153750971,0.31490873601279123,31.490873601279123,0,MODERATE,1
GRID_N20_W100,20,-100,2025,9,2025-09-01,0.951597395395019,95.1597395395019,0.3121414494959319,31.21414494959319,0,MODERATE,0
GRID_N40_E010,40,10,2025,5,2025-05-01,0.9560619857199568,95.60619857199568,0.31159190672815706,31.159190672815708,0,MODERATE,1
GRID_N20_W100,20,-100,2025,10,2025-10-01,0.9514611754780145,95.14611754780145,0.3108574850211624,31.08574850211624,0,MODERATE,1
GRID_N10_E100,10,100,2025,11,2025-11-01,0.9584399766326455,95.84399766326455,0.306232243584062,30.623224358406198,0,MODERATE,1
GRID_S10_E100,-10,100,2025,5,2025-05-01,0.9477589281233648,94.77589281233648,0.30413836753385864,30.413836753385866,0,MODERATE,0
GRID_N50_E160,50,160,2025,7,2025-07-01,0.9439786370865247,94.39786370865248,0.3040479232102612,30.404792321026118,0,MODERATE,1
GRID_N20_W100,20,-100,2025,1,2025-01-01,0.954418043471896,95.4418043471896,0.3028232778901409,30.28232778901409,0,MODERATE,1
GRID_N10_W110,10,-110,2025,2,2025-02-01,0.9423552130212524,94.23552130212524,0.3018661961481333,30.18661961481333,0,MODERATE,0
GRID_N50_E150,50,150,2025,8,2025-08-01,0.9457910879070885,94.57910879070886,0.30131213004861823,30.131213004861824,0,MODERATE,0
GRID_S30_E120,-30,120,2025,7,2025-07-01,0.9545227861309655,95.45227861309655,0.3005925548272933,30.05925548272933,0,MODERATE,1
GRID_S20_E160,-20,160,2025,1,2025-01-01,0.9485716769041405,94.85716769041404,0.29921211326988334,29.921211326988335,0,LOW,1
GRID_N60_W160,60,-160,2025,1,2025-01-01,0.9534464982381804,95.34464982381805,0.2990272700849064,29.902727008490643,0,LOW,0
GRID_N10_W080,10,-80,2025,10,2025-10-01,0.954081973192621,95.4081973192621,0.29752350151218204,29.752350151218206,0,LOW,0
GRID_N10_W110,10,-110,2025,1,2025-01-01,0.9405898928833665,94.05898928833665,0.29562093222338964,29.562093222338966,0,LOW,0
GRID_S30_W050,-30,-50,2025,8,2025-08-01,0.9544969162977479,95.44969162977479,0.2940241316318863,29.40241316318863,0,LOW,0
GRID_S20_E160,-20,160,2025,9,2025-09-01,0.9379115315988429,93.79115315988429,0.29401737258508,29.401737258508,0,LOW,0
GRID_S10_E150,-10,150,2025,8,2025-08-01,0.9416485869807498,94.16485869807498,0.2937030360938822,29.37030360938822,0,LOW,0
GRID_S30_W060,-30,-60,2025,3,2025-03-01,0.9571664540043023,95.71664540043024,0.29209423146466806,29.209423146466808,0,LOW,0
GRID_N30_E020,30,20,2025,6,2025-06-01,0.9483343344328619,94.83343344328618,0.2918002387659757,29.180023876597573,0,LOW,1
GRID_S10_E140,-10,140,2025,9,2025-09-01,0.9380183700813371,93.80183700813372,0.2909307371753709,29.093073717537088,0,LOW,1
GRID_N50_E160,50,160,2025,6,2025-06-01,0.9339339450845181,93.3933945084518,0.28669019388615685,28.669019388615684,0,LOW,0
GRID_N10_E140,10,140,2025,8,2025-08-01,0.9447061319128865,94.47061319128865,0.28597472102508303,28.597472102508302,0,LOW,0
GRID_N40_E020,40,20,2025,8,2025-08-01,0.9461944780756558,94.61944780756558,0.28500712973547826,28.500712973547827,0,LOW,0
GRID_N20_E140,20,140,2025,9,2025-09-01,0.9403130139431896,94.03130139431896,0.2832682167483635,28.32682167483635,0,LOW,1
GRID_N00_E010,0,10,2025,2,2025-02-01,0.9530010150301285,95.30010150301284,0.28302335681066054,28.302335681066054,0,LOW,0
GRID_N30_E020,30,20,2025,7,2025-07-01,0.9439183088828813,94.39183088828813,0.28275409726374223,28.275409726374225,0,LOW,1
GRID_N30_W120,30,-120,2025,11,2025-11-01,0.8934460872308987,89.34460872308986,0.2814171716716382,28.141717167163822,0,LOW,1
GRID_S10_E150,-10,150,2025,4,2025-04-01,0.9380588930777073,93.80588930777073,0.28086493320047745,28.086493320047744,0,LOW,0
GRID_S30_E120,-30,120,2025,10,2025-10-01,0.9478068720519056,94.78068720519056,0.27950382233145243,27.950382233145245,0,LOW,1
GRID_N30_E010,30,10,2025,8,2025-08-01,0.93983665016854,93.983665016854,0.27835301450594574,27.835301450594574,0,LOW,0
GRID_N10_E100,10,100,2025,5,2025-05-01,0.9442919083386386,94.42919083386386,0.27705516182184653,27.705516182184653,0,LOW,1
GRID_S10_E150,-10,150,2025,6,2025-06-01,0.9320654184193341,93.20654184193342,0.27617688035356647,27.617688035356647,0,LOW,0
GRID_N40_W010,40,-10,2025,6,2025-06-01,0.9408065914577952,94.08065914577952,0.27565008659014034,27.565008659014033,0,LOW,1
GRID_N30_E130,30,130,2025,9,2025-09-01,0.9360494805149279,93.60494805149278,0.2743757924848527,27.43757924848527,0,LOW,0
GRID_N00_W080,0,-80,2025,9,2025-09-01,0.940505262903264,94.0505262903264,0.2741007203096287,27.41007203096287,0,LOW,1
GRID_N50_E160,50,160,2025,5,2025-05-01,0.9275447166774501,92.75447166774501,0.27408046097459077,27.408046097459078,0,LOW,0
GRID_N00_W080,0,-80,2025,8,2025-08-01,0.9392471760053123,93.92471760053122,0.2739961878314633,27.39961878314633,0,LOW,1
GRID_S20_E160,-20,160,2025,10,2025-10-01,0.9294587509806026,92.94587509806026,0.27347893809824464,27.347893809824463,0,LOW,0
GRID_N40_E020,40,20,2025,10,2025-10-01,0.9438660913634194,94.38660913634193,0.27207552133386326,27.207552133386326,0,LOW,1
GRID_S10_E100,-10,100,2025,9,2025-09-01,0.929594924694235,92.9594924694235,0.2712849834824575,27.12849834824575,0,LOW,0
GRID_S10_E110,-10,110,2025,5,2025-05-01,0.9321512544104038,93.21512544104039,0.2708509722882605,27.08509722882605,0,LOW,0
GRID_N10_E100,10,100,2025,7,2025-07-01,0.938945094088899,93.8945094088899,0.2674508831188568,26.745088311885677,0,LOW,1
GRID_N10_W020,10,-20,2025,1,2025-01-01,0.9477329127662324,94.77329127662324,0.26718697279226505,26.718697279226504,0,LOW,1
GRID_S30_E120,-30,120,2025,6,2025-06-01,0.9412685740865501,94.12685740865501,0.2668065391895145,26.680653918951453,0,LOW,1
GRID_N40_W100,40,-100,2025,6,2025-06-01,0.9389566573935243,93.89566573935242,0.2666911117981182,26.66911117981182,0,LOW,1
GRID_N00_E030,0,30,2025,7,2025-07-01,0.9456519564585975,94.56519564585975,0.26578627023301526,26.578627023301525,0,LOW,1
GRID_S20_W070,-20,-70,2025,2,2025-02-01,0.9635454622747577,96.35454622747577,0.26536763635210997,26.536763635210995,0,LOW,0
GRID_N10_W010,10,-10,2025,8,2025-08-01,0.9402971872511905,94.02971872511905,0.2641665378617322,26.41665378617322,0,LOW,0
GRID_S20_E160,-20,160,2025,11,2025-11-01,0.9246789020126173,92.46789020126172,0.2624078290343038,26.240782903430382,0,LOW,1
GRID_N20_E140,20,140,2025,10,2025-10-01,0.9304929687815805,93.04929687815805,0.26091721387258937,26.091721387258936,0,LOW,0
GRID_S10_E150,-10,150,2025,7,2025-07-01,0.9209903290090277,92.09903290090277,0.2601011323257249,26.01011323257249,0,LOW,1
GRID_N30_W080,30,-80,2025,2,2025-02-01,0.9310348635984552,93.10348635984552,0.2598549958441593,25.985499584415926,0,LOW,1
GRID_N10_E090,10,90,2025,11,2025-11-01,0.9358512316884641,93.58512316884641,0.2592702923293878,25.927029232938782,0,LOW,0
GRID_N30_W080,30,-80,2025,9,2025-09-01,0.9220247599684935,92.20247599684936,0.2579088805985582,25.79088805985582,0,LOW,0
GRID_S10_E030,-10,30,2025,3,2025-03-01,0.9465475121313722,94.65475121313722,0.257577988838814,25.7577988838814,0,LOW,0
GRID_N60_E120,60,120,2025,7,2025-07-01,0.9348593968146339,93.48593968146339,0.2571117898589459,25.71117898589459,0,LOW,0
GRID_N50_E160,50,160,2025,9,2025-09-01,0.9185165355796119,91.85165355796119,0.25667995466661453,25.667995466661452,0,LOW,0
GRID_N10_E130,10,130,2025,11,2025-11-01,0.930928756270882,93.0928756270882,0.2563401087665073,25.63401087665073,0,LOW,0
GRID_N50_E160,50,160,2025,10,2025-10-01,0.9228103678369846,92.28103678369845,0.25612501662915044,25.612501662915044,0,LOW,0
GRID_N40_E010,40,10,2025,9,2025-09-01,0.9303156307110811,93.03156307110811,0.25605145167084853,25.605145167084853,0,LOW,0
GRID_S10_E100,-10,100,2025,6,2025-06-01,0.9176723832650046,91.76723832650046,0.2538934027459156,25.38934027459156,0,LOW,1
GRID_N10_E110,10,110,2025,6,2025-06-01,0.9223421271448374,92.23421271448375,0.2524456126810643,25.24456126810643,0,LOW,1
GRID_S40_E110,-40,110,2025,5,2025-05-01,0.9298610239120976,92.98610239120976,0.25229769854022377,25.229769854022376,0,LOW,0
GRID_S10_E100,-10,100,2025,10,2025-10-01,0.9204005845387487,92.04005845387488,0.25185828754235606,25.185828754235608,0,LOW,0
GRID_S10_E140,-10,140,2025,1,2025-01-01,0.921327561396557,92.1327561396557,0.2502681119018244,25.026811190182443,0,LOW,0
GRID_N40_W120,40,-120,2025,10,2025-10-01,0.8909416795925543,89.09416795925543,0.24986854412104914,24.986854412104915,0,LOW,1
GRID_N10_W120,10,-120,2025,11,2025-11-01,0.9187705428162952,91.87705428162953,0.24971078117944204,24.971078117944202,0,LOW,0
GRID_S10_E100,-10,100,2025,1,2025-01-01,0.9268939924189695,92.68939924189695,0.24863732723366003,24.863732723366002,0,LOW,0
GRID_N10_E090,10,90,2025,6,2025-06-01,0.9196920774382059,91.96920774382059,0.2484566445783977,24.84566445783977,0,LOW,0
GRID_N00_E120,0,120,2025,4,2025-04-01,0.9184754246215778,91.84754246215778,0.2450563358603995,24.50563358603995,0,LOW,0
GRID_S10_E150,-10,150,2025,5,2025-05-01,0.9110232904690208,91.10232904690207,0.24495080789722765,24.495080789722763,0,LOW,0
GRID_N20_E140,20,140,2025,8,2025-08-01,0.9190867522452425,91.90867522452425,0.2448545291674628,24.48545291674628,0,LOW,1
GRID_N60_W120,60,-120,2025,6,2025-06-01,0.9231823290591351,92.3182329059135,0.24263915570025024,24.263915570025024,0,LOW,1
GRID_N10_E130,10,130,2025,10,2025-10-01,0.9217386584867758,92.17386584867758,0.24248961492480497,24.248961492480497,0,LOW,1
GRID_S10_E110,-10,110,2025,7,2025-07-01,0.9111591401207798,91.11591401207798,0.24208258599124083,24.208258599124083,0,LOW,0
GRID_S10_E140,-10,140,2025,2,2025-02-01,0.9147448178441929,91.4744817844193,0.24143075247715048,24.14307524771505,0,LOW,1
GRID_S10_E110,-10,110,2025,9,2025-09-01,0.917283702909761,91.7283702909761,0.24108707946137248,24.108707946137248,0,LOW,0
GRID_S40_E110,-40,110,2025,2,2025-02-01,0.9311911371086548,93.11911371086548,0.23987879232744672,23.98787923274467,0,LOW,0
GRID_N60_W130,60,-130,2025,5,2025-05-01,0.9177921608709205,91.77921608709205,0.23792305388981178,23.792305388981177,0,LOW,1
GRID_N30_W080,30,-80,2025,10,2025-10-01,0.9098723173635521,90.98723173635521,0.2378243948511531,23.782439485115308,0,LOW,1
GRID_N50_E000,50,0,2025,7,2025-07-01,0.9225691394189129,92.2569139418913,0.23769256873316552,23.769256873316554,0,LOW,1
GRID_S10_E100,-10,100,2025,11,2025-11-01,0.9154046121041337,91.54046121041337,0.23742197096032996,23.742197096032996,0,LOW,1
GRID_N10_E020,10,20,2025,11,2025-11-01,0.9316345740457961,93.1634574045796,0.23727978126364993,23.72797812636499,0,LOW,1
GRID_S30_W050,-30,-50,2025,7,2025-07-01,0.9239806021587268,92.39806021587268,0.2371594532663514,23.71594532663514,0,LOW,0
GRID_S60_W040,-60,-40,2025,9,2025-09-01,0.9253304904260907,92.53304904260908,0.23710147739599946,23.710147739599947,0,LOW,1
GRID_N30_W080,30,-80,2025,1,2025-01-01,0.9180483671629898,91.80483671629898,0.23632371810890773,23.632371810890774,0,LOW,0
GRID_N50_E130,50,130,2025,6,2025-06-01,0.922199019910896,92.2199019910896,0.2357389494934569,23.57389494934569,0,LOW,0
GRID_N50_E150,50,150,2025,5,2025-05-01,0.9079880513137576,90.79880513137576,0.23553612454580075,23.553612454580076,0,LOW,0
GRID_N30_W120,30,-120,2025,10,2025-10-01,0.8716420188212907,87.16420188212906,0.23492842729293062,23.492842729293063,0,LOW,1
GRID_S10_E150,-10,150,2025,9,2025-09-01,0.9067252130270831,90.6725213027083,0.23484989187641148,23.484989187641148,0,LOW,0
GRID_S10_E110,-10,110,2025,11,2025-11-01,0.9144931973047635,91.44931973047635,0.23456509106620488,23.456509106620487,0,LOW,1
GRID_N00_E120,0,120,2025,5,2025-05-01,0.9045305091248113,90.45305091248113,0.23456258437148952,23.456258437148954,0,LOW,1
GRID_N10_E130,10,130,2025,9,2025-09-01,0.9157032417644092,91.57032417644092,0.23443033295764165,23.443033295764167,0,LOW,1
GRID_N60_E120,60,120,2025,6,2025-06-01,0.9168097965961948,91.68097965961948,0.2340706525623016,23.40706525623016,0,LOW,0
GRID_S30_W050,-30,-50,2025,6,2025-06-01,0.9218099234563055,92.18099234563056,0.2340660224040791,23.40660224040791,0,LOW,0
GRID_N00_E000,0,0,2025,1,2025-01-01,0.9315401703423515,93.15401703423515,0.23318944842059466,23.318944842059466,0,LOW,0
GRID_N30_E130,30,130,2025,6,2025-06-01,0.9079737090566768,90.79737090566769,0.23275859607550192,23.275859607550192,0,LOW,1
GRID_N10_E090,10,90,2025,8,2025-08-01,0.9145037116724491,91.45037116724491,0.23244296732226602,23.2442967322266,0,LOW,0
GRID_N50_E150,50,150,2025,6,2025-06-01,0.9033167511255059,90.33167511255058,0.23223378453531743,23.223378453531744,0,LOW,0
GRID_N30_E130,30,130,2025,7,2025-07-01,0.904455588899424,90.4455588899424,0.2298129583843588,22.98129583843588,0,LOW,1
GRID_N50_E150,50,150,2025,7,2025-07-01,0.8996636972363999,89.96636972364,0.22975322390917002,22.975322390917004,0,LOW,1
GRID_N50_E160,50,160,2025,3,2025-03-01,0.9047953767037844,90.47953767037843,0.2278654756146797,22.78654756146797,0,LOW,1
GRID_N50_E160,50,160,2025,11,2025-11-01,0.9017618051959813,90.17618051959812,0.2276583001553027,22.76583001553027,0,LOW,0
GRID_S30_W050,-30,-50,2025,5,2025-05-01,0.9182191426606725,91.82191426606725,0.22708127517807375,22.708127517807377,0,LOW,0
GRID_S30_E140,-30,140,2025,6,2025-06-01,0.924812752788029,92.4812752788029,0.22676625427499353,22.676625427499353,0,LOW,1
GRID_N30_E030,30,30,2025,11,2025-11-01,0.9245689698156139,92.45689698156139,0.22659075424175076,22.659075424175075,0,LOW,1
GRID_S10_E110,-10,110,2025,6,2025-06-01,0.8962114614817153,89.62114614817153,0.22557161653052668,22.557161653052667,0,LOW,0
GRID_S20_E140,-20,140,2025,2,2025-02-01,0.9212991042789128,92.12991042789128,0.2250822124191723,22.50822124191723,0,LOW,0
GRID_N60_W130,60,-130,2025,4,2025-04-01,0.9098697541199691,90.98697541199691,0.22473024885805098,22.4730248858051,0,LOW,0
GRID_N10_E140,10,140,2025,7,2025-07-01,0.9027608705555342,90.27608705555342,0.22440150217832916,22.440150217832915,0,LOW,1
GRID_N10_E140,10,140,2025,9,2025-09-01,0.9104584722276936,91.04584722276937,0.2240574705112912,22.405747051129122,0,LOW,0
GRID_N40_W100,40,-100,2025,11,2025-11-01,0.9214328603876879,92.14328603876879,0.22357416278384887,22.357416278384886,0,LOW,0
GRID_N10_E000,10,0,2025,8,2025-08-01,0.9117756898242614,91.17756898242614,0.22333433846980064,22.333433846980064,0,LOW,0
GRID_N00_E010,0,10,2025,1,2025-01-01,0.9248204287601496,92.48204287601496,0.22156752293009876,22.156752293009877,0,LOW,1
GRID_S20_E140,-20,140,2025,1,2025-01-01,0.9213417954618893,92.13417954618893,0.22132466353254246,22.132466353254244,0,LOW,0
GRID_S20_E140,-20,140,2025,3,2025-03-01,0.9295364622272233,92.95364622272233,0.2209653010606499,22.09653010606499,0,LOW,0
GRID_S30_E140,-30,140,2025,4,2025-04-01,0.9223655905794484,92.23655905794485,0.22096455726253947,22.096455726253946,0,LOW,0
GRID_N40_E000,40,0,2025,11,2025-11-01,0.9046899653329669,90.46899653329669,0.22049450936041398,22.0494509360414,0,LOW,1
GRID_N10_E080,10,80,2025,10,2025-10-01,0.910866422885389,91.0866422885389,0.22042044719462392,22.042044719462393,0,LOW,0
GRID_S20_E120,-20,120,2025,1,2025-01-01,0.9174055569147759,91.74055569147758,0.21978100931300598,21.9781009313006,0,LOW,1
GRID_N40_W100,40,-100,2025,7,2025-07-01,0.9045855857806359,90.45855857806359,0.21829999615515402,21.8299996155154,0,LOW,1
GRID_N10_E000,10,0,2025,7,2025-07-01,0.9123540031443415,91.23540031443414,0.21816037044643616,21.816037044643615,0,LOW,0
GRID_N10_W020,10,-20,2025,9,2025-09-01,0.9122287475444674,91.22287475444674,0.2180424997680423,21.80424997680423,0,LOW,0
GRID_N10_E000,10,0,2025,9,2025-09-01,0.9091850001890138,90.91850001890138,0.21799800209984124,21.799800209984124,0,LOW,0
GRID_N10_W120,10,-120,2025,5,2025-05-01,0.8859976100169875,88.59976100169875,0.21765146233361463,21.765146233361463,0,LOW,1
GRID_N60_E150,60,150,2025,7,2025-07-01,0.9115150870461203,91.15150870461203,0.21682178406317867,21.682178406317867,0,LOW,0
GRID_N10_E110,10,110,2025,11,2025-11-01,0.8979543483342041,89.7954348334204,0.21578570298548017,21.578570298548016,0,LOW,0
GRID_S30_E120,-30,120,2025,9,2025-09-01,0.9072307763644695,90.72307763644694,0.21551270745225293,21.551270745225292,0,LOW,1
GRID_S10_E020,-10,20,2025,1,2025-01-01,0.951930133818571,95.1930133818571,0.2141175037852276,21.411750378522758,0,LOW,1
GRID_N10_W020,10,-20,2025,2,2025-02-01,0.9136341023226942,91.36341023226942,0.21259175049225196,21.259175049225195,0,LOW,0
GRID_N10_W100,10,-100,2025,3,2025-03-01,0.8855649370683949,88.55649370683949,0.21168659979134521,21.16865997913452,0,LOW,1
GRID_S10_E150,-10,150,2025,10,2025-10-01,0.8887231339913979,88.87231339913978,0.21141373619360415,21.141373619360415,0,LOW,0
GRID_S20_E040,-20,40,2025,9,2025-09-01,0.9053411150504056,90.53411150504056,0.21115796305980622,21.115796305980624,0,LOW,0
GRID_S10_E100,-10,100,2025,4,2025-04-01,0.8870990565672838,88.70990565672838,0.211093242480191,21.1093242480191,0,LOW,1
GRID_S10_E150,-10,150,2025,11,2025-11-01,0.8912708279716077,89.12708279716077,0.21001070383511147,21.00107038351115,0,LOW,0
GRID_N60_W130,60,-130,2025,3,2025-03-01,0.8991844731722843,89.91844731722843,0.20931213097685858,20.93121309768586,0,LOW,0
GRID_N20_E090,20,90,2025,5,2025-05-01,0.8958705977473229,89.5870597747323,0.2075506163868614,20.75506163868614,0,LOW,0
GRID_N20_E140,20,140,2025,6,2025-06-01,0.8859017498192285,88.59017498192286,0.20698731391412525,20.698731391412526,0,LOW,1
GRID_N10_W080,10,-80,2025,9,2025-09-01,0.8983903415120427,89.83903415120426,0.20672516700960583,20.672516700960582,0,LOW,1
GRID_N10_E000,10,0,2025,10,2025-10-01,0.9016243593433765,90.16243593433765,0.20630896281055314,20.630896281055314,0,LOW,1
GRID_N00_E010,0,10,2025,8,2025-08-01,0.9050152235953267,90.50152235953267,0.20625351497253694,20.625351497253693,0,LOW,0
GRID_S10_E110,-10,110,2025,4,2025-04-01,0.8878890417742725,88.78890417742726,0.20530721370871863,20.530721370871863,0,LOW,1
GRID_N30_E020,30,20,2025,11,2025-11-01,0.897680769209369,89.7680769209369,0.2042577420346386,20.42577420346386,0,LOW,1
GRID_N60_E120,60,120,2025,5,2025-05-01,0.891785577853265,89.17855778532649,0.20399140768919607,20.399140768919608,0,LOW,0
GRID_N30_W010,30,-10,2025,7,2025-07-01,0.8884011165111833,88.84011165111832,0.20393834044820874,20.393834044820874,0,LOW,0
GRID_N20_E090,20,90,2025,10,2025-10-01,0.8991136087804279,89.91136087804279,0.2039307587058552,20.39307587058552,0,LOW,0
GRID_N10_W120,10,-120,2025,4,2025-04-01,0.8754270356540953,87.54270356540952,0.20362982044551944,20.362982044551945,0,LOW,0
GRID_S10_W070,-10,-70,2025,7,2025-07-01,0.8995589919228805,89.95589919228804,0.20329249683303505,20.329249683303505,0,LOW,1
GRID_N50_W130,50,-130,2025,4,2025-04-01,0.903261890122901,90.3261890122901,0.2029503234902716,20.29503234902716,0,LOW,1
GRID_N50_E010,50,10,2025,7,2025-07-01,0.8905423141500214,89.05423141500214,0.20188433694307042,20.188433694307044,0,LOW,0
GRID_S30_E030,-30,30,2025,7,2025-07-01,0.8924003542539899,89.24003542539899,0.200870106941355,20.0870106941355,0,LOW,1
GRID_S10_E100,-10,100,2025,2,2025-02-01,0.88370527377525,88.370527377525,0.20042905574447314,20.042905574447314,0,LOW,0
GRID_N50_W110,50,-110,2025,4,2025-04-01,0.8936188159131825,89.36188159131825,0.20012371047505995,20.012371047505994,0,LOW,1
GRID_N60_W150,60,-150,2025,8,2025-08-01,0.8741262374864783,87.41262374864783,0.1985749483309234,19.85749483309234,0,LOW,0
GRID_N20_E090,20,90,2025,11,2025-11-01,0.8943917128114774,89.43917128114775,0.19718980495331204,19.718980495331202,0,LOW,0
GRID_N10_W100,10,-100,2025,2,2025-02-01,0.8737024269020464,87.37024269020463,0.19644679561198403,19.6446795611984,0,LOW,0
GRID_N40_W010,40,-10,2025,10,2025-10-01,0.8819907178065514,88.19907178065513,0.1959767617494303,19.59767617494303,0,LOW,0
GRID_N10_E090,10,90,2025,10,2025-10-01,0.8856053685562454,88.56053685562453,0.195362377411394,19.536237741139402,0,LOW,1
GRID_N30_E010,30,10,2025,5,2025-05-01,0.8740137320184825,87.40137320184826,0.19485263885505083,19.485263885505084,0,LOW,0
GRID_S10_E100,-10,100,2025,3,2025-03-01,0.8740878006024199,87.40878006024198,0.19454626161245797,19.4546261612458,0,LOW,0
GRID_N30_E130,30,130,2025,10,2025-10-01,0.875951250563001,87.5951250563001,0.19380609490964776,19.380609490964776,0,LOW,0
GRID_N50_E150,50,150,2025,9,2025-09-01,0.867450400239483,86.7450400239483,0.19366230533661455,19.366230533661454,0,LOW,0
GRID_N10_E030,10,30,2025,2,2025-02-01,0.8986609894288439,89.86609894288439,0.19344515368594145,19.344515368594145,0,LOW,1
GRID_S30_E030,-30,30,2025,8,2025-08-01,0.8858056741757897,88.58056741757898,0.19237890864695242,19.237890864695242,0,LOW,1
GRID_S10_E110,-10,110,2025,8,2025-08-01,0.8636341753387494,86.36341753387494,0.19236591545690912,19.236591545690914,0,LOW,1
GRID_N50_E120,50,120,2025,7,2025-07-01,0.8918784687428949,89.18784687428949,0.1923617395835094,19.236173958350943,0,LOW,0
GRID_N60_E120,60,120,2025,4,2025-04-01,0.8816800078954277,88.16800078954276,0.191963194621022,19.1963194621022,0,LOW,0
GRID_N40_E030,40,30,2025,7,2025-07-01,0.8804958307637731,88.04958307637732,0.19093308091037392,19.093308091037393,0,LOW,0
GRID_N30_E120,30,120,2025,3,2025-03-01,0.894731937157409,89.47319371574089,0.1892827232638767,18.92827232638767,0,LOW,0
GRID_S40_E110,-40,110,2025,9,2025-09-01,0.8831801680447707,88.31801680447707,0.18910288632744887,18.910288632744887,0,LOW,0
GRID_S30_W060,-30,-60,2025,9,2025-09-01,0.8993357519295782,89.93357519295782,0.1891019759190218,18.910197591902183,0,LOW,1
GRID_N00_E100,0,100,2025,10,2025-10-01,0.8908812269594697,89.08812269594696,0.1885375723929899,18.85375723929899,0,LOW,1
GRID_S10_E010,-10,10,2025,9,2025-09-01,0.8998229067090071,89.98229067090071,0.1878938853633085,18.78938853633085,0,LOW,0
GRID_N10_W120,10,-120,2025,3,2025-03-01,0.8612809837177797,86.12809837177797,0.18724604566713202,18.7246045667132,0,LOW,0
GRID_N50_E160,50,160,2025,2,2025-02-01,0.8647023655508443,86.47023655508444,0.18692323073069644,18.692323073069645,0,LOW,0
GRID_N30_W010,30,-10,2025,11,2025-11-01,0.8812873943922889,88.12873943922888,0.18686870344651027,18.686870344651027,0,LOW,1
GRID_N00_W080,0,-80,2025,10,2025-10-01,0.8726556289199553,87.26556289199553,0.18661324729706386,18.661324729706386,0,LOW,0
GRID_N20_W110,20,-110,2025,6,2025-06-01,0.8658221870326227,86.58221870326227,0.18563936052645377,18.563936052645378,0,LOW,0
GRID_N50_W110,50,-110,2025,3,2025-03-01,0.8812583552107411,88.12583552107411,0.18491287049600375,18.491287049600373,0,LOW,0
GRID_N40_W100,40,-100,2025,8,2025-08-01,0.8772499965342484,87.72499965342485,0.183528386049641,18.3528386049641,0,LOW,1
GRID_N40_W090,40,-90,2025,2,2025-02-01,0.8784364856996874,87.84364856996874,0.183079872553307,18.307987255330698,0,LOW,1
GRID_N30_E040,30,40,2025,11,2025-11-01,0.8863292286474878,88.63292286474878,0.18287713123294774,18.287713123294775,0,LOW,1
GRID_N30_E010,30,10,2025,7,2025-07-01,0.851240206523342,85.1240206523342,0.1826750956625008,18.26750956625008,0,LOW,1
GRID_N60_E130,60,130,2025,7,2025-07-01,0.876886873171483,87.6886873171483,0.182566404370788,18.2566404370788,0,LOW,1
GRID_N30_W010,30,-10,2025,6,2025-06-01,0.863728955238782,86.3728955238782,0.18192831488329547,18.192831488329546,0,LOW,1
GRID_N50_E160,50,160,2025,1,2025-01-01,0.8629756489088798,86.29756489088798,0.18136109777346462,18.136109777346462,0,LOW,0
GRID_N00_W080,0,-80,2025,7,2025-07-01,0.8574753309023551,85.7475330902355,0.1808663640595555,18.08663640595555,0,LOW,1
GRID_S10_W060,-10,-60,2025,9,2025-09-01,0.8939810331975524,89.39810331975524,0.1808125538122382,18.08125538122382,0,LOW,0
GRID_N20_E120,20,120,2025,10,2025-10-01,0.8659650277719488,86.59650277719489,0.1806949798494561,18.06949798494561,0,LOW,0
GRID_S10_W050,-10,-50,2025,3,2025-03-01,0.8949916888722604,89.49916888722605,0.17990961351554846,17.990961351554844,0,LOW,0
GRID_S10_E150,-10,150,2025,3,2025-03-01,0.8586148026558325,85.86148026558324,0.17982469143292296,17.982469143292295,0,LOW,1
GRID_N10_W100,10,-100,2025,1,2025-01-01,0.8542997389161748,85.42997389161748,0.179642004003073,17.964200400307302,0,LOW,0
GRID_S10_W080,-10,-80,2025,4,2025-04-01,0.8612217345840366,86.12217345840367,0.17866706319159503,17.866706319159505,0,LOW,0
GRID_N60_E120,60,120,2025,3,2025-03-01,0.8681370657924897,86.81370657924897,0.1782384995660354,17.823849956603542,0,LOW,0
GRID_N50_E150,50,150,2025,10,2025-10-01,0.8511837215798993,85.11837215798992,0.17740180070113193,17.740180070113194,0,LOW,0
GRID_N10_E010,10,10,2025,6,2025-06-01,0.8649142757398107,86.49142757398107,0.1767706155107307,17.67706155107307,0,LOW,0
GRID_N10_E130,10,130,2025,7,2025-07-01,0.84547103946198,84.54710394619799,0.17557507156629876,17.557507156629875,0,LOW,0
GRID_N50_E010,50,10,2025,9,2025-09-01,0.8622311847204851,86.22311847204851,0.17391363329184747,17.39136332918475,0,LOW,1
GRID_N20_E120,20,120,2025,9,2025-09-01,0.854518100698622,85.4518100698622,0.17361878530538583,17.361878530538583,0,LOW,1
GRID_N30_E010,30,10,2025,6,2025-06-01,0.8375876660967236,83.75876660967236,0.17361307912078966,17.361307912078967,0,LOW,0
GRID_N10_E130,10,130,2025,6,2025-06-01,0.8414432712866046,84.14432712866045,0.17341465581810123,17.341465581810123,0,LOW,0
GRID_N30_W010,30,-10,2025,10,2025-10-01,0.8625833020818221,86.25833020818222,0.17302650580522042,17.30265058052204,0,LOW,1
GRID_N10_E030,10,30,2025,3,2025-03-01,0.874349972902186,87.4349972902186,0.17213470076871804,17.213470076871804,0,LOW,0
GRID_N50_W130,50,-130,2025,3,2025-03-01,0.87176669316757,87.176669316757,0.17195803583755195,17.195803583755197,0,LOW,0
GRID_N60_E130,60,130,2025,6,2025-06-01,0.855613857359048,85.5613857359048,0.17175852552495469,17.175852552495467,0,LOW,1
GRID_N10_E090,10,90,2025,5,2025-05-01,0.8405706579023549,84.05706579023548,0.17154811198733555,17.154811198733555,0,LOW,1
GRID_S30_E140,-30,140,2025,5,2025-05-01,0.8746293854327137,87.46293854327138,0.17021164307879372,17.02116430787937,0,LOW,0
GRID_N40_W090,40,-90,2025,1,2025-01-01,0.8639599752031539,86.39599752031539,0.16976128320902892,16.97612832090289,0,LOW,0
GRID_S30_E030,-30,30,2025,9,2025-09-01,0.8578813728423383,85.78813728423384,0.16877541911689073,16.87754191168907,0,LOW,0
GRID_N20_W110,20,-110,2025,3,2025-03-01,0.8626355190692423,86.26355190692423,0.16810541518199273,16.810541518199273,0,LOW,1
GRID_S30_W050,-30,-50,2025,4,2025-04-01,0.8655157146489943,86.55157146489944,0.16786011760009203,16.786011760009202,0,LOW,0
GRID_S10_W080,-10,-80,2025,7,2025-07-01,0.831601577511201,83.1601577511201,0.16785307354674922,16.785307354674924,0,LOW,0
GRID_N10_W050,10,-50,2025,10,2025-10-01,0.8577880741702267,85.77880741702268,0.16760320844747528,16.76032084474753,0,LOW,0
GRID_S10_E110,-10,110,2025,10,2025-10-01,0.8379382707383679,83.7938270738368,0.16734142078375058,16.734142078375058,0,LOW,1
GRID_N10_E130,10,130,2025,8,2025-08-01,0.8345254207072493,83.45254207072493,0.1664923621264716,16.64923621264716,0,LOW,1
GRID_N30_E070,30,70,2025,8,2025-08-01,0.8514210093252964,85.14210093252964,0.16569354313406853,16.569354313406855,0,LOW,0
GRID_N50_E000,50,0,2025,9,2025-09-01,0.8505062058139071,85.05062058139072,0.164656250481744,16.465625048174402,0,LOW,0
GRID_N10_E130,10,130,2025,2,2025-02-01,0.8363597980111224,83.63597980111224,0.16177204167900533,16.177204167900534,0,LOW,0
GRID_N20_E120,20,120,2025,7,2025-07-01,0.8320230911620528,83.20230911620527,0.16126830725702926,16.126830725702927,0,LOW,0
GRID_S20_E110,-20,110,2025,3,2025-03-01,0.8487543612328569,84.87543612328568,0.1612310393922701,16.12310393922701,0,LOW,0
GRID_N00_E120,0,120,2025,3,2025-03-01,0.8319040686851542,83.19040686851542,0.16071805124745733,16.071805124745733,0,LOW,1
GRID_N10_E070,10,70,2025,5,2025-05-01,0.8354392442430595,83.54392442430594,0.1603880540946722,16.03880540946722,0,LOW,0
GRID_N10_W130,10,-130,2025,8,2025-08-01,0.8362092934283906,83.62092934283906,0.16016381784459727,16.01638178445973,0,LOW,0
GRID_S10_W070,-10,-70,2025,6,2025-06-01,0.8426548898737442,84.26548898737441,0.15980353546277062,15.980353546277062,0,LOW,0
GRID_S10_E110,-10,110,2025,1,2025-01-01,0.8417088122277275,84.17088122277275,0.15953090605907191,15.95309060590719,0,LOW,0
GRID_S50_E140,-50,140,2025,2,2025-02-01,0.8644494733241318,86.44494733241318,0.15919147979438836,15.919147979438836,0,LOW,0
GRID_N60_W120,60,-120,2025,5,2025-05-01,0.8311355464968345,83.11355464968345,0.15910815492043764,15.910815492043765,0,LOW,1
GRID_S10_E110,-10,110,2025,3,2025-03-01,0.8268579533847783,82.68579533847783,0.15903751650726528,15.903751650726527,0,LOW,1
GRID_N20_E100,20,100,2025,10,2025-10-01,0.8465370428656542,84.65370428656543,0.15902108446184074,15.902108446184075,0,LOW,0
GRID_N40_W100,40,-100,2025,10,2025-10-01,0.8517747606943716,85.17747606943716,0.15858594374341886,15.858594374341886,0,LOW,0
GRID_S10_W060,-10,-60,2025,2,2025-02-01,0.8810225909722902,88.10225909722902,0.15831477895554444,15.831477895554444,0,LOW,0
GRID_N10_W080,10,-80,2025,8,2025-08-01,0.8284757908862471,82.84757908862471,0.15808134127590773,15.808134127590773,0,LOW,1
GRID_N10_E090,10,90,2025,4,2025-04-01,0.8228454088433417,82.28454088433416,0.15792667529013546,15.792667529013546,0,LOW,0
GRID_N10_W120,10,-120,2025,2,2025-02-01,0.8222278857183317,82.22278857183318,0.15791362708306958,15.791362708306957,0,LOW,0
GRID_N50_E150,50,150,2025,11,2025-11-01,0.8225408554587318,82.25408554587318,0.15781094724797637,15.781094724797637,0,LOW,0
GRID_N10_E140,10,140,2025,6,2025-06-01,0.8174252471589752,81.74252471589753,0.15742280645620532,15.742280645620532,0,LOW,1
GRID_S30_E020,-30,20,2025,10,2025-10-01,0.850871284903355,85.0871284903355,0.15705888104605684,15.705888104605684,0,LOW,1
GRID_S10_E110,-10,110,2025,2,2025-02-01,0.8315307330982404,83.15307330982404,0.1569371279254322,15.693712792543222,0,LOW,0
GRID_N50_E150,50,150,2025,4,2025-04-01,0.8160572026442914,81.60572026442914,0.156781177296708,15.6781177296708,0,LOW,1
GRID_S10_E150,-10,150,2025,2,2025-02-01,0.8244220566044698,82.44220566044697,0.15618389928967105,15.618389928967105,0,LOW,0
GRID_S40_E140,-40,140,2025,1,2025-01-01,0.8541665239860144,85.41665239860144,0.15593162173736733,15.593162173736733,0,LOW,1
GRID_S20_E170,-20,170,2025,7,2025-07-01,0.8208180657942606,82.08180657942606,0.15560501693256476,15.560501693256477,0,LOW,0
GRID_S60_W040,-60,-40,2025,7,2025-07-01,0.833251265412326,83.32512654123259,0.15454449074692078,15.454449074692079,0,LOW,1
GRID_N10_E140,10,140,2025,10,2025-10-01,0.8216112458075736,82.16112458075736,0.15451181887401969,15.451181887401969,0,LOW,0
GRID_S10_W070,-10,-70,2025,5,2025-05-01,0.8360754392897629,83.6075439289763,0.1543157397888347,15.43157397888347,0,LOW,0
GRID_N10_E130,10,130,2025,1,2025-01-01,0.8267494292778667,82.67494292778666,0.15409416940850382,15.409416940850381,0,LOW,0
GRID_S40_E150,-40,150,2025,8,2025-08-01,0.8343258357944187,83.43258357944187,0.15349088463464133,15.349088463464133,0,LOW,0
GRID_N30_E130,30,130,2025,5,2025-05-01,0.8091994533260487,80.91994533260487,0.15344482369030876,15.344482369030876,0,LOW,1
GRID_N00_E080,0,80,2025,11,2025-11-01,0.84798283897109,84.798283897109,0.15333333527910514,15.333333527910515,0,LOW,0
GRID_S30_E130,-30,130,2025,11,2025-11-01,0.8497754097795425,84.97754097795425,0.1532850190445229,15.32850190445229,0,LOW,1
GRID_N30_E130,30,130,2025,11,2025-11-01,0.8180743423160705,81.80743423160705,0.15302655830429993,15.302655830429993,0,LOW,0
GRID_N30_E130,30,130,2025,3,2025-03-01,0.8276696924225194,82.76696924225195,0.15301495670887075,15.301495670887075,0,LOW,0
GRID_N40_E030,40,30,2025,6,2025-06-01,0.828067419167325,82.80674191673249,0.15294668679196605,15.294668679196604,0,LOW,1
GRID_N00_W080,0,-80,2025,5,2025-05-01,0.8170064899211361,81.70064899211361,0.15219951610749644,15.219951610749643,0,LOW,0
GRID_N20_E080,20,80,2025,7,2025-07-01,0.8288985594271516,82.88985594271516,0.15183803265932316,15.183803265932315,0,LOW,0
GRID_N10_E140,10,140,2025,5,2025-05-01,0.8100286491932001,81.00286491932,0.151510371991708,15.1510371991708,0,LOW,0
GRID_S20_W180,-20,-180,2025,2,2025-02-01,0.835827317184325,83.5827317184325,0.15149242287180584,15.149242287180584,0,LOW,0
GRID_N30_E020,30,20,2025,10,2025-10-01,0.8233440686305633,82.33440686305633,0.15134011443311413,15.134011443311412,0,LOW,1
GRID_N10_E110,10,110,2025,5,2025-05-01,0.800340370720497,80.0340370720497,0.15122959650023934,15.122959650023935,0,LOW,1
GRID_N40_E000,40,0,2025,4,2025-04-01,0.8150434517753319,81.50434517753318,0.1505488979718137,15.05488979718137,0,LOW,1
GRID_N60_E140,60,140,2025,6,2025-06-01,0.8198476999317316,81.98476999317316,0.15014070752901176,15.014070752901176,0,LOW,0
GRID_N10_W080,10,-80,2025,6,2025-06-01,0.8108904556155577,81.08904556155578,0.14944167225612373,14.944167225612373,0,VERY LOW,0
GRID_N40_E040,40,40,2025,9,2025-09-01,0.8303709025804227,83.03709025804227,0.14935839584669125,14.935839584669125,0,VERY LOW,1
GRID_N00_W090,0,-90,2025,10,2025-10-01,0.8410489993767467,84.10489993767467,0.1489279163193325,14.89279163193325,0,VERY LOW,1
GRID_N50_E130,50,130,2025,5,2025-05-01,0.8182820048197388,81.82820048197388,0.14875530055453498,14.875530055453497,0,VERY LOW,0
GRID_N60_W120,60,-120,2025,4,2025-04-01,0.8165314124437549,81.65314124437549,0.14872670209122493,14.872670209122493,0,VERY LOW,0
GRID_N10_E030,10,30,2025,10,2025-10-01,0.8315752743186473,83.15752743186474,0.14858894653909643,14.858894653909644,0,VERY LOW,1
GRID_S30_E110,-30,110,2025,6,2025-06-01,0.8244342039169325,82.44342039169325,0.14856094157548844,14.856094157548844,0,VERY LOW,0
GRID_N10_E010,10,10,2025,3,2025-03-01,0.8328445994320728,83.28445994320728,0.14840596652822324,14.840596652822324,0,VERY LOW,1
GRID_N20_E120,20,120,2025,8,2025-08-01,0.8138565041225495,81.38565041225495,0.14835303615350037,14.835303615350037,0,VERY LOW,1
GRID_N30_E010,30,10,2025,9,2025-09-01,0.7991673264215078,79.91673264215078,0.14809427604321018,14.809427604321018,0,VERY LOW,0
GRID_N00_E030,0,30,2025,5,2025-05-01,0.8320901567276786,83.20901567276786,0.14802300042096794,14.802300042096794,0,VERY LOW,0
GRID_N10_W080,10,-80,2025,5,2025-05-01,0.8173246676075834,81.73246676075834,0.14756207600913923,14.756207600913923,0,VERY LOW,1
GRID_N10_E100,10,100,2025,6,2025-06-01,0.8109192167762171,81.09192167762171,0.1474540655842947,14.745406558429469,0,VERY LOW,1
GRID_S20_E170,-20,170,2025,2,2025-02-01,0.8261229445985163,82.61229445985163,0.14739734738630744,14.739734738630744,0,VERY LOW,0
GRID_S10_W080,-10,-80,2025,5,2025-05-01,0.7965032590806905,79.65032590806905,0.14703981280749562,14.703981280749561,0,VERY LOW,1
GRID_S30_E150,-30,150,2025,4,2025-04-01,0.8265245487799465,82.65245487799466,0.14700151876439888,14.700151876439888,0,VERY LOW,0
GRID_S40_W070,-40,-70,2025,5,2025-05-01,0.8292864084191971,82.92864084191972,0.14691251478030407,14.691251478030406,0,VERY LOW,0
GRID_S10_E150,-10,150,2025,1,2025-01-01,0.8068393425843223,80.68393425843223,0.14557937294905865,14.557937294905866,0,VERY LOW,0
GRID_N00_E120,0,120,2025,2,2025-02-01,0.8082519992354187,80.82519992354187,0.14532216957576888,14.532216957576887,0,VERY LOW,0
GRID_N00_W080,0,-80,2025,4,2025-04-01,0.8126659930978567,81.26659930978568,0.14522534580540988,14.522534580540988,0,VERY LOW,1
GRID_S10_W080,-10,-80,2025,8,2025-08-01,0.7939680394396736,79.39680394396737,0.14511887722788522,14.511887722788522,0,VERY LOW,0
GRID_S10_W070,-10,-70,2025,4,2025-04-01,0.8218069332197682,82.18069332197682,0.14418017103818376,14.418017103818375,0,VERY LOW,0
GRID_S10_W080,-10,-80,2025,11,2025-11-01,0.8121177542961027,81.21177542961027,0.14310977959538695,14.310977959538695,0,VERY LOW,0
GRID_N10_W120,10,-120,2025,1,2025-01-01,0.7976580741589939,79.76580741589939,0.14304882980080952,14.304882980080952,0,VERY LOW,0
GRID_S30_E030,-30,30,2025,4,2025-04-01,0.8185743571284004,81.85743571284004,0.14287105661439106,14.287105661439107,0,VERY LOW,0
GRID_N30_E020,30,20,2025,9,2025-09-01,0.7972245413423823,79.72245413423823,0.1425014764049839,14.25014764049839,0,VERY LOW,1
GRID_S10_W050,-10,-50,2025,10,2025-10-01,0.822526301702683,82.2526301702683,0.14242915708854229,14.242915708854229,0,VERY LOW,0
GRID_N30_E130,30,130,2025,4,2025-04-01,0.7928412423305827,79.28412423305828,0.14230730343150927,14.230730343150928,0,VERY LOW,0
GRID_S20_W060,-20,-60,2025,2,2025-02-01,0.8931631052195615,89.31631052195615,0.14138337515292831,14.138337515292832,0,VERY LOW,0
GRID_N50_E150,50,150,2025,3,2025-03-01,0.7887885645125958,78.87885645125958,0.1402226940193721,14.02226940193721,0,VERY LOW,0
GRID_N10_E110,10,110,2025,4,2025-04-01,0.7837658390485477,78.37658390485477,0.14020094773009076,14.020094773009076,0,VERY LOW,0
GRID_S40_E110,-40,110,2025,4,2025-04-01,0.8064554241036458,80.64554241036458,0.14002074242603546,14.002074242603546,0,VERY LOW,1
GRID_S20_E060,-20,60,2025,1,2025-01-01,0.8174368687908364,81.74368687908364,0.13958650161725578,13.958650161725577,0,VERY LOW,0
GRID_N20_E100,20,100,2025,6,2025-06-01,0.7968809476847454,79.68809476847454,0.1394745728367232,13.947457283672321,0,VERY LOW,1
GRID_N00_W070,0,-70,2025,10,2025-10-01,0.8148986863078911,81.4898686307891,0.13872619924825152,13.872619924825152,0,VERY LOW,0
GRID_N40_W090,40,-90,2025,11,2025-11-01,0.816271273628893,81.6271273628893,0.13850394428596385,13.850394428596385,0,VERY LOW,0
GRID_N30_E000,30,0,2025,10,2025-10-01,0.8104040458852142,81.04040458852143,0.13839840591757485,13.839840591757484,0,VERY LOW,0
GRID_N40_E010,40,10,2025,4,2025-04-01,0.8023353881256646,80.23353881256647,0.13817381122938874,13.817381122938874,0,VERY LOW,1
GRID_N20_E140,20,140,2025,11,2025-11-01,0.7876212650360722,78.76212650360722,0.1378417644101712,13.78417644101712,0,VERY LOW,0
GRID_N30_E000,30,0,2025,9,2025-09-01,0.805123440145133,80.5123440145133,0.13782478233107423,13.782478233107422,0,VERY LOW,1
GRID_N30_W010,30,-10,2025,5,2025-05-01,0.7895144011003805,78.95144011003805,0.13776855163176693,13.776855163176693,0,VERY LOW,1
GRID_N60_E130,60,130,2025,5,2025-05-01,0.793073949198743,79.3073949198743,0.13738561635549967,13.738561635549967,0,VERY LOW,0
GRID_N60_W120,60,-120,2025,3,2025-03-01,0.7972463587416789,79.72463587416789,0.13706133488108932,13.706133488108932,0,VERY LOW,0
GRID_N10_W070,10,-70,2025,8,2025-08-01,0.7920283369639589,79.20283369639588,0.13656996006537275,13.656996006537275,0,VERY LOW,0
GRID_N10_W150,10,-150,2025,7,2025-07-01,0.7950032807548164,79.50032807548165,0.13654503541083307,13.654503541083308,0,VERY LOW,0
GRID_N10_E130,10,130,2025,5,2025-05-01,0.7688066487793888,76.88066487793887,0.1358155654302238,13.58155654302238,0,VERY LOW,0
GRID_N50_E150,50,150,2025,2,2025-02-01,0.7862153869271373,78.62153869271373,0.13533515534369353,13.533515534369354,0,VERY LOW,0
GRID_N00_E120,0,120,2025,1,2025-01-01,0.7894635128181479,78.94635128181478,0.13525248860743025,13.525248860743025,0,VERY LOW,0
GRID_N30_E010,30,10,2025,10,2025-10-01,0.7766781971395801,77.66781971395801,0.1345271428385623,13.45271428385623,0,VERY LOW,0
GRID_S30_E150,-30,150,2025,11,2025-11-01,0.8003749150444801,80.03749150444801,0.13305390417320523,13.305390417320522,0,VERY LOW,1
GRID_N10_E010,10,10,2025,2,2025-02-01,0.807768131667792,80.7768131667792,0.13284238281675215,13.284238281675215,0,VERY LOW,1
GRID_N50_E100,50,100,2025,5,2025-05-01,0.7915386321938287,79.15386321938287,0.13274392457256,13.274392457256,0,VERY LOW,1
GRID_S20_E050,-20,50,2025,2,2025-02-01,0.7993131613245746,79.93131613245747,0.13254816956767496,13.254816956767495,0,VERY LOW,0
GRID_N10_E080,10,80,2025,5,2025-05-01,0.7766263142452384,77.66263142452384,0.13246676552028835,13.246676552028836,0,VERY LOW,0
GRID_N20_E100,20,100,2025,7,2025-07-01,0.7789526970366668,77.89526970366668,0.13245616906452215,13.245616906452215,0,VERY LOW,1
GRID_N10_W010,10,-10,2025,9,2025-09-01,0.7898547185983401,78.985471859834,0.13221965479145986,13.221965479145986,0,VERY LOW,0
GRID_N10_E070,10,70,2025,8,2025-08-01,0.7791255107921483,77.91255107921484,0.13207433386762973,13.207433386762974,0,VERY LOW,0
GRID_N20_W080,20,-80,2025,9,2025-09-01,0.7920402215718718,79.20402215718718,0.13126440615142965,13.126440615142965,0,VERY LOW,1
GRID_N10_E140,10,140,2025,4,2025-04-01,0.7702958531069859,77.0295853106986,0.13093208081902363,13.093208081902363,0,VERY LOW,0
GRID_N50_W130,50,-130,2025,2,2025-02-01,0.8084359493590735,80.84359493590735,0.13083260988140416,13.083260988140417,0,VERY LOW,0
GRID_N10_W010,10,-10,2025,1,2025-01-01,0.8041235237295772,80.41235237295771,0.13051777789410002,13.051777789410002,0,VERY LOW,1
GRID_N00_E100,0,100,2025,11,2025-11-01,0.8003359162441568,80.03359162441568,0.13013155426374798,13.013155426374798,0,VERY LOW,0
GRID_S30_E030,-30,30,2025,5,2025-05-01,0.7788410009228991,77.88410009228991,0.12979749688277376,12.979749688277376,0,VERY LOW,0
GRID_S30_E030,-30,30,2025,6,2025-06-01,0.7757552874342603,77.57552874342602,0.12972969687222619,12.97296968722262,0,VERY LOW,1
GRID_S20_E050,-20,50,2025,5,2025-05-01,0.7604039522725772,76.04039522725772,0.12944132616037196,12.944132616037196,0,VERY LOW,0
GRID_N20_E100,20,100,2025,8,2025-08-01,0.7749251545002523,77.49251545002524,0.12919976285385115,12.919976285385115,0,VERY LOW,0
GRID_N00_E090,0,90,2025,7,2025-07-01,0.77170704662033,77.17070466203299,0.12919046833054307,12.919046833054306,0,VERY LOW,0
GRID_S40_E110,-40,110,2025,7,2025-07-01,0.7672502159611788,76.72502159611788,0.12900877060094668,12.900877060094668,0,VERY LOW,0
GRID_N10_E130,10,130,2025,4,2025-04-01,0.7593796885254208,75.93796885254208,0.1285481581393439,12.854815813934389,0,VERY LOW,0
GRID_N60_E120,60,120,2025,2,2025-02-01,0.7886200308264526,78.86200308264526,0.1284607184986485,12.84607184986485,0,VERY LOW,0
GRID_N60_E130,60,130,2025,4,2025-04-01,0.7760649824590535,77.60649824590536,0.1283409094572689,12.834090945726889,0,VERY LOW,0
GRID_N20_E140,20,140,2025,5,2025-05-01,0.7518455240560298,75.18455240560297,0.12819459873774636,12.819459873774635,0,VERY LOW,1
GRID_N60_W170,60,-170,2025,6,2025-06-01,0.7708352184205968,77.08352184205968,0.12803480161248582,12.803480161248581,0,VERY LOW,0
GRID_N10_E110,10,110,2025,3,2025-03-01,0.7620403839219403,76.20403839219404,0.1279438662111824,12.794386621118239,0,VERY LOW,0
GRID_S10_W080,-10,-80,2025,3,2025-03-01,0.7775495291843912,77.75495291843913,0.1278906731410379,12.789067314103791,0,VERY LOW,1
GRID_N20_W110,20,-110,2025,2,2025-02-01,0.7968948174937945,79.68948174937945,0.12788533562675353,12.788533562675353,0,VERY LOW,1
GRID_N40_E030,40,30,2025,9,2025-09-01,0.7769669525833264,77.69669525833264,0.12768852197302388,12.768852197302389,0,VERY LOW,0
GRID_N00_W080,0,-80,2025,11,2025-11-01,0.770706650839921,77.0706650839921,0.12759323413626902,12.759323413626902,0,VERY LOW,1
GRID_N30_E010,30,10,2025,11,2025-11-01,0.7651757420642268,76.51757420642268,0.12720114931326293,12.720114931326293,0,VERY LOW,0
GRID_N10_E030,10,30,2025,9,2025-09-01,0.7852069174790332,78.52069174790331,0.12699041351482834,12.699041351482835,0,VERY LOW,1
GRID_N00_W010,0,-10,2025,2,2025-02-01,0.7942521377789825,79.42521377789825,0.12674668373037118,12.674668373037118,0,VERY LOW,0
GRID_N60_W030,60,-30,2025,7,2025-07-01,0.7600119683327139,76.0011968332714,0.12663910334284284,12.663910334284283,0,VERY LOW,0
GRID_S20_E050,-20,50,2025,3,2025-03-01,0.7762374123577858,77.62374123577858,0.12580102747316074,12.580102747316074,0,VERY LOW,0
GRID_N30_E140,30,140,2025,9,2025-09-01,0.7826168504834105,78.26168504834105,0.12578838445883228,12.578838445883228,0,VERY LOW,0
GRID_N50_E150,50,150,2025,1,2025-01-01,0.7658930585117273,76.58930585117272,0.12566640492137146,12.566640492137147,0,VERY LOW,0
GRID_N30_W130,30,-130,2025,10,2025-10-01,0.717637826039758,71.7637826039758,0.12544520034354753,12.544520034354752,0,VERY LOW,1
GRID_N60_E140,60,140,2025,5,2025-05-01,0.764279257109025,76.4279257109025,0.12540265662080421,12.540265662080422,0,VERY LOW,0
GRID_N50_E130,50,130,2025,4,2025-04-01,0.7723696745347147,77.23696745347148,0.12523000495877254,12.523000495877254,0,VERY LOW,0
GRID_S10_W080,-10,-80,2025,9,2025-09-01,0.7496704061348733,74.96704061348734,0.12498704531325724,12.498704531325725,0,VERY LOW,0
GRID_N10_E010,10,10,2025,1,2025-01-01,0.7937273604466638,79.37273604466638,0.12497914511740091,12.49791451174009,0,VERY LOW,1
GRID_N30_E010,30,10,2025,4,2025-04-01,0.7485240062557934,74.85240062557934,0.12454237159364742,12.454237159364743,0,VERY LOW,1
GRID_N10_W020,10,-20,2025,8,2025-08-01,0.7716112641496056,77.16112641496056,0.12453155584713309,12.45315558471331,0,VERY LOW,1
GRID_S20_E110,-20,110,2025,4,2025-04-01,0.7602123496902778,76.02123496902779,0.12399001114024155,12.399001114024156,0,VERY LOW,0
GRID_N10_W010,10,-10,2025,10,2025-10-01,0.775518715886974,77.5518715886974,0.12398879805077503,12.398879805077504,0,VERY LOW,1
GRID_S40_E110,-40,110,2025,6,2025-06-01,0.7531598831130889,75.31598831130889,0.12360115984582051,12.360115984582052,0,VERY LOW,0
GRID_N10_E140,10,140,2025,11,2025-11-01,0.7585664733710683,75.85664733710684,0.12347354020029588,12.347354020029588,0,VERY LOW,0
GRID_N30_E030,30,30,2025,5,2025-05-01,0.7674698603110685,76.74698603110684,0.12299392632080108,12.299392632080108,0,VERY LOW,0
GRID_S40_E110,-40,110,2025,8,2025-08-01,0.7556659673696797,75.56659673696797,0.1227580742287373,12.27580742287373,0,VERY LOW,1
GRID_S20_E050,-20,50,2025,4,2025-04-01,0.7507454515074359,75.07454515074359,0.12249498480433371,12.24949848043337,0,VERY LOW,0
GRID_N40_W010,40,-10,2025,5,2025-05-01,0.7460605675935543,74.60605675935543,0.12215721606605598,12.215721606605598,0,VERY LOW,1
GRID_N40_E020,40,20,2025,6,2025-06-01,0.741683695123145,74.1683695123145,0.12206776287876184,12.206776287876183,0,VERY LOW,1
GRID_N60_W150,60,-150,2025,9,2025-09-01,0.7287877172140772,72.87877172140772,0.12187617749570116,12.187617749570116,0,VERY LOW,0
GRID_S20_E110,-20,110,2025,2,2025-02-01,0.7744618070164037,77.44618070164037,0.121869782871743,12.186978287174298,0,VERY LOW,1
GRID_N30_W010,30,-10,2025,8,2025-08-01,0.7426291967236589,74.2629196723659,0.12184925475767008,12.184925475767008,0,VERY LOW,0
GRID_S20_E170,-20,170,2025,8,2025-08-01,0.7424102940331961,74.24102940331962,0.12164311028922285,12.164311028922285,0,VERY LOW,0
GRID_N00_W080,0,-80,2025,6,2025-06-01,0.7339617396538856,73.39617396538856,0.12158915232323446,12.158915232323446,0,VERY LOW,1
GRID_N20_E140,20,140,2025,4,2025-04-01,0.7419590954365642,74.19590954365643,0.12137614308211782,12.137614308211782,0,VERY LOW,0
GRID_N10_E080,10,80,2025,11,2025-11-01,0.7566377878347098,75.66377878347097,0.12086014231668192,12.086014231668193,0,VERY LOW,0
GRID_N50_W110,50,-110,2025,2,2025-02-01,0.7780097209933933,77.80097209933933,0.12071368246749965,12.071368246749966,0,VERY LOW,0
GRID_S10_E030,-10,30,2025,11,2025-11-01,0.7747854621270062,77.47854621270062,0.12066005482865405,12.066005482865405,0,VERY LOW,1
GRID_N00_W010,0,-10,2025,8,2025-08-01,0.7605664831234684,76.05664831234684,0.12009691944691162,12.009691944691161,0,VERY LOW,0
GRID_S20_E150,-20,150,2025,5,2025-05-01,0.739584062469077,73.9584062469077,0.11962485291436273,11.962485291436273,0,VERY LOW,0
GRID_S20_E170,-20,170,2025,3,2025-03-01,0.7515585276845999,75.15585276845998,0.11959771870935428,11.959771870935427,0,VERY LOW,0
GRID_S10_W070,-10,-70,2025,3,2025-03-01,0.7724947730082116,77.24947730082116,0.11956569894907962,11.956569894907961,0,VERY LOW,0
GRID_N00_W010,0,-10,2025,9,2025-09-01,0.7631466977379335,76.31466977379336,0.11947400150901466,11.947400150901466,0,VERY LOW,0
GRID_S30_E030,-30,30,2025,11,2025-11-01,0.7634077909557624,76.34077909557624,0.11921292646570254,11.921292646570254,0,VERY LOW,1
GRID_N20_E090,20,90,2025,4,2025-04-01,0.748421817148738,74.8421817148738,0.11889679901716446,11.889679901716447,0,VERY LOW,1
GRID_N50_E000,50,0,2025,8,2025-08-01,0.7452741136865173,74.52741136865173,0.11885276924104973,11.885276924104973,0,VERY LOW,1
GRID_N10_E100,10,100,2025,4,2025-04-01,0.7554695172481923,75.54695172481924,0.11845873518934025,11.845873518934024,0,VERY LOW,1
GRID_N60_E130,60,130,2025,3,2025-03-01,0.7538088432151843,75.38088432151842,0.1183265803858929,11.83265803858929,0,VERY LOW,0
GRID_N10_E090,10,90,2025,9,2025-09-01,0.741048280698557,74.1048280698557,0.1182868684572392,11.828686845723919,0,VERY LOW,0
GRID_S40_E170,-40,170,2025,8,2025-08-01,0.7505964374890203,75.05964374890203,0.11817939865292534,11.817939865292534,0,VERY LOW,0
GRID_S20_E060,-20,60,2025,3,2025-03-01,0.7467800361486193,74.67800361486194,0.1179769318669945,11.79769318669945,0,VERY LOW,0
GRID_N10_E110,10,110,2025,2,2025-02-01,0.7411164352130185,74.11164352130186,0.1178521407023265,11.78521407023265,0,VERY LOW,0
GRID_N10_E080,10,80,2025,6,2025-06-01,0.7209315377540378,72.09315377540378,0.11706979040241519,11.706979040241519,0,VERY LOW,0
GRID_N60_E140,60,140,2025,4,2025-04-01,0.7456624687968784,74.56624687968784,0.11700917227739012,11.700917227739012,0,VERY LOW,0
GRID_N30_W130,30,-130,2025,11,2025-11-01,0.6683344578758981,66.83344578758981,0.11700791503026894,11.700791503026894,0,VERY LOW,0
GRID_N20_E100,20,100,2025,5,2025-05-01,0.7450427030046245,74.50427030046245,0.11692858463280638,11.692858463280638,0,VERY LOW,1
GRID_S30_E020,-30,20,2025,3,2025-03-01,0.7846312987076968,78.46312987076968,0.11674243905320938,11.674243905320939,0,VERY LOW,0
GRID_S40_W070,-40,-70,2025,8,2025-08-01,0.7537017841106326,75.37017841106326,0.1166965747532698,11.66965747532698,0,VERY LOW,0
GRID_S20_E170,-20,170,2025,5,2025-05-01,0.7296913628209413,72.96913628209413,0.11661064829191407,11.661064829191407,0,VERY LOW,0
GRID_S30_E140,-30,140,2025,2,2025-02-01,0.7722255213921225,77.22255213921225,0.11645435991578587,11.645435991578587,0,VERY LOW,0
GRID_S20_W180,-20,-180,2025,4,2025-04-01,0.7343959242975949,73.43959242975949,0.11645090114654033,11.645090114654034,0,VERY LOW,0
GRID_N10_W010,10,-10,2025,7,2025-07-01,0.7436269359638202,74.36269359638203,0.11632873660129306,11.632873660129306,0,VERY LOW,1
GRID_N30_E010,30,10,2025,3,2025-03-01,0.7340516159358044,73.40516159358043,0.1160657261109798,11.606572611097981,0,VERY LOW,0
GRID_N40_W010,40,-10,2025,11,2025-11-01,0.7342654739082995,73.42654739082995,0.11605922632239798,11.605922632239798,0,VERY LOW,1
GRID_N10_E080,10,80,2025,7,2025-07-01,0.7173231541483341,71.73231541483341,0.1159687101547062,11.596871015470619,0,VERY LOW,0
GRID_N50_E020,50,20,2025,7,2025-07-01,0.7440626553437594,74.40626553437593,0.11560166631227516,11.560166631227515,0,VERY LOW,1
GRID_N60_E110,60,110,2025,7,2025-07-01,0.7385346312961834,73.85346312961833,0.1154121699323046,11.54121699323046,0,VERY LOW,0
GRID_N50_E130,50,130,2025,3,2025-03-01,0.7498646449736772,74.98646449736772,0.11540264926266572,11.540264926266572,0,VERY LOW,0
GRID_N30_E120,30,120,2025,8,2025-08-01,0.7498786691048224,74.98786691048224,0.1152536049160399,11.52536049160399,0,VERY LOW,1
GRID_S30_E130,-30,130,2025,2,2025-02-01,0.7801129838126843,78.01129838126843,0.11501095350990784,11.501095350990784,0,VERY LOW,0
GRID_S30_W050,-30,-50,2025,9,2025-09-01,0.7683365617409673,76.83365617409673,0.11494716425541669,11.49471642554167,0,VERY LOW,0
GRID_N40_W090,40,-90,2025,6,2025-06-01,0.7281126922409238,72.81126922409238,0.1149030169004529,11.49030169004529,0,VERY LOW,0
GRID_S40_E110,-40,110,2025,10,2025-10-01,0.7470124403361004,74.70124403361004,0.11467255411219499,11.467255411219499,0,VERY LOW,0
GRID_N10_E130,10,130,2025,3,2025-03-01,0.7265245983353639,72.65245983353638,0.11450233581315065,11.450233581315066,0,VERY LOW,0
GRID_S20_E060,-20,60,2025,2,2025-02-01,0.7482706027220996,74.82706027220996,0.11439224679726079,11.43922467972608,0,VERY LOW,0
GRID_N50_E010,50,10,2025,6,2025-06-01,0.7290772467900515,72.90772467900514,0.11433557544419745,11.433557544419745,0,VERY LOW,1
GRID_S20_E170,-20,170,2025,9,2025-09-01,0.7267857605774496,72.67857605774496,0.11432773257874503,11.432773257874503,0,VERY LOW,0
GRID_N10_E070,10,70,2025,11,2025-11-01,0.7465300589803445,74.65300589803445,0.11408270366584294,11.408270366584293,0,VERY LOW,0
GRID_N00_W090,0,-90,2025,11,2025-11-01,0.7615512899560352,76.15512899560352,0.11391327860928273,11.391327860928273,0,VERY LOW,0
GRID_S40_E170,-40,170,2025,10,2025-10-01,0.7457557763783519,74.5755776378352,0.11364204364884886,11.364204364884886,0,VERY LOW,0
GRID_S20_E040,-20,40,2025,3,2025-03-01,0.7495388356028221,74.95388356028221,0.11357378983583284,11.357378983583285,0,VERY LOW,0
GRID_N10_E070,10,70,2025,3,2025-03-01,0.744112322844083,74.4112322844083,0.11354235743847489,11.35423574384749,0,VERY LOW,0
GRID_N10_E030,10,30,2025,7,2025-07-01,0.7420750271485035,74.20750271485035,0.11336405646490444,11.336405646490444,0,VERY LOW,0
GRID_N20_E140,20,140,2025,3,2025-03-01,0.7272465651715847,72.72465651715846,0.1132719676136162,11.32719676136162,0,VERY LOW,0
GRID_S20_E090,-20,90,2025,3,2025-03-01,0.7477709688306458,74.77709688306457,0.11315282683865627,11.315282683865627,0,VERY LOW,0
GRID_N40_W010,40,-10,2025,4,2025-04-01,0.7265197713150284,72.65197713150285,0.11308630831181392,11.308630831181391,0,VERY LOW,0
GRID_S20_W180,-20,-180,2025,1,2025-01-01,0.7502703236902263,75.02703236902263,0.11306028311914296,11.306028311914297,0,VERY LOW,1
GRID_N20_W110,20,-110,2025,7,2025-07-01,0.7070039510038952,70.70039510038953,0.11297739716617991,11.297739716617992,0,VERY LOW,0
GRID_N10_W080,10,-80,2025,7,2025-07-01,0.7124218671346495,71.24218671346495,0.11288818078124555,11.288818078124555,0,VERY LOW,1
GRID_N10_E090,10,90,2025,2,2025-02-01,0.7418005074889316,74.18005074889315,0.11271906525707401,11.2719065257074,0,VERY LOW,1
GRID_N10_W040,10,-40,2025,9,2025-09-01,0.7321226247374966,73.21226247374966,0.11260196010146895,11.260196010146895,0,VERY LOW,0
GRID_N50_E100,50,100,2025,6,2025-06-01,0.7240687911115541,72.4068791111554,0.11182871459715435,11.182871459715434,0,VERY LOW,0
GRID_S20_E150,-20,150,2025,2,2025-02-01,0.7456941537424714,74.56941537424714,0.11178697387357735,11.178697387357735,0,VERY LOW,0
GRID_S20_W180,-20,-180,2025,3,2025-03-01,0.7241209676076416,72.41209676076416,0.11138292745714846,11.138292745714846,0,VERY LOW,0
GRID_N40_E020,40,20,2025,4,2025-04-01,0.7317159140125137,73.17159140125136,0.1112113445984924,11.12113445984924,0,VERY LOW,1
GRID_S60_W040,-60,-40,2025,10,2025-10-01,0.7389766151378054,73.89766151378055,0.1110914696464624,11.10914696464624,0,VERY LOW,0
GRID_S20_E070,-20,70,2025,3,2025-03-01,0.7328776585341938,73.28776585341939,0.11091935438311704,11.091935438311703,0,VERY LOW,0
GRID_S20_E070,-20,70,2025,4,2025-04-01,0.7190263466489001,71.90263466489,0.11075346380650139,11.075346380650139,0,VERY LOW,0
GRID_S20_E110,-20,110,2025,5,2025-05-01,0.7118320405578802,71.18320405578802,0.11062686936079813,11.062686936079814,0,VERY LOW,0
GRID_S20_W180,-20,-180,2025,5,2025-05-01,0.7073892963336439,70.73892963336439,0.11060112314578671,11.06011231457867,0,VERY LOW,0
GRID_S70_E080,-70,80,2025,4,2025-04-01,0.7422245310646133,74.22245310646133,0.11033463694761399,11.033463694761398,0,VERY LOW,0
GRID_N10_E090,10,90,2025,7,2025-07-01,0.7023114047785837,70.23114047785836,0.11030602847920681,11.030602847920681,0,VERY LOW,1
GRID_N00_E010,0,10,2025,10,2025-10-01,0.7418258838502446,74.18258838502446,0.11000227881807437,11.000227881807437,0,VERY LOW,1
GRID_N20_E080,20,80,2025,10,2025-10-01,0.7447914307779265,74.47914307779266,0.10999559094758508,10.999559094758508,0,VERY LOW,1
GRID_S40_E150,-40,150,2025,6,2025-06-01,0.7264125435303229,72.6412543530323,0.10985705462073889,10.985705462073888,0,VERY LOW,0
GRID_N20_E120,20,120,2025,11,2025-11-01,0.7205092802456717,72.05092802456717,0.10973061648937235,10.973061648937236,0,VERY LOW,0
GRID_N10_W040,10,-40,2025,8,2025-08-01,0.7085852177808478,70.85852177808478,0.1095517066781393,10.95517066781393,0,VERY LOW,0
GRID_N10_W130,10,-130,2025,7,2025-07-01,0.7043010864312556,70.43010864312555,0.10952993626787162,10.952993626787162,0,VERY LOW,1
GRID_N10_E080,10,80,2025,8,2025-08-01,0.7005158119318922,70.05158119318922,0.10932492221873755,10.932492221873755,0,VERY LOW,0
GRID_N00_W010,0,-10,2025,10,2025-10-01,0.7375587990423046,73.75587990423045,0.10927571055610515,10.927571055610514,0,VERY LOW,1
GRID_N50_E010,50,10,2025,10,2025-10-01,0.7261885046211193,72.61885046211192,0.10927505148344445,10.927505148344444,0,VERY LOW,0
GRID_S20_E060,-20,60,2025,4,2025-04-01,0.7136789628901271,71.3678962890127,0.10902590968116319,10.902590968116318,0,VERY LOW,0
GRID_N00_E000,0,0,2025,5,2025-05-01,0.7332600284461266,73.32600284461266,0.10899084319576265,10.899084319576264,0,VERY LOW,0
GRID_N10_E070,10,70,2025,6,2025-06-01,0.703962175574485,70.39621755744851,0.1089468304155022,10.89468304155022,0,VERY LOW,0
GRID_N30_E000,30,0,2025,6,2025-06-01,0.7116651370226665,71.16651370226666,0.10831865560893772,10.831865560893771,0,VERY LOW,0
GRID_S30_E120,-30,120,2025,4,2025-04-01,0.7306278941669632,73.06278941669632,0.10796500016751827,10.796500016751827,0,VERY LOW,1
GRID_S20_E170,-20,170,2025,4,2025-04-01,0.7093816151989891,70.93816151989891,0.10789751568515075,10.789751568515076,0,VERY LOW,0
GRID_N10_E040,10,40,2025,9,2025-09-01,0.7224624649405114,72.24624649405114,0.10782569614039077,10.782569614039076,0,VERY LOW,0
GRID_N60_E140,60,140,2025,3,2025-03-01,0.7214691845367762,72.14691845367763,0.1077648806119355,10.77648806119355,0,VERY LOW,0
GRID_S20_E100,-20,100,2025,2,2025-02-01,0.7420057934355625,74.20057934355626,0.1076845057644689,10.76845057644689,0,VERY LOW,0
GRID_N20_W080,20,-80,2025,10,2025-10-01,0.7250626604724577,72.50626604724577,0.10759689274582299,10.759689274582298,0,VERY LOW,0
GRID_N10_E100,10,100,2025,10,2025-10-01,0.7209760199419395,72.09760199419395,0.10745259816572421,10.745259816572421,0,VERY LOW,1
GRID_N50_E130,50,130,2025,2,2025-02-01,0.7282518651505391,72.82518651505391,0.10731063223249507,10.731063223249507,0,VERY LOW,0
GRID_S40_E010,-40,10,2025,3,2025-03-01,0.7427768472581384,74.27768472581384,0.10726201029696755,10.726201029696755,0,VERY LOW,0
GRID_N10_W030,10,-30,2025,9,2025-09-01,0.7187520633797057,71.87520633797057,0.10696784227846978,10.696784227846978,0,VERY LOW,0
GRID_N10_W040,10,-40,2025,6,2025-06-01,0.6887688148959369,68.87688148959369,0.10683074708496858,10.683074708496857,0,VERY LOW,0
GRID_N20_E080,20,80,2025,11,2025-11-01,0.7377416901311795,73.77416901311796,0.10682220755002295,10.682220755002295,0,VERY LOW,1
GRID_N10_E110,10,110,2025,1,2025-01-01,0.7092996954396008,70.92996954396008,0.10645231571820053,10.645231571820053,0,VERY LOW,0
GRID_N50_W120,50,-120,2025,9,2025-09-01,0.6838673411891721,68.38673411891722,0.10638618118583162,10.638618118583162,0,VERY LOW,0
GRID_S20_E170,-20,170,2025,10,2025-10-01,0.7089017561922838,70.89017561922837,0.1061362501701835,10.61362501701835,0,VERY LOW,0
GRID_S20_E150,-20,150,2025,4,2025-04-01,0.705093099589168,70.5093099589168,0.10602859653874708,10.602859653874708,0,VERY LOW,0
GRID_N10_E080,10,80,2025,1,2025-01-01,0.715458000618581,71.5458000618581,0.10582150618136692,10.582150618136692,0,VERY LOW,0
GRID_N50_E020,50,20,2025,8,2025-08-01,0.7060662983183349,70.60662983183349,0.10580052897076311,10.580052897076312,0,VERY LOW,0
GRID_N10_W040,10,-40,2025,7,2025-07-01,0.6849263133593163,68.49263133593163,0.10578400470243203,10.578400470243203,0,VERY LOW,0
GRID_N60_W120,60,-120,2025,9,2025-09-01,0.7047565694693169,70.4756569469317,0.1052899534501188,10.528995345011879,0,VERY LOW,0
GRID_N40_E040,40,40,2025,10,2025-10-01,0.7164996962404004,71.64996962404004,0.10524144309761008,10.524144309761008,0,VERY LOW,0
GRID_S20_E040,-20,40,2025,10,2025-10-01,0.7164842532210287,71.64842532210287,0.10505685935214668,10.505685935214668,0,VERY LOW,1
GRID_N10_E010,10,10,2025,4,2025-04-01,0.7143876294718994,71.43876294718994,0.10504132250694834,10.504132250694834,0,VERY LOW,0
GRID_N30_E070,30,70,2025,7,2025-07-01,0.704395046804905,70.4395046804905,0.10474724317125614,10.474724317125613,0,VERY LOW,1
GRID_N40_E010,40,10,2025,10,2025-10-01,0.6973815569821578,69.73815569821578,0.10455846385514929,10.45584638551493,0,VERY LOW,1
GRID_N50_W100,50,-100,2025,4,2025-04-01,0.7074305069720127,70.74305069720127,0.10455583221759798,10.455583221759799,0,VERY LOW,1
GRID_S40_E110,-40,110,2025,1,2025-01-01,0.7283374864122262,72.83374864122261,0.10455155749972515,10.455155749972516,0,VERY LOW,1
GRID_N20_E120,20,120,2025,6,2025-06-01,0.6843869536888098,68.43869536888097,0.1045482725232606,10.45482725232606,0,VERY LOW,1
GRID_N60_E140,60,140,2025,7,2025-07-01,0.7023856591985664,70.23856591985664,0.10452647834425526,10.452647834425525,0,VERY LOW,0
GRID_N10_W030,10,-30,2025,8,2025-08-01,0.7009334811376586,70.09334811376587,0.10451087022104266,10.451087022104266,0,VERY LOW,0
GRID_S20_E040,-20,40,2025,7,2025-07-01,0.6953063746218726,69.53063746218726,0.10450538853817595,10.450538853817596,0,VERY LOW,0
GRID_N10_E000,10,0,2025,6,2025-06-01,0.716443930700639,71.6443930700639,0.10433684391153127,10.433684391153127,0,VERY LOW,1
GRID_S20_E150,-20,150,2025,3,2025-03-01,0.7090819020789101,70.90819020789101,0.10381375233732437,10.381375233732438,0,VERY LOW,0
GRID_N10_W050,10,-50,2025,9,2025-09-01,0.7123429644683125,71.23429644683125,0.1036660331380445,10.36660331380445,0,VERY LOW,1
GRID_N10_E140,10,140,2025,3,2025-03-01,0.6926693667429342,69.26693667429342,0.10270259924528391,10.270259924528391,0,VERY LOW,0
GRID_N10_W070,10,-70,2025,10,2025-10-01,0.7052327344165494,70.52327344165494,0.10244842691659324,10.244842691659324,0,VERY LOW,0
GRID_N10_W040,10,-40,2025,5,2025-05-01,0.6782118424437302,67.82118424437303,0.10244244681850712,10.244244681850711,0,VERY LOW,0
GRID_N10_W080,10,-80,2025,11,2025-11-01,0.7018966255904926,70.18966255904925,0.10188287694910833,10.188287694910834,0,VERY LOW,0
GRID_N30_E010,30,10,2025,2,2025-02-01,0.691345142257749,69.13451422577491,0.1017398426065735,10.173984260657349,0,VERY LOW,0
GRID_S60_W040,-60,-40,2025,8,2025-08-01,0.6973295489639386,69.73295489639386,0.10140849554092188,10.140849554092188,0,VERY LOW,1
GRID_N10_E150,10,150,2025,8,2025-08-01,0.6837427309130688,68.37427309130688,0.10128410697790816,10.128410697790816,0,VERY LOW,0
GRID_S20_E050,-20,50,2025,6,2025-06-01,0.6667279318351805,66.67279318351805,0.10087655407486555,10.087655407486555,0,VERY LOW,0
GRID_S20_E070,-20,70,2025,1,2025-01-01,0.7120285032688696,71.20285032688696,0.10065047971835306,10.065047971835305,0,VERY LOW,0
GRID_S10_W080,-10,-80,2025,10,2025-10-01,0.6872725231643595,68.72725231643595,0.10060597812227742,10.060597812227742,0,VERY LOW,1
GRID_N10_W130,10,-130,2025,6,2025-06-01,0.6664660172563289,66.64660172563289,0.10058888974359106,10.058888974359107,0,VERY LOW,0
GRID_S20_E060,-20,60,2025,7,2025-07-01,0.6679537470828656,66.79537470828656,0.10052835473005857,10.052835473005857,0,VERY LOW,0
GRID_N00_E030,0,30,2025,4,2025-04-01,0.704328120245958,70.4328120245958,0.10030401834147284,10.030401834147284,0,VERY LOW,1
GRID_S20_W180,-20,-180,2025,6,2025-06-01,0.6634365586978936,66.34365586978936,0.10016081140593722,10.016081140593721,0,VERY LOW,0
GRID_S30_E030,-30,30,2025,10,2025-10-01,0.697891307538157,69.7891307538157,0.10011735385733016,10.011735385733015,0,VERY LOW,1
GRID_S20_E050,-20,50,2025,7,2025-07-01,0.6627465531550475,66.27465531550475,0.09993988579639024,9.993988579639023,0,VERY LOW,0
GRID_N10_E040,10,40,2025,8,2025-08-01,0.6898343786104885,68.98343786104884,0.0999142096853823,9.991420968538229,0,VERY LOW,1
GRID_S20_E060,-20,60,2025,8,2025-08-01,0.6701018843280879,67.01018843280879,0.09968462238173416,9.968462238173416,0,VERY LOW,0
GRID_N10_E080,10,80,2025,9,2025-09-01,0.6736621129372745,67.36621129372745,0.09962495897792903,9.962495897792904,0,VERY LOW,1
GRID_N10_W130,10,-130,2025,9,2025-09-01,0.6729011455073817,67.29011455073817,0.09943495826371293,9.943495826371294,0,VERY LOW,0
GRID_S20_E110,-20,110,2025,6,2025-06-01,0.6676597643579318,66.76597643579318,0.09939035780880692,9.939035780880692,0,VERY LOW,0
GRID_S30_E050,-30,50,2025,7,2025-07-01,0.6658721150767435,66.58721150767435,0.09938644968161028,9.938644968161029,0,VERY LOW,0
GRID_N20_E090,20,90,2025,6,2025-06-01,0.6648439224450721,66.4843922445072,0.09897209441152013,9.897209441152013,0,VERY LOW,1
GRID_N10_E080,10,80,2025,4,2025-04-01,0.6716533038585377,67.16533038585378,0.09888790592125354,9.888790592125355,0,VERY LOW,0
GRID_N30_E010,30,10,2025,1,2025-01-01,0.6870063513047524,68.70063513047523,0.09880259427106908,9.880259427106907,0,VERY LOW,0
GRID_S40_E110,-40,110,2025,11,2025-11-01,0.6966684564988712,69.66684564988712,0.0987951372376459,9.879513723764589,0,VERY LOW,1
GRID_N60_E130,60,130,2025,2,2025-02-01,0.6952066766534405,69.52066766534405,0.09864131354426031,9.864131354426032,0,VERY LOW,0
GRID_S20_E040,-20,40,2025,8,2025-08-01,0.6777779979040042,67.77779979040042,0.09857479189549856,9.857479189549856,0,VERY LOW,1
GRID_S50_E170,-50,170,2025,6,2025-06-01,0.6868395402174425,68.68395402174426,0.09817377287301779,9.81737728730178,0,VERY LOW,0
GRID_S30_E050,-30,50,2025,6,2025-06-01,0.6590509050266886,65.90509050266886,0.0979688200881326,9.79688200881326,0,VERY LOW,0
GRID_S20_E170,-20,170,2025,1,2025-01-01,0.6979083110098772,69.79083110098772,0.09796869295139038,9.796869295139038,0,VERY LOW,1
GRID_N20_E120,20,120,2025,5,2025-05-01,0.6630312531217275,66.30312531217275,0.09793750978266844,9.793750978266843,0,VERY LOW,0
GRID_S20_W180,-20,-180,2025,8,2025-08-01,0.6599904335758437,65.99904335758437,0.09784195987723456,9.784195987723455,0,VERY LOW,0
GRID_N10_E150,10,150,2025,7,2025-07-01,0.6590374491804069,65.90374491804069,0.0976638861624685,9.76638861624685,0,VERY LOW,0
GRID_S20_E170,-20,170,2025,6,2025-06-01,0.6577032652763499,65.77032652763499,0.09749474025586775,9.749474025586775,0,VERY LOW,1
GRID_S20_E070,-20,70,2025,2,2025-02-01,0.689633363284928,68.9633363284928,0.0974602976812047,9.74602976812047,0,VERY LOW,0
GRID_N00_W010,0,-10,2025,7,2025-07-01,0.6859848780687228,68.59848780687227,0.09742501716481966,9.742501716481966,0,VERY LOW,0
GRID_N10_W020,10,-20,2025,10,2025-10-01,0.6856150278923685,68.56150278923685,0.09710119233269639,9.710119233269639,0,VERY LOW,1
GRID_S30_E020,-30,20,2025,11,2025-11-01,0.6953231702539104,69.53231702539104,0.09688599762815199,9.6885997628152,0,VERY LOW,0
GRID_S30_E150,-30,150,2025,6,2025-06-01,0.669593232193984,66.9593232193984,0.09688430656438901,9.688430656438902,0,VERY LOW,0
GRID_S20_E040,-20,40,2025,6,2025-06-01,0.6644831216275164,66.44831216275165,0.09666302074246994,9.666302074246994,0,VERY LOW,0
GRID_S20_W180,-20,-180,2025,7,2025-07-01,0.6468403187935821,64.6840318793582,0.09656914622145507,9.656914622145507,0,VERY LOW,0
GRID_S20_E060,-20,60,2025,6,2025-06-01,0.6515005522724912,65.15005522724911,0.09641421037542032,9.641421037542033,0,VERY LOW,0
GRID_N40_E030,40,30,2025,8,2025-08-01,0.6660989657475896,66.60989657475896,0.0963519907578625,9.63519907578625,0,VERY LOW,1
GRID_N30_W010,30,-10,2025,9,2025-09-01,0.6645926926613583,66.45926926613583,0.0963518723762415,9.63518723762415,0,VERY LOW,1
GRID_N10_E150,10,150,2025,6,2025-06-01,0.6521495995984413,65.21495995984414,0.09628010729008182,9.628010729008182,0,VERY LOW,0
GRID_N10_E080,10,80,2025,2,2025-02-01,0.6759421895730157,67.59421895730156,0.09610484371572768,9.610484371572769,0,VERY LOW,0
GRID_S30_E120,-30,120,2025,5,2025-05-01,0.6857143273070883,68.57143273070882,0.09566848469838225,9.566848469838225,0,VERY LOW,1
GRID_N30_W050,30,-50,2025,6,2025-06-01,0.6586761391336003,65.86761391336003,0.09540623647177257,9.540623647177258,0,VERY LOW,0
GRID_N00_E090,0,90,2025,8,2025-08-01,0.6614311336631069,66.14311336631069,0.09540534743574616,9.540534743574616,0,VERY LOW,0
GRID_N60_E110,60,110,2025,6,2025-06-01,0.6613377995448195,66.13377995448195,0.09525891728844048,9.525891728844048,0,VERY LOW,0
GRID_N10_E070,10,70,2025,4,2025-04-01,0.6633159493240717,66.33159493240717,0.09489145188448198,9.489145188448198,0,VERY LOW,1
GRID_N20_E140,20,140,2025,2,2025-02-01,0.6638877124060777,66.38877124060777,0.09447621859894002,9.447621859894003,0,VERY LOW,0
GRID_S20_E080,-20,80,2025,6,2025-06-01,0.6516380234765374,65.16380234765374,0.09432036072208462,9.432036072208462,0,VERY LOW,0
GRID_N10_E140,10,140,2025,1,2025-01-01,0.670680974868251,67.0680974868251,0.09424395052038663,9.424395052038664,0,VERY LOW,0
GRID_N30_E030,30,30,2025,8,2025-08-01,0.6534274095444325,65.34274095444324,0.09423768438693672,9.423768438693672,0,VERY LOW,0
GRID_S20_E030,-20,30,2025,2,2025-02-01,0.7751066660956808,77.51066660956808,0.0942129688120068,9.42129688120068,0,VERY LOW,0
GRID_S20_E050,-20,50,2025,8,2025-08-01,0.6443032963331814,64.43032963331814,0.09409099331313414,9.409099331313413,0,VERY LOW,0
GRID_N00_E090,0,90,2025,5,2025-05-01,0.6704236092319651,67.04236092319651,0.09400270494246477,9.400270494246477,0,VERY LOW,0
GRID_N30_E070,30,70,2025,6,2025-06-01,0.6652508638900066,66.52508638900066,0.09391380192222627,9.391380192222627,0,VERY LOW,1
GRID_N10_E150,10,150,2025,2,2025-02-01,0.6705190351840655,67.05190351840655,0.09374699793481965,9.374699793481964,0,VERY LOW,0
GRID_S20_W180,-20,-180,2025,9,2025-09-01,0.6523669283383271,65.2366928338327,0.09359379414911959,9.359379414911958,0,VERY LOW,0
GRID_N10_W020,10,-20,2025,7,2025-07-01,0.667522316753102,66.7522316753102,0.09350355338212298,9.350355338212298,0,VERY LOW,1
GRID_N30_W070,30,-70,2025,8,2025-08-01,0.6542763568079895,65.42763568079894,0.09303791306702477,9.303791306702477,0,VERY LOW,0
GRID_S30_E130,-30,130,2025,4,2025-04-01,0.6952819376021082,69.52819376021083,0.09281969102247711,9.28196910224771,0,VERY LOW,0
GRID_S20_E040,-20,40,2025,5,2025-05-01,0.6535167736016152,65.35167736016152,0.09270299117878038,9.270299117878038,0,VERY LOW,0
GRID_N10_W010,10,-10,2025,2,2025-02-01,0.6806723792284598,68.06723792284598,0.09261465423129206,9.261465423129206,0,VERY LOW,0
GRID_N20_E130,20,130,2025,7,2025-07-01,0.6444308605353327,64.44308605353328,0.09250977525710105,9.250977525710105,0,VERY LOW,0
GRID_S20_E060,-20,60,2025,5,2025-05-01,0.6403395465367759,64.0339546536776,0.0923864444206494,9.23864444206494,0,VERY LOW,0
GRID_S30_E150,-30,150,2025,7,2025-07-01,0.647862189394578,64.7862189394578,0.09230873042282281,9.230873042282282,0,VERY LOW,0
GRID_N10_E080,10,80,2025,3,2025-03-01,0.6547972226754615,65.47972226754615,0.09216796775283284,9.216796775283283,0,VERY LOW,0
GRID_S20_W050,-20,-50,2025,3,2025-03-01,0.7256818018181901,72.568180181819,0.09209257211165447,9.209257211165447,0,VERY LOW,0
GRID_N50_E000,50,0,2025,6,2025-06-01,0.6507360055592737,65.07360055592737,0.09200414280208816,9.200414280208816,0,VERY LOW,1
GRID_N10_E140,10,140,2025,2,2025-02-01,0.6587463632774705,65.87463632774706,0.09191107206809312,9.191107206809313,0,VERY LOW,0
GRID_N10_E000,10,0,2025,2,2025-02-01,0.6740607574198417,67.40607574198417,0.09184229234794321,9.184229234794321,0,VERY LOW,0
GRID_N20_E100,20,100,2025,4,2025-04-01,0.6658215848039121,66.5821584803912,0.09180721440953352,9.180721440953352,0,VERY LOW,1
GRID_N60_E110,60,110,2025,5,2025-05-01,0.6503227467326873,65.03227467326873,0.09175112510532032,9.175112510532033,0,VERY LOW,0
GRID_S30_E050,-30,50,2025,5,2025-05-01,0.6368904262891292,63.689042628912915,0.09168439143954402,9.168439143954402,0,VERY LOW,0
GRID_N10_W070,10,-70,2025,5,2025-05-01,0.6503461860570985,65.03461860570985,0.0916451180498852,9.164511804988521,0,VERY LOW,0
GRID_N50_E130,50,130,2025,1,2025-01-01,0.6740483920955789,67.40483920955789,0.09156911108842342,9.156911108842342,0,VERY LOW,0
GRID_S20_E090,-20,90,2025,6,2025-06-01,0.639308801409783,63.930880140978296,0.09143282944090261,9.143282944090261,0,VERY LOW,0
GRID_S40_E020,-40,20,2025,8,2025-08-01,0.6685089193154408,66.85089193154408,0.09099211554832694,9.099211554832694,0,VERY LOW,0
GRID_S20_E070,-20,70,2025,6,2025-06-01,0.6295922569443179,62.95922569443179,0.09084238360215792,9.084238360215792,0,VERY LOW,0
GRID_S20_E060,-20,60,2025,9,2025-09-01,0.6419151006234632,64.19151006234632,0.09079182303972348,9.079182303972349,0,VERY LOW,0
GRID_S20_E150,-20,150,2025,6,2025-06-01,0.6304071994102123,63.04071994102123,0.09065624923471789,9.06562492347179,0,VERY LOW,0
GRID_S30_E150,-30,150,2025,5,2025-05-01,0.6468364121715022,64.68364121715022,0.09061785404422294,9.061785404422293,0,VERY LOW,0
GRID_N20_E120,20,120,2025,4,2025-04-01,0.6401827239817177,64.01827239817177,0.09047009517884366,9.047009517884366,0,VERY LOW,0
GRID_S20_E080,-20,80,2025,5,2025-05-01,0.6404789908476982,64.04789908476982,0.09043201054735403,9.043201054735404,0,VERY LOW,0
GRID_S40_E010,-40,10,2025,6,2025-06-01,0.6563400836185804,65.63400836185804,0.09038530253848334,9.038530253848334,0,VERY LOW,0
GRID_S40_E130,-40,130,2025,2,2025-02-01,0.6834687654602826,68.34687654602826,0.09016517835465764,9.016517835465763,0,VERY LOW,0
GRID_S20_E050,-20,50,2025,9,2025-09-01,0.6365217710452582,63.65217710452582,0.09013986457830114,9.013986457830114,0,VERY LOW,0
GRID_S20_E070,-20,70,2025,7,2025-07-01,0.6254164878539126,62.54164878539126,0.08999066156010553,8.999066156010553,0,VERY LOW,0
GRID_S40_E020,-40,20,2025,7,2025-07-01,0.6546311438900325,65.46311438900325,0.08997322603323185,8.997322603323186,0,VERY LOW,0
GRID_S20_W060,-20,-60,2025,10,2025-10-01,0.7172490977636485,71.72490977636485,0.08992100179602283,8.992100179602284,0,VERY LOW,0
GRID_S20_E150,-20,150,2025,7,2025-07-01,0.626235163432335,62.6235163432335,0.08982456994576296,8.982456994576296,0,VERY LOW,0
GRID_N30_E130,30,130,2025,2,2025-02-01,0.6486680987286676,64.86680987286675,0.0898176386813975,8.98176386813975,0,VERY LOW,1
GRID_S30_W060,-30,-60,2025,2,2025-02-01,0.7167470043014683,71.67470043014683,0.08975508924705122,8.975508924705123,0,VERY LOW,0
GRID_N30_W050,30,-50,2025,7,2025-07-01,0.6253758930228112,62.53758930228111,0.08972326613991952,8.972326613991951,0,VERY LOW,0
GRID_N10_W040,10,-40,2025,4,2025-04-01,0.6349990643990397,63.499906439903974,0.08970269313887555,8.970269313887554,0,VERY LOW,0
GRID_N20_E140,20,140,2025,1,2025-01-01,0.6484063983158461,64.84063983158461,0.08969639373841587,8.969639373841588,0,VERY LOW,0
GRID_N50_W100,50,-100,2025,9,2025-09-01,0.5975449107506305,59.75449107506306,0.08962165434896543,8.962165434896544,0,VERY LOW,0
GRID_S20_W080,-20,-80,2025,5,2025-05-01,0.6495272855876413,64.95272855876412,0.08951609385665156,8.951609385665156,0,VERY LOW,0
GRID_N20_W110,20,-110,2025,11,2025-11-01,0.6662221618436039,66.6222161843604,0.08942191990484916,8.942191990484915,0,VERY LOW,0
GRID_N00_W070,0,-70,2025,11,2025-11-01,0.6637191505769503,66.37191505769503,0.08941165590797188,8.941165590797189,0,VERY LOW,1
GRID_S40_E140,-40,140,2025,3,2025-03-01,0.6546652487989357,65.46652487989357,0.08938516096642622,8.938516096642623,0,VERY LOW,0
GRID_N30_W010,30,-10,2025,4,2025-04-01,0.6459495517946436,64.59495517946436,0.08932753044794467,8.932753044794467,0,VERY LOW,1
GRID_N10_W130,10,-130,2025,5,2025-05-01,0.6233758221301074,62.33758221301075,0.08930963362226951,8.93096336222695,0,VERY LOW,0
GRID_S30_E050,-30,50,2025,8,2025-08-01,0.6251263323445134,62.51263323445134,0.089263477544317,8.926347754431701,0,VERY LOW,0
GRID_S20_E070,-20,70,2025,8,2025-08-01,0.6276864258603584,62.76864258603584,0.08924581979708103,8.924581979708103,0,VERY LOW,0
GRID_N30_E040,30,40,2025,9,2025-09-01,0.6622180754799719,66.22180754799719,0.08924179883876474,8.924179883876473,0,VERY LOW,0
GRID_S10_E080,-10,80,2025,7,2025-07-01,0.6416456874102899,64.16456874102899,0.08921439406762945,8.921439406762945,0,VERY LOW,0
GRID_S40_E150,-40,150,2025,5,2025-05-01,0.6559661689918007,65.59661689918008,0.08921344437093237,8.921344437093238,0,VERY LOW,1
GRID_S20_E010,-20,10,2025,2,2025-02-01,0.7637343286745598,76.37343286745597,0.08920041629169817,8.920041629169816,0,VERY LOW,0
GRID_S40_E170,-40,170,2025,7,2025-07-01,0.6441773246794019,64.4177324679402,0.08908600280900894,8.908600280900894,0,VERY LOW,1
GRID_N30_E020,30,20,2025,5,2025-05-01,0.6278300175679681,62.78300175679681,0.08891302444706202,8.891302444706202,0,VERY LOW,1
GRID_N50_W130,50,-130,2025,9,2025-09-01,0.6285495001380055,62.85495001380055,0.0889087083884094,8.890870838840941,0,VERY LOW,1
GRID_N30_E070,30,70,2025,5,2025-05-01,0.6571474410015965,65.71474410015965,0.08884567091929994,8.884567091929995,0,VERY LOW,1
GRID_S30_E050,-30,50,2025,4,2025-04-01,0.6359805597850942,63.598055978509414,0.08875311922903183,8.875311922903183,0,VERY LOW,0
GRID_S20_W050,-20,-50,2025,10,2025-10-01,0.6554576405092951,65.5457640509295,0.08872267242517926,8.872267242517925,0,VERY LOW,0
GRID_N30_W050,30,-50,2025,8,2025-08-01,0.6294154662161457,62.94154662161458,0.0886436936036001,8.86436936036001,0,VERY LOW,0
GRID_N10_E070,10,70,2025,7,2025-07-01,0.6220249990310058,62.20249990310058,0.08861317100958896,8.861317100958896,0,VERY LOW,1
GRID_N10_W070,10,-70,2025,6,2025-06-01,0.6210219160395881,62.102191603958815,0.08856991284892966,8.856991284892967,0,VERY LOW,0
GRID_N20_E090,20,90,2025,7,2025-07-01,0.6539535516845912,65.39535516845912,0.08856712124317175,8.856712124317175,0,VERY LOW,0
GRID_N20_W110,20,-110,2025,8,2025-08-01,0.6267125189454485,62.67125189454485,0.0883435022543313,8.83435022543313,0,VERY LOW,0
GRID_N10_E010,10,10,2025,9,2025-09-01,0.6421214194561605,64.21214194561605,0.08792363969949654,8.792363969949655,0,VERY LOW,0
GRID_N10_E040,10,40,2025,11,2025-11-01,0.6571047585543499,65.71047585543499,0.08788203242842459,8.788203242842458,0,VERY LOW,0
GRID_N10_W160,10,-160,2025,11,2025-11-01,0.6507271833263809,65.07271833263809,0.08776867481430892,8.776867481430891,0,VERY LOW,0
GRID_N10_W070,10,-70,2025,7,2025-07-01,0.6172820249417322,61.728202494173225,0.08773697653841264,8.773697653841264,0,VERY LOW,1
GRID_S20_E100,-20,100,2025,5,2025-05-01,0.6319408723887164,63.194087238871646,0.08766855428802565,8.766855428802565,0,VERY LOW,0
GRID_N10_E150,10,150,2025,5,2025-05-01,0.6197600867957076,61.97600867957076,0.08763869614511555,8.763869614511554,0,VERY LOW,0
GRID_N00_W070,0,-70,2025,6,2025-06-01,0.6413183893981381,64.13183893981382,0.08763528676148492,8.763528676148493,0,VERY LOW,1
GRID_N10_W130,10,-130,2025,10,2025-10-01,0.6314119481981727,63.14119481981727,0.08760864065225585,8.760864065225585,0,VERY LOW,0
GRID_S20_E080,-20,80,2025,4,2025-04-01,0.639110796592862,63.911079659286194,0.08760464797339777,8.760464797339777,0,VERY LOW,0
GRID_N60_E130,60,130,2025,8,2025-08-01,0.6416550862655386,64.16550862655386,0.08759880960793057,8.759880960793057,0,VERY LOW,0
GRID_N50_W160,50,-160,2025,5,2025-05-01,0.6214495146992606,62.144951469926056,0.08750958815767058,8.750958815767058,0,VERY LOW,0
GRID_N40_E020,40,20,2025,9,2025-09-01,0.6271458303004749,62.714583030047486,0.08738449167814885,8.738449167814885,0,VERY LOW,1
GRID_N30_E130,30,130,2025,1,2025-01-01,0.6440382785460014,64.40382785460014,0.08737072530769611,8.73707253076961,0,VERY LOW,0
GRID_N40_E070,40,70,2025,7,2025-07-01,0.6338782976057803,63.38782976057803,0.08730306622762647,8.730306622762647,0,VERY LOW,0
GRID_N40_E000,40,0,2025,3,2025-03-01,0.6260664945936262,62.606649459362615,0.08727031750827084,8.727031750827084,0,VERY LOW,1
GRID_S20_E070,-20,70,2025,5,2025-05-01,0.6181408612260046,61.814086122600465,0.08704871549833176,8.704871549833177,0,VERY LOW,0
GRID_S30_W070,-30,-70,2025,3,2025-03-01,0.657194994079579,65.7194994079579,0.08699514198700092,8.699514198700092,0,VERY LOW,0
GRID_N10_E150,10,150,2025,1,2025-01-01,0.6441761197319803,64.41761197319804,0.08698093084457614,8.698093084457614,0,VERY LOW,0
GRID_N40_E110,40,110,2025,5,2025-05-01,0.6386903226465411,63.869032264654116,0.08694811441412306,8.694811441412305,0,VERY LOW,0
GRID_N20_E130,20,130,2025,6,2025-06-01,0.6147680013285716,61.47680013285716,0.08682089373408378,8.682089373408377,0,VERY LOW,0
GRID_N10_E010,10,10,2025,8,2025-08-01,0.6288315872228731,62.88315872228731,0.08661734216548614,8.661734216548615,0,VERY LOW,0
GRID_N20_E120,20,120,2025,3,2025-03-01,0.6339151217919748,63.391512179197484,0.08653380125132173,8.653380125132173,0,VERY LOW,0
GRID_N10_E010,10,10,2025,7,2025-07-01,0.6214756105165936,62.14756105165936,0.08642430458880038,8.642430458880037,0,VERY LOW,0
GRID_S20_E050,-20,50,2025,1,2025-01-01,0.6493673499119036,64.93673499119036,0.08626509892785139,8.626509892785139,0,VERY LOW,1
GRID_N60_W160,60,-160,2025,8,2025-08-01,0.6059377530000983,60.59377530000983,0.08589704261222726,8.589704261222726,0,VERY LOW,0
GRID_N10_E150,10,150,2025,10,2025-10-01,0.6359309353756065,63.593093537560655,0.08578770406230603,8.578770406230603,0,VERY LOW,0
GRID_N60_W110,60,-110,2025,8,2025-08-01,0.6283426016095963,62.83426016095963,0.08572656768784487,8.572656768784487,0,VERY LOW,0
GRID_N50_W160,50,-160,2025,6,2025-06-01,0.6093194504708879,60.93194504708879,0.08565394844548824,8.565394844548823,0,VERY LOW,0
GRID_N60_E110,60,110,2025,4,2025-04-01,0.6270971498475204,62.70971498475204,0.08536232394762715,8.536232394762715,0,VERY LOW,0
GRID_S30_E050,-30,50,2025,9,2025-09-01,0.6184907408689462,61.84907408689462,0.08521315159707749,8.521315159707749,0,VERY LOW,0
GRID_N20_E130,20,130,2025,8,2025-08-01,0.6141545883968932,61.41545883968932,0.08503980327559002,8.503980327559002,0,VERY LOW,0
GRID_N10_W160,10,-160,2025,6,2025-06-01,0.6003309881236784,60.03309881236783,0.08482030117134276,8.482030117134276,0,VERY LOW,0
GRID_N10_W130,10,-130,2025,11,2025-11-01,0.6274998257706292,62.74998257706292,0.08477553463818448,8.477553463818447,0,VERY LOW,0
GRID_N40_E040,40,40,2025,7,2025-07-01,0.6193511676117545,61.93511676117544,0.08475659741598127,8.475659741598127,0,VERY LOW,0
GRID_N20_E080,20,80,2025,6,2025-06-01,0.6271163732941742,62.71163732941743,0.08469204967077039,8.469204967077038,0,VERY LOW,1
GRID_S20_E080,-20,80,2025,3,2025-03-01,0.6398613686739791,63.98613686739792,0.08464474426687109,8.46447442668711,0,VERY LOW,0
GRID_S20_E110,-20,110,2025,7,2025-07-01,0.6045050615085762,60.45050615085762,0.08462202770590718,8.462202770590718,0,VERY LOW,0
GRID_S20_E150,-20,150,2025,8,2025-08-01,0.6069792919274226,60.697929192742265,0.08461335937520333,8.461335937520333,0,VERY LOW,0
GRID_S30_E150,-30,150,2025,10,2025-10-01,0.6324459420768059,63.24459420768059,0.08455713779736944,8.455713779736945,0,VERY LOW,1
GRID_S20_W180,-20,-180,2025,10,2025-10-01,0.6207585423234683,62.07585423234683,0.08439454576527317,8.439454576527316,0,VERY LOW,0
GRID_S10_E060,-10,60,2025,9,2025-09-01,0.6359194007455028,63.59194007455028,0.08437102293521241,8.43710229352124,0,VERY LOW,0
GRID_S50_W080,-50,-80,2025,1,2025-01-01,0.6616155068713027,66.16155068713027,0.08427324563948783,8.427324563948783,0,VERY LOW,0
GRID_N00_E090,0,90,2025,6,2025-06-01,0.6078574023264409,60.785740232644095,0.08416154752013211,8.416154752013211,0,VERY LOW,1
GRID_S40_E170,-40,170,2025,9,2025-09-01,0.6252776139612585,62.52776139612585,0.08416077158845238,8.416077158845239,0,VERY LOW,1
GRID_S20_E090,-20,90,2025,7,2025-07-01,0.6079151881548805,60.791518815488054,0.08399081039179805,8.399081039179805,0,VERY LOW,0
GRID_S20_E110,-20,110,2025,8,2025-08-01,0.6068220554024306,60.68220554024306,0.08396276014907902,8.396276014907903,0,VERY LOW,0
GRID_S40_E020,-40,20,2025,6,2025-06-01,0.6266296090690896,62.66296090690896,0.08394929779006846,8.394929779006846,0,VERY LOW,0
GRID_N60_E150,60,150,2025,6,2025-06-01,0.6198688852710627,61.98688852710627,0.08393334211811934,8.393334211811935,0,VERY LOW,1
GRID_N10_E150,10,150,2025,9,2025-09-01,0.6112527112595056,61.12527112595056,0.08379834208361536,8.379834208361537,0,VERY LOW,0
GRID_N30_E000,30,0,2025,7,2025-07-01,0.603673332956826,60.3673332956826,0.08374644545978478,8.374644545978478,0,VERY LOW,0
GRID_S20_W080,-20,-80,2025,6,2025-06-01,0.6083211334576308,60.832113345763084,0.08373087437754254,8.373087437754254,0,VERY LOW,0
GRID_N10_W160,10,-160,2025,7,2025-07-01,0.5942946752912266,59.42946752912266,0.08370003895274804,8.370003895274804,0,VERY LOW,0
GRID_N40_E120,40,120,2025,5,2025-05-01,0.6236866976677868,62.36866976677868,0.08366252378059358,8.366252378059357,0,VERY LOW,0
GRID_S40_E140,-40,140,2025,4,2025-04-01,0.6213414530149194,62.13414530149194,0.08363103891092358,8.363103891092358,0,VERY LOW,0
GRID_N00_E130,0,130,2025,9,2025-09-01,0.6245061728397261,62.45061728397261,0.08347931309421053,8.347931309421053,0,VERY LOW,0
GRID_N50_E010,50,10,2025,8,2025-08-01,0.6016216426647499,60.162164266474996,0.08335961518267701,8.335961518267702,0,VERY LOW,1
GRID_N10_E070,10,70,2025,10,2025-10-01,0.6212665346848579,62.12665346848579,0.08334980913329752,8.334980913329753,0,VERY LOW,1
GRID_N10_E010,10,10,2025,10,2025-10-01,0.6298623092387545,62.98623092387545,0.08329599126011371,8.32959912601137,0,VERY LOW,1
GRID_N20_E130,20,130,2025,5,2025-05-01,0.6031471867036916,60.31471867036916,0.08328750047793372,8.328750047793372,0,VERY LOW,0
GRID_S20_E090,-20,90,2025,5,2025-05-01,0.6064451815146313,60.64451815146313,0.08318769152500369,8.31876915250037,0,VERY LOW,0
GRID_N60_W030,60,-30,2025,4,2025-04-01,0.6163603848530705,61.636038485307054,0.08317607698855636,8.317607698855637,0,VERY LOW,0
GRID_N60_W030,60,-30,2025,8,2025-08-01,0.5986695015951947,59.86695015951947,0.08316771985496532,8.316771985496532,0,VERY LOW,0
GRID_N10_E070,10,70,2025,9,2025-09-01,0.6086647567540563,60.86647567540563,0.08309252386545364,8.309252386545364,0,VERY LOW,0
GRID_S20_E100,-20,100,2025,4,2025-04-01,0.6196938050408396,61.96938050408396,0.08301720867697479,8.30172086769748,0,VERY LOW,0
GRID_N20_E110,20,110,2025,7,2025-07-01,0.6134978682469543,61.34978682469543,0.08281517713466333,8.281517713466332,0,VERY LOW,0
GRID_N10_W160,10,-160,2025,8,2025-08-01,0.5979723858288298,59.79723858288298,0.08260952770278358,8.260952770278358,0,VERY LOW,0
GRID_N30_W050,30,-50,2025,9,2025-09-01,0.6113810730423519,61.13810730423519,0.08259969293853112,8.259969293853112,0,VERY LOW,0
GRID_S10_E120,-10,120,2025,5,2025-05-01,0.6085336266077094,60.85336266077094,0.08249471598945543,8.249471598945544,0,VERY LOW,0
GRID_S20_E170,-20,170,2025,11,2025-11-01,0.6160195681223095,61.60195681223095,0.08242564376878615,8.242564376878615,0,VERY LOW,0
GRID_N60_E140,60,140,2025,8,2025-08-01,0.617442198466478,61.744219846647795,0.08227839937832228,8.227839937832227,0,VERY LOW,0
GRID_N10_W130,10,-130,2025,4,2025-04-01,0.5994627659152648,59.946276591526484,0.0822335860220857,8.22335860220857,0,VERY LOW,0
GRID_N30_E030,30,30,2025,6,2025-06-01,0.5954066614204904,59.540666142049034,0.08218807353042372,8.218807353042372,0,VERY LOW,1
GRID_S20_E060,-20,60,2025,10,2025-10-01,0.6099246244562295,60.992462445622955,0.0820750951591679,8.20750951591679,0,VERY LOW,0
GRID_N40_E000,40,0,2025,2,2025-02-01,0.6110268432674401,61.102684326744004,0.08201546417682233,8.201546417682232,0,VERY LOW,0
GRID_N30_E120,30,120,2025,9,2025-09-01,0.6213447585249606,62.13447585249606,0.08188682211075284,8.188682211075283,0,VERY LOW,0
GRID_N50_E100,50,100,2025,7,2025-07-01,0.5943870852585283,59.43870852585283,0.08157816114840741,8.15781611484074,0,VERY LOW,0
GRID_S20_E050,-20,50,2025,10,2025-10-01,0.6043464486159966,60.434644861599665,0.0814136536474928,8.14136536474928,0,VERY LOW,0
GRID_N50_E110,50,110,2025,11,2025-11-01,0.7094354325665467,70.94354325665468,0.0813971526653047,8.13971526653047,0,VERY LOW,0
GRID_S20_E110,-20,110,2025,1,2025-01-01,0.6329767699797386,63.29767699797386,0.08133457631042686,8.133457631042686,0,VERY LOW,1
GRID_S20_E070,-20,70,2025,9,2025-09-01,0.5980494386243067,59.80494386243067,0.0812231585648798,8.12231585648798,0,VERY LOW,0
GRID_S20_E150,-20,150,2025,9,2025-09-01,0.598889565957321,59.888956595732104,0.08121827035283265,8.121827035283264,0,VERY LOW,0
GRID_N00_W080,0,-80,2025,1,2025-01-01,0.6277870949817801,62.77870949817801,0.0811080162029252,8.11080162029252,0,VERY LOW,0
GRID_N60_W030,60,-30,2025,6,2025-06-01,0.5809606041165818,58.09606041165818,0.0810727451759995,8.107274517599949,0,VERY LOW,1
GRID_S40_E140,-40,140,2025,9,2025-09-01,0.6144824063929833,61.448240639298334,0.08102491901841512,8.102491901841512,0,VERY LOW,0
GRID_N10_W050,10,-50,2025,11,2025-11-01,0.6112863721354012,61.12863721354012,0.08099187370798998,8.099187370798997,0,VERY LOW,0
GRID_N10_E150,10,150,2025,4,2025-04-01,0.5957663257593262,59.57663257593262,0.08090404162636558,8.090404162636558,0,VERY LOW,0
GRID_N10_W010,10,-10,2025,6,2025-06-01,0.6093533034303538,60.935330343035375,0.08084698521098746,8.084698521098746,0,VERY LOW,0
GRID_S70_E080,-70,80,2025,6,2025-06-01,0.5993843928597611,59.93843928597611,0.080839662387336,8.0839662387336,0,VERY LOW,0
GRID_N30_E000,30,0,2025,8,2025-08-01,0.5962113104869708,59.62113104869709,0.08080056524552146,8.080056524552145,0,VERY LOW,1
GRID_S30_E050,-30,50,2025,3,2025-03-01,0.6068548834348012,60.685488343480124,0.08079685961166061,8.07968596116606,0,VERY LOW,0
GRID_S40_E020,-40,20,2025,5,2025-05-01,0.6151426096722838,61.51426096722838,0.08064052526400663,8.064052526400662,0,VERY LOW,0
GRID_S20_E110,-20,110,2025,9,2025-09-01,0.5987312325641161,59.87312325641161,0.0806013159821916,8.06013159821916,0,VERY LOW,0
GRID_N10_E020,10,20,2025,8,2025-08-01,0.6098519315452741,60.98519315452741,0.08058995103873583,8.058995103873583,0,VERY LOW,0
GRID_S40_E110,-40,110,2025,3,2025-03-01,0.6132828006253406,61.328280062534056,0.08058671958798372,8.058671958798373,0,VERY LOW,1
GRID_N30_W070,30,-70,2025,9,2025-09-01,0.5952771641321365,59.527716413213646,0.08025804219259322,8.025804219259323,0,VERY LOW,0
GRID_S20_E040,-20,40,2025,1,2025-01-01,0.6220200814493696,62.20200814493696,0.08023747379892444,8.023747379892445,0,VERY LOW,0
GRID_S40_E150,-40,150,2025,11,2025-11-01,0.6275371228599737,62.753712285997366,0.08023306830178525,8.023306830178525,0,VERY LOW,1
GRID_S70_E080,-70,80,2025,7,2025-07-01,0.5950870946863607,59.50870946863607,0.08015082514169293,8.015082514169293,0,VERY LOW,0
GRID_N20_E090,20,90,2025,9,2025-09-01,0.626812133911243,62.6812133911243,0.08005395490167293,8.005395490167293,0,VERY LOW,0
GRID_N30_E020,30,20,2025,4,2025-04-01,0.5923944850003054,59.23944850003055,0.08003302166958384,8.003302166958385,0,VERY LOW,0
GRID_N00_W080,0,-80,2025,3,2025-03-01,0.6007322579116832,60.07322579116832,0.0796598930247355,7.96598930247355,0,VERY LOW,1
GRID_N10_E040,10,40,2025,7,2025-07-01,0.6004974280107831,60.04974280107831,0.07962397550789803,7.962397550789803,0,VERY LOW,1
GRID_N40_E000,40,0,2025,1,2025-01-01,0.6062021251673532,60.620212516735315,0.0796135066526282,7.96135066526282,0,VERY LOW,0
GRID_S80_W170,-80,-170,2025,7,2025-07-01,0.6192359898792399,61.92359898792399,0.07953652335603553,7.953652335603553,0,VERY LOW,0
GRID_S30_W070,-30,-70,2025,1,2025-01-01,0.638333127540868,63.833312754086805,0.07944870331387638,7.944870331387638,0,VERY LOW,0
GRID_S20_E100,-20,100,2025,3,2025-03-01,0.6123336134899936,61.23336134899936,0.07941516098234293,7.941516098234293,0,VERY LOW,0
GRID_S30_E030,-30,30,2025,2,2025-02-01,0.6327553609103128,63.275536091031285,0.0793487881047368,7.9348788104736805,0,VERY LOW,0
GRID_N10_W160,10,-160,2025,5,2025-05-01,0.5768046619261196,57.68046619261196,0.0792475178126465,7.92475178126465,0,VERY LOW,0
GRID_N10_W150,10,-150,2025,8,2025-08-01,0.5852212943926355,58.52212943926355,0.07907289417100512,7.907289417100512,0,VERY LOW,0
GRID_S20_W080,-20,-80,2025,7,2025-07-01,0.5811894021817163,58.11894021817163,0.07901405592301262,7.901405592301263,0,VERY LOW,0
GRID_N20_E130,20,130,2025,9,2025-09-01,0.59545532633225,59.545532633224994,0.07893059362477042,7.893059362477042,0,VERY LOW,0
GRID_S40_E140,-40,140,2025,5,2025-05-01,0.5909900181771682,59.099001817716825,0.0787439363184314,7.874393631843141,0,VERY LOW,0
GRID_N20_W060,20,-60,2025,9,2025-09-01,0.5992437468193098,59.92437468193098,0.07868286499707985,7.8682864997079855,0,VERY LOW,0
GRID_N20_W160,20,-160,2025,7,2025-07-01,0.5731890785643351,57.31890785643351,0.07864915148482035,7.864915148482035,0,VERY LOW,0
GRID_S40_E150,-40,150,2025,7,2025-07-01,0.5891623970207666,58.91623970207666,0.07863018792981862,7.863018792981862,0,VERY LOW,1
GRID_S20_E040,-20,40,2025,4,2025-04-01,0.5995196545766339,59.95196545766339,0.07857450311555463,7.857450311555462,0,VERY LOW,0
GRID_N60_E110,60,110,2025,3,2025-03-01,0.5977103000439894,59.77103000439894,0.07841791130157977,7.841791130157977,0,VERY LOW,0
GRID_N10_W070,10,-70,2025,9,2025-09-01,0.5882220764117863,58.82220764117862,0.07816643871988742,7.816643871988742,0,VERY LOW,1
GRID_S40_W070,-40,-70,2025,9,2025-09-01,0.6102908422131516,61.02908422131515,0.07807670911035616,7.807670911035617,0,VERY LOW,0
GRID_S30_W050,-30,-50,2025,3,2025-03-01,0.6347952073104678,63.479520731046776,0.07798535721405198,7.798535721405198,0,VERY LOW,0
GRID_S20_E090,-20,90,2025,2,2025-02-01,0.6069719367414554,60.697193674145545,0.07792869664339015,7.792869664339015,0,VERY LOW,1
GRID_N00_E010,0,10,2025,9,2025-09-01,0.5964358329362605,59.643583293626044,0.0777756475475807,7.777564754758071,0,VERY LOW,1
GRID_S20_W180,-20,-180,2025,11,2025-11-01,0.5936930996653078,59.36930996653078,0.07771905043938157,7.771905043938157,0,VERY LOW,0
GRID_N10_W030,10,-30,2025,10,2025-10-01,0.5910368238719583,59.10368238719583,0.07767848877832984,7.767848877832984,0,VERY LOW,0
GRID_S10_E080,-10,80,2025,8,2025-08-01,0.5806812509194627,58.068125091946264,0.07764120117384607,7.764120117384607,0,VERY LOW,0
GRID_S40_E120,-40,120,2025,2,2025-02-01,0.6166846303523263,61.668463035232634,0.07738261930632147,7.738261930632147,0,VERY LOW,0
GRID_S70_E080,-70,80,2025,5,2025-05-01,0.5866389397530837,58.66389397530837,0.07732318507175877,7.732318507175877,0,VERY LOW,0
GRID_S20_E090,-20,90,2025,8,2025-08-01,0.5765726135533298,57.65726135533298,0.07719149247273702,7.719149247273702,0,VERY LOW,0
GRID_N20_E130,20,130,2025,4,2025-04-01,0.5788175389805239,57.88175389805239,0.0769652893068855,7.696528930688549,0,VERY LOW,0
GRID_N10_W150,10,-150,2025,9,2025-09-01,0.5849502584176574,58.49502584176574,0.0769570463189573,7.6957046318957305,0,VERY LOW,0
GRID_S20_E110,-20,110,2025,10,2025-10-01,0.5877468724968846,58.77468724968846,0.07692797023744187,7.692797023744187,0,VERY LOW,0
GRID_N10_W060,10,-60,2025,7,2025-07-01,0.5655881459129585,56.55881459129585,0.07687662253280152,7.687662253280152,0,VERY LOW,0
GRID_N10_W040,10,-40,2025,10,2025-10-01,0.5825697012492723,58.256970124927236,0.07680918013897557,7.680918013897557,0,VERY LOW,0
GRID_S20_E090,-20,90,2025,4,2025-04-01,0.5816899631340119,58.16899631340119,0.07673405761450357,7.673405761450357,0,VERY LOW,0
GRID_N10_E030,10,30,2025,8,2025-08-01,0.5866666906743582,58.66666906743582,0.07637234487735116,7.637234487735116,0,VERY LOW,1
GRID_N50_W100,50,-100,2025,3,2025-03-01,0.580237067409403,58.0237067409403,0.07636553173043752,7.636553173043752,0,VERY LOW,0
GRID_S30_E050,-30,50,2025,2,2025-02-01,0.5915466532375003,59.15466532375003,0.07624716302089307,7.624716302089308,0,VERY LOW,0
GRID_S20_W080,-20,-80,2025,8,2025-08-01,0.5731126990786357,57.31126990786357,0.07612750237833288,7.612750237833287,0,VERY LOW,0
GRID_S40_W070,-40,-70,2025,6,2025-06-01,0.581050507961835,58.1050507961835,0.07607949703427248,7.6079497034272485,0,VERY LOW,0
GRID_N20_E100,20,100,2025,9,2025-09-01,0.5760200051200534,57.60200051200533,0.07607449248325517,7.6074492483255165,0,VERY LOW,1
GRID_N10_E010,10,10,2025,5,2025-05-01,0.573205876166079,57.320587616607895,0.07603973804408708,7.6039738044087075,0,VERY LOW,1
GRID_N10_W060,10,-60,2025,8,2025-08-01,0.5693375061556138,56.93375061556139,0.07595685443495215,7.595685443495215,0,VERY LOW,0
GRID_S20_E090,-20,90,2025,1,2025-01-01,0.601649330776309,60.1649330776309,0.07595343970862788,7.595343970862787,0,VERY LOW,0
GRID_N00_W070,0,-70,2025,7,2025-07-01,0.5859652849854338,58.59652849854338,0.07575164573944393,7.575164573944393,0,VERY LOW,0
GRID_S20_E060,-20,60,2025,11,2025-11-01,0.5826058806604774,58.26058806604774,0.07572749557950229,7.572749557950228,0,VERY LOW,0
GRID_N20_E110,20,110,2025,8,2025-08-01,0.5748918512873223,57.48918512873223,0.0757204553552883,7.57204553552883,0,VERY LOW,0
GRID_N40_E150,40,150,2025,6,2025-06-01,0.556834640960323,55.683464096032296,0.07554918865417833,7.554918865417832,0,VERY LOW,0
GRID_N10_E150,10,150,2025,11,2025-11-01,0.5860084486224267,58.600844862242674,0.07549636714176391,7.549636714176391,0,VERY LOW,0
GRID_S40_W070,-40,-70,2025,7,2025-07-01,0.5776738574209429,57.76738574209429,0.07546504485306396,7.5465044853063965,0,VERY LOW,1
GRID_N50_E120,50,120,2025,8,2025-08-01,0.584440851492505,58.444085149250505,0.07543211450374046,7.543211450374046,0,VERY LOW,0
GRID_N30_E110,30,110,2025,6,2025-06-01,0.5800047981980223,58.00047981980223,0.07538389899296388,7.538389899296388,0,VERY LOW,0
GRID_S30_E050,-30,50,2025,10,2025-10-01,0.5739744001586259,57.397440015862585,0.07512409269056954,7.5124092690569535,0,VERY LOW,0
GRID_S20_E050,-20,50,2025,11,2025-11-01,0.5769080359968688,57.69080359968688,0.0750593137748882,7.50593137748882,0,VERY LOW,1
GRID_N20_W080,20,-80,2025,11,2025-11-01,0.5821338496379176,58.21338496379176,0.07504354810519014,7.504354810519014,0,VERY LOW,0
GRID_N50_W160,50,-160,2025,4,2025-04-01,0.5621560785375153,56.21560785375153,0.07484126838492744,7.4841268384927435,0,VERY LOW,0
GRID_N60_W170,60,-170,2025,5,2025-05-01,0.5560761831494274,55.60761831494274,0.07480907991286345,7.480907991286346,0,VERY LOW,1
GRID_N40_E150,40,150,2025,7,2025-07-01,0.5524217452559279,55.24217452559279,0.07476620640302056,7.476620640302056,0,VERY LOW,0
GRID_S40_E020,-40,20,2025,4,2025-04-01,0.5910497397425899,59.10497397425899,0.07476027260977465,7.476027260977465,0,VERY LOW,0
GRID_N10_W130,10,-130,2025,3,2025-03-01,0.5693935549481102,56.93935549481102,0.07458512657755202,7.458512657755202,0,VERY LOW,0
GRID_N00_E090,0,90,2025,11,2025-11-01,0.5897276351075703,58.972763510757034,0.07453206043287351,7.453206043287351,0,VERY LOW,0
GRID_N00_W070,0,-70,2025,9,2025-09-01,0.5826427778681009,58.26427778681009,0.07444445779464139,7.4444457794641385,0,VERY LOW,1
GRID_S10_E120,-10,120,2025,4,2025-04-01,0.5725118164674731,57.251181646747305,0.07439406465854773,7.4394064658547725,0,VERY LOW,0
GRID_N50_W010,50,-10,2025,6,2025-06-01,0.5636568436949779,56.36568436949779,0.07430832246876388,7.430832246876388,0,VERY LOW,0
GRID_N10_W040,10,-40,2025,1,2025-01-01,0.5798785681955416,57.98785681955416,0.07418150757755812,7.418150757755812,0,VERY LOW,0
GRID_N10_E090,10,90,2025,1,2025-01-01,0.5832949870477128,58.329498704771275,0.07409724810067492,7.409724810067492,0,VERY LOW,1
GRID_N50_W120,50,-120,2025,10,2025-10-01,0.5602798970665755,56.02798970665756,0.0740837461501441,7.408374615014409,0,VERY LOW,0
GRID_N40_W080,40,-80,2025,7,2025-07-01,0.552327334964647,55.232733496464704,0.07397480480025868,7.397480480025869,0,VERY LOW,0
GRID_N10_W060,10,-60,2025,6,2025-06-01,0.5461174700633469,54.61174700633469,0.07390960260156289,7.390960260156289,0,VERY LOW,0
GRID_N60_W020,60,-20,2025,9,2025-09-01,0.5734269139251988,57.34269139251988,0.07385477942946203,7.385477942946203,0,VERY LOW,0
GRID_N10_E150,10,150,2025,3,2025-03-01,0.5656206952960354,56.56206952960354,0.07365684820081206,7.3656848200812055,0,VERY LOW,0
GRID_S40_E140,-40,140,2025,10,2025-10-01,0.5816384232244449,58.163842322444495,0.07360177770333284,7.3601777703332845,0,VERY LOW,0
GRID_S50_E170,-50,170,2025,7,2025-07-01,0.562747116649759,56.2747116649759,0.07352164103174622,7.352164103174622,0,VERY LOW,0
GRID_S20_E150,-20,150,2025,10,2025-10-01,0.565656148600902,56.56561486009019,0.07347841906240372,7.347841906240372,0,VERY LOW,0
GRID_S20_E070,-20,70,2025,10,2025-10-01,0.5647969963654709,56.47969963654709,0.07339761219854889,7.339761219854888,0,VERY LOW,0
GRID_S30_E110,-30,110,2025,3,2025-03-01,0.5889980709715606,58.899807097156064,0.07334105351764164,7.334105351764164,0,VERY LOW,0
GRID_N10_W040,10,-40,2025,3,2025-03-01,0.5615703651001979,56.157036510019786,0.07324886013640666,7.324886013640667,0,VERY LOW,0
GRID_N10_W160,10,-160,2025,9,2025-09-01,0.5556911321474364,55.56911321474364,0.0731314657591024,7.31314657591024,0,VERY LOW,0
GRID_N00_W080,0,-80,2025,2,2025-02-01,0.5730713371734475,57.30713371734475,0.07308987791064643,7.308987791064643,0,VERY LOW,0
GRID_N10_E070,10,70,2025,2,2025-02-01,0.5830459487086602,58.30459487086602,0.0730671732451985,7.30671732451985,0,VERY LOW,1
GRID_N40_W080,40,-80,2025,5,2025-05-01,0.564823807514867,56.4823807514867,0.07302794411322654,7.302794411322654,0,VERY LOW,0
GRID_S30_E050,-30,50,2025,1,2025-01-01,0.5752719280298803,57.527192802988026,0.07300071430908962,7.300071430908963,0,VERY LOW,0
GRID_N10_W160,10,-160,2025,3,2025-03-01,0.5620435279985564,56.20435279985564,0.07299677313148613,7.299677313148613,0,VERY LOW,0
GRID_N10_W160,10,-160,2025,4,2025-04-01,0.5520594379697017,55.20594379697017,0.07294437003358469,7.2944370033584685,0,VERY LOW,0
GRID_N40_W080,40,-80,2025,6,2025-06-01,0.5442756553516719,54.42756553516719,0.07285569529232076,7.285569529232077,0,VERY LOW,0
GRID_N20_E070,20,70,2025,6,2025-06-01,0.5666085559871533,56.66085559871533,0.07274226509025938,7.274226509025938,0,VERY LOW,0
GRID_N60_W160,60,-160,2025,9,2025-09-01,0.5439442634472286,54.39442634472286,0.07256133305567539,7.2561333055675385,0,VERY LOW,0
GRID_N40_E150,40,150,2025,5,2025-05-01,0.5447603344507157,54.47603344507157,0.07246743492897012,7.2467434928970125,0,VERY LOW,0
GRID_S20_E150,-20,150,2025,1,2025-01-01,0.5768926387908366,57.68926387908366,0.0722623911345461,7.226239113454611,0,VERY LOW,1
GRID_N50_W100,50,-100,2025,10,2025-10-01,0.5278199355940542,52.781993559405414,0.07226190954119141,7.226190954119141,0,VERY LOW,0
GRID_S30_E030,-30,30,2025,3,2025-03-01,0.5773340715260553,57.73340715260553,0.07223003071806886,7.223003071806885,0,VERY LOW,1
GRID_N30_E000,30,0,2025,5,2025-05-01,0.558391684521056,55.8391684521056,0.07214059112521984,7.2140591125219835,0,VERY LOW,1
GRID_N40_E150,40,150,2025,8,2025-08-01,0.544225326261794,54.4225326261794,0.07212888245821203,7.212888245821203,0,VERY LOW,0
GRID_N20_E150,20,150,2025,7,2025-07-01,0.5473483854135472,54.734838541354726,0.07202671177206274,7.202671177206274,0,VERY LOW,0
GRID_S10_W080,-10,-80,2025,2,2025-02-01,0.56282489342302,56.282489342302,0.07200485155859208,7.200485155859209,0,VERY LOW,1
GRID_N20_W160,20,-160,2025,6,2025-06-01,0.5297784008955231,52.97784008955231,0.07194377217714602,7.194377217714602,0,VERY LOW,0
GRID_N30_E030,30,30,2025,9,2025-09-01,0.5534598028957771,55.34598028957771,0.07183648866123854,7.183648866123854,0,VERY LOW,0
GRID_N40_E130,40,130,2025,2,2025-02-01,0.5855802626648717,58.558026266487175,0.07169807418329958,7.169807418329959,0,VERY LOW,0
GRID_N10_W070,10,-70,2025,11,2025-11-01,0.5606067818521266,56.060678185212666,0.07164853562709797,7.164853562709797,0,VERY LOW,0
GRID_S40_E140,-40,140,2025,8,2025-08-01,0.5563795540078047,55.63795540078047,0.07163473560149125,7.163473560149125,0,VERY LOW,0
GRID_N10_W130,10,-130,2025,2,2025-02-01,0.5598133275474262,55.98133275474262,0.07150958500585289,7.150958500585289,0,VERY LOW,0
GRID_N00_E130,0,130,2025,10,2025-10-01,0.5609265198015966,56.09265198015966,0.071416311076646,7.1416311076646,0,VERY LOW,0
GRID_N30_E140,30,140,2025,8,2025-08-01,0.5638941010544065,56.38941010544065,0.07138779238823696,7.138779238823696,0,VERY LOW,1
GRID_N20_E100,20,100,2025,11,2025-11-01,0.5610911862400266,56.10911862400266,0.07126568101558713,7.126568101558712,0,VERY LOW,0
GRID_S20_E110,-20,110,2025,11,2025-11-01,0.5599954174865248,55.99954174865248,0.07107881923609416,7.1078819236094155,0,VERY LOW,1
GRID_N00_W070,0,-70,2025,5,2025-05-01,0.5467326331125725,54.673263311257244,0.07104492405513725,7.104492405513725,0,VERY LOW,1
GRID_N10_W050,10,-50,2025,6,2025-06-01,0.5354595229147744,53.54595229147744,0.07096203940725435,7.0962039407254345,0,VERY LOW,0
GRID_N00_W070,0,-70,2025,4,2025-04-01,0.5507125315237501,55.07125315237501,0.07080065290782792,7.080065290782792,0,VERY LOW,0
GRID_N10_W060,10,-60,2025,5,2025-05-01,0.5339955335681111,53.39955335681111,0.07079810921221016,7.079810921221016,0,VERY LOW,0
GRID_S10_E080,-10,80,2025,9,2025-09-01,0.5504812361003455,55.04812361003455,0.07074557993899673,7.074557993899673,0,VERY LOW,0
GRID_N30_W070,30,-70,2025,10,2025-10-01,0.5505189074646457,55.05189074646457,0.07068610206130335,7.0686102061303355,0,VERY LOW,0
GRID_N10_E030,10,30,2025,6,2025-06-01,0.5495328872130202,54.953288721302016,0.07063279834184913,7.063279834184913,0,VERY LOW,1
GRID_S40_E130,-40,130,2025,5,2025-05-01,0.5511999487048741,55.11999487048741,0.0705536362185262,7.05536362185262,0,VERY LOW,0
GRID_N10_E040,10,40,2025,10,2025-10-01,0.555246208093141,55.524620809314094,0.07048385091169379,7.048385091169379,0,VERY LOW,1
GRID_N00_E000,0,0,2025,8,2025-08-01,0.5467980695035233,54.67980695035233,0.07046242027441577,7.0462420274415765,0,VERY LOW,0
GRID_S20_E090,-20,90,2025,9,2025-09-01,0.5458109858151229,54.581098581512286,0.07028966992283445,7.028966992283444,0,VERY LOW,0
GRID_N10_W020,10,-20,2025,3,2025-03-01,0.5540755316581966,55.40755316581966,0.07005619715621715,7.005619715621715,0,VERY LOW,0
GRID_S60_W040,-60,-40,2025,5,2025-05-01,0.5564380164594488,55.643801645944876,0.07002468758751929,7.002468758751928,0,VERY LOW,0
GRID_S10_W080,-10,-80,2025,1,2025-01-01,0.5578349456609306,55.78349456609306,0.06998755092885854,6.998755092885854,0,VERY LOW,0
GRID_N10_W030,10,-30,2025,11,2025-11-01,0.5514093452613131,55.14093452613131,0.06987266788860994,6.987266788860993,0,VERY LOW,0
GRID_N50_W160,50,-160,2025,3,2025-03-01,0.5434993501542958,54.34993501542959,0.06984879692580362,6.984879692580362,0,VERY LOW,0
GRID_S10_E030,-10,30,2025,2,2025-02-01,0.6183872213674299,61.83872213674299,0.0697449138335193,6.97449138335193,0,VERY LOW,0
GRID_N20_W160,20,-160,2025,8,2025-08-01,0.5287204703675507,52.87204703675506,0.0697413473100375,6.97413473100375,0,VERY LOW,0
GRID_N00_E140,0,140,2025,11,2025-11-01,0.5619926173863774,56.19926173863774,0.06974133106031605,6.974133106031605,0,VERY LOW,0
GRID_S30_E150,-30,150,2025,8,2025-08-01,0.5417804310447424,54.17804310447424,0.06972913858441603,6.972913858441602,0,VERY LOW,1
GRID_N50_E020,50,20,2025,9,2025-09-01,0.5387401014751522,53.874010147515214,0.06969654661891558,6.969654661891559,0,VERY LOW,0
GRID_S20_E030,-20,30,2025,11,2025-11-01,0.5691503160075929,56.91503160075929,0.06966429072756546,6.966429072756545,0,VERY LOW,1
GRID_N30_E120,30,120,2025,6,2025-06-01,0.5359455586536348,53.59455586536348,0.0696624409601205,6.96624409601205,0,VERY LOW,1
GRID_N60_W030,60,-30,2025,5,2025-05-01,0.52337643169553,52.337643169553004,0.06964963935358101,6.964963935358101,0,VERY LOW,0
GRID_N20_E150,20,150,2025,8,2025-08-01,0.5391365679392854,53.913656793928546,0.06957697480543858,6.957697480543858,0,VERY LOW,0
GRID_S30_W060,-30,-60,2025,10,2025-10-01,0.5793695397817183,57.936953978171836,0.06955960584637312,6.955960584637312,0,VERY LOW,0
GRID_N00_E030,0,30,2025,6,2025-06-01,0.5605366019683636,56.05366019683636,0.06952330909821898,6.952330909821898,0,VERY LOW,1
GRID_N40_W090,40,-90,2025,7,2025-07-01,0.531777205211027,53.1777205211027,0.0695214148443343,6.95214148443343,0,VERY LOW,0
GRID_S10_E120,-10,120,2025,3,2025-03-01,0.5534508496388807,55.34508496388807,0.06951196543354012,6.951196543354012,0,VERY LOW,0
GRID_S40_E170,-40,170,2025,11,2025-11-01,0.5555913740465311,55.559137404653114,0.06946162321629537,6.946162321629537,0,VERY LOW,0
GRID_N00_E100,0,100,2025,7,2025-07-01,0.5452334052220922,54.52334052220922,0.06934116411410496,6.934116411410496,0,VERY LOW,0
GRID_S30_W070,-30,-70,2025,4,2025-04-01,0.5477347976327893,54.77347976327893,0.06931768947851569,6.931768947851569,0,VERY LOW,0
GRID_N00_E090,0,90,2025,9,2025-09-01,0.5394026773808536,53.94026773808535,0.06926740325327381,6.926740325327381,0,VERY LOW,0
GRID_N60_W030,60,-30,2025,9,2025-09-01,0.5289176645690418,52.89176645690418,0.06924971154584364,6.924971154584364,0,VERY LOW,0
GRID_N20_W070,20,-70,2025,8,2025-08-01,0.5403147016053454,54.031470160534546,0.06904860594362777,6.904860594362777,0,VERY LOW,0
GRID_S20_E080,-20,80,2025,7,2025-07-01,0.5245068958577094,52.45068958577094,0.0689325690810059,6.893256908100589,0,VERY LOW,0
GRID_N30_E020,30,20,2025,3,2025-03-01,0.5396304700824036,53.96304700824036,0.06892507838474023,6.892507838474023,0,VERY LOW,0
GRID_N50_E010,50,10,2025,4,2025-04-01,0.542409826303709,54.2409826303709,0.06888602540153742,6.888602540153742,0,VERY LOW,0
GRID_N20_W160,20,-160,2025,5,2025-05-01,0.5176055470131768,51.76055470131769,0.06886612909053086,6.886612909053086,0,VERY LOW,0
GRID_N50_E010,50,10,2025,5,2025-05-01,0.5237934755633888,52.379347556338885,0.06879186350461428,6.879186350461428,0,VERY LOW,1
GRID_N10_E020,10,20,2025,7,2025-07-01,0.5406366584173667,54.06366584173667,0.0685566989456556,6.855669894565559,0,VERY LOW,1
GRID_N60_W170,60,-170,2025,7,2025-07-01,0.5101659865464542,51.01659865464542,0.06851099964674472,6.8510999646744715,0,VERY LOW,0
GRID_N10_W050,10,-50,2025,7,2025-07-01,0.5189510317358175,51.895103173581745,0.06847421915133699,6.847421915133698,0,VERY LOW,0
GRID_S30_E110,-30,110,2025,7,2025-07-01,0.5313244052853817,53.13244052853817,0.06841249498390406,6.841249498390406,0,VERY LOW,0
GRID_N10_W030,10,-30,2025,6,2025-06-01,0.5146996208709307,51.469962087093066,0.06838151156056145,6.838151156056145,0,VERY LOW,0
GRID_N30_E030,30,30,2025,10,2025-10-01,0.5435671173585925,54.35671173585925,0.06830346152800942,6.830346152800942,0,VERY LOW,1
GRID_S40_E140,-40,140,2025,7,2025-07-01,0.5313618011309461,53.13618011309461,0.06829894770798664,6.829894770798664,0,VERY LOW,0
GRID_N40_W090,40,-90,2025,10,2025-10-01,0.5553413358752841,55.53413358752841,0.06825793634050666,6.825793634050665,0,VERY LOW,1
GRID_S10_E120,-10,120,2025,2,2025-02-01,0.5571515656320882,55.71515656320882,0.06820447587916403,6.820447587916403,0,VERY LOW,0
GRID_S40_E140,-40,140,2025,11,2025-11-01,0.5537879475713428,55.37879475713427,0.0682032434416225,6.82032434416225,0,VERY LOW,0
GRID_S30_E110,-30,110,2025,8,2025-08-01,0.5347370506158604,53.47370506158604,0.06817608753115792,6.817608753115792,0,VERY LOW,0
GRID_N20_E120,20,120,2025,2,2025-02-01,0.5393813152829264,53.938131528292644,0.06812460565608575,6.812460565608575,0,VERY LOW,0
GRID_N40_E030,40,30,2025,10,2025-10-01,0.539091083611396,53.9091083611396,0.06807633060050852,6.807633060050852,0,VERY LOW,0
GRID_N00_E150,0,150,2025,7,2025-07-01,0.5199585635888623,51.99585635888623,0.06786883991412493,6.786883991412493,0,VERY LOW,0
GRID_S20_E150,-20,150,2025,11,2025-11-01,0.5375875821609158,53.758758216091586,0.06785417948490438,6.785417948490438,0,VERY LOW,0
GRID_N40_W080,40,-80,2025,8,2025-08-01,0.5200493948732748,52.00493948732748,0.06779451706212286,6.779451706212286,0,VERY LOW,0
GRID_S20_E070,-20,70,2025,11,2025-11-01,0.5367183815446147,53.67183815446147,0.06772207393781182,6.772207393781182,0,VERY LOW,0
GRID_N50_E100,50,100,2025,8,2025-08-01,0.5218024116469612,52.18024116469612,0.06772036179381961,6.772036179381962,0,VERY LOW,0
GRID_N10_W130,10,-130,2025,1,2025-01-01,0.5428393224046494,54.283932240464935,0.06770941476283163,6.770941476283163,0,VERY LOW,0
GRID_N10_W050,10,-50,2025,8,2025-08-01,0.5227632702200427,52.27632702200427,0.06766776591418093,6.766776591418093,0,VERY LOW,1
GRID_N10_W030,10,-30,2025,7,2025-07-01,0.5102361882786768,51.02361882786768,0.06766358926754164,6.7663589267541635,0,VERY LOW,1
GRID_S30_E050,-30,50,2025,11,2025-11-01,0.5339971644776593,53.39971644776593,0.06757489969883519,6.757489969883519,0,VERY LOW,0
GRID_N20_E150,20,150,2025,6,2025-06-01,0.5156733948218591,51.567339482185915,0.06746013068865987,6.746013068865987,0,VERY LOW,0
GRID_N40_E070,40,70,2025,6,2025-06-01,0.5291106108636778,52.91106108636778,0.06735983862935586,6.735983862935586,0,VERY LOW,1
GRID_N60_W150,60,-150,2025,10,2025-10-01,0.5249324495871047,52.49324495871047,0.06728129890593793,6.7281298905937925,0,VERY LOW,0
GRID_N20_W060,20,-60,2025,10,2025-10-01,0.5345744838672021,53.45744838672021,0.06726154578175689,6.726154578175689,0,VERY LOW,0
GRID_S40_W060,-40,-60,2025,6,2025-06-01,0.537425514064764,53.7425514064764,0.06725483517908695,6.725483517908695,0,VERY LOW,0
GRID_N10_W040,10,-40,2025,2,2025-02-01,0.5338029888044702,53.38029888044702,0.06722003236201775,6.7220032362017745,0,VERY LOW,0
GRID_N50_W120,50,-120,2025,1,2025-01-01,0.5592598195358333,55.925981953583324,0.06720430307464295,6.720430307464295,0,VERY LOW,0
GRID_N60_E110,60,110,2025,8,2025-08-01,0.5302963215835079,53.02963215835079,0.06715355723487401,6.715355723487401,0,VERY LOW,0
GRID_S20_E090,-20,90,2025,10,2025-10-01,0.5345042597107033,53.450425971070324,0.06715042353627257,6.715042353627257,0,VERY LOW,0
GRID_N00_E010,0,10,2025,4,2025-04-01,0.5334911603397275,53.349116033972756,0.06714495285678776,6.714495285678776,0,VERY LOW,0
GRID_N40_E110,40,110,2025,6,2025-06-01,0.5173215295618544,51.73215295618544,0.06708792819467888,6.708792819467887,0,VERY LOW,0
GRID_N40_E020,40,20,2025,3,2025-03-01,0.5330383836535263,53.30383836535263,0.06703864568096,6.703864568096001,0,VERY LOW,1
GRID_N40_W010,40,-10,2025,3,2025-03-01,0.5323091156972866,53.230911569728654,0.06697934036780759,6.697934036780759,0,VERY LOW,0
GRID_S30_E110,-30,110,2025,11,2025-11-01,0.5526030275274048,55.26030275274047,0.06693249502534904,6.693249502534904,0,VERY LOW,1
GRID_N10_W160,10,-160,2025,2,2025-02-01,0.5342812666476912,53.42812666476912,0.06693194285989196,6.693194285989196,0,VERY LOW,0
GRID_N30_E120,30,120,2025,5,2025-05-01,0.5237888476128428,52.37888476128428,0.06686511676118516,6.686511676118516,0,VERY LOW,0
GRID_N00_W070,0,-70,2025,1,2025-01-01,0.5669157463195785,56.691574631957856,0.06686238386917476,6.686238386917475,0,VERY LOW,1
GRID_N00_E150,0,150,2025,6,2025-06-01,0.5123401100254349,51.23401100254349,0.06685227293610121,6.685227293610121,0,VERY LOW,0
GRID_S30_E110,-30,110,2025,1,2025-01-01,0.5590159335809092,55.90159335809092,0.06685169984140094,6.685169984140094,0,VERY LOW,0
GRID_N60_W150,60,-150,2025,11,2025-11-01,0.5358891769857527,53.588917698575266,0.06674122096136523,6.674122096136522,0,VERY LOW,0
GRID_N20_E130,20,130,2025,3,2025-03-01,0.5257031515128077,52.57031515128077,0.06644751326878007,6.644751326878007,0,VERY LOW,0
GRID_S30_E130,-30,130,2025,3,2025-03-01,0.5669528561847074,56.695285618470734,0.06642721355307593,6.642721355307593,0,VERY LOW,0
GRID_N50_W130,50,-130,2025,10,2025-10-01,0.5254013461253669,52.54013461253669,0.0663690015734215,6.63690015734215,0,VERY LOW,0
GRID_N20_E120,20,120,2025,1,2025-01-01,0.5343451694693626,53.43451694693626,0.06631826550843858,6.631826550843859,0,VERY LOW,0
GRID_S60_W040,-60,-40,2025,6,2025-06-01,0.5209980202973585,52.099802029735855,0.06630812684790918,6.630812684790918,0,VERY LOW,1
GRID_S50_W080,-50,-80,2025,4,2025-04-01,0.5306080556194108,53.06080556194108,0.06624701681259729,6.624701681259729,0,VERY LOW,0
GRID_N50_W010,50,-10,2025,7,2025-07-01,0.5035758931152492,50.35758931152492,0.06621376224499212,6.621376224499212,0,VERY LOW,0
GRID_N30_E120,30,120,2025,7,2025-07-01,0.5258747831307944,52.58747831307944,0.06608742767901792,6.608742767901791,0,VERY LOW,1
GRID_N30_E120,30,120,2025,10,2025-10-01,0.5282107394497718,52.82107394497718,0.06595638446446801,6.595638446446801,0,VERY LOW,0
GRID_S40_E170,-40,170,2025,4,2025-04-01,0.5262808704806813,52.62808704806813,0.06578156758950723,6.5781567589507235,0,VERY LOW,0
GRID_N40_E120,40,120,2025,6,2025-06-01,0.509705817603938,50.9705817603938,0.0657764304336618,6.57764304336618,0,VERY LOW,0
GRID_N00_E150,0,150,2025,5,2025-05-01,0.5122321166732942,51.223211667329416,0.0657547694477938,6.575476944779381,0,VERY LOW,0
GRID_N40_E150,40,150,2025,9,2025-09-01,0.5130982170087396,51.30982170087396,0.0656635604662766,6.56635604662766,0,VERY LOW,0
GRID_S60_W040,-60,-40,2025,11,2025-11-01,0.5348704123703741,53.48704123703742,0.06564614900352427,6.564614900352426,0,VERY LOW,0
GRID_S10_E080,-10,80,2025,10,2025-10-01,0.5285429112704509,52.854291127045094,0.06563404342601321,6.563404342601322,0,VERY LOW,0
GRID_N60_W170,60,-170,2025,4,2025-04-01,0.5069583827041749,50.69583827041749,0.06559270214723786,6.559270214723786,0,VERY LOW,0
GRID_N60_E100,60,100,2025,7,2025-07-01,0.5128115497274689,51.28115497274689,0.06559228115412136,6.559228115412136,0,VERY LOW,0
GRID_N30_W070,30,-70,2025,6,2025-06-01,0.49751804957144347,49.751804957144344,0.06551802817872902,6.551802817872902,0,VERY LOW,0
GRID_N10_W030,10,-30,2025,5,2025-05-01,0.5025029813993042,50.250298139930415,0.06549651202543863,6.549651202543863,0,VERY LOW,0
GRID_N60_W120,60,-120,2025,2,2025-02-01,0.5406691267366919,54.06691267366919,0.06546855416283011,6.546855416283011,0,VERY LOW,0
GRID_S40_E130,-40,130,2025,4,2025-04-01,0.5261873961602904,52.61873961602904,0.06527970577142803,6.527970577142803,0,VERY LOW,0
GRID_N40_E150,40,150,2025,4,2025-04-01,0.507618436032536,50.761843603253595,0.06527082578216245,6.527082578216245,0,VERY LOW,0
GRID_N10_W060,10,-60,2025,4,2025-04-01,0.5088784718609616,50.88784718609616,0.06524166656290371,6.5241666562903715,0,VERY LOW,0
GRID_N50_E000,50,0,2025,10,2025-10-01,0.5167614776356129,51.67614776356129,0.06521762073777158,6.521762073777158,0,VERY LOW,0
GRID_N40_E040,40,40,2025,8,2025-08-01,0.5058570792580132,50.585707925801316,0.06506114907774782,6.506114907774782,0,VERY LOW,1
GRID_N00_E010,0,10,2025,3,2025-03-01,0.5262018721912709,52.62018721912709,0.06500717205406513,6.500717205406513,0,VERY LOW,0
GRID_N20_W160,20,-160,2025,4,2025-04-01,0.5045368421858925,50.453684218589245,0.06498419394344612,6.498419394344612,0,VERY LOW,0
GRID_S10_E030,-10,30,2025,10,2025-10-01,0.5292389320082925,52.923893200829255,0.06494016373170933,6.494016373170933,0,VERY LOW,1
GRID_N50_E010,50,10,2025,11,2025-11-01,0.5175915165191831,51.75915165191831,0.06492685572813127,6.4926855728131265,0,VERY LOW,0
GRID_S20_E080,-20,80,2025,8,2025-08-01,0.504159760867527,50.4159760867527,0.0648612632871786,6.4861263287178605,0,VERY LOW,0
GRID_N20_E150,20,150,2025,5,2025-05-01,0.5034776196448612,50.34776196448612,0.06473272314742722,6.473272314742721,0,VERY LOW,0
GRID_N10_W050,10,-50,2025,5,2025-05-01,0.49913270165291784,49.913270165291785,0.06464822994351097,6.464822994351096,0,VERY LOW,0
GRID_N40_W090,40,-90,2025,9,2025-09-01,0.5316114994024286,53.16114994024286,0.0645003997896687,6.4500399789668705,0,VERY LOW,0
GRID_N20_W110,20,-110,2025,9,2025-09-01,0.5177748149923548,51.77748149923548,0.0644687562578761,6.44687562578761,0,VERY LOW,0
GRID_N00_E130,0,130,2025,11,2025-11-01,0.5212474963788163,52.12474963788163,0.06444578069062863,6.444578069062863,0,VERY LOW,0
GRID_N30_E000,30,0,2025,11,2025-11-01,0.5196447542010069,51.96447542010068,0.06439702766736638,6.439702766736638,0,VERY LOW,1
GRID_N10_W150,10,-150,2025,10,2025-10-01,0.5153262779688916,51.532627796889166,0.0643416524941923,6.434165249419229,0,VERY LOW,0
GRID_S40_E010,-40,10,2025,5,2025-05-01,0.5145420622079356,51.454206220793566,0.06422776857934673,6.4227768579346725,0,VERY LOW,1
GRID_N50_W120,50,-120,2025,11,2025-11-01,0.5077969956725951,50.779699567259506,0.06415253169153165,6.415253169153165,0,VERY LOW,0
GRID_N00_E070,0,70,2025,10,2025-10-01,0.531704218212242,53.1704218212242,0.06414165203141721,6.414165203141721,0,VERY LOW,0
GRID_S40_E170,-40,170,2025,1,2025-01-01,0.5359279145812624,53.59279145812624,0.06410133417444301,6.410133417444301,0,VERY LOW,0
GRID_N10_W080,10,-80,2025,2,2025-02-01,0.5202180878391338,52.02180878391338,0.06405501432866045,6.405501432866045,0,VERY LOW,0
GRID_N20_E110,20,110,2025,9,2025-09-01,0.5084415540144841,50.84415540144841,0.06398742026561458,6.398742026561457,0,VERY LOW,0
GRID_N60_E150,60,150,2025,5,2025-05-01,0.5012119041180094,50.12119041180094,0.06384832292888835,6.384832292888835,0,VERY LOW,0
GRID_S20_E040,-20,40,2025,2,2025-02-01,0.5229268512051534,52.29268512051534,0.06384296562857639,6.384296562857639,0,VERY LOW,1
GRID_S10_E060,-10,60,2025,8,2025-08-01,0.5156479647376788,51.564796473767885,0.06373154004629246,6.373154004629246,0,VERY LOW,1
GRID_S30_W070,-30,-70,2025,6,2025-06-01,0.5004756529124491,50.04756529124491,0.0636902038380619,6.369020383806189,0,VERY LOW,0
GRID_S20_E090,-20,90,2025,11,2025-11-01,0.5182650148122852,51.82650148122852,0.06366341627522631,6.366341627522631,0,VERY LOW,0
GRID_N10_W040,10,-40,2025,11,2025-11-01,0.5061682457161383,50.616824571613826,0.06361685342944093,6.361685342944093,0,VERY LOW,0
GRID_N30_W070,30,-70,2025,11,2025-11-01,0.5102188177551623,51.021881775516235,0.06357939676656785,6.357939676656785,0,VERY LOW,0
GRID_N00_W010,0,-10,2025,5,2025-05-01,0.52835728143654,52.835728143654,0.06356627355237227,6.356627355237227,0,VERY LOW,0
GRID_N10_W060,10,-60,2025,9,2025-09-01,0.5018545616381123,50.185456163811224,0.06353357397120603,6.353357397120603,0,VERY LOW,0
GRID_N10_W160,10,-160,2025,1,2025-01-01,0.5166712892098182,51.66712892098182,0.06335619518196003,6.335619518196004,0,VERY LOW,0
GRID_N60_W120,60,-120,2025,10,2025-10-01,0.5023615055300856,50.236150553008564,0.06321047614355894,6.321047614355894,0,VERY LOW,0
GRID_N20_E160,20,160,2025,9,2025-09-01,0.5162135197023437,51.62135197023437,0.06318733321717998,6.318733321717998,0,VERY LOW,0
GRID_N30_W070,30,-70,2025,7,2025-07-01,0.4809681919169256,48.09681919169256,0.06317332607204587,6.3173326072045874,0,VERY LOW,1
GRID_N50_E020,50,20,2025,10,2025-10-01,0.5051462360717016,50.514623607170165,0.06306379842783373,6.3063798427833735,0,VERY LOW,0
GRID_S10_W040,-10,-40,2025,11,2025-11-01,0.5312139791219137,53.12139791219137,0.06298211183149693,6.298211183149693,0,VERY LOW,0
GRID_N50_W090,50,-90,2025,7,2025-07-01,0.4827025001817068,48.27025001817068,0.06290928946840547,6.290928946840547,0,VERY LOW,0
GRID_N20_W110,20,-110,2025,10,2025-10-01,0.5188208092270494,51.882080922704944,0.06286613753408335,6.286613753408335,0,VERY LOW,0
GRID_N60_E150,60,150,2025,8,2025-08-01,0.49337028957616264,49.33702895761626,0.06286547139861075,6.286547139861074,0,VERY LOW,0
GRID_N00_E140,0,140,2025,7,2025-07-01,0.4896854349831718,48.96854349831718,0.0628024931447185,6.28024931447185,0,VERY LOW,0
GRID_S10_E130,-10,130,2025,5,2025-05-01,0.5118015627252543,51.18015627252544,0.0627830104027165,6.27830104027165,0,VERY LOW,0
GRID_S10_E120,-10,120,2025,7,2025-07-01,0.49045492071930563,49.04549207193056,0.0627208143934522,6.27208143934522,0,VERY LOW,0
GRID_N40_W010,40,-10,2025,1,2025-01-01,0.5234291002645467,52.34291002645467,0.06271261649892121,6.2712616498921205,0,VERY LOW,0
GRID_N60_W140,60,-140,2025,8,2025-08-01,0.49145387608146274,49.14538760814627,0.0626764579938603,6.26764579938603,0,VERY LOW,0
GRID_N00_E090,0,90,2025,10,2025-10-01,0.5053117117178582,50.531171171785815,0.06264949491551938,6.264949491551938,0,VERY LOW,1
GRID_N60_W170,60,-170,2025,8,2025-08-01,0.47822283742066213,47.82228374206621,0.06263674681822769,6.263674681822769,0,VERY LOW,0
GRID_N60_W030,60,-30,2025,10,2025-10-01,0.4947775234527416,49.47775234527416,0.06257985359518387,6.257985359518386,0,VERY LOW,0
GRID_N00_E000,0,0,2025,3,2025-03-01,0.512101688420598,51.2101688420598,0.06257308855866582,6.257308855866582,0,VERY LOW,0
GRID_N50_W160,50,-160,2025,2,2025-02-01,0.5034869353637463,50.34869353637463,0.06257190294579906,6.257190294579907,0,VERY LOW,0
GRID_N00_E140,0,140,2025,5,2025-05-01,0.49404243421827193,49.404243421827196,0.06242247769482252,6.242247769482252,0,VERY LOW,0
GRID_S40_E120,-40,120,2025,1,2025-01-01,0.5310971928582473,53.10971928582473,0.062413990167134635,6.241399016713464,0,VERY LOW,1
GRID_N00_E150,0,150,2025,4,2025-04-01,0.4991586970064502,49.91586970064502,0.06235565689251471,6.235565689251471,0,VERY LOW,0
GRID_N10_W020,10,-20,2025,4,2025-04-01,0.5011336762433446,50.11336762433446,0.06230893835058221,6.230893835058221,0,VERY LOW,0
GRID_N00_E150,0,150,2025,8,2025-08-01,0.48751228243224076,48.75122824322408,0.06230595044587215,6.230595044587215,0,VERY LOW,0
GRID_N10_E020,10,20,2025,2,2025-02-01,0.5256422104932343,52.564221049323436,0.06227507173744853,6.227507173744852,0,VERY LOW,0
GRID_N00_E130,0,130,2025,6,2025-06-01,0.4843775806119376,48.43775806119376,0.062265364837673434,6.226536483767344,0,VERY LOW,0
GRID_N50_W010,50,-10,2025,8,2025-08-01,0.4837161758262561,48.37161758262561,0.062239204542853234,6.223920454285324,0,VERY LOW,0
GRID_S30_E110,-30,110,2025,9,2025-09-01,0.5035530523296108,50.35530523296108,0.06218101691656732,6.218101691656732,0,VERY LOW,0
GRID_N40_E070,40,70,2025,8,2025-08-01,0.48855890709163563,48.85589070916356,0.06215893691401293,6.215893691401293,0,VERY LOW,0
GRID_N20_W060,20,-60,2025,11,2025-11-01,0.5067516521194032,50.67516521194032,0.062140495912080485,6.214049591208049,0,VERY LOW,0
GRID_S50_W080,-50,-80,2025,11,2025-11-01,0.5236312898276747,52.36312898276747,0.062102461003060314,6.210246100306032,0,VERY LOW,0
GRID_S60_W040,-60,-40,2025,4,2025-04-01,0.5149116599443179,51.49116599443179,0.06210123937306604,6.210123937306604,0,VERY LOW,0
GRID_N50_W090,50,-90,2025,6,2025-06-01,0.4750896774924083,47.50896774924083,0.06199267667770649,6.199267667770649,0,VERY LOW,0
GRID_S40_E140,-40,140,2025,6,2025-06-01,0.49028648161951066,49.02864816195107,0.06193868996942311,6.193868996942311,0,VERY LOW,0
GRID_S40_E150,-40,150,2025,9,2025-09-01,0.5008383306640569,50.08383306640569,0.06193036690443493,6.193036690443493,0,VERY LOW,0
GRID_N00_E000,0,0,2025,4,2025-04-01,0.5004286916397755,50.04286916397756,0.06191573527957713,6.191573527957713,0,VERY LOW,1
GRID_N00_E140,0,140,2025,6,2025-06-01,0.4820651115237152,48.20651115237152,0.06185668606929162,6.185668606929163,0,VERY LOW,0
GRID_S50_W080,-50,-80,2025,3,2025-03-01,0.5117745380368934,51.177453803689346,0.0618202008149652,6.182020081496519,0,VERY LOW,0
GRID_S10_E120,-10,120,2025,6,2025-06-01,0.4828339524298419,48.28339524298419,0.061773204866556616,6.1773204866556615,0,VERY LOW,0
GRID_N30_E120,30,120,2025,4,2025-04-01,0.49663360183672883,49.663360183672886,0.06173618985305784,6.173618985305785,0,VERY LOW,0
GRID_N30_E110,30,110,2025,7,2025-07-01,0.48358335027978205,48.35833502797821,0.061696804265476565,6.169680426547656,0,VERY LOW,0
GRID_N00_E000,0,0,2025,7,2025-07-01,0.4882290970302239,48.82290970302239,0.06166078797097394,6.166078797097394,0,VERY LOW,0
GRID_N40_E030,40,30,2025,5,2025-05-01,0.4830432426168706,48.30432426168706,0.06165998610798016,6.165998610798016,0,VERY LOW,1
GRID_N00_E130,0,130,2025,7,2025-07-01,0.47991706486000846,47.991706486000844,0.061639919930295786,6.163991993029579,0,VERY LOW,0
GRID_N10_E160,10,160,2025,8,2025-08-01,0.4925916449233526,49.25916449233526,0.06150644386938744,6.150644386938744,0,VERY LOW,0
GRID_N20_W080,20,-80,2025,5,2025-05-01,0.4804384821491497,48.043848214914966,0.061426964645097094,6.14269646450971,0,VERY LOW,0
GRID_S40_E120,-40,120,2025,3,2025-03-01,0.5094644099935249,50.9464409993525,0.061383442306326766,6.1383442306326765,0,VERY LOW,0
GRID_N00_E130,0,130,2025,5,2025-05-01,0.48426962823596176,48.42696282359618,0.06126104267671084,6.126104267671084,0,VERY LOW,0
GRID_N30_W070,30,-70,2025,5,2025-05-01,0.47324994200419923,47.32499420041992,0.06119053636206565,6.119053636206565,0,VERY LOW,0
GRID_N50_E060,50,60,2025,4,2025-04-01,0.49663587553716987,49.66358755371699,0.061146239156021645,6.114623915602165,0,VERY LOW,0
GRID_N20_E080,20,80,2025,8,2025-08-01,0.4855406185648441,48.55406185648441,0.06108872696813781,6.108872696813781,0,VERY LOW,0
GRID_N50_E000,50,0,2025,5,2025-05-01,0.48835918931973776,48.83591893197378,0.061065819774846056,6.1065819774846055,0,VERY LOW,1
GRID_N50_E100,50,100,2025,4,2025-04-01,0.49696193019906476,49.696193019906474,0.061054199895393936,6.105419989539394,0,VERY LOW,1
GRID_S30_W070,-30,-70,2025,5,2025-05-01,0.48827694609975925,48.82769460997592,0.06103807231535317,6.103807231535317,0,VERY LOW,0
GRID_N20_E130,20,130,2025,10,2025-10-01,0.48949894493352214,48.94989449335221,0.061007288379031376,6.100728837903137,0,VERY LOW,0
GRID_S30_E140,-30,140,2025,3,2025-03-01,0.5158975605507782,51.58975605507782,0.060992098808416086,6.099209880841609,0,VERY LOW,1
GRID_N40_E040,40,40,2025,11,2025-11-01,0.494757622659338,49.475762265933795,0.060952125278611866,6.095212527861187,0,VERY LOW,0
GRID_N20_W080,20,-80,2025,6,2025-06-01,0.46848558549893493,46.8485585498935,0.06089268428318131,6.089268428318131,0,VERY LOW,0
GRID_N00_W010,0,-10,2025,3,2025-03-01,0.49737831580075004,49.737831580075,0.060807507793759895,6.08075077937599,0,VERY LOW,0
GRID_S40_E010,-40,10,2025,4,2025-04-01,0.5004679968261972,50.04679968261973,0.06077684498186744,6.077684498186744,0,VERY LOW,0
GRID_N10_W080,10,-80,2025,1,2025-01-01,0.5030725683567031,50.30725683567031,0.060730502162631005,6.0730502162631,0,VERY LOW,0
GRID_S20_E100,-20,100,2025,6,2025-06-01,0.4771480345630343,47.71480345630343,0.06068107279935532,6.068107279935532,0,VERY LOW,0
GRID_N10_W160,10,-160,2025,10,2025-10-01,0.4850623531915859,48.50623531915859,0.06067972312677021,6.067972312677021,0,VERY LOW,1
GRID_N50_E060,50,60,2025,6,2025-06-01,0.47099633470095736,47.09963347009574,0.0606260082161366,6.0626008216136595,0,VERY LOW,0
GRID_S20_E080,-20,80,2025,9,2025-09-01,0.485017152281347,48.5017152281347,0.060513754004195286,6.051375400419529,0,VERY LOW,0
GRID_N60_E140,60,140,2025,2,2025-02-01,0.5047822566479028,50.47822566479028,0.06049909307159653,6.049909307159653,0,VERY LOW,0
GRID_S30_E110,-30,110,2025,5,2025-05-01,0.48880423404928025,48.880423404928024,0.06046973264926505,6.046973264926505,0,VERY LOW,1
GRID_S50_E170,-50,170,2025,4,2025-04-01,0.5034644725025064,50.346447250250634,0.06040053791647001,6.040053791647001,0,VERY LOW,0
GRID_N10_W030,10,-30,2025,4,2025-04-01,0.4773498561480045,47.73498561480045,0.0603536799889353,6.0353679988935305,0,VERY LOW,0
GRID_S30_E110,-30,110,2025,4,2025-04-01,0.4921190144498006,49.21190144498006,0.060299836625949385,6.029983662594939,0,VERY LOW,0
GRID_N20_W080,20,-80,2025,7,2025-07-01,0.46403971010926914,46.40397101092692,0.060232513412396584,6.023251341239658,0,VERY LOW,0
GRID_S30_E120,-30,120,2025,2,2025-02-01,0.5015224606095944,50.152246060959435,0.060169764469316336,6.016976446931634,0,VERY LOW,0
GRID_S40_E170,-40,170,2025,3,2025-03-01,0.49534279038041773,49.534279038041774,0.060162920585201875,6.016292058520188,0,VERY LOW,0
GRID_N00_E100,0,100,2025,8,2025-08-01,0.4811305186798774,48.113051867987735,0.06016259041722037,6.016259041722037,0,VERY LOW,0
GRID_S10_E130,-10,130,2025,6,2025-06-01,0.4801458854503054,48.01458854503054,0.06013610286940221,6.013610286940221,0,VERY LOW,0
GRID_S40_E010,-40,10,2025,11,2025-11-01,0.5117080890905249,51.17080890905249,0.06010001963515401,6.010001963515401,0,VERY LOW,1
GRID_S20_E100,-20,100,2025,7,2025-07-01,0.4726930616808188,47.26930616808188,0.06008557613541097,6.008557613541097,0,VERY LOW,0
GRID_N30_E020,30,20,2025,2,2025-02-01,0.48889379034212094,48.88937903421209,0.0599680370813373,5.99680370813373,0,VERY LOW,0
GRID_N50_E060,50,60,2025,7,2025-07-01,0.4665475469767137,46.65475469767137,0.05996702091781529,5.996702091781529,0,VERY LOW,0
GRID_N40_W010,40,-10,2025,2,2025-02-01,0.4922322178533762,49.223221785337614,0.05987187256826968,5.987187256826968,0,VERY LOW,0
GRID_N20_E150,20,150,2025,4,2025-04-01,0.47832261408915955,47.832261408915954,0.059867984138516926,5.986798413851693,0,VERY LOW,0
GRID_S40_W060,-40,-60,2025,7,2025-07-01,0.47708350435765723,47.70835043576572,0.059860242176101475,5.986024217610147,0,VERY LOW,0
GRID_N40_E110,40,110,2025,7,2025-07-01,0.47075896447927645,47.07589644792765,0.05982812484663289,5.982812484663289,0,VERY LOW,0
GRID_S50_W080,-50,-80,2025,2,2025-02-01,0.5069297522313122,50.69297522313122,0.059796143729576645,5.9796143729576645,0,VERY LOW,0
GRID_S50_E170,-50,170,2025,5,2025-05-01,0.4847687305632554,48.476873056325545,0.05977581554439393,5.977581554439393,0,VERY LOW,1
GRID_N60_W170,60,-170,2025,3,2025-03-01,0.47601479798747076,47.60147979874708,0.05974397522720275,5.974397522720275,0,VERY LOW,0
GRID_S30_E120,-30,120,2025,3,2025-03-01,0.49681800445602864,49.68180044560286,0.05972588038513359,5.972588038513359,0,VERY LOW,1
GRID_N40_E100,40,100,2025,8,2025-08-01,0.48427591543115195,48.42759154311519,0.059705030707606056,5.970503070760605,0,VERY LOW,0
GRID_N50_E060,50,60,2025,5,2025-05-01,0.47038921622004304,47.0389216220043,0.05970088622726459,5.970088622726459,0,VERY LOW,0
GRID_N20_E100,20,100,2025,3,2025-03-01,0.49845597222454463,49.845597222454465,0.0596696873884471,5.96696873884471,0,VERY LOW,1
GRID_N10_W050,10,-50,2025,4,2025-04-01,0.4739875484810879,47.39875484810879,0.05959230129747382,5.9592301297473815,0,VERY LOW,0
GRID_S10_E130,-10,130,2025,7,2025-07-01,0.47618838011488834,47.61883801148883,0.05959012101750223,5.959012101750223,0,VERY LOW,0
GRID_S40_E130,-40,130,2025,3,2025-03-01,0.4942468712462465,49.42468712462465,0.059559909830214454,5.9559909830214455,0,VERY LOW,0
GRID_N40_E150,40,150,2025,3,2025-03-01,0.4766735138209671,47.66735138209671,0.05947681454120888,5.947681454120888,0,VERY LOW,0
GRID_N50_W090,50,-90,2025,4,2025-04-01,0.4810765823491008,48.107658234910076,0.059469758970150076,5.946975897015007,0,VERY LOW,0
GRID_N40_W060,40,-60,2025,8,2025-08-01,0.4798887322290098,47.98887322290098,0.05946133525849149,5.946133525849149,0,VERY LOW,0
GRID_N50_W090,50,-90,2025,5,2025-05-01,0.4624379304684079,46.24379304684079,0.05938924677128542,5.938924677128542,0,VERY LOW,0
GRID_N20_W070,20,-70,2025,9,2025-09-01,0.4774014523272657,47.74014523272657,0.05938550489637155,5.938550489637155,0,VERY LOW,0
GRID_N60_E130,60,130,2025,9,2025-09-01,0.476430180926276,47.6430180926276,0.05937836961995335,5.937836961995336,0,VERY LOW,0
GRID_N60_E150,60,150,2025,4,2025-04-01,0.4760615633702755,47.60615633702755,0.059354495624888384,5.935449562488839,0,VERY LOW,0
GRID_N50_W160,50,-160,2025,1,2025-01-01,0.48633388545948625,48.63338854594863,0.05932907076199649,5.932907076199649,0,VERY LOW,0
GRID_S40_E170,-40,170,2025,5,2025-05-01,0.47847647287417017,47.84764728741702,0.05930203563677279,5.930203563677279,0,VERY LOW,0
GRID_N10_W060,10,-60,2025,3,2025-03-01,0.47793129536326107,47.793129536326106,0.059284628853775556,5.928462885377556,0,VERY LOW,0
GRID_N30_E140,30,140,2025,10,2025-10-01,0.48415091644568525,48.41509164456853,0.059215589816963975,5.921558981696397,0,VERY LOW,0
GRID_N50_E030,50,30,2025,7,2025-07-01,0.4727354730879694,47.27354730879694,0.05912957760706641,5.91295776070664,0,VERY LOW,0
GRID_N30_E070,30,70,2025,9,2025-09-01,0.4752462288614858,47.524622886148585,0.05893065972404765,5.893065972404765,0,VERY LOW,0
GRID_N40_E130,40,130,2025,5,2025-05-01,0.46959442370612775,46.95944237061278,0.05873827829430963,5.873827829430963,0,VERY LOW,0
GRID_N30_E060,30,60,2025,6,2025-06-01,0.4750759221903936,47.50759221903936,0.05872568822507794,5.872568822507794,0,VERY LOW,0
GRID_N30_E120,30,120,2025,11,2025-11-01,0.4839787068289859,48.39787068289859,0.058587392701843446,5.858739270184345,0,VERY LOW,0
GRID_N40_W080,40,-80,2025,2,2025-02-01,0.48325212649759086,48.32521264975909,0.05852686069322581,5.852686069322581,0,VERY LOW,0
GRID_N20_E060,20,60,2025,10,2025-10-01,0.4869185049104631,48.69185049104631,0.058446597617275095,5.84465976172751,0,VERY LOW,0
GRID_S50_E140,-50,140,2025,5,2025-05-01,0.48003083469930596,48.003083469930594,0.058425331973708895,5.84253319737089,0,VERY LOW,0
GRID_N30_W050,30,-50,2025,5,2025-05-01,0.4534045676172249,45.34045676172249,0.05829476138900682,5.829476138900682,0,VERY LOW,1
GRID_S30_W070,-30,-70,2025,7,2025-07-01,0.4655192095002389,46.55192095002389,0.05820955790073841,5.820955790073841,0,VERY LOW,0
GRID_N00_E150,0,150,2025,9,2025-09-01,0.46840464854184066,46.84046485418406,0.058209345437433745,5.820934543743374,0,VERY LOW,0
GRID_N30_E110,30,110,2025,8,2025-08-01,0.46377548769014815,46.377548769014815,0.05809960144404609,5.809960144404609,0,VERY LOW,0
GRID_N10_E160,10,160,2025,6,2025-06-01,0.45706603916672583,45.706603916672584,0.05808024900818988,5.808024900818988,0,VERY LOW,0
GRID_N20_W080,20,-80,2025,8,2025-08-01,0.4558191463709931,45.58191463709931,0.05803583902470808,5.803583902470808,0,VERY LOW,1
GRID_N00_E130,0,130,2025,8,2025-08-01,0.4596276458782724,45.96276458782724,0.058014145158050014,5.801414515805002,0,VERY LOW,1
GRID_N10_W140,10,-140,2025,8,2025-08-01,0.4595309787607256,45.953097876072555,0.058004135740751195,5.80041357407512,0,VERY LOW,0
GRID_N20_E130,20,130,2025,2,2025-02-01,0.47492507038909965,47.49250703890996,0.057971955763254465,5.797195576325446,0,VERY LOW,0
GRID_N20_E110,20,110,2025,10,2025-10-01,0.47429240667804584,47.429240667804585,0.05795628482519648,5.795628482519648,0,VERY LOW,0
GRID_N40_E150,40,150,2025,10,2025-10-01,0.46688432836473615,46.688432836473616,0.05795330986808075,5.795330986808075,0,VERY LOW,0
GRID_N10_E020,10,20,2025,9,2025-09-01,0.4707122940842749,47.07122940842749,0.05794594220082361,5.794594220082361,0,VERY LOW,0
GRID_N50_W110,50,-110,2025,9,2025-09-01,0.4423220367609711,44.23220367609711,0.057905573078306384,5.790557307830638,0,VERY LOW,0
GRID_N10_W140,10,-140,2025,6,2025-06-01,0.44818350340512203,44.818350340512204,0.05783523510145988,5.783523510145988,0,VERY LOW,0
GRID_N20_E090,20,90,2025,8,2025-08-01,0.478692837328103,47.8692837328103,0.057706251214334515,5.770625121433452,0,VERY LOW,1
GRID_S40_E020,-40,20,2025,3,2025-03-01,0.4897193701641751,48.97193701641751,0.057698390741924774,5.769839074192477,0,VERY LOW,0
GRID_S30_W070,-30,-70,2025,8,2025-08-01,0.4661338187420125,46.613381874201245,0.05768874373945669,5.768874373945669,0,VERY LOW,0
GRID_S10_E080,-10,80,2025,5,2025-05-01,0.4632655808941244,46.32655808941244,0.05766982112685115,5.766982112685115,0,VERY LOW,0
GRID_N00_E140,0,140,2025,8,2025-08-01,0.4573285352736427,45.73285352736427,0.0576383885526104,5.7638388552610405,0,VERY LOW,0
GRID_N20_W060,20,-60,2025,6,2025-06-01,0.44589138020007213,44.58913802000721,0.05761197496891148,5.761197496891148,0,VERY LOW,0
GRID_N70_E140,70,140,2025,6,2025-06-01,0.44972535901910493,44.97253590191049,0.05760122291492755,5.760122291492755,0,VERY LOW,0
GRID_S10_E060,-10,60,2025,10,2025-10-01,0.47696861805578467,47.696861805578465,0.057596766124644504,5.7596766124644505,0,VERY LOW,0
GRID_S10_E120,-10,120,2025,8,2025-08-01,0.4580928178911983,45.80928178911983,0.057567716171969076,5.756771617196907,0,VERY LOW,0
GRID_N00_E000,0,0,2025,2,2025-02-01,0.4820773147426159,48.20773147426159,0.057524467202840136,5.752446720284014,0,VERY LOW,0
GRID_S20_E100,-20,100,2025,9,2025-09-01,0.4666925890352458,46.66925890352458,0.05749082969461725,5.749082969461726,0,VERY LOW,0
GRID_N10_E160,10,160,2025,7,2025-07-01,0.45263624620721277,45.263624620721274,0.05748601764415645,5.748601764415645,0,VERY LOW,0
GRID_N20_W160,20,-160,2025,3,2025-03-01,0.4615577290031215,46.15577290031215,0.057442524039403864,5.744252403940386,0,VERY LOW,0
GRID_N60_E150,60,150,2025,9,2025-09-01,0.46419591113349784,46.41959111334978,0.057410805188342816,5.7410805188342815,0,VERY LOW,0
GRID_N00_E000,0,0,2025,6,2025-06-01,0.4569131849493694,45.69131849493694,0.05740643561000789,5.740643561000789,0,VERY LOW,0
GRID_N20_E050,20,50,2025,7,2025-07-01,0.46728271488933426,46.72827148893342,0.057376642544073854,5.7376642544073855,0,VERY LOW,0
GRID_N60_W110,60,-110,2025,7,2025-07-01,0.44135731054699484,44.135731054699484,0.057142762449688286,5.714276244968828,0,VERY LOW,1
GRID_S10_E080,-10,80,2025,6,2025-06-01,0.45136876066964815,45.13687606696482,0.057137611953998024,5.713761195399803,0,VERY LOW,1
GRID_S40_E150,-40,150,2025,4,2025-04-01,0.481171501407192,48.117150140719204,0.0571280982810232,5.71280982810232,0,VERY LOW,1
GRID_N00_W070,0,-70,2025,8,2025-08-01,0.46674471705722503,46.6744717057225,0.05712453849654573,5.712453849654573,0,VERY LOW,0
GRID_N20_W160,20,-160,2025,9,2025-09-01,0.44931562562140137,44.93156256214014,0.0570664237931018,5.70664237931018,0,VERY LOW,0
GRID_N60_W030,60,-30,2025,11,2025-11-01,0.46231674851371973,46.23167485137197,0.05706474326880244,5.706474326880244,0,VERY LOW,0
GRID_S30_E150,-30,150,2025,3,2025-03-01,0.47369259260640256,47.369259260640256,0.05703914497787228,5.7039144977872285,0,VERY LOW,1
GRID_N40_E030,40,30,2025,4,2025-04-01,0.4579675138452728,45.796751384527276,0.057029276739489966,5.702927673948997,0,VERY LOW,0
GRID_N20_W060,20,-60,2025,7,2025-07-01,0.4414818245578797,44.14818245578797,0.05698438897430833,5.698438897430833,0,VERY LOW,0
GRID_N40_W080,40,-80,2025,1,2025-01-01,0.47819598198657515,47.819598198657516,0.056944125603002806,5.694412560300281,0,VERY LOW,0
GRID_N60_W030,60,-30,2025,2,2025-02-01,0.4656629218017165,46.56629218017165,0.056934219645852914,5.6934219645852915,0,VERY LOW,0
GRID_S40_E170,-40,170,2025,6,2025-06-01,0.4541009852163736,45.41009852163736,0.056902242692682584,5.690224269268258,0,VERY LOW,1
GRID_N60_W170,60,-170,2025,9,2025-09-01,0.447167022470794,44.7167022470794,0.05673577001393028,5.673577001393028,0,VERY LOW,0
GRID_N60_W130,60,-130,2025,9,2025-09-01,0.4534529074732529,45.345290747325286,0.056727380030277885,5.6727380030277885,0,VERY LOW,0
GRID_N50_W010,50,-10,2025,11,2025-11-01,0.47334825813459686,47.33482581345969,0.05669436671038068,5.669436671038068,0,VERY LOW,1
GRID_N40_E070,40,70,2025,9,2025-09-01,0.4579178630311265,45.79178630311265,0.05665620399955371,5.665620399955372,0,VERY LOW,0
GRID_N00_E130,0,130,2025,4,2025-04-01,0.4591867849944807,45.91867849944807,0.05665219183899471,5.665219183899471,0,VERY LOW,0
GRID_N10_W070,10,-70,2025,4,2025-04-01,0.4553959164048432,45.539591640484325,0.05661424697360738,5.661424697360738,0,VERY LOW,1
GRID_N10_W080,10,-80,2025,4,2025-04-01,0.4518025110655792,45.180251106557925,0.05661037075845168,5.661037075845168,0,VERY LOW,1
GRID_N70_E140,70,140,2025,7,2025-07-01,0.4448991252595503,44.48991252595503,0.05660911341217371,5.66091134121737,0,VERY LOW,0
GRID_S10_E070,-10,70,2025,10,2025-10-01,0.47900243640601814,47.900243640601815,0.056596220457957556,5.659622045795755,0,VERY LOW,0
GRID_N50_W010,50,-10,2025,9,2025-09-01,0.452613073571075,45.2613073571075,0.0565674925570972,5.65674925570972,0,VERY LOW,0
GRID_N60_E100,60,100,2025,6,2025-06-01,0.44494790737091516,44.49479073709151,0.05655640307308758,5.655640307308758,0,VERY LOW,0
GRID_S20_E100,-20,100,2025,8,2025-08-01,0.45244336273162244,45.24433627316225,0.056551502156897374,5.655150215689737,0,VERY LOW,0
GRID_N50_W170,50,-170,2025,6,2025-06-01,0.42932862902124763,42.93286290212476,0.056519141002930706,5.65191410029307,0,VERY LOW,0
GRID_S50_E170,-50,170,2025,8,2025-08-01,0.45820844763391355,45.82084476339136,0.056461875378721806,5.646187537872181,0,VERY LOW,0
GRID_N40_W080,40,-80,2025,9,2025-09-01,0.4523935037033176,45.23935037033176,0.05639011183699355,5.639011183699355,0,VERY LOW,0
GRID_S20_E080,-20,80,2025,10,2025-10-01,0.4616149105169496,46.16149105169496,0.05638166530201448,5.638166530201448,0,VERY LOW,0
GRID_S40_W060,-40,-60,2025,8,2025-08-01,0.45730611608502947,45.73061160850295,0.05635463825601279,5.6354638256012795,0,VERY LOW,0
GRID_N20_W060,20,-60,2025,8,2025-08-01,0.4452517140360825,44.52517140360825,0.056341019256424166,5.634101925642416,0,VERY LOW,1
GRID_N40_E110,40,110,2025,8,2025-08-01,0.450521330714906,45.0521330714906,0.05633704721621553,5.6337047216215534,0,VERY LOW,0
GRID_N00_E140,0,140,2025,4,2025-04-01,0.45688801508596477,45.68880150859648,0.056290848585104115,5.629084858510412,0,VERY LOW,0
GRID_N00_E010,0,10,2025,5,2025-05-01,0.45621614145922934,45.62161414592293,0.05628993007134584,5.628993007134584,0,VERY LOW,0
GRID_N60_W110,60,-110,2025,6,2025-06-01,0.43384967575943584,43.384967575943584,0.056275512167933084,5.627551216793308,0,VERY LOW,0
GRID_N00_E000,0,0,2025,9,2025-09-01,0.46380881661897994,46.380881661897995,0.05626751828360512,5.626751828360512,0,VERY LOW,0
GRID_N50_E130,50,130,2025,7,2025-07-01,0.452943833344659,45.2943833344659,0.05622588951786338,5.622588951786338,0,VERY LOW,0
GRID_S10_E130,-10,130,2025,8,2025-08-01,0.45591840942522444,45.591840942522445,0.05614023938285886,5.614023938285886,0,VERY LOW,0
GRID_S40_E120,-40,120,2025,4,2025-04-01,0.4650229642518236,46.50229642518236,0.056138238058821566,5.613823805882157,0,VERY LOW,0
GRID_S40_E020,-40,20,2025,9,2025-09-01,0.472365887990014,47.2365887990014,0.05605235941500547,5.605235941500547,0,VERY LOW,0
GRID_N60_W020,60,-20,2025,8,2025-08-01,0.4503547471010718,45.03547471010718,0.05588120627022832,5.588120627022832,0,VERY LOW,1
GRID_N50_W160,50,-160,2025,7,2025-07-01,0.42378249549097696,42.378249549097696,0.05583985615727284,5.5839856157272845,0,VERY LOW,0
GRID_N10_W150,10,-150,2025,6,2025-06-01,0.4338412726916487,43.38412726916487,0.05575411252841023,5.575411252841023,0,VERY LOW,1
GRID_N10_W140,10,-140,2025,7,2025-07-01,0.4318642830058874,43.186428300588744,0.055751795093386056,5.575179509338605,0,VERY LOW,0
GRID_N10_E160,10,160,2025,5,2025-05-01,0.4449828603053244,44.49828603053244,0.05574167818177478,5.574167818177478,0,VERY LOW,0
GRID_N20_E080,20,80,2025,9,2025-09-01,0.455417618411832,45.541761841183195,0.05571696108274523,5.571696108274523,0,VERY LOW,1
GRID_S40_E170,-40,170,2025,2,2025-02-01,0.46686035015529753,46.686035015529754,0.05563407185871413,5.563407185871413,0,VERY LOW,0
GRID_N00_E150,0,150,2025,3,2025-03-01,0.4562158745216405,45.62158745216405,0.05550423786848506,5.550423786848506,0,VERY LOW,0
GRID_N20_E150,20,150,2025,9,2025-09-01,0.44729510453734433,44.729510453734434,0.05542858058158656,5.542858058158656,0,VERY LOW,0
GRID_S10_E120,-10,120,2025,9,2025-09-01,0.4497168368733973,44.971683687339734,0.05540944600073979,5.5409446000739795,0,VERY LOW,0
GRID_N20_E070,20,70,2025,7,2025-07-01,0.4424890243199889,44.248902431998886,0.055313103538747854,5.531310353874785,0,VERY LOW,0
GRID_N40_E050,40,50,2025,8,2025-08-01,0.4518899973825318,45.18899973825318,0.05523858006547213,5.523858006547213,0,VERY LOW,0
GRID_N20_W060,20,-60,2025,5,2025-05-01,0.4338675458501065,43.38675458501065,0.05520693785799348,5.520693785799348,0,VERY LOW,0
GRID_S10_W040,-10,-40,2025,8,2025-08-01,0.4575435723645055,45.75435723645055,0.05513785325068773,5.513785325068773,0,VERY LOW,0
GRID_N30_W050,30,-50,2025,4,2025-04-01,0.4404767173105911,44.04767173105911,0.05513130112173122,5.513130112173123,0,VERY LOW,0
GRID_N10_E030,10,30,2025,5,2025-05-01,0.44920927649908565,44.92092764990856,0.055123965261754636,5.512396526175464,0,VERY LOW,0
GRID_N40_E100,40,100,2025,6,2025-06-01,0.43811142985107193,43.811142985107196,0.055094204627036916,5.509420462703692,0,VERY LOW,0
GRID_N20_E130,20,130,2025,1,2025-01-01,0.45784779620214444,45.784779620214444,0.05509373861651223,5.509373861651223,0,VERY LOW,0
GRID_N60_W170,60,-170,2025,2,2025-02-01,0.44815359589841336,44.815359589841336,0.05501808896043401,5.501808896043401,0,VERY LOW,0
GRID_N20_E130,20,130,2025,11,2025-11-01,0.44920163246806766,44.920163246806766,0.05499041809165071,5.499041809165071,0,VERY LOW,0
GRID_N30_W070,30,-70,2025,4,2025-04-01,0.4363107712111653,43.631077121116526,0.05495856919760119,5.4958569197601195,0,VERY LOW,0
GRID_N30_E140,30,140,2025,11,2025-11-01,0.4568764764441528,45.68764764441528,0.05494386465778626,5.494386465778626,0,VERY LOW,0
GRID_N00_E100,0,100,2025,9,2025-09-01,0.4505449468227574,45.054494682275745,0.05486739604352024,5.4867396043520245,0,VERY LOW,1
GRID_N10_W030,10,-30,2025,3,2025-03-01,0.4465765883313208,44.65765883313208,0.05485112195213321,5.485112195213321,0,VERY LOW,0
GRID_N40_E150,40,150,2025,1,2025-01-01,0.45577174400548404,45.5771744005484,0.05484061184177125,5.484061184177125,0,VERY LOW,0
GRID_N50_W140,50,-140,2025,5,2025-05-01,0.4272483407444868,42.72483407444868,0.054833778535320545,5.483377853532055,0,VERY LOW,0
GRID_N40_E150,40,150,2025,2,2025-02-01,0.4488067801202682,44.88067801202682,0.054813914542376406,5.481391454237641,0,VERY LOW,0
GRID_N40_E010,40,10,2025,3,2025-03-01,0.44591389366873513,44.591389366873514,0.05472157949497673,5.4721579494976735,0,VERY LOW,1
GRID_S10_E060,-10,60,2025,11,2025-11-01,0.46124530833017596,46.124530833017594,0.05470603238285798,5.470603238285799,0,VERY LOW,0
GRID_N20_W080,20,-80,2025,1,2025-01-01,0.4597894790023968,45.97894790023968,0.054703510373805296,5.47035103738053,0,VERY LOW,0
GRID_N20_E150,20,150,2025,3,2025-03-01,0.4475403341477688,44.75403341477688,0.05465983439582546,5.465983439582546,0,VERY LOW,0
GRID_N60_E150,60,150,2025,3,2025-03-01,0.4453005868629347,44.53005868629347,0.054510525888869545,5.451052588886954,0,VERY LOW,0
GRID_N40_E100,40,100,2025,7,2025-07-01,0.43371859043317934,43.37185904331793,0.054498919468567955,5.449891946856796,0,VERY LOW,1
GRID_N00_E040,0,40,2025,5,2025-05-01,0.4538442099212956,45.38442099212956,0.0544927398573551,5.44927398573551,0,VERY LOW,0
GRID_N10_W060,10,-60,2025,10,2025-10-01,0.4437356445909693,44.37356445909693,0.054484702496385685,5.448470249638569,0,VERY LOW,0
GRID_N40_E040,40,40,2025,6,2025-06-01,0.42779315335879287,42.77931533587929,0.05446347582044987,5.446347582044988,0,VERY LOW,1
GRID_N50_W170,50,-170,2025,7,2025-07-01,0.41318189077175804,41.3181890771758,0.054434669916191544,5.443466991619155,0,VERY LOW,0
GRID_N10_W020,10,-20,2025,5,2025-05-01,0.44095897005311097,44.095897005311095,0.0544125583412484,5.441255834124839,0,VERY LOW,0
GRID_N60_E100,60,100,2025,5,2025-05-01,0.4329296368746528,43.29296368746528,0.0544005229428126,5.4400522942812595,0,VERY LOW,0
GRID_N40_E130,40,130,2025,4,2025-04-01,0.44461639124986685,44.46163912498668,0.05438915130948417,5.438915130948417,0,VERY LOW,0
GRID_S40_W070,-40,-70,2025,4,2025-04-01,0.45523428651838155,45.52342865183815,0.054299981542055495,5.429998154205549,0,VERY LOW,1
GRID_S50_E140,-50,140,2025,4,2025-04-01,0.4549738558304405,45.49738558304405,0.05415248609203416,5.415248609203416,0,VERY LOW,0
GRID_S30_E150,-30,150,2025,1,2025-01-01,0.4575700599730937,45.75700599730937,0.05413288953889241,5.413288953889241,0,VERY LOW,0
GRID_N20_W160,20,-160,2025,10,2025-10-01,0.4394524867524086,43.94524867524086,0.05412238063045675,5.412238063045675,0,VERY LOW,0
GRID_N40_W080,40,-80,2025,11,2025-11-01,0.45032576960497817,45.03257696049781,0.05410543586766729,5.410543586766729,0,VERY LOW,0
GRID_N60_W110,60,-110,2025,5,2025-05-01,0.42190331538558035,42.190331538558034,0.054016098704099194,5.40160987040992,0,VERY LOW,0
GRID_N10_W140,10,-140,2025,5,2025-05-01,0.42428986884320913,42.42898688432091,0.05398882758070184,5.398882758070184,0,VERY LOW,0
GRID_N60_W030,60,-30,2025,1,2025-01-01,0.44863413280701697,44.8634132807017,0.05396406783294183,5.396406783294183,0,VERY LOW,0
GRID_N70_E140,70,140,2025,5,2025-05-01,0.42581295472267827,42.581295472267826,0.053944895990034235,5.394489599003424,0,VERY LOW,0
GRID_S10_W070,-10,-70,2025,9,2025-09-01,0.4526346286724575,45.26346286724575,0.05394377440179954,5.394377440179953,0,VERY LOW,0
GRID_N00_E090,0,90,2025,4,2025-04-01,0.4416507843927596,44.16507843927596,0.053941598458063456,5.394159845806346,0,VERY LOW,1
GRID_N50_E170,50,170,2025,6,2025-06-01,0.42244557979622616,42.24455797962261,0.053927389555195694,5.39273895551957,0,VERY LOW,0
GRID_N60_W140,60,-140,2025,9,2025-09-01,0.42892137446594064,42.89213744659406,0.05390731166727423,5.390731166727423,0,VERY LOW,0
GRID_N00_E080,0,80,2025,6,2025-06-01,0.42801844276971873,42.80184427697187,0.05389541393552537,5.389541393552537,0,VERY LOW,0
GRID_S70_E030,-70,30,2025,5,2025-05-01,0.4448726512945451,44.487265129454514,0.05386609365796539,5.386609365796539,0,VERY LOW,0
GRID_N30_E020,30,20,2025,1,2025-01-01,0.44912016868549204,44.9120168685492,0.05382025399112402,5.382025399112402,0,VERY LOW,0
GRID_N60_E130,60,130,2025,10,2025-10-01,0.4429902100988001,44.29902100988001,0.05379772978290569,5.3797729782905686,0,VERY LOW,0
GRID_N20_W070,20,-70,2025,10,2025-10-01,0.44395111462798315,44.39511146279831,0.0536955586457085,5.36955586457085,0,VERY LOW,0
GRID_N40_E040,40,40,2025,5,2025-05-01,0.42768735166088434,42.76873516608843,0.053675789890170335,5.367578989017034,0,VERY LOW,0
GRID_N20_E090,20,90,2025,2,2025-02-01,0.4575186622781232,45.75186622781232,0.053672532964203545,5.367253296420355,0,VERY LOW,1
GRID_S10_W050,-10,-50,2025,11,2025-11-01,0.4582856727952854,45.82856727952854,0.05365837772064229,5.3658377720642285,0,VERY LOW,0
GRID_N40_E150,40,150,2025,11,2025-11-01,0.4387658634783514,43.876586347835136,0.05364900649348624,5.364900649348623,0,VERY LOW,0
GRID_N30_E040,30,40,2025,10,2025-10-01,0.44441214757368447,44.44121475736845,0.05356489225770504,5.356489225770504,0,VERY LOW,1
GRID_N30_E060,30,60,2025,7,2025-07-01,0.42724005263575154,42.72400526357515,0.05349473044456847,5.349473044456847,0,VERY LOW,0
GRID_S40_E020,-40,20,2025,11,2025-11-01,0.4619695643378805,46.19695643378805,0.053467898040044794,5.346789804004479,0,VERY LOW,1
GRID_N00_W120,0,-120,2025,9,2025-09-01,0.44762614243463406,44.7626142434634,0.053434964919208794,5.343496491920879,0,VERY LOW,0
GRID_N10_W150,10,-150,2025,5,2025-05-01,0.42189497127465775,42.18949712746578,0.053415454765427396,5.3415454765427395,0,VERY LOW,0
GRID_N40_E100,40,100,2025,4,2025-04-01,0.44402653056882485,44.402653056882485,0.0533560860423683,5.33560860423683,0,VERY LOW,0
GRID_S40_W070,-40,-70,2025,1,2025-01-01,0.4715333502286014,47.15333502286014,0.0533431910784979,5.33431910784979,0,VERY LOW,0
GRID_N50_E170,50,170,2025,7,2025-07-01,0.41809293891124416,41.80929389112442,0.05334122309588688,5.334122309588688,0,VERY LOW,0
GRID_N00_E080,0,80,2025,7,2025-07-01,0.42365050097690865,42.36505009769086,0.053338157392376996,5.3338157392377,0,VERY LOW,0
GRID_N50_W140,50,-140,2025,7,2025-07-01,0.41082701425207113,41.08270142520711,0.053321211799392386,5.3321211799392385,0,VERY LOW,0
GRID_N60_E160,60,160,2025,6,2025-06-01,0.4230212661056222,42.30212661056222,0.053108550217378724,5.310855021737872,0,VERY LOW,0
GRID_N60_E120,60,120,2025,8,2025-08-01,0.4358695112008494,43.58695112008494,0.0530997073115965,5.30997073115965,0,VERY LOW,0
GRID_N00_E080,0,80,2025,5,2025-05-01,0.4279126270211907,42.79126270211907,0.0530591951545343,5.3059195154534295,0,VERY LOW,0
GRID_N20_E110,20,110,2025,6,2025-06-01,0.42174440446385825,42.17444044638582,0.05302017769105183,5.302017769105182,0,VERY LOW,1
GRID_N30_E110,30,110,2025,9,2025-09-01,0.4328795202889293,43.28795202889293,0.052946804821583,5.2946804821583004,0,VERY LOW,0
GRID_N40_E120,40,120,2025,7,2025-07-01,0.4212983467231094,42.12983467231094,0.052930448813697795,5.293044881369779,0,VERY LOW,0
GRID_N00_E110,0,110,2025,6,2025-06-01,0.4294408785467795,42.944087854677946,0.052892829003945874,5.289282900394587,0,VERY LOW,0
GRID_N40_E100,40,100,2025,5,2025-05-01,0.42564590428389965,42.56459042838996,0.052887908932990765,5.288790893299076,0,VERY LOW,0
GRID_N00_W060,0,-60,2025,11,2025-11-01,0.4533501134093804,45.33501134093804,0.052783213163176156,5.278321316317616,0,VERY LOW,0
GRID_N10_W080,10,-80,2025,3,2025-03-01,0.43318475478855945,43.318475478855945,0.05276382448410023,5.276382448410024,0,VERY LOW,0
GRID_N00_E150,0,150,2025,10,2025-10-01,0.43456726938717966,43.45672693871796,0.05274160013323155,5.274160013323155,0,VERY LOW,0
GRID_N50_W170,50,-170,2025,5,2025-05-01,0.40570115956452263,40.57011595645226,0.05273699836211428,5.273699836211429,0,VERY LOW,0
GRID_N20_W160,20,-160,2025,2,2025-02-01,0.4338420973355452,43.38420973355452,0.05269035796073511,5.269035796073511,0,VERY LOW,0
GRID_S20_W040,-20,-40,2025,5,2025-05-01,0.4417674817814201,44.17674817814201,0.0526193448499776,5.26193448499776,0,VERY LOW,0
GRID_N00_E110,0,110,2025,9,2025-09-01,0.4444355725591139,44.443557255911394,0.05256181314830357,5.256181314830357,0,VERY LOW,0
GRID_N10_E020,10,20,2025,10,2025-10-01,0.43733842196918665,43.733842196918665,0.052545682087426895,5.25456820874269,0,VERY LOW,1
GRID_N00_E140,0,140,2025,9,2025-09-01,0.4265204346258138,42.65204346258138,0.052503773687871624,5.250377368787163,0,VERY LOW,0
GRID_N40_E120,40,120,2025,11,2025-11-01,0.4432942189769708,44.32942189769708,0.05242105853346389,5.242105853346389,0,VERY LOW,0
GRID_N50_W170,50,-170,2025,8,2025-08-01,0.40518116869123116,40.51811686912312,0.05238901277653257,5.238901277653257,0,VERY LOW,0
GRID_N00_E110,0,110,2025,7,2025-07-01,0.42506920834706535,42.506920834706534,0.052351166328461395,5.23511663284614,0,VERY LOW,0
GRID_N50_W160,50,-160,2025,8,2025-08-01,0.4040226725842232,40.40226725842232,0.05233118701642444,5.233118701642444,0,VERY LOW,0
GRID_N30_W050,30,-50,2025,10,2025-10-01,0.4278599958667973,42.78599958667973,0.052262817351846166,5.2262817351846165,0,VERY LOW,0
GRID_N60_W170,60,-170,2025,1,2025-01-01,0.431248338328719,43.1248338328719,0.05221623442211047,5.2216234422110475,0,VERY LOW,0
GRID_S20_E080,-20,80,2025,2,2025-02-01,0.4412389778631598,44.12389778631598,0.05219957259084871,5.219957259084871,0,VERY LOW,1
GRID_N00_E040,0,40,2025,6,2025-06-01,0.4226696975845023,42.26696975845023,0.05217400592075294,5.217400592075294,0,VERY LOW,0
GRID_N20_E060,20,60,2025,6,2025-06-01,0.4157837033208968,41.57837033208968,0.05212812113147185,5.2128121131471845,0,VERY LOW,0
GRID_S80_W050,-80,-50,2025,5,2025-05-01,0.43206329130276167,43.20632913027617,0.052127994118775514,5.212799411877551,0,VERY LOW,0
GRID_N20_E070,20,70,2025,8,2025-08-01,0.42298569775504397,42.2985697755044,0.052123197771245564,5.212319777124557,0,VERY LOW,0
GRID_S20_E080,-20,80,2025,11,2025-11-01,0.4335557119846104,43.35557119846104,0.05211581982958217,5.211581982958217,0,VERY LOW,0
GRID_S20_E100,-20,100,2025,10,2025-10-01,0.43287817696774794,43.287817696774795,0.05210189999482515,5.210189999482515,0,VERY LOW,0
GRID_N60_E150,60,150,2025,10,2025-10-01,0.43041639969631745,43.041639969631746,0.0520975782005161,5.20975782005161,0,VERY LOW,0
GRID_N20_E080,20,80,2025,4,2025-04-01,0.43741468110156534,43.74146811015653,0.05200994825640304,5.200994825640304,0,VERY LOW,0
GRID_S10_E080,-10,80,2025,4,2025-04-01,0.4264747664695674,42.64747664695674,0.05198579237574523,5.198579237574523,0,VERY LOW,0
GRID_S40_E150,-40,150,2025,10,2025-10-01,0.43745234244424114,43.74523424442411,0.051959031314451856,5.195903131445186,0,VERY LOW,1
GRID_N10_W010,10,-10,2025,3,2025-03-01,0.43777236413046233,43.77723641304623,0.05186612015399502,5.186612015399502,0,VERY LOW,0
GRID_S40_E120,-40,120,2025,5,2025-05-01,0.4267937206077078,42.67937206077078,0.051865297521154395,5.186529752115439,0,VERY LOW,0
GRID_N50_E170,50,170,2025,5,2025-05-01,0.4105855047249813,41.058550472498126,0.05179602998537787,5.179602998537787,0,VERY LOW,0
GRID_N40_E110,40,110,2025,3,2025-03-01,0.4391430157950572,43.91430157950572,0.05173908086025238,5.173908086025238,0,VERY LOW,0
GRID_N30_W010,30,-10,2025,3,2025-03-01,0.42114161161100067,42.114161161100064,0.051671472955424146,5.1671472955424145,0,VERY LOW,1
GRID_N00_E040,0,40,2025,7,2025-07-01,0.41880427756548555,41.880427756548556,0.05166486276460526,5.166486276460526,0,VERY LOW,0
GRID_N10_E160,10,160,2025,4,2025-04-01,0.4202766393710904,42.02766393710904,0.05158112084671331,5.158112084671331,0,VERY LOW,0
GRID_N10_W060,10,-60,2025,2,2025-02-01,0.4276074443428374,42.76074443428374,0.05156828733351558,5.156828733351558,0,VERY LOW,0
GRID_S50_E170,-50,170,2025,9,2025-09-01,0.42738775462984513,42.73877546298451,0.05155415778469484,5.155415778469484,0,VERY LOW,0
GRID_N20_E080,20,80,2025,5,2025-05-01,0.41910143543553974,41.91014354355397,0.05153535625377015,5.153535625377015,0,VERY LOW,1
GRID_N50_E170,50,170,2025,8,2025-08-01,0.41006357312801184,41.006357312801185,0.05153415158792374,5.153415158792374,0,VERY LOW,0
GRID_S10_E120,-10,120,2025,10,2025-10-01,0.4279710082958118,42.79710082958118,0.051523871253158736,5.152387125315873,0,VERY LOW,0
GRID_S50_W080,-50,-80,2025,8,2025-08-01,0.41927278677088564,41.927278677088566,0.05145789144426025,5.1457891444260255,0,VERY LOW,0
GRID_N00_E140,0,140,2025,3,2025-03-01,0.426357778623873,42.6357778623873,0.05140923346082107,5.140923346082107,0,VERY LOW,0
GRID_N60_W110,60,-110,2025,9,2025-09-01,0.41037740562486297,41.0377405624863,0.0513626783265118,5.13626783265118,0,VERY LOW,0
GRID_N20_E160,20,160,2025,10,2025-10-01,0.426618382479724,42.6618382479724,0.051346937916394594,5.134693791639459,0,VERY LOW,0
GRID_N00_E110,0,110,2025,4,2025-04-01,0.43532961188526276,43.53296118852627,0.051313391605819866,5.1313391605819865,0,VERY LOW,0
GRID_N10_W050,10,-50,2025,3,2025-03-01,0.42088006751660406,42.08800675166041,0.0512630696124005,5.12630696124005,0,VERY LOW,0
GRID_N00_E150,0,150,2025,2,2025-02-01,0.42856569995351307,42.85656999535131,0.05126159364852354,5.126159364852354,0,VERY LOW,0
GRID_S40_W060,-40,-60,2025,9,2025-09-01,0.4264983387517172,42.64983387517172,0.05125818974631532,5.125818974631532,0,VERY LOW,0
GRID_N50_E030,50,30,2025,8,2025-08-01,0.4094813543000192,40.94813543000192,0.051237957650475584,5.123795765047558,0,VERY LOW,0
GRID_S10_W070,-10,-70,2025,2,2025-02-01,0.4585902200260838,45.85902200260838,0.05119512202424788,5.119512202424787,0,VERY LOW,0
GRID_S20_W080,-20,-80,2025,4,2025-04-01,0.41882354508720254,41.882354508720255,0.051181945993022816,5.1181945993022815,0,VERY LOW,1
GRID_N50_W140,50,-140,2025,6,2025-06-01,0.39187798436900767,39.18779843690076,0.05118159866509413,5.118159866509413,0,VERY LOW,0
GRID_N50_E110,50,110,2025,8,2025-08-01,0.42257663091008446,42.257663091008446,0.051135750241863474,5.113575024186347,0,VERY LOW,0
GRID_N40_W080,40,-80,2025,10,2025-10-01,0.4188015400579873,41.88015400579873,0.051075284644319166,5.107528464431916,0,VERY LOW,0
GRID_S40_W070,-40,-70,2025,10,2025-10-01,0.43472569059442073,43.47256905944207,0.05093979294672363,5.093979294672363,0,VERY LOW,1
GRID_N20_W060,20,-60,2025,4,2025-04-01,0.40932332659122456,40.93233265912246,0.05091140701743223,5.091140701743223,0,VERY LOW,0
GRID_N40_E020,40,20,2025,2,2025-02-01,0.425154643950668,42.5154643950668,0.050889385077881696,5.0889385077881695,0,VERY LOW,0
GRID_N20_W080,20,-80,2025,4,2025-04-01,0.40929730046110946,40.92973004611095,0.05088429171093282,5.088429171093281,0,VERY LOW,0
GRID_N10_E100,10,100,2025,1,2025-01-01,0.43904578936304867,43.904578936304866,0.0508024048337065,5.08024048337065,0,VERY LOW,0
GRID_N10_E030,10,30,2025,4,2025-04-01,0.42297939201742063,42.29793920174206,0.05078850115921747,5.078850115921747,0,VERY LOW,0
GRID_N00_E110,0,110,2025,5,2025-05-01,0.417038950456177,41.7038950456177,0.05076787264157734,5.076787264157733,0,VERY LOW,0
GRID_N10_E020,10,20,2025,3,2025-03-01,0.425454020372373,42.5454020372373,0.05066275742261424,5.066275742261424,0,VERY LOW,0
GRID_N50_W100,50,-100,2025,2,2025-02-01,0.41693200381249645,41.693200381249646,0.05064063977332427,5.0640639773324265,0,VERY LOW,0
GRID_N10_E160,10,160,2025,9,2025-09-01,0.41384802076700417,41.38480207670042,0.05060980717375894,5.060980717375894,0,VERY LOW,0
GRID_N20_W020,20,-20,2025,6,2025-06-01,0.3985068001111405,39.85068001111405,0.050590731494636595,5.05907314946366,0,VERY LOW,0
GRID_N60_E150,60,150,2025,2,2025-02-01,0.4178036759921906,41.78036759921906,0.05058541193432629,5.058541193432629,0,VERY LOW,0
GRID_N60_E100,60,100,2025,4,2025-04-01,0.4084002003648554,40.84002003648554,0.0505046339891584,5.0504633989158405,0,VERY LOW,0
GRID_N10_W030,10,-30,2025,2,2025-02-01,0.41906041070032235,41.90604107003224,0.05043765383244988,5.043765383244988,0,VERY LOW,0
GRID_N60_W020,60,-20,2025,10,2025-10-01,0.41240294244754083,41.24029424475408,0.05043369214281834,5.043369214281834,0,VERY LOW,0
GRID_N00_E130,0,130,2025,3,2025-03-01,0.416820850826625,41.6820850826625,0.050422381437598474,5.042238143759848,0,VERY LOW,0
GRID_S40_E010,-40,10,2025,7,2025-07-01,0.4102257439220206,41.02257439220206,0.0504141086455774,5.04141086455774,0,VERY LOW,0
GRID_S20_W040,-20,-40,2025,6,2025-06-01,0.4107985618509516,41.07985618509516,0.05041269831180752,5.0412698311807524,0,VERY LOW,0
GRID_N30_E060,30,60,2025,8,2025-08-01,0.4079170723640456,40.79170723640456,0.05036190291066911,5.0361902910669105,0,VERY LOW,0
GRID_N10_E030,10,30,2025,1,2025-01-01,0.4307558154666181,43.07558154666181,0.05032174771395579,5.032174771395579,0,VERY LOW,1
GRID_S50_W080,-50,-80,2025,7,2025-07-01,0.4065472465703964,40.654724657039644,0.05026637912248968,5.026637912248968,0,VERY LOW,0
GRID_N20_E060,20,60,2025,7,2025-07-01,0.39978950427564103,39.9789504275641,0.05024173846583341,5.0241738465833405,0,VERY LOW,0
GRID_N10_E040,10,40,2025,5,2025-05-01,0.4084081267266861,40.840812672668605,0.05020894671709637,5.020894671709637,0,VERY LOW,0
GRID_N00_E080,0,80,2025,8,2025-08-01,0.4038925186629585,40.38925186629585,0.050186965288609955,5.018696528860995,0,VERY LOW,0
GRID_S30_W180,-30,-180,2025,6,2025-06-01,0.39781555946349006,39.78155594634901,0.05018536121238472,5.018536121238472,0,VERY LOW,0
GRID_N00_E070,0,70,2025,11,2025-11-01,0.4234137101745937,42.34137101745937,0.05012471311891068,5.012471311891068,0,VERY LOW,0
GRID_N00_E140,0,140,2025,10,2025-10-01,0.41677897099630323,41.67789709963032,0.05010171557834693,5.010171557834693,0,VERY LOW,1
GRID_N70_E140,70,140,2025,4,2025-04-01,0.40140132009724594,40.140132009724596,0.050056986835910776,5.005698683591078,0,VERY LOW,0
GRID_N20_W020,20,-20,2025,7,2025-07-01,0.3942324491157918,39.42324491157918,0.05003693474960887,5.003693474960888,0,VERY LOW,0
GRID_N50_W140,50,-140,2025,8,2025-08-01,0.39126109077530635,39.126109077530636,0.050026744969258775,5.002674496925877,0,VERY LOW,0
GRID_S30_E160,-30,160,2025,5,2025-05-01,0.41488239351339773,41.48823935133977,0.04996390137785358,4.996390137785358,0,VERY LOW,0
GRID_N50_E120,50,120,2025,10,2025-10-01,0.45001771782024935,45.00177178202493,0.04994984569240174,4.994984569240174,0,VERY LOW,0
GRID_N30_W070,30,-70,2025,3,2025-03-01,0.4061273435398911,40.61273435398911,0.049945939190007435,4.994593919000743,0,VERY LOW,0
GRID_N60_W110,60,-110,2025,4,2025-04-01,0.397560628011408,39.7560628011408,0.0499445482957193,4.99445482957193,0,VERY LOW,0
GRID_S70_E080,-70,80,2025,8,2025-08-01,0.4067883467656821,40.67883467656821,0.04993047931270428,4.993047931270428,0,VERY LOW,0
GRID_S20_W040,-20,-40,2025,7,2025-07-01,0.40696517826754036,40.69651782675404,0.04992786092698931,4.992786092698931,0,VERY LOW,0
GRID_N50_W170,50,-170,2025,4,2025-04-01,0.39315513329849283,39.31551332984928,0.04985115658092538,4.985115658092538,0,VERY LOW,0
GRID_S70_E030,-70,30,2025,4,2025-04-01,0.4201679170563832,42.01679170563832,0.04985030920126092,4.985030920126092,0,VERY LOW,0
GRID_N20_E060,20,60,2025,8,2025-08-01,0.403460554909384,40.3460554909384,0.04982242612076293,4.982242612076293,0,VERY LOW,0
GRID_N40_E120,40,120,2025,8,2025-08-01,0.40157363007474745,40.15736300747474,0.04981744046521883,4.981744046521883,0,VERY LOW,0
GRID_N00_E070,0,70,2025,6,2025-06-01,0.4002811504210971,40.02811504210971,0.04981604754762757,4.981604754762757,0,VERY LOW,0
GRID_N10_E000,10,0,2025,3,2025-03-01,0.42507771595209853,42.50777159520985,0.049754841449069914,4.975484144906991,0,VERY LOW,0
GRID_S70_E020,-70,20,2025,6,2025-06-01,0.40964198115193395,40.9641981151934,0.0497493128070404,4.974931280704039,0,VERY LOW,0
GRID_N10_W140,10,-140,2025,4,2025-04-01,0.39990473766071444,39.990473766071446,0.04973879734514601,4.973879734514601,0,VERY LOW,0
GRID_N00_E000,0,0,2025,10,2025-10-01,0.41822113589549675,41.82211358954967,0.04971893419526032,4.971893419526032,0,VERY LOW,0
GRID_N20_E050,20,50,2025,8,2025-08-01,0.40419888844104007,40.41988884410401,0.04970052264918103,4.970052264918103,0,VERY LOW,0
GRID_N40_E130,40,130,2025,3,2025-03-01,0.41330815892597433,41.330815892597435,0.049691805327122626,4.9691805327122625,0,VERY LOW,0
GRID_N20_E060,20,60,2025,11,2025-11-01,0.4154864489646443,41.54864489646443,0.04967363679634078,4.967363679634078,0,VERY LOW,0
GRID_S30_W180,-30,-180,2025,7,2025-07-01,0.3935437717167044,39.35437717167044,0.04965048337003612,4.965048337003612,0,VERY LOW,0
GRID_N10_E040,10,40,2025,6,2025-06-01,0.3968783844351876,39.68783844351876,0.04964295009881002,4.964295009881002,0,VERY LOW,1
GRID_N20_W070,20,-70,2025,11,2025-11-01,0.4161357157527554,41.613571575275536,0.04964148389480348,4.964148389480348,0,VERY LOW,0
GRID_S30_E110,-30,110,2025,10,2025-10-01,0.41969113352023374,41.96911335202337,0.04962056582956517,4.962056582956517,0,VERY LOW,1
GRID_N00_W060,0,-60,2025,6,2025-06-01,0.39896778974705366,39.89677897470536,0.04960812945463324,4.960812945463324,0,VERY LOW,0
GRID_N20_E110,20,110,2025,5,2025-05-01,0.39824304835702956,39.824304835702954,0.04959987804918595,4.959987804918595,0,VERY LOW,0
GRID_S10_E090,-10,90,2025,6,2025-06-01,0.3980766988396882,39.80766988396882,0.04954402485354017,4.9544024853540165,0,VERY LOW,0
GRID_S20_W080,-20,-80,2025,9,2025-09-01,0.40394727059623803,40.394727059623804,0.049511132941672226,4.9511132941672225,0,VERY LOW,0
GRID_S50_W080,-50,-80,2025,6,2025-06-01,0.3992086032171829,39.92086032171829,0.049501846753333384,4.950184675333339,0,VERY LOW,0
GRID_S20_E100,-20,100,2025,11,2025-11-01,0.41696085958761475,41.69608595876147,0.049494360624294,4.9494360624294,0,VERY LOW,1
GRID_N60_W030,60,-30,2025,3,2025-03-01,0.40206427407054257,40.20642740705426,0.04948325439877652,4.948325439877652,0,VERY LOW,1
GRID_N10_E060,10,60,2025,6,2025-06-01,0.3982392576924898,39.82392576924898,0.04947302119903675,4.947302119903675,0,VERY LOW,0
GRID_S50_E140,-50,140,2025,3,2025-03-01,0.4225138860574391,42.25138860574391,0.049450127939026936,4.945012793902694,0,VERY LOW,0
GRID_N00_E070,0,70,2025,7,2025-07-01,0.3960002975312759,39.60002975312759,0.04929660481948854,4.929660481948854,0,VERY LOW,0
GRID_N10_W150,10,-150,2025,4,2025-04-01,0.39755243425581804,39.7552434255818,0.049239315769856115,4.923931576985612,0,VERY LOW,0
GRID_N40_E030,40,30,2025,3,2025-03-01,0.405272043901348,40.527204390134806,0.04919094598069164,4.919094598069164,0,VERY LOW,0
GRID_N40_E120,40,120,2025,4,2025-04-01,0.403001569778224,40.3001569778224,0.04916895915630857,4.916895915630857,0,VERY LOW,1
GRID_N20_W110,20,-110,2025,1,2025-01-01,0.41555679890957636,41.555679890957634,0.04912068924001748,4.912068924001748,0,VERY LOW,1
GRID_N40_E120,40,120,2025,3,2025-03-01,0.41548226922314324,41.54822692231433,0.04911923437303174,4.911923437303174,0,VERY LOW,0
GRID_S10_E090,-10,90,2025,7,2025-07-01,0.3938039407442477,39.38039407442477,0.04903674891739181,4.903674891739182,0,VERY LOW,0
GRID_N00_E130,0,130,2025,2,2025-02-01,0.41308787457071333,41.30878745707133,0.049031853787555264,4.903185378755526,0,VERY LOW,0
GRID_N00_E160,0,160,2025,6,2025-06-01,0.39620648909144296,39.62064890914429,0.049028076673318155,4.902807667331816,0,VERY LOW,0
GRID_N10_W060,10,-60,2025,11,2025-11-01,0.4042226462920548,40.42226462920548,0.049009863727728566,4.900986372772857,0,VERY LOW,0
GRID_N20_E150,20,150,2025,10,2025-10-01,0.40211329730945894,40.21132973094589,0.04895922508636728,4.895922508636728,0,VERY LOW,0
GRID_N10_W060,10,-60,2025,1,2025-01-01,0.4109001391626517,41.09001391626517,0.048921424347209044,4.892142434720904,0,VERY LOW,0
GRID_N20_E160,20,160,2025,11,2025-11-01,0.4112498029536577,41.12498029536577,0.04891982996046038,4.891982996046038,0,VERY LOW,0
GRID_N10_W070,10,-70,2025,3,2025-03-01,0.40143629693952054,40.14362969395206,0.04890263598146023,4.890263598146023,0,VERY LOW,0
GRID_N10_E020,10,20,2025,5,2025-05-01,0.39787964454103125,39.787964454103125,0.04885447167406535,4.885447167406535,0,VERY LOW,0
GRID_N10_W010,10,-10,2025,5,2025-05-01,0.4072127347075863,40.72127347075863,0.04884907414359837,4.884907414359837,0,VERY LOW,0
GRID_N30_W050,30,-50,2025,3,2025-03-01,0.39856483223002465,39.85648322300246,0.04883969775633699,4.883969775633699,0,VERY LOW,0
GRID_N00_E150,0,150,2025,11,2025-11-01,0.40690956269665984,40.69095626966598,0.048829866928888445,4.882986692888845,0,VERY LOW,0
GRID_N50_E000,50,0,2025,11,2025-11-01,0.4051079087348701,40.51079087348701,0.04882413879633935,4.882413879633935,0,VERY LOW,0
GRID_N30_E070,30,70,2025,10,2025-10-01,0.4065942471537074,40.65942471537074,0.048821710227731824,4.882171022773182,0,VERY LOW,0
GRID_S10_E090,-10,90,2025,5,2025-05-01,0.3979731350122128,39.79731350122128,0.048799774666883754,4.879977466688375,0,VERY LOW,0
GRID_N10_E100,10,100,2025,2,2025-02-01,0.41292509578576864,41.29250957857686,0.0487915714951118,4.87915714951118,0,VERY LOW,1
GRID_N20_E060,20,60,2025,5,2025-05-01,0.39238911056187753,39.23891105618775,0.04876091078796292,4.876091078796292,0,VERY LOW,0
GRID_N60_E110,60,110,2025,2,2025-02-01,0.41232514182808666,41.232514182808664,0.048746215692125214,4.874621569212521,0,VERY LOW,0
GRID_S10_E010,-10,10,2025,11,2025-11-01,0.425804181338768,42.580418133876805,0.04871889612796137,4.871889612796137,0,VERY LOW,1
GRID_S30_E150,-30,150,2025,2,2025-02-01,0.4116895284464923,41.16895284464923,0.048704502362220514,4.870450236222052,0,VERY LOW,0
GRID_N10_W140,10,-140,2025,9,2025-09-01,0.39357617655759586,39.35761765575958,0.048695185828142716,4.869518582814272,0,VERY LOW,0
GRID_N50_W160,50,-160,2025,9,2025-09-01,0.3857244397751111,38.572443977511114,0.04866718516927314,4.866718516927314,0,VERY LOW,0
GRID_N00_E040,0,40,2025,8,2025-08-01,0.39911579747320036,39.91157974732003,0.0486300206364519,4.86300206364519,0,VERY LOW,0
GRID_S30_E030,-30,30,2025,1,2025-01-01,0.4222514603442058,42.22514603442058,0.048569275002287235,4.856927500228723,0,VERY LOW,1
GRID_S40_E130,-40,130,2025,6,2025-06-01,0.3949615325046175,39.49615325046175,0.048545848721392594,4.8545848721392595,0,VERY LOW,0
GRID_N40_E030,40,30,2025,11,2025-11-01,0.4030743401908302,40.30743401908302,0.048538278015093694,4.85382780150937,0,VERY LOW,0
GRID_N20_W020,20,-20,2025,5,2025-05-01,0.3868686183051647,38.68686183051647,0.048523264413004114,4.852326441300411,0,VERY LOW,0
GRID_N40_W060,40,-60,2025,9,2025-09-01,0.3942943762007748,39.42943762007748,0.04852223381333961,4.852223381333961,0,VERY LOW,0
GRID_N20_W160,20,-160,2025,1,2025-01-01,0.40670219787606604,40.670219787606605,0.048437690355459924,4.843769035545993,0,VERY LOW,0
GRID_N40_E040,40,40,2025,4,2025-04-01,0.39166024001651395,39.166024001651394,0.04837791597846689,4.837791597846689,0,VERY LOW,0
GRID_N40_E110,40,110,2025,10,2025-10-01,0.40263816107466294,40.26381610746629,0.04833463556653275,4.8334635566532755,0,VERY LOW,0
GRID_S40_E120,-40,120,2025,7,2025-07-01,0.3945273773152568,39.45273773152568,0.04831766070330773,4.831766070330773,0,VERY LOW,0
GRID_N20_W020,20,-20,2025,8,2025-08-01,0.386357073124032,38.6357073124032,0.048264061590804694,4.826406159080469,0,VERY LOW,0
GRID_S30_W070,-30,-70,2025,9,2025-09-01,0.3995350247388483,39.953502473884825,0.04826006928745015,4.826006928745015,0,VERY LOW,0
GRID_N60_E150,60,150,2025,1,2025-01-01,0.40121092668707803,40.1210926687078,0.04825111513210918,4.825111513210918,0,VERY LOW,0
GRID_S30_W070,-30,-70,2025,2,2025-02-01,0.4128979039677972,41.28979039677972,0.04822770280808153,4.822770280808153,0,VERY LOW,1
GRID_S30_E040,-30,40,2025,4,2025-04-01,0.40516628540476507,40.5166285404765,0.04821191699498126,4.821191699498126,0,VERY LOW,0
GRID_S80_W050,-80,-50,2025,4,2025-04-01,0.40754766330730824,40.754766330730824,0.04819471864000783,4.819471864000783,0,VERY LOW,0
GRID_N10_W020,10,-20,2025,6,2025-06-01,0.39047217170894616,39.04721717089462,0.048176229512330096,4.81762295123301,0,VERY LOW,1
GRID_S40_E120,-40,120,2025,8,2025-08-01,0.39684712285833673,39.684712285833676,0.048162626334154385,4.816262633415438,0,VERY LOW,0
GRID_S40_E130,-40,130,2025,7,2025-07-01,0.39070050776970916,39.070050776970916,0.048081479117500166,4.808147911750017,0,VERY LOW,0
GRID_S30_W180,-30,-180,2025,5,2025-05-01,0.3861846038465148,38.618460384651485,0.0480714128748288,4.80714128748288,0,VERY LOW,0
GRID_S80_W030,-80,-30,2025,5,2025-05-01,0.39775626343524245,39.775626343524245,0.0480375410064053,4.80375410064053,0,VERY LOW,0
GRID_S80_W170,-80,-170,2025,8,2025-08-01,0.40051745034872055,40.051745034872056,0.04802170285299336,4.802170285299336,0,VERY LOW,0
GRID_N50_E100,50,100,2025,9,2025-09-01,0.39013555478822415,39.01355547882241,0.047980530702685174,4.798053070268518,0,VERY LOW,0
GRID_N50_E170,50,170,2025,4,2025-04-01,0.38645928738846674,38.64592873884668,0.04796907813386262,4.796907813386262,0,VERY LOW,0
GRID_N50_W140,50,-140,2025,4,2025-04-01,0.3797748941163806,37.97748941163806,0.04796235131235954,4.796235131235954,0,VERY LOW,0
GRID_N60_W120,60,-120,2025,11,2025-11-01,0.40004770329054423,40.00477032905442,0.04789127364660411,4.789127364660411,0,VERY LOW,0
GRID_N30_W060,30,-60,2025,7,2025-07-01,0.3782922321630425,37.82922321630425,0.04787465108939789,4.787465108939789,0,VERY LOW,0
GRID_N10_W030,10,-30,2025,1,2025-01-01,0.40245225238224325,40.24522523822432,0.04786741281690933,4.786741281690933,0,VERY LOW,0
GRID_N00_E070,0,70,2025,5,2025-05-01,0.3886246298711109,38.86246298711109,0.04783236573531134,4.783236573531134,0,VERY LOW,0
GRID_N00_E080,0,80,2025,4,2025-04-01,0.3918795326436181,39.18795326436181,0.047831460170788626,4.783146017078862,0,VERY LOW,0
GRID_S20_W080,-20,-80,2025,3,2025-03-01,0.40057175483054924,40.05717548305493,0.0478293856604581,4.78293856604581,0,VERY LOW,0
GRID_N00_W060,0,-60,2025,7,2025-07-01,0.38319616826253483,38.31961682625348,0.04780780785114529,4.780780785114529,0,VERY LOW,0
GRID_N60_E130,60,130,2025,1,2025-01-01,0.41627911394394906,41.62791139439491,0.04779959416233016,4.779959416233016,0,VERY LOW,0
GRID_N40_E010,40,10,2025,2,2025-02-01,0.395068552804704,39.5068552804704,0.04779008025900723,4.7790080259007235,0,VERY LOW,0
GRID_S70_E140,-70,140,2025,6,2025-06-01,0.3885061511242632,38.85061511242632,0.04776372634987804,4.776372634987804,0,VERY LOW,0
GRID_N20_E150,20,150,2025,2,2025-02-01,0.3979771028200117,39.79771028200117,0.04773798388390897,4.773798388390897,0,VERY LOW,0
GRID_N00_E070,0,70,2025,8,2025-08-01,0.3881122325443885,38.81122325443885,0.04763776100464066,4.7637761004640655,0,VERY LOW,0
GRID_N00_E150,0,150,2025,1,2025-01-01,0.40018299252124406,40.01829925212441,0.047574322072840194,4.75743220728402,0,VERY LOW,0
GRID_N20_E070,20,70,2025,9,2025-09-01,0.392816459123586,39.2816459123586,0.04757366657519194,4.757366657519194,0,VERY LOW,0
GRID_N50_E120,50,120,2025,9,2025-09-01,0.41278145242507824,41.278145242507826,0.04753398980702575,4.753398980702575,0,VERY LOW,0
GRID_N30_W010,30,-10,2025,2,2025-02-01,0.3940766755921704,39.40766755921704,0.04752121141046882,4.7521211410468815,0,VERY LOW,0
GRID_S40_E010,-40,10,2025,8,2025-08-01,0.391146764415636,39.1146764415636,0.04749659556672823,4.749659556672823,0,VERY LOW,0
GRID_S50_W080,-50,-80,2025,5,2025-05-01,0.38756313177602264,38.756313177602266,0.04744101429950055,4.744101429950056,0,VERY LOW,0
GRID_N60_W140,60,-140,2025,10,2025-10-01,0.38477947503249765,38.477947503249766,0.04743987164954173,4.743987164954173,0,VERY LOW,0
GRID_S30_W070,-30,-70,2025,10,2025-10-01,0.4002186301816623,40.02186301816623,0.047409147526864384,4.740914752686439,0,VERY LOW,0
GRID_N20_W160,20,-160,2025,11,2025-11-01,0.3884951640182222,38.84951640182222,0.04737726376569753,4.737726376569753,0,VERY LOW,0
GRID_N00_E010,0,10,2025,7,2025-07-01,0.38606009541410014,38.60600954141001,0.04734448354250109,4.734448354250109,0,VERY LOW,1
GRID_S70_E140,-70,140,2025,7,2025-07-01,0.38427053811501494,38.427053811501494,0.04734067922361286,4.7340679223612865,0,VERY LOW,0
GRID_N30_W040,30,-40,2025,6,2025-06-01,0.37285913815811855,37.28591381581185,0.047287332541719115,4.728733254171911,0,VERY LOW,0
GRID_N00_E160,0,160,2025,7,2025-07-01,0.38047492437154373,38.047492437154375,0.047285023889380114,4.728502388938011,0,VERY LOW,0
GRID_S20_E080,-20,80,2025,1,2025-01-01,0.40095112179262626,40.09511217926263,0.04723067028185257,4.723067028185257,0,VERY LOW,0
GRID_S10_W100,-10,-100,2025,6,2025-06-01,0.37965702452334343,37.96570245233434,0.04719755287456305,4.719755287456305,0,VERY LOW,0
GRID_N60_E160,60,160,2025,5,2025-05-01,0.3765306987095732,37.65306987095732,0.0471726762064974,4.71726762064974,0,VERY LOW,0
GRID_N30_W060,30,-60,2025,6,2025-06-01,0.3711446486623792,37.11446486623792,0.04715341974944935,4.715341974944935,0,VERY LOW,0
GRID_N10_W050,10,-50,2025,2,2025-02-01,0.3938205044390059,39.38205044390059,0.04714315734238079,4.714315734238079,0,VERY LOW,0
GRID_N10_E160,10,160,2025,3,2025-03-01,0.39043414100523743,39.04341410052374,0.04713813444343292,4.713813444343292,0,VERY LOW,0
GRID_N10_E160,10,160,2025,10,2025-10-01,0.39259919080879085,39.25991908087909,0.04712683062933609,4.712683062933609,0,VERY LOW,0
GRID_S80_W030,-80,-30,2025,4,2025-04-01,0.39721133866403713,39.72113386640371,0.04710091710326777,4.710091710326777,0,VERY LOW,0
GRID_N10_E000,10,0,2025,4,2025-04-01,0.4020046529939827,40.20046529939827,0.04706829413516276,4.706829413516276,0,VERY LOW,0
GRID_N00_W090,0,-90,2025,9,2025-09-01,0.3993098676705386,39.93098676705386,0.047044091166531694,4.70440911665317,0,VERY LOW,1
GRID_S70_E140,-70,140,2025,5,2025-05-01,0.38840347052958785,38.84034705295878,0.047027170121075365,4.702717012107536,0,VERY LOW,0
GRID_S10_W070,-10,-70,2025,10,2025-10-01,0.4018141570493825,40.18141570493825,0.047015640567558324,4.701564056755832,0,VERY LOW,0
GRID_S80_W110,-80,-110,2025,6,2025-06-01,0.38005304484483593,38.005304484483595,0.04697492497552703,4.697492497552703,0,VERY LOW,0
GRID_S20_W040,-20,-40,2025,8,2025-08-01,0.3874622230124451,38.74622230124451,0.046972848596527825,4.6972848596527825,0,VERY LOW,0
GRID_N20_W070,20,-70,2025,6,2025-06-01,0.369449419687135,36.9449419687135,0.04692654625877515,4.692654625877514,0,VERY LOW,0
GRID_N50_W070,50,-70,2025,6,2025-06-01,0.3685682018002662,36.856820180026624,0.04687748276549107,4.687748276549107,0,VERY LOW,0
GRID_N00_W050,0,-50,2025,6,2025-06-01,0.376484283878605,37.6484283878605,0.046835334936583144,4.683533493658314,0,VERY LOW,0
GRID_S50_W080,-50,-80,2025,9,2025-09-01,0.3891897504660336,38.91897504660336,0.04682163218834881,4.682163218834881,0,VERY LOW,0
GRID_N00_E090,0,90,2025,3,2025-03-01,0.3881590181631089,38.81590181631089,0.04678131523871758,4.678131523871758,0,VERY LOW,0
GRID_N30_W040,30,-40,2025,7,2025-07-01,0.36869125982168843,36.869125982168846,0.04676051575345197,4.6760515753451966,0,VERY LOW,0
GRID_N60_W020,60,-20,2025,11,2025-11-01,0.3856697309438855,38.56697309438855,0.04674628367080438,4.674628367080437,0,VERY LOW,0
GRID_S70_W070,-70,-70,2025,7,2025-07-01,0.3893620885048432,38.93620885048432,0.046742142396207643,4.674214239620764,0,VERY LOW,0
GRID_N50_E030,50,30,2025,9,2025-09-01,0.3801138109193375,38.01138109193375,0.0466850199312503,4.66850199312503,0,VERY LOW,0
GRID_S30_W180,-30,-180,2025,8,2025-08-01,0.3742780753362005,37.42780753362005,0.046611226509253534,4.661122650925353,0,VERY LOW,0
GRID_N50_W110,50,-110,2025,10,2025-10-01,0.38381101126849065,38.38110112684907,0.04657362007901158,4.657362007901158,0,VERY LOW,0
GRID_N20_E070,20,70,2025,2,2025-02-01,0.3965173805837318,39.65173805837318,0.046566236248318925,4.656623624831893,0,VERY LOW,0
GRID_S60_W040,-60,-40,2025,2,2025-02-01,0.41588566909617286,41.588566909617285,0.04654769032151916,4.654769032151916,0,VERY LOW,0
GRID_S40_E120,-40,120,2025,9,2025-09-01,0.3887875616801251,38.878756168012515,0.046531954020596435,4.6531954020596435,0,VERY LOW,0
GRID_S80_W110,-80,-110,2025,7,2025-07-01,0.37585294532040053,37.58529453204005,0.04652415322740344,4.652415322740344,0,VERY LOW,0
GRID_S10_E040,-10,40,2025,10,2025-10-01,0.40070451505770277,40.07045150577028,0.046499661768748854,4.6499661768748854,0,VERY LOW,0
GRID_S10_E120,-10,120,2025,11,2025-11-01,0.3888804180338858,38.88804180338858,0.04649923821493487,4.649923821493487,0,VERY LOW,0
GRID_N10_E060,10,60,2025,7,2025-07-01,0.3711201657478983,37.11201657478983,0.04645872521746891,4.645872521746891,0,VERY LOW,0
GRID_N60_W110,60,-110,2025,10,2025-10-01,0.37822445179923625,37.822445179923626,0.04642908236032307,4.642908236032308,0,VERY LOW,0
GRID_N30_W020,30,-20,2025,5,2025-05-01,0.37303789724559283,37.30378972455928,0.04641099288435656,4.6410992884356554,0,VERY LOW,0
GRID_N20_W070,20,-70,2025,7,2025-07-01,0.3652974548360548,36.52974548360548,0.046404033740401196,4.64040337404012,0,VERY LOW,1
GRID_N00_W100,0,-100,2025,7,2025-07-01,0.3694521934338681,36.94521934338681,0.046379105252618465,4.637910525261846,0,VERY LOW,0
GRID_S10_E090,-10,90,2025,4,2025-04-01,0.3855110680085765,38.551106800857646,0.04637011174186721,4.637011174186721,0,VERY LOW,0
GRID_S30_E160,-30,160,2025,4,2025-04-01,0.3906710404674941,39.067104046749414,0.04635483186745422,4.635483186745422,0,VERY LOW,0
GRID_N20_W060,20,-60,2025,3,2025-03-01,0.3797491146415543,37.97491146415543,0.04632167566245333,4.632167566245333,0,VERY LOW,0
GRID_N60_E100,60,100,2025,3,2025-03-01,0.37884990718236766,37.884990718236764,0.04631667756489638,4.631667756489638,0,VERY LOW,0
GRID_N40_E050,40,50,2025,9,2025-09-01,0.3790755581228768,37.90755581228768,0.046301594936676904,4.630159493667691,0,VERY LOW,0
GRID_N00_E140,0,140,2025,2,2025-02-01,0.38764612588735625,38.76461258873562,0.04629281440713624,4.6292814407136245,0,VERY LOW,0
GRID_N40_E110,40,110,2025,9,2025-09-01,0.3789338946751595,37.893389467515945,0.04629254797359577,4.629254797359577,0,VERY LOW,0
GRID_N20_W080,20,-80,2025,3,2025-03-01,0.3797237600825255,37.97237600825255,0.04627354954460282,4.627354954460282,0,VERY LOW,0
GRID_S10_E080,-10,80,2025,3,2025-03-01,0.3849784966661816,38.49784966661816,0.046264864369065704,4.62648643690657,0,VERY LOW,0
GRID_N40_W090,40,-90,2025,8,2025-08-01,0.3793522661689689,37.93522661689689,0.04625791514713311,4.625791514713311,0,VERY LOW,1
GRID_N50_W170,50,-170,2025,9,2025-09-01,0.3641831335824712,36.41831335824712,0.04625085700823722,4.625085700823722,0,VERY LOW,0
GRID_S40_E130,-40,130,2025,9,2025-09-01,0.38498096719246416,38.49809671924642,0.04623572711126798,4.623572711126798,0,VERY LOW,0
GRID_N20_W070,20,-70,2025,5,2025-05-01,0.3693487335395033,36.93487335395033,0.04620791545897357,4.620791545897357,0,VERY LOW,0
GRID_N50_E090,50,90,2025,6,2025-06-01,0.36416705905962515,36.416705905962516,0.04620021687729024,4.620021687729024,0,VERY LOW,0
GRID_S70_E030,-70,30,2025,2,2025-02-01,0.40502246662216196,40.502246662216194,0.04617284234961479,4.617284234961478,0,VERY LOW,0
GRID_N00_W060,0,-60,2025,1,2025-01-01,0.39802023760973815,39.80202376097382,0.046168854422752426,4.616885442275242,0,VERY LOW,0
GRID_S10_E090,-10,90,2025,8,2025-08-01,0.3745333736641018,37.453337366410175,0.046165375720179314,4.616537572017931,0,VERY LOW,0
GRID_S10_W040,-10,-40,2025,9,2025-09-01,0.3844571362851518,38.44571362851518,0.04615748345863896,4.615748345863896,0,VERY LOW,0
GRID_S40_E120,-40,120,2025,6,2025-06-01,0.3771591296423543,37.71591296423543,0.04615730890808757,4.6157308908087575,0,VERY LOW,0
GRID_S10_E070,-10,70,2025,6,2025-06-01,0.3731847267267942,37.31847267267942,0.04609852485629794,4.609852485629793,0,VERY LOW,0
GRID_N00_E000,0,0,2025,11,2025-11-01,0.3908845796313627,39.08845796313627,0.04609360723128651,4.609360723128651,0,VERY LOW,1
GRID_S80_W030,-80,-30,2025,6,2025-06-01,0.3745397413330535,37.45397413330535,0.04609339436794809,4.6093394367948095,0,VERY LOW,0
GRID_N20_W020,20,-20,2025,4,2025-04-01,0.3745379467620398,37.45379467620398,0.046018117507294405,4.601811750729441,0,VERY LOW,0
GRID_N30_W070,30,-70,2025,2,2025-02-01,0.37939489409090293,37.93948940909029,0.04592011905876894,4.592011905876895,0,VERY LOW,0
GRID_N20_E110,20,110,2025,4,2025-04-01,0.3743814199549789,37.438141995497894,0.04591292650101473,4.591292650101473,0,VERY LOW,0
GRID_N30_E060,30,60,2025,9,2025-09-01,0.37811830264792173,37.81183026479217,0.045903294944433314,4.590329494443331,0,VERY LOW,0
GRID_N00_E160,0,160,2025,5,2025-05-01,0.37320974800330975,37.32097480033097,0.045899802743097885,4.589980274309789,0,VERY LOW,0
GRID_N10_E170,10,170,2025,7,2025-07-01,0.37044905299916325,37.04490529991632,0.04588994972554651,4.5889949725546515,0,VERY LOW,0
GRID_S20_W080,-20,-80,2025,10,2025-10-01,0.3828747359514087,38.28747359514087,0.045879222264225535,4.587922226422553,0,VERY LOW,0
GRID_N70_E140,70,140,2025,3,2025-03-01,0.37203897212067094,37.20389721206709,0.045877880994733874,4.5877880994733875,0,VERY LOW,0
GRID_S10_E080,-10,80,2025,11,2025-11-01,0.38671915771521764,38.67191577152177,0.045863674654829885,4.586367465482988,0,VERY LOW,0
GRID_N50_E060,50,60,2025,8,2025-08-01,0.36449887463959785,36.44988746395978,0.04584385270599668,4.584385270599668,0,VERY LOW,0
GRID_N30_W050,30,-50,2025,11,2025-11-01,0.37734200987380156,37.734200987380156,0.04582366644933338,4.582366644933338,0,VERY LOW,0
GRID_N50_E020,50,20,2025,5,2025-05-01,0.36475434984908345,36.47543498490835,0.04581192839590309,4.581192839590309,0,VERY LOW,0
GRID_S10_E070,-10,70,2025,11,2025-11-01,0.39027612355638036,39.027612355638034,0.04579901063224996,4.579901063224996,0,VERY LOW,0
GRID_N50_E170,50,170,2025,9,2025-09-01,0.3688778840401959,36.88778840401959,0.04577915199415671,4.5779151994156715,0,VERY LOW,0
GRID_S40_E010,-40,10,2025,9,2025-09-01,0.3831294342872574,38.31294342872574,0.045741017855013125,4.574101785501313,0,VERY LOW,0
GRID_N00_E070,0,70,2025,1,2025-01-01,0.39191755172970383,39.19175517297038,0.045717747433747444,4.571774743374744,0,VERY LOW,0
GRID_N00_E080,0,80,2025,9,2025-09-01,0.37420193741717656,37.420193741717654,0.045713654241526604,4.571365424152661,0,VERY LOW,0
GRID_N50_E090,50,90,2025,7,2025-07-01,0.36004056193350154,36.00405619335015,0.0456856207573426,4.56856207573426,0,VERY LOW,0
GRID_N00_W100,0,-100,2025,6,2025-06-01,0.3623742819345445,36.23742819345445,0.04568372932019223,4.568372932019224,0,VERY LOW,0
GRID_S70_E020,-70,20,2025,7,2025-07-01,0.3708845103322233,37.08845103322233,0.045679151623199854,4.567915162319985,0,VERY LOW,0
GRID_S80_W030,-80,-30,2025,7,2025-07-01,0.3703641712331642,37.03641712331642,0.045665326897112654,4.5665326897112655,0,VERY LOW,0
GRID_N40_E110,40,110,2025,1,2025-01-01,0.38830097443790523,38.83009744379052,0.04564526344569518,4.564526344569518,0,VERY LOW,0
GRID_S10_E070,-10,70,2025,7,2025-07-01,0.3690153504131021,36.901535041310204,0.04562202856271689,4.562202856271689,0,VERY LOW,0
GRID_N30_E150,30,150,2025,6,2025-06-01,0.3647532651245971,36.47532651245971,0.0456028679567328,4.560286795673281,0,VERY LOW,0
GRID_N50_E090,50,90,2025,5,2025-05-01,0.3640669813177836,36.406698131778356,0.04560175283493648,4.560175283493648,0,VERY LOW,0
GRID_N00_W120,0,-120,2025,10,2025-10-01,0.38365509461499026,38.36550946149902,0.04559374871726512,4.5593748717265115,0,VERY LOW,0
GRID_N60_W110,60,-110,2025,3,2025-03-01,0.36830636496989394,36.83063649698939,0.04557852889636556,4.557852889636556,0,VERY LOW,0
GRID_S10_E070,-10,70,2025,5,2025-05-01,0.3747765091658213,37.47765091658213,0.04556872377117949,4.556872377117949,0,VERY LOW,0
GRID_S70_E030,-70,30,2025,3,2025-03-01,0.38985100422861046,38.985100422861045,0.045553033615614295,4.555303361561429,0,VERY LOW,0
GRID_N20_E160,20,160,2025,6,2025-06-01,0.3647692005275894,36.476920052758935,0.04555255293352829,4.555255293352829,0,VERY LOW,0
GRID_S70_E080,-70,80,2025,9,2025-09-01,0.3770195271853762,37.70195271853762,0.045523529847953534,4.552352984795354,0,VERY LOW,0
GRID_N10_W010,10,-10,2025,4,2025-04-01,0.3848765229160787,38.48765229160787,0.04548124226130068,4.548124226130068,0,VERY LOW,0
GRID_S30_W180,-30,-180,2025,4,2025-04-01,0.373862440182146,37.3862440182146,0.04548019161192536,4.548019161192536,0,VERY LOW,0
GRID_N60_W130,60,-130,2025,10,2025-10-01,0.37799335517344684,37.79933551734469,0.045473966846301395,4.547396684630139,0,VERY LOW,0
GRID_N20_E150,20,150,2025,1,2025-01-01,0.3816555767687729,38.165557676877285,0.04542589696352684,4.542589696352684,0,VERY LOW,0
GRID_S70_E020,-70,20,2025,5,2025-05-01,0.374961146124705,37.4961146124705,0.045372935152226214,4.537293515222621,0,VERY LOW,0
GRID_N20_E150,20,150,2025,11,2025-11-01,0.3751506851611121,37.515068516111214,0.04536318548267383,4.536318548267383,0,VERY LOW,0
GRID_N10_E000,10,0,2025,5,2025-05-01,0.38749348672034906,38.749348672034905,0.045355507505574086,4.535550750557409,0,VERY LOW,0
GRID_S20_W040,-20,-40,2025,10,2025-10-01,0.3930766542275138,39.307665422751384,0.04534983583525325,4.5349835835253245,0,VERY LOW,0
GRID_N50_E070,50,70,2025,6,2025-06-01,0.35807382453864883,35.80738245386488,0.045339677175356564,4.533967717535656,0,VERY LOW,0
GRID_N40_E010,40,10,2025,1,2025-01-01,0.37879125726407437,37.87912572640744,0.04533886910368522,4.533886910368522,0,VERY LOW,0
GRID_N20_E050,20,50,2025,9,2025-09-01,0.374969632460181,37.4969632460181,0.0453276397902226,4.53276397902226,0,VERY LOW,0
GRID_N30_E030,30,30,2025,4,2025-04-01,0.36679102278940057,36.67910227894006,0.045325364309278644,4.532536430927864,0,VERY LOW,1
GRID_S40_E130,-40,130,2025,8,2025-08-01,0.3714887397426653,37.14887397426653,0.0453188968130878,4.531889681308781,0,VERY LOW,0
GRID_N00_E010,0,10,2025,6,2025-06-01,0.36883753028503413,36.88375302850341,0.045255141416543285,4.5255141416543285,0,VERY LOW,0
GRID_N30_W060,30,-60,2025,5,2025-05-01,0.3598275251480451,35.98275251480451,0.04524958740586875,4.524958740586875,0,VERY LOW,0
GRID_N50_E020,50,20,2025,6,2025-06-01,0.35372013498318267,35.37201349831827,0.045246349789785645,4.524634978978565,0,VERY LOW,1
GRID_N30_W040,30,-40,2025,2,2025-02-01,0.3807633086780119,38.07633086780119,0.04524372165139996,4.524372165139996,0,VERY LOW,0
GRID_N00_E140,0,140,2025,1,2025-01-01,0.38284917750162584,38.284917750162585,0.045233074787502756,4.523307478750276,0,VERY LOW,0
GRID_N40_E100,40,100,2025,9,2025-09-01,0.36976710312153316,36.976710312153315,0.045231189664561924,4.523118966456193,0,VERY LOW,0
GRID_N10_W140,10,-140,2025,3,2025-03-01,0.3705840900159951,37.058409001599514,0.04520149937451191,4.52014993745119,0,VERY LOW,0
GRID_N40_E070,40,70,2025,10,2025-10-01,0.37460073524842313,37.460073524842315,0.04519904331810251,4.519904331810251,0,VERY LOW,0
GRID_N10_E020,10,20,2025,4,2025-04-01,0.3740262564160368,37.402625641603684,0.045195530641859084,4.519553064185908,0,VERY LOW,0
GRID_N10_E170,10,170,2025,6,2025-06-01,0.36336304915244205,36.336304915244206,0.04517802982083043,4.517802982083043,0,VERY LOW,0
GRID_N20_E060,20,60,2025,4,2025-04-01,0.36866334766831227,36.86633476683123,0.045137804624485314,4.513780462448532,0,VERY LOW,0
GRID_S80_W080,-80,-80,2025,4,2025-04-01,0.3830239459223109,38.302394592231096,0.045120526396735985,4.512052639673598,0,VERY LOW,0
GRID_S80_W050,-80,-50,2025,3,2025-03-01,0.3889814204464781,38.89814204464781,0.04511802080742499,4.511802080742499,0,VERY LOW,0
GRID_N30_E150,30,150,2025,7,2025-07-01,0.36062389291221025,36.062389291221024,0.04511146757266641,4.511146757266641,0,VERY LOW,0
GRID_N30_W010,30,-10,2025,1,2025-01-01,0.37781472306457126,37.781472306457125,0.045089753970593796,4.5089753970593796,0,VERY LOW,0
GRID_N10_E060,10,60,2025,5,2025-05-01,0.36392868616319807,36.39286861631981,0.045086037687432176,4.508603768743217,0,VERY LOW,0
GRID_N20_W020,20,-20,2025,9,2025-09-01,0.3683644020540342,36.83644020540342,0.045078581766355964,4.5078581766355965,0,VERY LOW,0
GRID_N20_E160,20,160,2025,7,2025-07-01,0.3606397503291331,36.06397503291331,0.04506825232163466,4.506825232163466,0,VERY LOW,0
GRID_N40_W040,40,-40,2025,10,2025-10-01,0.38043250925956923,38.043250925956926,0.045049583419070734,4.504958341907074,0,VERY LOW,0
GRID_N50_E170,50,170,2025,3,2025-03-01,0.3687230766557747,36.872307665577466,0.04504232824354639,4.504232824354639,0,VERY LOW,0
GRID_S80_W110,-80,-110,2025,5,2025-05-01,0.3686235120815596,36.86235120815596,0.04501608179952914,4.501608179952914,0,VERY LOW,0
GRID_N10_W070,10,-70,2025,2,2025-02-01,0.37481774282668084,37.481774282668084,0.04499267855484183,4.499267855484184,0,VERY LOW,0
GRID_N00_W100,0,-100,2025,5,2025-05-01,0.36227441616073597,36.2274416160736,0.04497223367564618,4.497223367564618,0,VERY LOW,0
GRID_N00_W060,0,-60,2025,8,2025-08-01,0.3641328796829249,36.413287968292494,0.04496493206235934,4.496493206235934,0,VERY LOW,0
GRID_S60_W050,-60,-50,2025,4,2025-04-01,0.38106560817860796,38.106560817860796,0.04494931508833165,4.494931508833165,0,VERY LOW,0
GRID_S70_W060,-70,-60,2025,5,2025-05-01,0.3727049770983711,37.27049770983711,0.04493784084958918,4.493784084958918,0,VERY LOW,0
GRID_N30_W050,30,-50,2025,2,2025-02-01,0.3720183417419608,37.20183417419608,0.04491540121578392,4.491540121578392,0,VERY LOW,0
GRID_N50_E070,50,70,2025,7,2025-07-01,0.353977933760572,35.3977933760572,0.04483373348615086,4.483373348615086,0,VERY LOW,0
GRID_S10_E060,-10,60,2025,7,2025-07-01,0.36477479287986336,36.477479287986334,0.04483140916354911,4.483140916354911,0,VERY LOW,1
GRID_N00_W050,0,-50,2025,7,2025-07-01,0.3606853618044542,36.06853618044542,0.04482562674391026,4.482562674391026,0,VERY LOW,0
GRID_N10_W150,10,-150,2025,3,2025-03-01,0.3682984055469836,36.829840554698364,0.04477982476848301,4.477982476848301,0,VERY LOW,0
GRID_N10_W050,10,-50,2025,1,2025-01-01,0.3775625359730058,37.756253597300585,0.0447410298044522,4.47410298044522,0,VERY LOW,0
GRID_N30_E140,30,140,2025,6,2025-06-01,0.3579388562715549,35.79388562715549,0.044733012036627474,4.473301203662747,0,VERY LOW,0
GRID_N60_E010,60,10,2025,6,2025-06-01,0.348199276595929,34.8199276595929,0.04471696434532878,4.471696434532878,0,VERY LOW,0
GRID_S70_E140,-70,140,2025,8,2025-08-01,0.3651854460568781,36.51854460568781,0.04467457094355912,4.467457094355912,0,VERY LOW,0
GRID_N60_E000,60,0,2025,6,2025-06-01,0.3473669336545871,34.73669336545871,0.0446548103550085,4.46548103550085,0,VERY LOW,0
GRID_N30_W030,30,-30,2025,10,2025-10-01,0.3790020025659242,37.90020025659242,0.044634903182504494,4.463490318250449,0,VERY LOW,0
GRID_N00_E160,0,160,2025,8,2025-08-01,0.3614676772443114,36.146767724431136,0.04455548240614512,4.455548240614512,0,VERY LOW,0
GRID_S80_W050,-80,-50,2025,2,2025-02-01,0.39254914723118717,39.254914723118716,0.0445318803538904,4.45318803538904,0,VERY LOW,0
GRID_N50_W080,50,-80,2025,6,2025-06-01,0.3455232791168797,34.55232791168797,0.04437230778865585,4.437230778865585,0,VERY LOW,0
GRID_N00_E130,0,130,2025,1,2025-01-01,0.3736515451764245,37.36515451764245,0.04434549592453659,4.434549592453659,0,VERY LOW,0
GRID_N30_W020,30,-20,2025,6,2025-06-01,0.3504246514185133,35.04246514185133,0.044336739814838065,4.433673981483807,0,VERY LOW,0
GRID_S10_W100,-10,-100,2025,7,2025-07-01,0.35306090721262795,35.3060907212628,0.04431594575490457,4.4315945754904575,0,VERY LOW,0
GRID_N20_E070,20,70,2025,1,2025-01-01,0.3802179107581368,38.02179107581368,0.04431557462118777,4.431557462118777,0,VERY LOW,0
GRID_S20_W070,-20,-70,2025,10,2025-10-01,0.401679161753957,40.1679161753957,0.044263088669699836,4.4263088669699835,0,VERY LOW,1
GRID_N30_E140,30,140,2025,7,2025-07-01,0.3538436583435751,35.38436583435751,0.04424823893082088,4.424823893082088,0,VERY LOW,1
GRID_S10_E160,-10,160,2025,6,2025-06-01,0.3580236324595229,35.80236324595229,0.044234899441905555,4.423489944190555,0,VERY LOW,0
GRID_S80_W030,-80,-30,2025,3,2025-03-01,0.3792867231032756,37.92867231032756,0.044196777921281995,4.4196777921282,0,VERY LOW,0
GRID_N50_E090,50,90,2025,8,2025-08-01,0.3524508133515304,35.24508133515304,0.04417107008180445,4.417107008180445,0,VERY LOW,0
GRID_N00_E100,0,100,2025,6,2025-06-01,0.3552075377427299,35.52075377427299,0.04413429377429924,4.4134293774299245,0,VERY LOW,1
GRID_N10_E040,10,40,2025,4,2025-04-01,0.361706056170253,36.170605617025295,0.04410786360575516,4.410786360575516,0,VERY LOW,0
GRID_N50_W170,50,-170,2025,3,2025-03-01,0.35290597938204665,35.29059793820466,0.04408531553907116,4.408531553907117,0,VERY LOW,0
GRID_S30_E040,-30,40,2025,3,2025-03-01,0.3757013859310797,37.57013859310797,0.04408205032548498,4.408205032548498,0,VERY LOW,0
GRID_N10_E070,10,70,2025,1,2025-01-01,0.37078352316158875,37.07835231615888,0.04406486520027941,4.406486520027942,0,VERY LOW,1
GRID_N50_W010,50,-10,2025,5,2025-05-01,0.34599767396855,34.599767396855,0.044012189740256315,4.401218974025632,0,VERY LOW,1
GRID_S30_E110,-30,110,2025,2,2025-02-01,0.3772003167450439,37.72003167450439,0.04400415213713086,4.400415213713086,0,VERY LOW,1
GRID_N10_W140,10,-140,2025,10,2025-10-01,0.36146874703056464,36.14687470305646,0.043963042196753885,4.396304219675389,0,VERY LOW,0
GRID_N30_W040,30,-40,2025,8,2025-08-01,0.3499401720558807,34.994017205588065,0.043954308974575515,4.395430897457551,0,VERY LOW,0
GRID_N40_W060,40,-60,2025,10,2025-10-01,0.36262654270800754,36.26265427080075,0.043945431977650586,4.394543197765058,0,VERY LOW,0
GRID_S40_E010,-40,10,2025,2,2025-02-01,0.3852714418172204,38.527144181722036,0.0439215711838983,4.39215711838983,0,VERY LOW,1
GRID_N50_W160,50,-160,2025,10,2025-10-01,0.3538837553826213,35.38837553826213,0.043900005580384226,4.390000558038422,0,VERY LOW,0
GRID_S70_E080,-70,80,2025,3,2025-03-01,0.374674382094977,37.4674382094977,0.0438995990566571,4.38995990566571,0,VERY LOW,1
GRID_N60_W140,60,-140,2025,11,2025-11-01,0.35828264535722054,35.828264535722056,0.04388486640818819,4.38848664081882,0,VERY LOW,0
GRID_N50_W080,50,-80,2025,7,2025-07-01,0.3414945774528912,34.14945774528912,0.04386514816116232,4.3865148161162315,0,VERY LOW,0
GRID_S80_W130,-80,-130,2025,6,2025-06-01,0.36015330591710715,36.015330591710715,0.04385456388775162,4.385456388775162,0,VERY LOW,0
GRID_N30_E150,30,150,2025,5,2025-05-01,0.35352147060465994,35.352147060465995,0.04385022332259706,4.385022332259706,0,VERY LOW,0
GRID_N30_W020,30,-20,2025,7,2025-07-01,0.3463690459437067,34.63690459437067,0.04384209627721085,4.384209627721085,0,VERY LOW,0
GRID_N00_W060,0,-60,2025,5,2025-05-01,0.3547761079781313,35.47761079781313,0.043829358589886194,4.38293585898862,0,VERY LOW,0
GRID_N60_E160,60,160,2025,4,2025-04-01,0.35320641416561116,35.320641416561116,0.04381909762185519,4.3819097621855185,0,VERY LOW,0
GRID_N30_W060,30,-60,2025,8,2025-08-01,0.34827254437861904,34.8272544378619,0.04381828410929565,4.381828410929565,0,VERY LOW,0
GRID_N00_W050,0,-50,2025,5,2025-05-01,0.3539611958598718,35.39611958598718,0.04378845053730328,4.378845053730328,0,VERY LOW,0
GRID_S10_E160,-10,160,2025,7,2025-07-01,0.3539279992635171,35.39279992635171,0.04378620629864986,4.378620629864987,0,VERY LOW,0
GRID_N20_E160,20,160,2025,5,2025-05-01,0.35353718840101606,35.35371884010161,0.04378428583469834,4.378428583469834,0,VERY LOW,0
GRID_S80_W170,-80,-170,2025,9,2025-09-01,0.3718565832557107,37.18565832557107,0.04377604581415515,4.377604581415516,0,VERY LOW,0
GRID_S80_W110,-80,-110,2025,8,2025-08-01,0.3569435629702395,35.69435629702395,0.043769728596962085,4.376972859696209,0,VERY LOW,0
GRID_S80_W110,-80,-110,2025,4,2025-04-01,0.3677087912807354,36.77087912807354,0.043748407799803636,4.374840779980364,0,VERY LOW,0
GRID_N30_E100,30,100,2025,6,2025-06-01,0.34906134418269263,34.90613441826926,0.04372792193901905,4.372792193901906,0,VERY LOW,0
GRID_N10_E060,10,60,2025,8,2025-08-01,0.3523144861366368,35.23144861366368,0.043713654420656486,4.371365442065649,0,VERY LOW,0
GRID_N00_E080,0,80,2025,3,2025-03-01,0.3627915641410727,36.27915641410727,0.04369160554324112,4.369160554324112,0,VERY LOW,0
GRID_N50_W140,50,-140,2025,3,2025-03-01,0.3510667186138277,35.10667186138277,0.04361181558536822,4.361181558536821,0,VERY LOW,0
GRID_N20_E160,20,160,2025,8,2025-08-01,0.35304433882870023,35.30443388287002,0.04359332821449617,4.359332821449617,0,VERY LOW,1
GRID_N50_E070,50,70,2025,5,2025-05-01,0.3469353789520234,34.69353789520234,0.04359066174840098,4.359066174840098,0,VERY LOW,0
GRID_N50_E070,50,70,2025,1,2025-01-01,0.3683466957565979,36.83466957565979,0.04358573792048343,4.358573792048343,0,VERY LOW,0
GRID_N00_W100,0,-100,2025,8,2025-08-01,0.3506839030440674,35.06839030440674,0.04357581460936442,4.357581460936442,0,VERY LOW,0
GRID_N10_E160,10,160,2025,2,2025-02-01,0.36410135144652395,36.41013514465239,0.04357491803536828,4.357491803536828,0,VERY LOW,0
GRID_N30_W070,30,-70,2025,1,2025-01-01,0.36337546320162517,36.33754632016252,0.04355848715802487,4.3558487158024874,0,VERY LOW,0
GRID_N50_W080,50,-80,2025,8,2025-08-01,0.3449379662453513,34.49379662453513,0.043527193279451405,4.352719327945141,0,VERY LOW,0
GRID_N30_E110,30,110,2025,5,2025-05-01,0.35017419618757434,35.01741961875744,0.043525692874371996,4.352569287437199,0,VERY LOW,1
GRID_S20_W080,-20,-80,2025,11,2025-11-01,0.3676042763604611,36.76042763604611,0.04349365975447607,4.349365975447607,0,VERY LOW,1
GRID_S20_W170,-20,-170,2025,6,2025-06-01,0.3461274100375413,34.61274100375413,0.043488995627337226,4.348899562733723,0,VERY LOW,0
GRID_S80_W130,-80,-130,2025,7,2025-07-01,0.35604682190579995,35.60468219057999,0.04342977996293858,4.3429779962938575,0,VERY LOW,0
GRID_N10_E170,10,170,2025,5,2025-05-01,0.3521503322503299,35.21503322503299,0.043427077836533996,4.3427077836534,0,VERY LOW,0
GRID_S10_W070,-10,-70,2025,11,2025-11-01,0.37485902708290153,37.485902708290155,0.043420035735258336,4.342003573525834,0,VERY LOW,0
GRID_N60_W140,60,-140,2025,7,2025-07-01,0.33184088364461445,33.184088364461445,0.04336466838285105,4.336466838285105,0,VERY LOW,1
GRID_N50_W090,50,-90,2025,8,2025-08-01,0.34052391209161376,34.05239120916138,0.043352441026286825,4.335244102628683,0,VERY LOW,0
GRID_N10_W180,10,-180,2025,7,2025-07-01,0.341026779824217,34.102677982421696,0.043330641581627846,4.3330641581627845,0,VERY LOW,0
GRID_N60_E140,60,140,2025,1,2025-01-01,0.3762873926169937,37.628739261699366,0.0432972565207966,4.32972565207966,0,VERY LOW,0
GRID_S50_W070,-50,-70,2025,4,2025-04-01,0.3662412959333481,36.62412959333481,0.04328403101215071,4.328403101215071,0,VERY LOW,0
GRID_N00_W010,0,-10,2025,6,2025-06-01,0.3611801968232889,36.11801968232889,0.04326739238117777,4.326739238117777,0,VERY LOW,0
GRID_N10_E170,10,170,2025,8,2025-08-01,0.35165836433810244,35.16583643381024,0.04325383668480799,4.325383668480799,0,VERY LOW,0
GRID_N40_E110,40,110,2025,4,2025-04-01,0.3538817108261413,35.38817108261413,0.04324343035424082,4.324343035424081,0,VERY LOW,1
GRID_N00_E090,0,90,2025,2,2025-02-01,0.3618885761658617,36.18885761658617,0.04320759464684493,4.3207594646844925,0,VERY LOW,0
GRID_S30_E160,-30,160,2025,2,2025-02-01,0.37589954526986225,37.589954526986226,0.043197545996589634,4.319754599658963,0,VERY LOW,0
GRID_S70_W060,-70,-60,2025,6,2025-06-01,0.350100643190512,35.010064319051196,0.04307989170412372,4.307989170412372,0,VERY LOW,0
GRID_S80_W180,-80,-180,2025,9,2025-09-01,0.37301349651197624,37.301349651197626,0.043071655917848006,4.3071655917848,0,VERY LOW,0
GRID_S80_W130,-80,-130,2025,8,2025-08-01,0.3595568252938246,35.95568252938246,0.04305600697655708,4.3056006976557075,0,VERY LOW,0
GRID_N50_W140,50,-140,2025,9,2025-09-01,0.339905201439471,33.9905201439471,0.043046392206625705,4.304639220662571,0,VERY LOW,0
GRID_S70_E020,-70,20,2025,8,2025-08-01,0.3520840865792786,35.20840865792786,0.043041613402502475,4.304161340250247,0,VERY LOW,0
GRID_N60_E010,60,10,2025,7,2025-07-01,0.3333215795805902,33.33215795805902,0.04303779792522018,4.303779792522018,0,VERY LOW,0
GRID_S80_W030,-80,-30,2025,8,2025-08-01,0.3515753836694342,35.15753836694342,0.04301835466686493,4.3018354666864935,0,VERY LOW,0
GRID_S20_W170,-20,-170,2025,7,2025-07-01,0.34209534628004845,34.209534628004846,0.04301315506107424,4.301315506107424,0,VERY LOW,0
GRID_N30_E140,30,140,2025,5,2025-05-01,0.3468023408874775,34.68023408874775,0.04301084329422704,4.301084329422704,0,VERY LOW,0
GRID_S10_E060,-10,60,2025,6,2025-06-01,0.3466999396704594,34.66999396704594,0.04300136692755153,4.300136692755153,0,VERY LOW,0
GRID_N60_E000,60,0,2025,7,2025-07-01,0.33250665816369157,33.25066581636916,0.0429769207630559,4.29769207630559,0,VERY LOW,0
GRID_S10_E070,-10,70,2025,8,2025-08-01,0.3502569246991129,35.02569246991129,0.04297397565929005,4.297397565929005,0,VERY LOW,0
GRID_N30_W040,30,-40,2025,1,2025-01-01,0.3647200544367354,36.47200544367354,0.04297038586260279,4.297038586260279,0,VERY LOW,0
GRID_S10_W100,-10,-100,2025,5,2025-05-01,0.3460268247361196,34.602682473611964,0.04296662490174483,4.296662490174484,0,VERY LOW,0
GRID_N60_W110,60,-110,2025,11,2025-11-01,0.3519208082028023,35.19208082028023,0.04296502053470723,4.296502053470723,0,VERY LOW,0
GRID_S20_W080,-20,-80,2025,2,2025-02-01,0.36272095936866694,36.27209593686669,0.04295808448598321,4.295808448598321,0,VERY LOW,0
GRID_N60_E100,60,100,2025,2,2025-02-01,0.3528461623635796,35.284616236357955,0.04292945848170243,4.292945848170243,0,VERY LOW,0
GRID_S20_W170,-20,-170,2025,2,2025-02-01,0.36984773591010367,36.98477359101037,0.042902029499302025,4.290202949930203,0,VERY LOW,0
GRID_N50_W170,50,-170,2025,10,2025-10-01,0.3439878246678952,34.39878246678952,0.042876423718622506,4.28764237186225,0,VERY LOW,0
GRID_N30_W040,30,-40,2025,5,2025-05-01,0.3407526608099243,34.07526608099243,0.0428701142964336,4.28701142964336,0,VERY LOW,0
GRID_N50_E020,50,20,2025,11,2025-11-01,0.35345318086350747,35.345318086350744,0.0428298441572602,4.28298441572602,0,VERY LOW,0
GRID_N30_E170,30,170,2025,6,2025-06-01,0.3425401093049788,34.25401093049788,0.04281227771635705,4.281227771635705,0,VERY LOW,0
GRID_S10_E070,-10,70,2025,2,2025-02-01,0.36438534118991095,36.43853411899109,0.04278471793065479,4.278471793065479,0,VERY LOW,0
GRID_N00_W010,0,-10,2025,4,2025-04-01,0.36409361192704426,36.409361192704424,0.04275850488641679,4.275850488641679,0,VERY LOW,1
GRID_S30_W070,-30,-70,2025,11,2025-11-01,0.3620585011986042,36.20585011986042,0.04274207062249372,4.274207062249372,0,VERY LOW,0
GRID_S10_E080,-10,80,2025,2,2025-02-01,0.3587970799486623,35.87970799486623,0.04273879209169219,4.27387920916922,0,VERY LOW,0
GRID_N60_W140,60,-140,2025,6,2025-06-01,0.32511200576198207,32.511200576198206,0.04271683744990527,4.271683744990527,0,VERY LOW,0
GRID_N10_W070,10,-70,2025,1,2025-01-01,0.35887981636673894,35.88798163667389,0.0427103976101063,4.2710397610106305,0,VERY LOW,0
GRID_N10_W180,10,-180,2025,6,2025-06-01,0.3342048037068774,33.42048037068774,0.042685364735302,4.2685364735302,0,VERY LOW,0
GRID_N50_W070,50,-70,2025,5,2025-05-01,0.33538919879823,33.538919879823,0.042669278587554225,4.266927858755422,0,VERY LOW,0
GRID_S70_W060,-70,-60,2025,7,2025-07-01,0.3460467899295773,34.60467899295773,0.04266293180687978,4.266293180687978,0,VERY LOW,0
GRID_N20_W060,20,-60,2025,2,2025-02-01,0.35371879659646327,35.371879659646325,0.04263889778025324,4.263889778025324,0,VERY LOW,0
GRID_N30_W050,30,-50,2025,1,2025-01-01,0.3561316428983172,35.61316428983172,0.04261318586877208,4.261318586877208,0,VERY LOW,0
GRID_N50_W080,50,-80,2025,5,2025-05-01,0.33457175921710913,33.45717592171091,0.04261013930136187,4.261013930136187,0,VERY LOW,0
GRID_S70_E080,-70,80,2025,11,2025-11-01,0.36121650170209774,36.121650170209776,0.042609401975575514,4.260940197557551,0,VERY LOW,0
GRID_N10_E160,10,160,2025,1,2025-01-01,0.3594247459708181,35.942474597081805,0.04259459712036628,4.2594597120366275,0,VERY LOW,0
GRID_S30_E040,-30,40,2025,1,2025-01-01,0.3739970048111863,37.39970048111863,0.04257572442460692,4.257572442460692,0,VERY LOW,0
GRID_N20_W080,20,-80,2025,2,2025-02-01,0.3536941889348739,35.36941889348739,0.04257428437571949,4.257428437571948,0,VERY LOW,0
GRID_N00_E160,0,160,2025,4,2025-04-01,0.34997570416009244,34.997570416009246,0.04256232150098856,4.256232150098857,0,VERY LOW,0
GRID_S70_E140,-70,140,2025,4,2025-04-01,0.3536407373294449,35.36407373294449,0.042521989807580304,4.25219898075803,0,VERY LOW,0
GRID_S10_E160,-10,160,2025,5,2025-05-01,0.3468859044745198,34.68859044745198,0.0425158026872748,4.25158026872748,0,VERY LOW,0
GRID_N30_E150,30,150,2025,8,2025-08-01,0.3420607904598438,34.206079045984374,0.04250904511014686,4.250904511014686,0,VERY LOW,0
GRID_N70_E140,70,140,2025,2,2025-02-01,0.34624213002898174,34.62421300289817,0.04249781793029605,4.249781793029605,0,VERY LOW,0
GRID_S30_E160,-30,160,2025,3,2025-03-01,0.3611567949641164,36.11567949641164,0.042482897297426214,4.248289729742622,0,VERY LOW,0
GRID_N00_E100,0,100,2025,5,2025-05-01,0.3441104572663352,34.411045726633525,0.042401945455793566,4.240194545579357,0,VERY LOW,0
GRID_S50_W080,-50,-80,2025,10,2025-10-01,0.3572293657408641,35.72293657408641,0.042371491722046975,4.237149172204697,0,VERY LOW,1
GRID_N50_E030,50,30,2025,10,2025-10-01,0.34847353303923945,34.847353303923946,0.042361689434772885,4.2361689434772885,0,VERY LOW,0
GRID_N30_E170,30,170,2025,7,2025-07-01,0.33852819907917214,33.852819907917215,0.04235043732266626,4.235043732266626,0,VERY LOW,0
GRID_N30_W020,30,-20,2025,8,2025-08-01,0.3389148696670635,33.89148696670635,0.0423498800750628,4.2349880075062805,0,VERY LOW,0
GRID_S10_E050,-10,50,2025,5,2025-05-01,0.34730852036688203,34.730852036688205,0.04233922936483865,4.233922936483865,0,VERY LOW,0
GRID_N00_E070,0,70,2025,9,2025-09-01,0.34783134822228606,34.783134822228604,0.04232643161717044,4.232643161717044,0,VERY LOW,1
GRID_S40_E120,-40,120,2025,10,2025-10-01,0.3568409096423947,35.684090964239466,0.04231104245731542,4.231104245731542,0,VERY LOW,0
GRID_S70_E080,-70,80,2025,10,2025-10-01,0.35651152329942026,35.65115232994203,0.04230981621938976,4.230981621938977,0,VERY LOW,0
GRID_S30_W180,-30,-180,2025,9,2025-09-01,0.3455027051002125,34.55027051002125,0.04230374180889164,4.230374180889164,0,VERY LOW,0
GRID_N50_E070,50,70,2025,8,2025-08-01,0.33557737992525044,33.55773799252504,0.04221674438399159,4.221674438399159,0,VERY LOW,0
GRID_S10_E120,-10,120,2025,1,2025-01-01,0.35751503326602396,35.751503326602396,0.042192101140397925,4.219210114039792,0,VERY LOW,1
GRID_N30_E000,30,0,2025,4,2025-04-01,0.3403896731205645,34.03896731205645,0.04218243423234085,4.218243423234085,0,VERY LOW,1
GRID_N30_E040,30,40,2025,6,2025-06-01,0.33324256489759874,33.324256489759875,0.04215913829762617,4.215913829762617,0,VERY LOW,0
GRID_N30_E150,30,150,2025,1,2025-01-01,0.35669048640581075,35.669048640581074,0.0421395295122274,4.2139529512227405,0,VERY LOW,0
GRID_N30_E100,30,100,2025,7,2025-07-01,0.334165697239375,33.4165697239375,0.042117993841626435,4.211799384162643,0,VERY LOW,0
GRID_S10_E090,-10,90,2025,9,2025-09-01,0.3457492211169265,34.57492211169265,0.042088626273198884,4.208862627319888,0,VERY LOW,0
GRID_N50_E060,50,60,2025,1,2025-01-01,0.35358981916633864,35.358981916633866,0.04208582971217054,4.208582971217054,0,VERY LOW,0
GRID_S80_W130,-80,-130,2025,5,2025-05-01,0.34898534131443165,34.898534131443164,0.0420689358379282,4.20689358379282,0,VERY LOW,0
GRID_N40_E050,40,50,2025,10,2025-10-01,0.34792791516839755,34.792791516839756,0.04204934746379381,4.204934746379381,0,VERY LOW,0
GRID_S80_W110,-80,-110,2025,3,2025-03-01,0.3614292383369662,36.14292383369662,0.042017483837942696,4.2017483837942695,0,VERY LOW,0
GRID_S70_E080,-70,80,2025,2,2025-02-01,0.36024376263152047,36.02437626315205,0.04201672131706719,4.20167213170672,0,VERY LOW,0
GRID_S40_E130,-40,130,2025,10,2025-10-01,0.35316637009895757,35.31663700989576,0.04200737084345205,4.200737084345206,0,VERY LOW,0
GRID_N20_E110,20,110,2025,3,2025-03-01,0.34585360336300247,34.58536033630025,0.041973284140671044,4.197328414067105,0,VERY LOW,0
GRID_N50_W180,50,-180,2025,6,2025-06-01,0.3197767854608431,31.97767854608431,0.04195505567157336,4.195505567157336,0,VERY LOW,0
GRID_N00_E070,0,70,2025,4,2025-04-01,0.3441307331078994,34.41307331078994,0.04186965734734187,4.186965734734187,0,VERY LOW,0
GRID_S80_W050,-80,-50,2025,6,2025-06-01,0.3456607664623676,34.56607664623676,0.04185306086294686,4.185306086294686,0,VERY LOW,0
GRID_N30_W020,30,-20,2025,4,2025-04-01,0.33888837892932755,33.888837892932756,0.04184551220550332,4.184551220550332,0,VERY LOW,0
GRID_S10_W040,-10,-40,2025,10,2025-10-01,0.3531187760427108,35.31187760427108,0.041841027563767993,4.1841027563768,0,VERY LOW,1
GRID_S70_E060,-70,60,2025,10,2025-10-01,0.3639661314369697,36.39661314369697,0.041838444981435706,4.1838444981435705,0,VERY LOW,0
GRID_N30_W060,30,-60,2025,4,2025-04-01,0.33697868776430184,33.697868776430184,0.04183487104850452,4.183487104850452,0,VERY LOW,0
GRID_S30_E040,-30,40,2025,2,2025-02-01,0.36040959868356504,36.0409598683565,0.04182466375085437,4.182466375085437,0,VERY LOW,0
GRID_N60_E010,60,10,2025,5,2025-05-01,0.32648230038408604,32.648230038408606,0.04181478200971859,4.181478200971859,0,VERY LOW,0
GRID_N50_E060,50,60,2025,9,2025-09-01,0.33607153917068705,33.60715391706871,0.04178856548087191,4.178856548087191,0,VERY LOW,0
GRID_S10_E080,-10,80,2025,1,2025-01-01,0.35415066058011757,35.41506605801176,0.041765362567489486,4.176536256748949,0,VERY LOW,0
GRID_N60_E000,60,0,2025,5,2025-05-01,0.3256759316779324,32.56759316779324,0.041753044197803395,4.175304419780339,0,VERY LOW,0
GRID_N10_E060,10,60,2025,4,2025-04-01,0.34095812877471743,34.095812877471744,0.04173814283092806,4.173814283092806,0,VERY LOW,0
GRID_N30_E040,30,40,2025,7,2025-07-01,0.32928501024852735,32.928501024852736,0.04169052940701545,4.169052940701546,0,VERY LOW,0
GRID_N20_E060,20,60,2025,9,2025-09-01,0.34011156890489735,34.01115689048974,0.041688949593197314,4.168894959319731,0,VERY LOW,1
GRID_S20_W170,-20,-170,2025,5,2025-05-01,0.3351665479907082,33.51665479907082,0.04168868794360418,4.168868794360418,0,VERY LOW,0
GRID_N50_E170,50,170,2025,2,2025-02-01,0.3430305587829608,34.30305587829608,0.041655215605845244,4.165521560584525,0,VERY LOW,0
GRID_S10_W100,-10,-100,2025,8,2025-08-01,0.33468332662654143,33.46833266265414,0.04163974431597443,4.163974431597443,0,VERY LOW,0
GRID_S30_E020,-30,20,2025,2,2025-02-01,0.38559769004457883,38.559769004457884,0.04162044151107029,4.162044151107029,0,VERY LOW,0
GRID_N50_E170,50,170,2025,10,2025-10-01,0.3376634159462308,33.76634159462308,0.04159215689698807,4.159215689698807,0,VERY LOW,0
GRID_S70_W060,-70,-60,2025,4,2025-04-01,0.3494848360546055,34.94848360546055,0.04159092432183588,4.159092432183588,0,VERY LOW,0
GRID_N20_W070,20,-70,2025,4,2025-04-01,0.3353562928884848,33.535629288848476,0.041579295791416504,4.15792957914165,0,VERY LOW,0
GRID_N00_W120,0,-120,2025,5,2025-05-01,0.33547415073352255,33.547415073352255,0.041564664065784726,4.156466406578472,0,VERY LOW,0
GRID_N10_W140,10,-140,2025,2,2025-02-01,0.34483273169854517,34.48327316985452,0.04156420220254894,4.156420220254894,0,VERY LOW,0
GRID_N50_W130,50,-130,2025,11,2025-11-01,0.33923995721102096,33.923995721102095,0.041555984711868894,4.15559847118689,0,VERY LOW,0
GRID_N40_W080,40,-80,2025,4,2025-04-01,0.33541284918227887,33.54128491822789,0.04153589480466564,4.1535894804665645,0,VERY LOW,1
GRID_S70_W070,-70,-70,2025,6,2025-06-01,0.3376050128583521,33.76050128583521,0.04153543040845063,4.153543040845063,0,VERY LOW,0
GRID_N10_E160,10,160,2025,11,2025-11-01,0.34374317916544456,34.374317916544456,0.041479546385808766,4.1479546385808765,0,VERY LOW,0
GRID_N60_E030,60,30,2025,7,2025-07-01,0.32256006129104103,32.2560061291041,0.04146367986136591,4.146367986136592,0,VERY LOW,0
GRID_N50_W180,50,-180,2025,7,2025-07-01,0.315903381288436,31.590338128843598,0.04146222393371869,4.146222393371869,0,VERY LOW,0
GRID_N00_E080,0,80,2025,10,2025-10-01,0.34278163967392067,34.27816396739207,0.04144572898341047,4.144572898341047,0,VERY LOW,1
GRID_S30_W180,-30,-180,2025,3,2025-03-01,0.34535233959654105,34.53523395965411,0.04138985231340501,4.1389852313405004,0,VERY LOW,0
GRID_N30_E030,30,30,2025,3,2025-03-01,0.33852862220410596,33.85286222041059,0.041361754661787715,4.136175466178772,0,VERY LOW,0
GRID_S70_E070,-70,70,2025,6,2025-06-01,0.3372808188160023,33.72808188160023,0.04133897961154142,4.133897961154142,0,VERY LOW,0
GRID_N30_E070,30,70,2025,11,2025-11-01,0.34572971850329615,34.572971850329616,0.04133499060308574,4.133499060308575,0,VERY LOW,0
GRID_S10_E060,-10,60,2025,5,2025-05-01,0.33573025627433184,33.57302562743318,0.04130184154838911,4.130184154838911,0,VERY LOW,0
GRID_N10_E020,10,20,2025,6,2025-06-01,0.3305014412760763,33.05014412760763,0.04129840575503213,4.129840575503213,0,VERY LOW,1
GRID_S10_E160,-10,160,2025,8,2025-08-01,0.33552869298511173,33.552869298511176,0.041281711246917374,4.128171124691738,0,VERY LOW,0
GRID_N20_E060,20,60,2025,3,2025-03-01,0.3403342193397532,34.03342193397532,0.04126514321623677,4.126514321623677,0,VERY LOW,0
GRID_S80_W080,-80,-80,2025,3,2025-03-01,0.3542104306823337,35.421043068233374,0.04122760847420478,4.122760847420478,0,VERY LOW,0
GRID_N50_W150,50,-150,2025,5,2025-05-01,0.32074200440382106,32.07420044038211,0.04120705231642478,4.120705231642479,0,VERY LOW,0
GRID_N40_E140,40,140,2025,7,2025-07-01,0.3271390352444599,32.71390352444599,0.0411980661319343,4.11980661319343,0,VERY LOW,0
GRID_N30_E170,30,170,2025,5,2025-05-01,0.3316352306571444,33.16352306571444,0.041192469897771145,4.119246989777114,0,VERY LOW,0
GRID_N50_E090,50,90,2025,4,2025-04-01,0.3303060429159858,33.03060429159858,0.041165995202784564,4.116599520278457,0,VERY LOW,0
GRID_N20_E050,20,50,2025,10,2025-10-01,0.3435202586595888,34.35202586595888,0.04114962120340074,4.114962120340074,0,VERY LOW,0
GRID_S10_E070,-10,70,2025,4,2025-04-01,0.34055428357575407,34.05542835757541,0.04114683814840073,4.114683814840073,0,VERY LOW,0
GRID_N00_E090,0,90,2025,1,2025-01-01,0.34619598408026225,34.61959840802623,0.041133392002248956,4.113339200224895,0,VERY LOW,0
GRID_N70_E140,70,140,2025,8,2025-08-01,0.322330897611238,32.2330897611238,0.041113197579224034,4.111319757922403,0,VERY LOW,0
GRID_N40_E100,40,100,2025,10,2025-10-01,0.33896677406515235,33.89667740651524,0.04110352775213035,4.110352775213035,0,VERY LOW,0
GRID_N00_W120,0,-120,2025,11,2025-11-01,0.3466166287042063,34.66166287042063,0.041098194956182714,4.109819495618272,0,VERY LOW,0
GRID_S70_E030,-70,30,2025,6,2025-06-01,0.33561836695387914,33.56183669538792,0.041094053844856926,4.109405384485693,0,VERY LOW,0
GRID_N20_W050,20,-50,2025,6,2025-06-01,0.3238085578183904,32.38085578183904,0.04109008617320889,4.109008617320889,0,VERY LOW,0
GRID_S60_W050,-60,-50,2025,3,2025-03-01,0.35231528742249085,35.23152874224908,0.0410666816286944,4.106668162869441,0,VERY LOW,0
GRID_S70_E140,-70,140,2025,3,2025-03-01,0.3474694062037074,34.746940620370744,0.04102603290493293,4.102603290493293,0,VERY LOW,0
GRID_N30_E170,30,170,2025,8,2025-08-01,0.33115727299026665,33.115727299026666,0.04101123822721129,4.101123822721129,0,VERY LOW,0
GRID_S80_W060,-80,-60,2025,5,2025-05-01,0.345264808351526,34.526480835152604,0.04099582272647336,4.0995822726473365,0,VERY LOW,0
GRID_N60_W140,60,-140,2025,5,2025-05-01,0.3144965533989476,31.44965533989476,0.040977736662974086,4.0977736662974085,0,VERY LOW,0
GRID_N30_W060,30,-60,2025,9,2025-09-01,0.3310965110159012,33.10965110159012,0.04096368269505758,4.096368269505758,0,VERY LOW,0
GRID_S70_E070,-70,70,2025,7,2025-07-01,0.33329927950773985,33.329927950773985,0.040957334783377944,4.095733478337794,0,VERY LOW,0
GRID_N00_W060,0,-60,2025,9,2025-09-01,0.33571900915520175,33.571900915520175,0.04095643093685085,4.0956430936850845,0,VERY LOW,0
GRID_S70_E020,-70,20,2025,4,2025-04-01,0.3407312488689809,34.073124886898086,0.040953446570896834,4.095344657089683,0,VERY LOW,0
GRID_N30_E100,30,100,2025,5,2025-05-01,0.3273176015636374,32.731760156363734,0.04093227051679146,4.093227051679146,0,VERY LOW,0
GRID_S40_E010,-40,10,2025,10,2025-10-01,0.34634040253049686,34.63404025304968,0.04092957986594894,4.092957986594894,0,VERY LOW,1
GRID_N10_W180,10,-180,2025,5,2025-05-01,0.32343474087244234,32.34347408724423,0.04092812947376416,4.092812947376416,0,VERY LOW,0
GRID_N40_E070,40,70,2025,5,2025-05-01,0.32568866188735457,32.568866188735456,0.04091395798856437,4.091395798856437,0,VERY LOW,1
GRID_N50_E130,50,130,2025,8,2025-08-01,0.3294747731428434,32.94747731428434,0.0408952424627778,4.08952424627778,0,VERY LOW,0
GRID_N20_W020,20,-20,2025,3,2025-03-01,0.33514213495584577,33.51421349558458,0.04088134126924957,4.088134126924957,0,VERY LOW,0
GRID_N00_E050,0,50,2025,6,2025-06-01,0.32758786630694603,32.7587866306946,0.0408641184210579,4.0864118421057904,0,VERY LOW,0
GRID_S80_W110,-80,-110,2025,9,2025-09-01,0.3395627005323614,33.95627005323614,0.04084553601097731,4.084553601097731,0,VERY LOW,0
GRID_S20_W080,-20,-80,2025,1,2025-01-01,0.3470119012837474,34.70119012837474,0.040840329821138846,4.084032982113885,0,VERY LOW,0
GRID_N60_E030,60,30,2025,6,2025-06-01,0.31593039081309304,31.593039081309303,0.040831634761718236,4.083163476171824,0,VERY LOW,0
GRID_S70_E140,-70,140,2025,9,2025-09-01,0.33673293708160307,33.67329370816031,0.04082234947504274,4.082234947504274,0,VERY LOW,0
GRID_N40_E020,40,20,2025,1,2025-01-01,0.3443929781635788,34.43929781635788,0.04078883430998714,4.078883430998714,0,VERY LOW,0
GRID_S60_W030,-60,-30,2025,6,2025-06-01,0.33128319526231087,33.12831952623109,0.040775922572116166,4.0775922572116166,0,VERY LOW,0
GRID_S10_E070,-10,70,2025,1,2025-01-01,0.34864363556784916,34.864363556784916,0.040771708668430974,4.0771708668430975,0,VERY LOW,0
GRID_N30_E100,30,100,2025,8,2025-08-01,0.3268428235456779,32.68428235456779,0.04072850924715707,4.0728509247157065,0,VERY LOW,0
GRID_N50_W100,50,-100,2025,11,2025-11-01,0.3352703891070781,33.527038910707816,0.040725328990035496,4.07253289900355,0,VERY LOW,0
GRID_N40_W060,40,-60,2025,11,2025-11-01,0.33682003614595296,33.682003614595295,0.04071998741390918,4.071998741390917,0,VERY LOW,0
GRID_S70_E040,-70,40,2025,6,2025-06-01,0.3319511184557479,33.195111845574786,0.040711912707971594,4.07119127079716,0,VERY LOW,0
GRID_S70_E030,-70,30,2025,7,2025-07-01,0.3316466316179183,33.16466316179183,0.04070830017722434,4.070830017722434,0,VERY LOW,0
GRID_N50_W010,50,-10,2025,4,2025-04-01,0.32358313327971105,32.3583133279711,0.04070411626884535,4.0704116268845345,0,VERY LOW,0
GRID_N00_E160,0,160,2025,9,2025-09-01,0.3331528140310995,33.31528140310995,0.040686650502959304,4.06866505029593,0,VERY LOW,0
GRID_N20_W120,20,-120,2025,6,2025-06-01,0.318210038950546,31.821003895054602,0.040679417395278715,4.067941739527871,0,VERY LOW,0
GRID_N10_W180,10,-180,2025,8,2025-08-01,0.3229628909338632,32.29628909338632,0.040679404217825954,4.067940421782596,0,VERY LOW,0
GRID_N20_W050,20,-50,2025,7,2025-07-01,0.31990928513154676,31.990928513154675,0.040629506483788644,4.062950648378864,0,VERY LOW,0
GRID_N20_E160,20,160,2025,4,2025-04-01,0.3308813318193304,33.08813318193304,0.04061899937765495,4.061899937765495,0,VERY LOW,0
GRID_N40_W130,40,-130,2025,10,2025-10-01,0.2418436347254196,24.18436347254196,0.04060962735441882,4.0609627354418825,0,VERY LOW,0
GRID_S20_E100,-20,100,2025,1,2025-01-01,0.3426247727710657,34.26247727710657,0.04059493809935812,4.059493809935812,0,VERY LOW,1
GRID_N50_W100,50,-100,2025,1,2025-01-01,0.3368171039119362,33.68171039119362,0.04058298750285948,4.058298750285948,0,VERY LOW,0
GRID_N50_W160,50,-160,2025,11,2025-11-01,0.3283788801347555,32.83788801347555,0.04056522191372759,4.05652219137276,0,VERY LOW,0
GRID_N40_E140,40,140,2025,6,2025-06-01,0.3204597714885804,32.04597714885804,0.04056152705942166,4.056152705942166,0,VERY LOW,0
GRID_N60_E130,60,130,2025,11,2025-11-01,0.33560006144229987,33.56000614422999,0.04053925065763268,4.053925065763268,0,VERY LOW,0
GRID_N20_E170,20,170,2025,7,2025-07-01,0.3252757007354802,32.52757007354802,0.04052775294599218,4.052775294599218,0,VERY LOW,0
GRID_N00_W050,0,-50,2025,4,2025-04-01,0.33129209216656047,33.129209216656044,0.040510356016628876,4.051035601662887,0,VERY LOW,0
GRID_N30_E040,30,40,2025,5,2025-05-01,0.3224884913850728,32.24884913850728,0.040504012539568854,4.050401253956886,0,VERY LOW,0
GRID_N60_E160,60,160,2025,7,2025-07-01,0.3167908336804043,31.679083368040427,0.04049300415923975,4.049300415923975,0,VERY LOW,0
GRID_N50_W170,50,-170,2025,2,2025-02-01,0.3277433932014483,32.77433932014483,0.04049210250695149,4.049210250695149,0,VERY LOW,0
GRID_N20_W060,20,-60,2025,1,2025-01-01,0.3381927133110399,33.81927133110399,0.04048190334442529,4.048190334442529,0,VERY LOW,0
GRID_N00_W100,0,-100,2025,4,2025-04-01,0.3285938146007267,32.85938146007267,0.04046875453578876,4.046875453578877,0,VERY LOW,0
GRID_N60_E010,60,10,2025,8,2025-08-01,0.3154704405040936,31.54704405040936,0.04046123134238037,4.046123134238036,0,VERY LOW,0
GRID_N40_E100,40,100,2025,11,2025-11-01,0.33397760431400775,33.397760431400776,0.04045810718751069,4.045810718751069,0,VERY LOW,0
GRID_S10_E050,-10,50,2025,6,2025-06-01,0.325445357611145,32.5445357611145,0.04045279379547632,4.045279379547631,0,VERY LOW,0
GRID_N00_E050,0,50,2025,7,2025-07-01,0.32366486733091204,32.36648673309121,0.040427395023175515,4.042739502317551,0,VERY LOW,0
GRID_N60_E000,60,0,2025,8,2025-08-01,0.3146785623686548,31.467856236865483,0.04039957550063977,4.039957550063978,0,VERY LOW,0
GRID_S20_W170,-20,-170,2025,8,2025-08-01,0.3240026858471811,32.40026858471811,0.040391471908981916,4.039147190898191,0,VERY LOW,0
GRID_N60_W050,60,-50,2025,6,2025-06-01,0.30962063991083927,30.962063991083927,0.04037983316046971,4.037983316046971,0,VERY LOW,0
GRID_N50_E040,50,40,2025,6,2025-06-01,0.31461926196705436,31.461926196705438,0.04037741548708558,4.037741548708558,0,VERY LOW,0
GRID_N30_E110,30,110,2025,4,2025-04-01,0.3276246309797054,32.76246309797054,0.040376576822716045,4.037657682271605,0,VERY LOW,0
GRID_S60_W030,-60,-30,2025,7,2025-07-01,0.3273374860839229,32.73374860839229,0.04037512090434271,4.037512090434271,0,VERY LOW,0
GRID_N00_E080,0,80,2025,2,2025-02-01,0.33729152274016133,33.72915227401613,0.04037430193625693,4.037430193625693,0,VERY LOW,0
GRID_N40_E130,40,130,2025,6,2025-06-01,0.319994651715851,31.9994651715851,0.040332288170271,4.0332288170271,0,VERY LOW,0
GRID_S70_E040,-70,40,2025,7,2025-07-01,0.328001356042409,32.8001356042409,0.04033071512300525,4.033071512300525,0,VERY LOW,0
GRID_N60_W060,60,-60,2025,6,2025-06-01,0.3088368207787516,30.883682077875157,0.040327078506706006,4.032707850670601,0,VERY LOW,0
GRID_N10_E040,10,40,2025,3,2025-03-01,0.33362902758523594,33.362902758523596,0.04031867172423925,4.031867172423925,0,VERY LOW,0
GRID_N00_E050,0,50,2025,5,2025-05-01,0.3274926633806861,32.74926633806861,0.04031224871022056,4.031224871022056,0,VERY LOW,0
GRID_N00_W030,0,-30,2025,6,2025-06-01,0.3211545974882977,32.11545974882977,0.04030304687790032,4.030304687790032,0,VERY LOW,0
GRID_N10_E170,10,170,2025,4,2025-04-01,0.3295380458563827,32.95380458563827,0.040299418176431276,4.029941817643127,0,VERY LOW,0
GRID_S40_E020,-40,20,2025,2,2025-02-01,0.35354032889893794,35.354032889893794,0.040285521716636484,4.028552171663648,0,VERY LOW,0
GRID_S10_E090,-10,90,2025,3,2025-03-01,0.33474236262240414,33.47423626224042,0.040269185674729244,4.026918567472924,0,VERY LOW,0
GRID_N50_W180,50,-180,2025,5,2025-05-01,0.30925571107986005,30.925571107986006,0.04023698235137711,4.0236982351377115,0,VERY LOW,0
GRID_N20_W120,20,-120,2025,7,2025-07-01,0.31434684246959466,31.434684246959467,0.040216771842666456,4.021677184266646,0,VERY LOW,0
GRID_N60_E160,60,160,2025,3,2025-03-01,0.32545275518948225,32.54527551894822,0.040216731993746514,4.021673199374652,0,VERY LOW,0
GRID_N50_E020,50,20,2025,4,2025-04-01,0.32034110311577396,32.03411031157739,0.040193963487164676,4.019396348716468,0,VERY LOW,0
GRID_S70_W060,-70,-60,2025,8,2025-08-01,0.3278492875929016,32.78492875929016,0.040172927985249976,4.0172927985249975,0,VERY LOW,0
GRID_S30_W050,-30,-50,2025,10,2025-10-01,0.35344999809233757,35.344999809233755,0.04016489060558757,4.016489060558757,0,VERY LOW,1
GRID_N40_E080,40,80,2025,6,2025-06-01,0.3156843571008667,31.568435710086668,0.04014439660890974,4.014439660890974,0,VERY LOW,0
GRID_S70_E080,-70,80,2025,1,2025-01-01,0.34458397921982303,34.458397921982304,0.0401362733995001,4.01362733995001,0,VERY LOW,0
GRID_N50_W140,50,-140,2025,2,2025-02-01,0.32596921220740305,32.596921220740306,0.04011347092590534,4.011347092590533,0,VERY LOW,0
GRID_N00_E160,0,160,2025,3,2025-03-01,0.3330050886402205,33.30050886402205,0.040033976253682116,4.003397625368212,0,VERY LOW,0
GRID_S10_E050,-10,50,2025,7,2025-07-01,0.3215357471245663,32.15357471245663,0.04002678109240692,4.002678109240692,0,VERY LOW,0
GRID_N30_W040,30,-40,2025,9,2025-09-01,0.3220728320529396,32.207283205293955,0.04001822062047676,4.001822062047676,0,VERY LOW,0
GRID_S40_E130,-40,130,2025,11,2025-11-01,0.3384310030044656,33.84310030044656,0.03999185805394949,3.9991858053949487,0,VERY LOW,0
GRID_N00_W050,0,-50,2025,8,2025-08-01,0.3206906070116066,32.06906070116066,0.03999097434088782,3.9990974340887817,0,VERY LOW,0
GRID_S80_W130,-80,-130,2025,4,2025-04-01,0.3371980719204204,33.71980719204204,0.03994585412946529,3.994585412946529,0,VERY LOW,0
GRID_N10_W170,10,-170,2025,6,2025-06-01,0.3121471471335473,31.21471471335473,0.039923591048879124,3.9923591048879126,0,VERY LOW,0
GRID_N50_E040,50,40,2025,7,2025-07-01,0.31077978777381754,31.077978777381755,0.03991771652546079,3.9917716525460794,0,VERY LOW,0
GRID_N30_E140,30,140,2025,4,2025-04-01,0.3243615256975119,32.436152569751194,0.039917182642071676,3.991718264207168,0,VERY LOW,0
GRID_N60_W050,60,-50,2025,7,2025-07-01,0.30581494822759236,30.581494822759236,0.03990992538484241,3.9909925384842406,0,VERY LOW,0
GRID_N20_E170,20,170,2025,6,2025-06-01,0.31861646623629586,31.861646623629586,0.039894869467272394,3.9894869467272396,0,VERY LOW,0
GRID_N40_E130,40,130,2025,7,2025-07-01,0.31611983497626084,31.611983497626085,0.03988384500872225,3.9883845008722254,0,VERY LOW,0
GRID_N00_W030,0,-30,2025,7,2025-07-01,0.31727228834888377,31.727228834888376,0.039863470435818074,3.9863470435818074,0,VERY LOW,0
GRID_N20_W120,20,-120,2025,8,2025-08-01,0.3176485382067747,31.76485382067747,0.039857522272300286,3.9857522272300288,0,VERY LOW,0
GRID_N60_W060,60,-60,2025,7,2025-07-01,0.3050365065787657,30.50365065787657,0.03985708658695565,3.985708658695565,0,VERY LOW,0
GRID_S80_W080,-80,-80,2025,1,2025-01-01,0.3525484877688888,35.25484877688888,0.039843082330885744,3.9843082330885746,0,VERY LOW,0
GRID_S70_W070,-70,-70,2025,5,2025-05-01,0.3267791556034276,32.677915560342754,0.03984235986883301,3.9842359868833013,0,VERY LOW,0
GRID_N10_E060,10,60,2025,9,2025-09-01,0.32435241031685014,32.43524103168502,0.039841601625978745,3.9841601625978744,0,VERY LOW,0
GRID_N50_E010,50,10,2025,3,2025-03-01,0.32096887062470214,32.096887062470216,0.03981745173147151,3.9817451731471514,0,VERY LOW,1
GRID_N60_E010,60,10,2025,4,2025-04-01,0.31508722588611704,31.508722588611704,0.039764251343630215,3.9764251343630215,0,VERY LOW,0
GRID_N00_W120,0,-120,2025,6,2025-06-01,0.31399757041809595,31.399757041809593,0.03973987858780884,3.9739878587808843,0,VERY LOW,0
GRID_S30_E040,-30,40,2025,6,2025-06-01,0.3219592844783945,32.19592844783945,0.039724079339995874,3.9724079339995875,0,VERY LOW,0
GRID_N00_E170,0,170,2025,7,2025-07-01,0.3210137370188604,32.10137370188604,0.03971819293885846,3.9718192938858463,0,VERY LOW,0
GRID_S70_E070,-70,70,2025,5,2025-05-01,0.3264602338152286,32.64602338152286,0.03970086887105738,3.970086887105738,0,VERY LOW,0
GRID_N60_E000,60,0,2025,4,2025-04-01,0.31429586801671683,31.429586801671682,0.03969960439171838,3.969960439171838,0,VERY LOW,0
GRID_S10_W100,-10,-100,2025,4,2025-04-01,0.32361133003147574,32.36113300314757,0.039695973908300916,3.9695973908300917,0,VERY LOW,0
GRID_N40_E080,40,80,2025,7,2025-07-01,0.3118377988272181,31.18377988272181,0.03969488210465164,3.969488210465164,0,VERY LOW,0
GRID_S60_W050,-60,-50,2025,1,2025-01-01,0.35065740821535385,35.065740821535385,0.03965079446730019,3.9650794467300186,0,VERY LOW,0
GRID_N30_W040,30,-40,2025,4,2025-04-01,0.31851242253774154,31.851242253774153,0.03963809455297486,3.963809455297486,0,VERY LOW,0
GRID_N00_W060,0,-60,2025,2,2025-02-01,0.33503296146111583,33.50329614611158,0.03961855518197257,3.961855518197257,0,VERY LOW,0
GRID_S80_W170,-80,-170,2025,10,2025-10-01,0.3405260568381573,34.05260568381573,0.03959583175586703,3.959583175586703,0,VERY LOW,0
GRID_S40_W060,-40,-60,2025,5,2025-05-01,0.3224111874917744,32.24111874917744,0.03958618540082868,3.9586185400828677,0,VERY LOW,1
GRID_N10_W140,10,-140,2025,11,2025-11-01,0.32500129931856747,32.50012993185675,0.03956604036855017,3.9566040368550173,0,VERY LOW,0
GRID_N00_E110,0,110,2025,10,2025-10-01,0.3306583239194728,33.06583239194728,0.03955248687458312,3.9552486874583117,0,VERY LOW,0
GRID_S50_W070,-50,-70,2025,3,2025-03-01,0.33799864328795387,33.79986432879539,0.03954997891006864,3.954997891006864,0,VERY LOW,0
GRID_N10_E170,10,170,2025,9,2025-09-01,0.3237223353463532,32.37223353463532,0.03952982455324125,3.952982455324125,0,VERY LOW,0
GRID_N20_E110,20,110,2025,11,2025-11-01,0.3259165691189695,32.59165691189695,0.039520441011972406,3.9520441011972407,0,VERY LOW,0
GRID_S10_E040,-10,40,2025,5,2025-05-01,0.323200522918586,32.320052291858595,0.03951997967713261,3.951997967713261,0,VERY LOW,0
GRID_N50_W070,50,-70,2025,4,2025-04-01,0.31333264227996743,31.333264227996743,0.03949610440508449,3.949610440508449,0,VERY LOW,0
GRID_S10_E040,-10,40,2025,11,2025-11-01,0.33369446486089027,33.369446486089025,0.039471148455675176,3.9471148455675173,0,VERY LOW,0
GRID_N10_W170,10,-170,2025,7,2025-07-01,0.3083242699399951,30.832426993999512,0.03946894964257243,3.946894964257243,0,VERY LOW,0
GRID_N40_W030,40,-30,2025,6,2025-06-01,0.30703016459797616,30.703016459797617,0.039461662134001055,3.9461662134001054,0,VERY LOW,0
GRID_S10_E160,-10,160,2025,4,2025-04-01,0.32444236782543495,32.4442367825435,0.03945867095378068,3.945867095378068,0,VERY LOW,0
GRID_S60_W050,-60,-50,2025,5,2025-05-01,0.3315585706830945,33.15585706830945,0.039455350248773946,3.945535024877395,0,VERY LOW,0
GRID_N20_W050,20,-50,2025,5,2025-05-01,0.3132159132068383,31.32159132068383,0.03945141101360432,3.9451411013604316,0,VERY LOW,0
GRID_S10_W100,-10,-100,2025,3,2025-03-01,0.3286485062597369,32.86485062597369,0.03943869206102684,3.943869206102684,0,VERY LOW,0
GRID_N10_W140,10,-140,2025,1,2025-01-01,0.329497833539658,32.9497833539658,0.03943586943804433,3.9435869438044326,0,VERY LOW,0
GRID_N50_W080,50,-80,2025,4,2025-04-01,0.31254368023261847,31.254368023261847,0.03943534325866514,3.9435343258665143,0,VERY LOW,0
GRID_N40_E040,40,40,2025,3,2025-03-01,0.3215790290081427,32.15790290081427,0.039418749820624314,3.9418749820624313,0,VERY LOW,0
GRID_S70_E010,-70,10,2025,6,2025-06-01,0.3249509796103353,32.49509796103353,0.03941683384446264,3.9416833844462635,0,VERY LOW,0
GRID_S80_W050,-80,-50,2025,7,2025-07-01,0.3202168543861915,32.02168543861915,0.03938909199267499,3.938909199267499,0,VERY LOW,0
GRID_N50_W150,50,-150,2025,6,2025-06-01,0.29978308681569976,29.978308681569978,0.03934929647944659,3.934929647944659,0,VERY LOW,0
GRID_N10_W150,10,-150,2025,11,2025-11-01,0.32453273592275234,32.45327359227523,0.039334305661091105,3.9334305661091107,0,VERY LOW,0
GRID_S30_E040,-30,40,2025,7,2025-07-01,0.3180718056214304,31.80718056214304,0.039318090629799046,3.9318090629799047,0,VERY LOW,0
GRID_N00_E100,0,100,2025,4,2025-04-01,0.3217580258843252,32.175802588432525,0.039312373773668474,3.9312373773668474,0,VERY LOW,0
GRID_S50_E140,-50,140,2025,9,2025-09-01,0.3298573433903025,32.985734339030245,0.03930000885449626,3.9300008854496262,0,VERY LOW,0
GRID_N00_W120,0,-120,2025,7,2025-07-01,0.3101622497203494,31.01622497203494,0.03929687622802377,3.9296876228023767,0,VERY LOW,0
GRID_N40_W060,40,-60,2025,6,2025-06-01,0.30469298224166036,30.469298224166035,0.0392931527683737,3.9293152768373703,0,VERY LOW,0
GRID_S40_E120,-40,120,2025,11,2025-11-01,0.3312321676317829,33.12321676317829,0.039276746304417284,3.9276746304417283,0,VERY LOW,0
GRID_S70_E020,-70,20,2025,9,2025-09-01,0.3241311456560248,32.41311456560248,0.03925120130148954,3.925120130148954,0,VERY LOW,0
GRID_N60_E030,60,30,2025,5,2025-05-01,0.30547903531930415,30.547903531930416,0.03924103723489841,3.924103723489841,0,VERY LOW,0
GRID_N30_E040,30,40,2025,8,2025-08-01,0.31154902679276314,31.154902679276315,0.03922876430023266,3.922876430023266,0,VERY LOW,1
GRID_S10_E070,-10,70,2025,9,2025-09-01,0.3223768695168216,32.23768695168216,0.03922492146797966,3.922492146797966,0,VERY LOW,1
GRID_S80_W030,-80,-30,2025,9,2025-09-01,0.3236426560740028,32.36426560740028,0.039210392739572955,3.9210392739572955,0,VERY LOW,0
GRID_S30_E040,-30,40,2025,8,2025-08-01,0.3201797302761923,32.01797302761923,0.039203605403131475,3.9203605403131476,0,VERY LOW,0
GRID_N40_E070,40,70,2025,1,2025-01-01,0.3287350501007215,32.87350501007215,0.0391508655897808,3.91508655897808,0,VERY LOW,0
GRID_S80_W070,-80,-70,2025,6,2025-06-01,0.31812316786526573,31.812316786526573,0.03914604787731311,3.9146047877313106,0,VERY LOW,0
GRID_S60_W030,-60,-30,2025,5,2025-05-01,0.3205619526230786,32.05619526230786,0.03913900547195577,3.9139005471955772,0,VERY LOW,0
GRID_S30_W180,-30,-180,2025,2,2025-02-01,0.3310854023703627,33.10854023703627,0.03912577462580872,3.912577462580872,0,VERY LOW,0
GRID_S70_E040,-70,40,2025,5,2025-05-01,0.3212186431590032,32.121864315900325,0.039092245477051486,3.909224547705149,0,VERY LOW,0
GRID_N00_E170,0,170,2025,6,2025-06-01,0.31440109848476605,31.440109848476606,0.039091706483657854,3.9091706483657855,0,VERY LOW,0
GRID_N40_E050,40,50,2025,11,2025-11-01,0.3226379417485881,32.26379417485881,0.03904915536292013,3.9049155362920125,0,VERY LOW,0
GRID_N20_W120,20,-120,2025,5,2025-05-01,0.3077171934557076,30.77171934557076,0.03903717088483621,3.9037170884836208,0,VERY LOW,0
GRID_S50_E170,-50,170,2025,10,2025-10-01,0.3271177675228202,32.71177675228202,0.03903031886282937,3.903031886282937,0,VERY LOW,0
GRID_N40_E140,40,140,2025,5,2025-05-01,0.3099264643765078,30.992646437650777,0.03901749777564174,3.9017497775641736,0,VERY LOW,0
GRID_N40_W030,40,-30,2025,7,2025-07-01,0.3032423279236894,30.32423279236894,0.03901067627140041,3.901067627140041,0,VERY LOW,0
GRID_N60_W160,60,-160,2025,10,2025-10-01,0.3298562334149358,32.98562334149358,0.039002248840580234,3.9002248840580234,0,VERY LOW,0
GRID_N50_E060,50,60,2025,10,2025-10-01,0.3166587404655131,31.665874046551313,0.039002156057453156,3.9002156057453155,0,VERY LOW,0
GRID_N40_W030,40,-30,2025,5,2025-05-01,0.3069382089380183,30.69382089380183,0.038940833587191186,3.8940833587191186,0,VERY LOW,0
GRID_N50_W070,50,-70,2025,7,2025-07-01,0.29948109370017173,29.94810937001717,0.038935526990792946,3.8935526990792946,0,VERY LOW,0
GRID_N10_W150,10,-150,2025,2,2025-02-01,0.3223897893752741,32.23897893752741,0.0389340001344463,3.8934000134446296,0,VERY LOW,0
GRID_N00_E110,0,110,2025,11,2025-11-01,0.3261716119026705,32.617161190267055,0.03891253095783444,3.8912530957834437,0,VERY LOW,0
GRID_N50_W180,50,-180,2025,8,2025-08-01,0.2985673145836385,29.85673145836385,0.038906374532771446,3.8906374532771446,0,VERY LOW,0
GRID_N50_W140,50,-140,2025,10,2025-10-01,0.30993841024679303,30.993841024679302,0.038901937573496546,3.8901937573496546,0,VERY LOW,0
GRID_N50_W150,50,-150,2025,7,2025-07-01,0.29604646140193164,29.604646140193164,0.03888723834926809,3.888723834926809,0,VERY LOW,0
GRID_S80_W030,-80,-30,2025,2,2025-02-01,0.3314933871218823,33.14933871218823,0.038886574464044435,3.8886574464044434,0,VERY LOW,0
GRID_S10_W100,-10,-100,2025,9,2025-09-01,0.3178506284823561,31.78506284823561,0.038878489450467166,3.8878489450467164,0,VERY LOW,0
GRID_N30_E150,30,150,2025,9,2025-09-01,0.31451733337943677,31.451733337943676,0.038852426621219974,3.8852426621219975,0,VERY LOW,0
GRID_N40_W060,40,-60,2025,7,2025-07-01,0.3009214583529727,30.092145835297266,0.03884168310053115,3.8841683100531146,0,VERY LOW,1
GRID_S30_W050,-30,-50,2025,11,2025-11-01,0.34169375746812075,34.16937574681207,0.038822909095318964,3.8822909095318963,0,VERY LOW,0
GRID_N50_E040,50,40,2025,5,2025-05-01,0.3041919927679498,30.419199276794977,0.03880895551615345,3.880895551615345,0,VERY LOW,0
GRID_N20_E110,20,110,2025,2,2025-02-01,0.32094446066557575,32.09444606655757,0.03880843816636226,3.880843816636226,0,VERY LOW,0
GRID_N60_W050,60,-50,2025,5,2025-05-01,0.29928669545088055,29.928669545088056,0.03878185063119518,3.878185063119518,0,VERY LOW,0
GRID_S80_W070,-80,-70,2025,7,2025-07-01,0.3142605399094568,31.42605399094568,0.03877055707799243,3.8770557077992427,0,VERY LOW,0
GRID_N20_W020,20,-20,2025,10,2025-10-01,0.31590118765653563,31.590118765653564,0.03873117848716069,3.873117848716069,0,VERY LOW,0
GRID_N60_W060,60,-60,2025,5,2025-05-01,0.2985177253125959,29.85177253125959,0.038728086701142216,3.8728086701142215,0,VERY LOW,0
GRID_N20_W020,20,-20,2025,2,2025-02-01,0.32109011234317136,32.10901123431714,0.03872335762882065,3.8723357628820647,0,VERY LOW,0
GRID_S10_E170,-10,170,2025,6,2025-06-01,0.31230477783570837,31.230477783570837,0.038721404228323805,3.8721404228323806,0,VERY LOW,0
GRID_S70_W070,-70,-70,2025,8,2025-08-01,0.3157619772952443,31.57619772952443,0.03872042559304998,3.872042559304998,0,VERY LOW,0
GRID_N00_W030,0,-30,2025,5,2025-05-01,0.3106088910620755,31.06088910620755,0.03870307908228352,3.870307908228352,0,VERY LOW,0
GRID_S10_E090,-10,90,2025,1,2025-01-01,0.3272194784312673,32.72194784312673,0.03865639132157513,3.865639132157513,0,VERY LOW,0
GRID_N50_E170,50,170,2025,11,2025-11-01,0.3127616808759387,31.27616808759387,0.03864857725382546,3.864857725382546,0,VERY LOW,0
GRID_S20_W160,-20,-160,2025,6,2025-06-01,0.30668576027594247,30.668576027594245,0.03864333529302146,3.8643335293021464,0,VERY LOW,0
GRID_S70_E070,-70,70,2025,8,2025-08-01,0.31544876962377383,31.544876962377383,0.038639506077187226,3.8639506077187225,0,VERY LOW,0
GRID_S70_E110,-70,110,2025,6,2025-06-01,0.3147017047693309,31.47017047693309,0.0386292627954077,3.8629262795407704,0,VERY LOW,0
GRID_N50_E170,50,170,2025,1,2025-01-01,0.3171684443564947,31.71684443564947,0.03861738163420638,3.8617381634206382,0,VERY LOW,0
GRID_N40_E080,40,80,2025,5,2025-05-01,0.30523750896773766,30.523750896773766,0.03859811031936863,3.8598110319368626,0,VERY LOW,0
GRID_N10_E050,10,50,2025,6,2025-06-01,0.3070571306616615,30.70571306616615,0.03859725775654199,3.859725775654199,0,VERY LOW,0
GRID_N50_W170,50,-170,2025,11,2025-11-01,0.30843209639616836,30.843209639616838,0.03859552746405205,3.859552746405205,0,VERY LOW,0
GRID_N00_W100,0,-100,2025,9,2025-09-01,0.31230491700801427,31.230491700801426,0.038592782629022146,3.8592782629022144,0,VERY LOW,0
GRID_N50_W130,50,-130,2025,1,2025-01-01,0.3465037585041604,34.65037585041604,0.03856685028302902,3.8566850283029015,0,VERY LOW,0
GRID_N40_E130,40,130,2025,9,2025-09-01,0.3109349324760242,31.09349324760242,0.03856039215731204,3.8560392157312036,0,VERY LOW,0
GRID_N50_E070,50,70,2025,9,2025-09-01,0.3083113435984994,30.831134359849937,0.03855964239884017,3.855964239884017,0,VERY LOW,0
GRID_S80_W060,-80,-60,2025,6,2025-06-01,0.31332921768762695,31.332921768762695,0.03855339901588176,3.8553399015881764,0,VERY LOW,0
GRID_N60_W050,60,-50,2025,8,2025-08-01,0.2988345140404703,29.88345140404703,0.03854218765217983,3.854218765217983,0,VERY LOW,0
GRID_N20_W030,20,-30,2025,6,2025-06-01,0.30289994348422183,30.289994348422184,0.038518593744308514,3.8518593744308514,0,VERY LOW,0
GRID_N30_E000,30,0,2025,3,2025-03-01,0.3131555065267687,31.315550652676873,0.038505712509122415,3.8505712509122416,0,VERY LOW,0
GRID_N60_W060,60,-60,2025,8,2025-08-01,0.2980662115062508,29.80662115062508,0.03848728078545775,3.848728078545775,0,VERY LOW,0
GRID_S20_W170,-20,-170,2025,4,2025-04-01,0.3131177354178102,31.31177354178102,0.038483760383137645,3.8483760383137646,0,VERY LOW,0
GRID_N20_W040,20,-40,2025,6,2025-06-01,0.30212569250274107,30.212569250274107,0.038458880722381454,3.845888072238145,0,VERY LOW,0
GRID_N00_E080,0,80,2025,1,2025-01-01,0.32212709844934206,32.21270984493421,0.0384459453399693,3.8445945339969296,0,VERY LOW,0
GRID_S70_E020,-70,20,2025,3,2025-03-01,0.32398547706097697,32.398547706097695,0.03844478886434838,3.844478886434838,0,VERY LOW,0
GRID_N30_E150,30,150,2025,4,2025-04-01,0.31100213061602117,31.100213061602116,0.03843643556633699,3.843643556633699,0,VERY LOW,0
GRID_N40_E080,40,80,2025,8,2025-08-01,0.30478024733131776,30.478024733131775,0.038393378642825826,3.839337864282583,0,VERY LOW,0
GRID_N50_E100,50,100,2025,10,2025-10-01,0.31260756268414186,31.260756268414188,0.0383898314149902,3.8389831414990203,0,VERY LOW,0
GRID_N20_E170,20,170,2025,5,2025-05-01,0.3081162755322252,30.81162755322252,0.03838493334269068,3.8384933342690677,0,VERY LOW,0
GRID_S70_E030,-70,30,2025,8,2025-08-01,0.31384296695847913,31.38429669584791,0.038383371429321834,3.8383371429321835,0,VERY LOW,0
GRID_N50_W090,50,-90,2025,9,2025-09-01,0.30273841878737706,30.273841878737706,0.038369250833694274,3.8369250833694273,0,VERY LOW,0
GRID_N50_W170,50,-170,2025,1,2025-01-01,0.3128056231061442,31.280562310614417,0.03836905914864046,3.8369059148640456,0,VERY LOW,0
GRID_S10_E170,-10,170,2025,7,2025-07-01,0.30848083590713854,30.848083590713856,0.03832524045871057,3.8325240458710574,0,VERY LOW,0
GRID_N30_W040,30,-40,2025,10,2025-10-01,0.3134131737878367,31.341317378783668,0.038314082925048336,3.8314082925048334,0,VERY LOW,0
GRID_N40_W040,40,-40,2025,11,2025-11-01,0.31503049149563517,31.503049149563516,0.03830464320653433,3.8304643206534332,0,VERY LOW,0
GRID_N10_W170,10,-170,2025,5,2025-05-01,0.3017657361980139,30.17657361980139,0.038299832188611424,3.8299832188611425,0,VERY LOW,0
GRID_N00_W060,0,-60,2025,4,2025-04-01,0.3121787363123093,31.21787363123093,0.038298622351077255,3.8298622351077256,0,VERY LOW,0
GRID_N00_E070,0,70,2025,3,2025-03-01,0.3167409794088829,31.67409794088829,0.038296427217507215,3.8296427217507216,0,VERY LOW,0
GRID_N30_E170,30,170,2025,4,2025-04-01,0.30971050533360445,30.971050533360444,0.03827857641350679,3.827857641350679,0,VERY LOW,0
GRID_S70_E110,-70,110,2025,7,2025-07-01,0.31086168080586707,31.086168080586706,0.03827606959405057,3.827606959405057,0,VERY LOW,0
GRID_S10_E060,-10,60,2025,4,2025-04-01,0.31366185590986395,31.366185590986394,0.03827557826659725,3.8275578266597248,0,VERY LOW,0
GRID_N30_W020,30,-20,2025,3,2025-03-01,0.31171756450118243,31.17175645011824,0.038262526779419194,3.8262526779419193,0,VERY LOW,0
GRID_N00_E060,0,60,2025,6,2025-06-01,0.3057663664655823,30.57663664655823,0.03825857795851265,3.8258577958512654,0,VERY LOW,0
GRID_N40_E030,40,30,2025,2,2025-02-01,0.3166589385067953,31.665893850679527,0.03825731354832404,3.825731354832404,0,VERY LOW,0
GRID_S10_E050,-10,50,2025,4,2025-04-01,0.3143334893651605,31.433348936516047,0.03824588222961405,3.824588222961405,0,VERY LOW,0
GRID_S20_W160,-20,-160,2025,7,2025-07-01,0.302900315300412,30.2900315300412,0.03821830028614136,3.821830028614136,0,VERY LOW,0
GRID_S30_W180,-30,-180,2025,10,2025-10-01,0.3152781282440825,31.52781282440825,0.03820347816433668,3.820347816433668,0,VERY LOW,0
GRID_N20_W050,20,-50,2025,8,2025-08-01,0.30245057616959986,30.245057616959986,0.03819916489755413,3.8199164897554128,0,VERY LOW,0
GRID_S10_E090,-10,90,2025,10,2025-10-01,0.31551347498454624,31.551347498454625,0.03819688179514889,3.8196881795148894,0,VERY LOW,0
GRID_N20_E070,20,70,2025,10,2025-10-01,0.31503091326679816,31.503091326679815,0.03818873337124832,3.818873337124832,0,VERY LOW,1
GRID_S80_W060,-80,-60,2025,7,2025-07-01,0.3094983774758731,30.94983774758731,0.038184076480199884,3.8184076480199884,0,VERY LOW,0
GRID_S50_W070,-50,-70,2025,1,2025-01-01,0.33637314537765384,33.637314537765384,0.03818281713191423,3.818281713191423,0,VERY LOW,0
GRID_N10_E050,10,50,2025,7,2025-07-01,0.3032691068999305,30.32691068999305,0.03817699773542354,3.817699773542354,0,VERY LOW,0
GRID_N30_E030,30,30,2025,2,2025-02-01,0.3138938891496123,31.38938891496123,0.038176228371569886,3.8176228371569887,0,VERY LOW,0
GRID_N10_E060,10,60,2025,3,2025-03-01,0.3137001109802399,31.37001109802399,0.03816376461919108,3.8163764619191083,0,VERY LOW,0
GRID_S30_E040,-30,40,2025,5,2025-05-01,0.31139927557357727,31.139927557357726,0.038162310853336615,3.8162310853336616,0,VERY LOW,0
GRID_N00_W060,0,-60,2025,10,2025-10-01,0.31631687212593707,31.631687212593707,0.038160387780094486,3.8160387780094487,0,VERY LOW,1
GRID_N60_E160,60,160,2025,8,2025-08-01,0.2994273820622594,29.94273820622594,0.03814492978862268,3.814492978862268,0,VERY LOW,0
GRID_N10_E060,10,60,2025,10,2025-10-01,0.3156599993517602,31.56599993517602,0.038139805929473865,3.8139805929473867,0,VERY LOW,0
GRID_S70_E090,-70,90,2025,6,2025-06-01,0.3103469703096021,31.034697030960213,0.03811829796910478,3.811829796910478,0,VERY LOW,0
GRID_S80_W080,-80,-80,2025,2,2025-02-01,0.3285597383678069,32.85597383678069,0.038102288732539916,3.8102288732539917,0,VERY LOW,0
GRID_N20_W030,20,-30,2025,7,2025-07-01,0.2991410653464736,29.91410653464736,0.03808658850267084,3.808658850267084,0,VERY LOW,0
GRID_S80_W030,-80,-30,2025,1,2025-01-01,0.327020219519809,32.702021951980896,0.038083821637256696,3.8083821637256694,0,VERY LOW,0
GRID_N00_E050,0,50,2025,8,2025-08-01,0.3060934479316467,30.609344793164674,0.03806929702730363,3.8069297027303626,0,VERY LOW,0
GRID_S30_E160,-30,160,2025,6,2025-06-01,0.3088950061593244,30.88950061593244,0.03805985259932241,3.805985259932241,0,VERY LOW,0
GRID_N50_W140,50,-140,2025,1,2025-01-01,0.311074887174977,31.1074887174977,0.03804497285069975,3.804497285069975,0,VERY LOW,0
GRID_S30_E170,-30,170,2025,6,2025-06-01,0.3081351525003719,30.813515250037188,0.03804271713453293,3.804271713453293,0,VERY LOW,0
GRID_S70_W060,-70,-60,2025,3,2025-03-01,0.3218780776687319,32.18780776687319,0.038040062988461645,3.8040062988461645,0,VERY LOW,0
GRID_S60_W040,-60,-40,2025,1,2025-01-01,0.33213611362071177,33.21361136207118,0.03803736415912049,3.803736415912049,0,VERY LOW,0
GRID_S70_E040,-70,40,2025,8,2025-08-01,0.31030252552367066,31.030252552367067,0.03803359699540679,3.8033596995406787,0,VERY LOW,0
GRID_S60_W030,-60,-30,2025,8,2025-08-01,0.3096579708287116,30.96579708287116,0.0380321345537033,3.8032134553703303,0,VERY LOW,0
GRID_N20_W040,20,-40,2025,7,2025-07-01,0.2983723100541266,29.83723100541266,0.038026633800159707,3.8026633800159706,0,VERY LOW,0
GRID_N00_E160,0,160,2025,10,2025-10-01,0.31382891903319643,31.382891903319642,0.0379846911860565,3.7984691186056496,0,VERY LOW,0
GRID_N60_W130,60,-130,2025,2,2025-02-01,0.34097241441844456,34.09724144184445,0.03797381275056237,3.797381275056237,0,VERY LOW,0
GRID_N60_E030,60,30,2025,8,2025-08-01,0.2948654470767282,29.486544707672817,0.03796910300501587,3.7969103005015867,0,VERY LOW,0
GRID_N60_E120,60,120,2025,1,2025-01-01,0.339274932562821,33.9274932562821,0.03796867315528961,3.796867315528961,0,VERY LOW,0
GRID_N30_E100,30,100,2025,4,2025-04-01,0.3055478266900701,30.554782669007007,0.03796264602328832,3.796264602328832,0,VERY LOW,0
GRID_S60_W050,-60,-50,2025,2,2025-02-01,0.32673239941362214,32.67323994136221,0.037945225163333825,3.7945225163333824,0,VERY LOW,0
GRID_N30_W030,30,-30,2025,11,2025-11-01,0.3137213845411617,31.372138454116172,0.03794050031046346,3.7940500310463463,0,VERY LOW,0
GRID_N20_W070,20,-70,2025,3,2025-03-01,0.30833659092904186,30.833659092904185,0.037916797355280446,3.7916797355280445,0,VERY LOW,0
GRID_N60_W020,60,-20,2025,6,2025-06-01,0.2899912306687571,28.99912306687571,0.03791606985680247,3.7916069856802475,0,VERY LOW,0
GRID_N00_E060,0,60,2025,7,2025-07-01,0.30198732671665146,30.198732671665145,0.03784862322666449,3.784862322666449,0,VERY LOW,0
GRID_N60_W140,60,-140,2025,4,2025-04-01,0.29320781802034535,29.320781802034535,0.037845551277850956,3.7845551277850955,0,VERY LOW,0
GRID_N40_W080,40,-80,2025,3,2025-03-01,0.30839070477851704,30.839070477851706,0.03781700843471261,3.781700843471261,0,VERY LOW,0
GRID_N40_E140,40,140,2025,8,2025-08-01,0.2992249279341911,29.92249279341911,0.03779430629252761,3.7794306292527615,0,VERY LOW,0
GRID_N10_W180,10,-180,2025,4,2025-04-01,0.30180734762276046,30.180734762276046,0.03778285081655947,3.7782850816559472,0,VERY LOW,0
GRID_N50_E100,50,100,2025,11,2025-11-01,0.3078256981468099,30.782569814680986,0.03777812745090954,3.777812745090954,0,VERY LOW,0
GRID_S70_E090,-70,90,2025,7,2025-07-01,0.30653631494613076,30.653631494613077,0.03776624585040524,3.7766245850405245,0,VERY LOW,0
GRID_N40_W060,40,-60,2025,5,2025-05-01,0.29445335760411756,29.445335760411755,0.03773869343317147,3.7738693433171466,0,VERY LOW,0
GRID_S10_E160,-10,160,2025,9,2025-09-01,0.30826477716635436,30.826477716635438,0.0377296650137415,3.7729665013741496,0,VERY LOW,0
GRID_S10_E040,-10,40,2025,6,2025-06-01,0.30215241563239287,30.215241563239285,0.037728702146286076,3.7728702146286075,0,VERY LOW,0
GRID_N00_W020,0,-20,2025,6,2025-06-01,0.2995707144233912,29.95707144233912,0.03772051305887503,3.7720513058875027,0,VERY LOW,0
GRID_N50_E030,50,30,2025,6,2025-06-01,0.2917660235716015,29.176602357160146,0.03770264122340701,3.770264122340701,0,VERY LOW,1
GRID_S10_E050,-10,50,2025,8,2025-08-01,0.30402795611400546,30.402795611400546,0.0377011129104982,3.77011129104982,0,VERY LOW,0
GRID_S60_W080,-60,-80,2025,6,2025-06-01,0.3046448735179589,30.46448735179589,0.03769971316782271,3.769971316782271,0,VERY LOW,0
GRID_N50_E090,50,90,2025,3,2025-03-01,0.3035074310011286,30.350743100112858,0.03769703912467345,3.7697039124673446,0,VERY LOW,0
GRID_S20_W170,-20,-170,2025,1,2025-01-01,0.3215604799693935,32.15604799693935,0.03769506518042346,3.769506518042346,0,VERY LOW,0
GRID_S30_E160,-30,160,2025,7,2025-07-01,0.30509429202516,30.509429202515996,0.037683796964398275,3.7683796964398275,0,VERY LOW,0
GRID_S10_E070,-10,70,2025,3,2025-03-01,0.31331320254902395,31.331320254902394,0.03768051731631923,3.7680517316319233,0,VERY LOW,0
GRID_S30_E170,-30,170,2025,7,2025-07-01,0.30433967060764155,30.433967060764154,0.037668119450098306,3.7668119450098305,0,VERY LOW,0
GRID_N50_W010,50,-10,2025,10,2025-10-01,0.302149109022941,30.2149109022941,0.03765426735163184,3.765426735163184,0,VERY LOW,1
GRID_S10_E130,-10,130,2025,4,2025-04-01,0.30989519584758857,30.989519584758856,0.03764779425150609,3.7647794251506093,0,VERY LOW,1
GRID_S30_W060,-30,-60,2025,11,2025-11-01,0.32327775576152723,32.327775576152725,0.03764713486006731,3.764713486006731,0,VERY LOW,1
GRID_N00_W130,0,-130,2025,7,2025-07-01,0.29750636477660386,29.750636477660386,0.03764144483468303,3.7641444834683027,0,VERY LOW,0
GRID_N00_E170,0,170,2025,5,2025-05-01,0.3039778529284143,30.397785292841426,0.03761075561211797,3.761075561211797,0,VERY LOW,0
GRID_S40_W060,-40,-60,2025,4,2025-04-01,0.3110925739909627,31.10925739909627,0.037608277534974026,3.7608277534974026,0,VERY LOW,0
GRID_N60_W170,60,-170,2025,10,2025-10-01,0.2975294479179554,29.75294479179554,0.037585458308687134,3.758545830868713,0,VERY LOW,0
GRID_S80_W020,-80,-20,2025,6,2025-06-01,0.30518125355842657,30.518125355842656,0.037573351034471625,3.7573351034471623,0,VERY LOW,0
GRID_N40_E130,40,130,2025,8,2025-08-01,0.29877707767441025,29.877707767441024,0.037566872257571694,3.7566872257571693,0,VERY LOW,0
GRID_S80_W070,-80,-70,2025,5,2025-05-01,0.3076318943943802,30.763189439438023,0.037564598963410564,3.7564598963410565,0,VERY LOW,0
GRID_N50_E040,50,40,2025,8,2025-08-01,0.29360421776827134,29.360421776827135,0.03756137672305652,3.756137672305652,0,VERY LOW,0
GRID_S10_E130,-10,130,2025,9,2025-09-01,0.30745994038236574,30.745994038236574,0.037559761702926034,3.7559761702926036,0,VERY LOW,0
GRID_N70_E140,70,140,2025,9,2025-09-01,0.2956622125263188,29.56622125263188,0.0375372351484423,3.7537235148442303,0,VERY LOW,0
GRID_N30_E040,30,40,2025,4,2025-04-01,0.30089623142898936,30.089623142898937,0.03753090169257027,3.753090169257027,0,VERY LOW,0
GRID_S40_W070,-40,-70,2025,3,2025-03-01,0.3188127013707625,31.88127013707625,0.03752688293214844,3.752688293214844,0,VERY LOW,0
GRID_N10_E020,10,20,2025,1,2025-01-01,0.31788845756167117,31.788845756167117,0.03751628005819838,3.751628005819838,0,VERY LOW,1
GRID_N10_E040,10,40,2025,1,2025-01-01,0.3167845257632328,31.67845257632328,0.03750544942927057,3.7505449429270565,0,VERY LOW,0
GRID_N00_W030,0,-30,2025,8,2025-08-01,0.2998940312968373,29.98940312968373,0.0375035290734715,3.75035290734715,0,VERY LOW,0
GRID_N60_W020,60,-20,2025,7,2025-07-01,0.28632674755287474,28.632674755287475,0.037475069191006814,3.7475069191006813,0,VERY LOW,1
GRID_N00_W120,0,-120,2025,4,2025-04-01,0.3031009397549906,30.310093975499058,0.03743957158761709,3.743957158761709,0,VERY LOW,0
GRID_S80_W120,-80,-120,2025,7,2025-07-01,0.3038706251715532,30.38706251715532,0.037397832896399676,3.7397832896399676,0,VERY LOW,0
GRID_S50_E160,-50,160,2025,6,2025-06-01,0.3032207529137979,30.32207529137979,0.03735730901620759,3.7357309016207587,0,VERY LOW,0
GRID_N40_E050,40,50,2025,6,2025-06-01,0.2912695009745536,29.126950097455364,0.03735529245002683,3.7355292450026827,0,VERY LOW,0
GRID_N30_E150,30,150,2025,10,2025-10-01,0.3059691355403018,30.59691355403018,0.037347097695987,3.7347097695987,0,VERY LOW,0
GRID_S10_E040,-10,40,2025,7,2025-07-01,0.29839884314799786,29.839884314799786,0.03732816826542949,3.7328168265429493,0,VERY LOW,0
GRID_S60_W080,-60,-80,2025,7,2025-07-01,0.3008736874414016,30.087368744140157,0.0373200351213566,3.73200351213566,0,VERY LOW,0
GRID_N50_E130,50,130,2025,9,2025-09-01,0.30247884728511404,30.247884728511405,0.037311074873745756,3.7311074873745755,0,VERY LOW,0
GRID_N00_W020,0,-20,2025,7,2025-07-01,0.29583561773318023,29.583561773318024,0.03730805665797831,3.730805665797831,0,VERY LOW,0
GRID_S50_E170,-50,170,2025,11,2025-11-01,0.31174612739347207,31.174612739347207,0.03730584938889024,3.730584938889024,0,VERY LOW,0
GRID_N60_E160,60,160,2025,2,2025-02-01,0.3013360791941715,30.13360791941715,0.037302801184228254,3.7302801184228254,0,VERY LOW,0
GRID_N10_E040,10,40,2025,2,2025-02-01,0.30918418292263095,30.918418292263095,0.037275965427269464,3.727596542726946,0,VERY LOW,0
GRID_N20_E070,20,70,2025,5,2025-05-01,0.2994746015397153,29.947460153971527,0.037268499798073715,3.7268499798073713,0,VERY LOW,1
GRID_S10_E090,-10,90,2025,2,2025-02-01,0.31025392402970675,31.025392402970674,0.037257707319724054,3.725770731972405,0,VERY LOW,0
GRID_S10_E170,-10,170,2025,5,2025-05-01,0.3019204255038152,30.19204255038152,0.03725334779992834,3.725334779992834,0,VERY LOW,0
GRID_N60_W130,60,-130,2025,11,2025-11-01,0.3103953311607696,31.03953311607696,0.03723667200565699,3.7236672005656986,0,VERY LOW,0
GRID_N20_E160,20,160,2025,3,2025-03-01,0.30405723663174283,30.40572366317428,0.0372338441857825,3.72338441857825,0,VERY LOW,0
GRID_S80_W020,-80,-20,2025,7,2025-07-01,0.301406305732645,30.1406305732645,0.03721952186882731,3.7219521868827306,0,VERY LOW,0
GRID_N20_E170,20,170,2025,8,2025-08-01,0.29745030156507957,29.74503015650796,0.03721421000368754,3.7214210003687542,0,VERY LOW,0
GRID_S10_W060,-10,-60,2025,10,2025-10-01,0.3212349561621003,32.12349561621003,0.037212688211398406,3.721268821139841,0,VERY LOW,0
GRID_S80_W080,-80,-80,2025,6,2025-06-01,0.3020551188675716,30.205511886757158,0.03720962322395714,3.7209623223957142,0,VERY LOW,0
GRID_S60_W030,-60,-30,2025,4,2025-04-01,0.30927862676952916,30.927862676952916,0.037203526757798665,3.7203526757798664,0,VERY LOW,0
GRID_S70_E040,-70,40,2025,4,2025-04-01,0.30992274634452666,30.992274634452667,0.03719385192658594,3.719385192658594,0,VERY LOW,0
GRID_S10_W040,-10,-40,2025,6,2025-06-01,0.29599876976878514,29.599876976878512,0.037192511009052756,3.7192511009052756,0,VERY LOW,0
GRID_N00_W110,0,-110,2025,6,2025-06-01,0.29268730390286,29.268730390286002,0.03717971035577603,3.717971035577603,0,VERY LOW,0
GRID_N50_W010,50,-10,2025,3,2025-03-01,0.2970879988450328,29.70879988450328,0.03716480299961668,3.7164802999616677,0,VERY LOW,0
GRID_S10_E160,-10,160,2025,3,2025-03-01,0.30812298835996704,30.812298835996703,0.03715833777047756,3.7158337770477563,0,VERY LOW,0
GRID_S30_E060,-30,60,2025,6,2025-06-01,0.2995973085812153,29.95973085812153,0.03715777511181401,3.7157775111814013,0,VERY LOW,0
GRID_S30_E020,-30,20,2025,1,2025-01-01,0.34245965576475423,34.24596557647542,0.037146544049366084,3.7146544049366086,0,VERY LOW,0
GRID_N50_W180,50,-180,2025,4,2025-04-01,0.28817260154857616,28.817260154857614,0.03714580423533813,3.7145804235338127,0,VERY LOW,0
GRID_S70_E110,-70,110,2025,5,2025-05-01,0.30427291623365904,30.427291623365903,0.037122882821449155,3.7122882821449155,0,VERY LOW,0
GRID_S70_E140,-70,140,2025,2,2025-02-01,0.31202443410005254,31.202443410005255,0.03712229864374336,3.7122298643743363,0,VERY LOW,0
GRID_S80_W050,-80,-50,2025,8,2025-08-01,0.3027488322792074,30.27488322792074,0.03711436334781766,3.7114363347817663,0,VERY LOW,0
GRID_N10_E050,10,50,2025,5,2025-05-01,0.2967719667363895,29.67719667363895,0.03710352425277535,3.710352425277535,0,VERY LOW,0
GRID_S70_E140,-70,140,2025,10,2025-10-01,0.30691578336817216,30.691578336817216,0.037085388110174033,3.7085388110174033,0,VERY LOW,0
GRID_N50_E070,50,70,2025,10,2025-10-01,0.2998580333298444,29.98580333298444,0.03708526495282575,3.708526495282575,0,VERY LOW,0
GRID_S70_E010,-70,10,2025,7,2025-07-01,0.3003318109058161,30.03318109058161,0.03708050371910926,3.708050371910926,0,VERY LOW,0
GRID_N50_W150,50,-150,2025,4,2025-04-01,0.2891718052850236,28.917180528502364,0.03708042828332495,3.7080428283324953,0,VERY LOW,0
GRID_S20_W160,-20,-160,2025,5,2025-05-01,0.2964077147699514,29.64077147699514,0.03707825021602675,3.7078250216026754,0,VERY LOW,0
GRID_N00_W130,0,-130,2025,6,2025-06-01,0.2911703057109298,29.11703057109298,0.0370684569853051,3.7068456985305103,0,VERY LOW,0
GRID_N10_W170,10,-170,2025,8,2025-08-01,0.2912270643818748,29.12270643818748,0.03706584618285756,3.7065846182857562,0,VERY LOW,0
GRID_S70_E030,-70,30,2025,9,2025-09-01,0.30661219648938326,30.661219648938324,0.037064041595389924,3.7064041595389923,0,VERY LOW,0
GRID_S60_W050,-60,-50,2025,6,2025-06-01,0.30030925900861205,30.030925900861206,0.037045540214559455,3.7045540214559454,0,VERY LOW,0
GRID_N00_W050,0,-50,2025,3,2025-03-01,0.3044498486428907,30.444984864289072,0.03701238639607097,3.701238639607097,0,VERY LOW,0
GRID_N20_W030,20,-30,2025,5,2025-05-01,0.2926952104684997,29.269521046849974,0.03700568942405143,3.700568942405143,0,VERY LOW,0
GRID_N30_E110,30,110,2025,3,2025-03-01,0.30094580692002676,30.094580692002676,0.03700519023100056,3.700519023100056,0,VERY LOW,0
GRID_S50_E160,-50,160,2025,7,2025-07-01,0.2994596038571722,29.945960385717218,0.03700411974402882,3.700411974402882,0,VERY LOW,0
GRID_S70_E020,-70,20,2025,1,2025-01-01,0.31658929470224834,31.658929470224834,0.036965801481527547,3.6965801481527545,0,VERY LOW,0
GRID_N10_W180,10,-180,2025,9,2025-09-01,0.296264776538602,29.6264776538602,0.03696365130393587,3.696365130393587,0,VERY LOW,0
GRID_N50_E040,50,40,2025,4,2025-04-01,0.293236186494887,29.323618649488697,0.03696267673966112,3.6962676739661116,0,VERY LOW,0
GRID_N50_E090,50,90,2025,9,2025-09-01,0.2931748556636881,29.317485566368813,0.03695697377092966,3.6956973770929658,0,VERY LOW,0
GRID_N10_E170,10,170,2025,3,2025-03-01,0.30277357294163565,30.277357294163565,0.03695686423468935,3.695686423468935,0,VERY LOW,0
GRID_N20_E110,20,110,2025,1,2025-01-01,0.3061754371070224,30.61754371070224,0.036955762537951395,3.6955762537951395,0,VERY LOW,0
GRID_N10_W150,10,-150,2025,1,2025-01-01,0.30758438199366345,30.758438199366346,0.03694831565336909,3.694831565336909,0,VERY LOW,0
GRID_N20_W040,20,-40,2025,5,2025-05-01,0.2919361202089751,29.193612020897508,0.036945601764614006,3.6945601764614007,0,VERY LOW,0
GRID_N40_E050,40,50,2025,7,2025-07-01,0.2875954078341752,28.75954078341752,0.036932769494025575,3.6932769494025575,0,VERY LOW,1
GRID_N00_W120,0,-120,2025,8,2025-08-01,0.2930062994812773,29.30062994812773,0.03693258982340584,3.6932589823405837,0,VERY LOW,1
GRID_N40_E120,40,120,2025,9,2025-09-01,0.2964446210922401,29.644462109224012,0.03692310503078541,3.6923105030785406,0,VERY LOW,0
GRID_N00_W100,0,-100,2025,3,2025-03-01,0.3018715017681031,30.187150176810313,0.03690510208013587,3.6905102080135874,0,VERY LOW,0
GRID_S80_W110,-80,-110,2025,2,2025-02-01,0.3147450905293661,31.47450905293661,0.03689686956380451,3.689686956380451,0,VERY LOW,0
GRID_N60_E010,60,10,2025,9,2025-09-01,0.2891271968942493,28.912719689424932,0.036869254359505915,3.6869254359505916,0,VERY LOW,0
GRID_S70_W070,-70,-70,2025,4,2025-04-01,0.30502895363432014,30.502895363432014,0.03686544105228513,3.6865441052285135,0,VERY LOW,0
GRID_S80_W080,-80,-80,2025,7,2025-07-01,0.29830223840952913,29.830223840952915,0.03685021960613471,3.685021960613471,0,VERY LOW,0
GRID_N40_W040,40,-40,2025,6,2025-06-01,0.2844993570301265,28.449935703012653,0.03684015113961553,3.6840151139615527,0,VERY LOW,0
GRID_S70_E070,-70,70,2025,4,2025-04-01,0.304721650936392,30.472165093639198,0.03682919132056588,3.6829191320565875,0,VERY LOW,0
GRID_N60_E000,60,0,2025,9,2025-09-01,0.2883735873899904,28.837358738999043,0.03680696790161103,3.680696790161103,0,VERY LOW,0
GRID_S80_W120,-80,-120,2025,6,2025-06-01,0.29745641710425086,29.745641710425087,0.03680656029680668,3.6806560296806676,0,VERY LOW,0
GRID_N00_W180,0,-180,2025,6,2025-06-01,0.28739816414685504,28.739816414685503,0.036804066861378416,3.6804066861378417,0,VERY LOW,0
GRID_S30_E010,-30,10,2025,6,2025-06-01,0.2957615469905384,29.57615469905384,0.03679194681060981,3.679194681060981,0,VERY LOW,0
GRID_S10_W040,-10,-40,2025,7,2025-07-01,0.2922896239364314,29.228962393643137,0.03678906858586474,3.678906858586474,0,VERY LOW,1
GRID_N00_E060,0,60,2025,5,2025-05-01,0.2955060001410801,29.550600014108007,0.03678059830713649,3.6780598307136487,0,VERY LOW,0
GRID_S30_E060,-30,60,2025,7,2025-07-01,0.295862020370543,29.5862020370543,0.036778422998350574,3.6778422998350573,0,VERY LOW,0
GRID_N00_W110,0,-110,2025,7,2025-07-01,0.2890026192565397,28.900261925653968,0.03676422451170975,3.676422451170975,0,VERY LOW,0
GRID_S70_E150,-70,150,2025,6,2025-06-01,0.2983509331680367,29.83509331680367,0.036746789637497335,3.6746789637497335,0,VERY LOW,0
GRID_N50_E010,50,10,2025,2,2025-02-01,0.29703814582308746,29.703814582308745,0.03674512447669799,3.674512447669799,0,VERY LOW,0
GRID_N60_E100,60,100,2025,8,2025-08-01,0.28682957612799065,28.682957612799065,0.03674142806042286,3.674142806042286,0,VERY LOW,0
GRID_S80_W080,-80,-80,2025,8,2025-08-01,0.3003368490600048,30.03368490600048,0.03671946080598199,3.6719460805981994,0,VERY LOW,0
GRID_N50_E020,50,20,2025,3,2025-03-01,0.2939960492266862,29.399604922668622,0.03671878920564171,3.6718789205641706,0,VERY LOW,0
GRID_N50_E000,50,0,2025,4,2025-04-01,0.2902034826808655,29.02034826808655,0.03670858895689746,3.670858895689746,0,VERY LOW,1
GRID_S20_W170,-20,-170,2025,9,2025-09-01,0.29725635490182,29.725635490182,0.03669641907338643,3.669641907338643,0,VERY LOW,0
GRID_N40_W030,40,-30,2025,8,2025-08-01,0.2863102772122253,28.63102772122253,0.036685821880073584,3.6685821880073584,0,VERY LOW,0
GRID_S60_W050,-60,-50,2025,7,2025-07-01,0.29656885290890456,29.656885290890457,0.03667485890180407,3.667485890180407,0,VERY LOW,0
GRID_S50_E140,-50,140,2025,6,2025-06-01,0.2995984539948225,29.959845399482248,0.03663683903113559,3.6636839031135593,0,VERY LOW,0
GRID_S70_E090,-70,90,2025,5,2025-05-01,0.29999931797110463,29.999931797110463,0.03662805748995027,3.6628057489950274,0,VERY LOW,0
GRID_S70_W060,-70,-60,2025,9,2025-09-01,0.30092677494176917,30.092677494176918,0.03661029723238565,3.661029723238565,0,VERY LOW,0
GRID_S30_E170,-30,170,2025,5,2025-05-01,0.297829399160668,29.7829399160668,0.03659725883458119,3.659725883458119,0,VERY LOW,0
GRID_N50_W070,50,-70,2025,8,2025-08-01,0.28267385506737763,28.267385506737764,0.036591483460009275,3.6591483460009275,0,VERY LOW,0
GRID_S50_W070,-50,-70,2025,2,2025-02-01,0.31295302515617895,31.295302515617895,0.03654656463831886,3.654656463831886,0,VERY LOW,0
GRID_S60_W050,-60,-50,2025,8,2025-08-01,0.2985966717757492,29.859667177574924,0.03654466893240176,3.6544668932401763,0,VERY LOW,0
GRID_S80_W070,-80,-70,2025,8,2025-08-01,0.29697549096137404,29.697549096137404,0.03652415683678783,3.652415683678783,0,VERY LOW,0
GRID_N50_W150,50,-150,2025,8,2025-08-01,0.27935511074445973,27.935511074445973,0.03651602669027184,3.651602669027184,0,VERY LOW,0
GRID_N20_W050,20,-50,2025,4,2025-04-01,0.2919769429928978,29.19769429928978,0.036511920571606876,3.6511920571606877,0,VERY LOW,0
GRID_N30_E000,30,0,2025,2,2025-02-01,0.2996099232279339,29.960992322793388,0.036509666274633173,3.6509666274633172,0,VERY LOW,0
GRID_N00_E170,0,170,2025,8,2025-08-01,0.29339438852795796,29.339438852795794,0.036493517744809925,3.6493517744809925,0,VERY LOW,0
GRID_N20_E050,20,50,2025,6,2025-06-01,0.28726340630559405,28.726340630559406,0.036484798675919826,3.6484798675919827,0,VERY LOW,1
GRID_S20_E030,-20,30,2025,10,2025-10-01,0.32930750147100146,32.93075014710015,0.0364842975299018,3.64842975299018,0,VERY LOW,1
GRID_N60_W020,60,-20,2025,5,2025-05-01,0.28004668244897996,28.004668244897996,0.0364428802191817,3.64428802191817,0,VERY LOW,0
GRID_N30_W030,30,-30,2025,6,2025-06-01,0.28326465493859704,28.326465493859704,0.03643907923723466,3.643907923723466,0,VERY LOW,0
GRID_S70_E140,-70,140,2025,1,2025-01-01,0.30769306120897116,30.769306120897117,0.03641709703455639,3.6417097034556387,0,VERY LOW,0
GRID_N40_W040,40,-40,2025,7,2025-07-01,0.28087681846374846,28.087681846374846,0.03641661744675699,3.641661744675699,0,VERY LOW,0
GRID_N00_W050,0,-50,2025,9,2025-09-01,0.2940987372428784,29.409873724287838,0.036415419627440014,3.6415419627440015,0,VERY LOW,0
GRID_S70_E150,-70,150,2025,7,2025-07-01,0.2946246477204298,29.462464772042978,0.036415193927915826,3.6415193927915825,0,VERY LOW,0
GRID_S30_E010,-30,10,2025,7,2025-07-01,0.29205414059401386,29.205414059401384,0.03641035105743551,3.641035105743551,0,VERY LOW,0
GRID_N00_E050,0,50,2025,4,2025-04-01,0.295547113753902,29.5547113753902,0.03640448521298832,3.6404485212988322,0,VERY LOW,0
GRID_N40_E040,40,40,2025,2,2025-02-01,0.2976227515495482,29.76227515495482,0.036396659386018916,3.6396659386018917,0,VERY LOW,0
GRID_N00_W180,0,-180,2025,7,2025-07-01,0.2837533529947465,28.375335299474653,0.03638607189713384,3.638607189713384,0,VERY LOW,0
GRID_S10_E090,-10,90,2025,11,2025-11-01,0.3016165626986359,30.16165626986359,0.036374027368683094,3.6374027368683093,0,VERY LOW,1
GRID_N60_E030,60,30,2025,4,2025-04-01,0.2845473328036256,28.45473328036256,0.03636827733280382,3.6368277332803816,0,VERY LOW,0
GRID_N40_E030,40,30,2025,1,2025-01-01,0.3019994180303941,30.19994180303941,0.03635468750613048,3.635468750613048,0,VERY LOW,0
GRID_S60_E070,-60,70,2025,6,2025-06-01,0.2942615627993133,29.42615627993133,0.03631780662473556,3.6317806624735565,0,VERY LOW,0
GRID_N30_E030,30,30,2025,1,2025-01-01,0.29930630759283283,29.930630759283282,0.03630351221799509,3.630351221799509,0,VERY LOW,0
GRID_S50_E140,-50,140,2025,7,2025-07-01,0.29586315753590214,29.586315753590213,0.03628623194843596,3.6286231948435956,0,VERY LOW,0
GRID_S40_E020,-40,20,2025,10,2025-10-01,0.30271094861435716,30.271094861435717,0.03627810816140108,3.627810816140108,0,VERY LOW,1
GRID_N50_E030,50,30,2025,5,2025-05-01,0.2817847678212727,28.17847678212727,0.036253688485699806,3.6253688485699804,0,VERY LOW,0
GRID_S70_E130,-70,130,2025,6,2025-06-01,0.2941253473955144,29.41253473955144,0.0362529532811812,3.62529532811812,0,VERY LOW,0
GRID_N00_W020,0,-20,2025,5,2025-05-01,0.2894315745066348,28.94315745066348,0.03624295649093759,3.624295649093759,0,VERY LOW,0
GRID_N40_E140,40,140,2025,4,2025-04-01,0.2888167469686981,28.88167469686981,0.03623427852925081,3.623427852925081,0,VERY LOW,0
GRID_S70_E070,-70,70,2025,9,2025-09-01,0.29914849109027764,29.914849109027763,0.03623060907592638,3.623060907592638,0,VERY LOW,0
GRID_S30_W180,-30,-180,2025,1,2025-01-01,0.3057048057131351,30.570480571313507,0.036223680991681294,3.6223680991681295,0,VERY LOW,0
GRID_N30_E100,30,100,2025,9,2025-09-01,0.2899080636172563,28.990806361725628,0.036209010938500506,3.6209010938500508,0,VERY LOW,0
GRID_S60_W080,-60,-80,2025,5,2025-05-01,0.2944061810732722,29.44061810732722,0.036191581174705625,3.6191581174705627,0,VERY LOW,0
GRID_S30_W080,-30,-80,2025,6,2025-06-01,0.2889295573654769,28.892955736547687,0.03618796868401676,3.618796868401676,0,VERY LOW,0
GRID_N30_W040,30,-40,2025,3,2025-03-01,0.29225309204994493,29.225309204994492,0.03618453220255916,3.6184532202559163,0,VERY LOW,0
GRID_S10_E170,-10,170,2025,8,2025-08-01,0.29137860582739694,29.137860582739695,0.036163135798921345,3.6163135798921346,0,VERY LOW,0
GRID_N00_E160,0,160,2025,2,2025-02-01,0.29836095783610245,29.836095783610244,0.03614209348628222,3.614209348628222,0,VERY LOW,0
GRID_S70_E110,-70,110,2025,8,2025-08-01,0.29368351342850646,29.368351342850644,0.03613860961514745,3.613860961514745,0,VERY LOW,0
GRID_S20_W070,-20,-70,2025,11,2025-11-01,0.31447767322855746,31.447767322855746,0.03613160148279815,3.613160148279815,0,VERY LOW,1
GRID_N00_E110,0,110,2025,8,2025-08-01,0.29033854065625575,29.033854065625576,0.03611492079874514,3.6114920798745143,0,VERY LOW,1
GRID_N50_W070,50,-70,2025,3,2025-03-01,0.2873203085339816,28.73203085339816,0.03609919610875485,3.6099196108754854,0,VERY LOW,0
GRID_N20_W120,20,-120,2025,4,2025-04-01,0.28669543695025806,28.669543695025805,0.0360908917244331,3.60908917244331,0,VERY LOW,0
GRID_S80_W020,-80,-20,2025,5,2025-05-01,0.2949321802012979,29.49321802012979,0.03608009129958165,3.608009129958165,0,VERY LOW,0
GRID_S60_W080,-60,-80,2025,8,2025-08-01,0.29395828005396135,29.395828005396137,0.036072099633893094,3.6072099633893093,0,VERY LOW,0
GRID_N00_W020,0,-20,2025,8,2025-08-01,0.288988142013247,28.8988142013247,0.03606546533265054,3.6065465332650537,0,VERY LOW,0
GRID_N00_W030,0,-30,2025,9,2025-09-01,0.2940031899593917,29.400318995939166,0.03606041194120006,3.606041194120006,0,VERY LOW,0
GRID_N30_W060,30,-60,2025,3,2025-03-01,0.29073741931272057,29.073741931272057,0.03605168086923451,3.6051680869234515,0,VERY LOW,0
GRID_N50_W080,50,-80,2025,3,2025-03-01,0.2865695101099779,28.656951010997787,0.03603705108196427,3.603705108196427,0,VERY LOW,0
GRID_N20_E060,20,60,2025,2,2025-02-01,0.2962764911594697,29.62764911594697,0.03603468703498745,3.6034687034987454,0,VERY LOW,0
GRID_N30_W030,30,-30,2025,7,2025-07-01,0.2796516931605335,27.965169316053352,0.03602456574284261,3.6024565742842607,0,VERY LOW,0
GRID_N00_E100,0,100,2025,3,2025-03-01,0.2953470811111931,29.53470811111931,0.03601430855691183,3.601430855691183,0,VERY LOW,0
GRID_S80_W020,-80,-20,2025,8,2025-08-01,0.29448381292706366,29.448381292706365,0.036013576013529225,3.6013576013529223,0,VERY LOW,0
GRID_N50_E070,50,70,2025,4,2025-04-01,0.2858658442954875,28.58658442954875,0.03601317523616458,3.601317523616458,0,VERY LOW,0
GRID_S80_W110,-80,-110,2025,10,2025-10-01,0.2993688140212071,29.936881402120708,0.03601185960374695,3.601185960374695,0,VERY LOW,0
GRID_N50_W140,50,-140,2025,11,2025-11-01,0.28619782053758175,28.619782053758176,0.03600969356285653,3.6009693562856526,0,VERY LOW,0
GRID_S80_W060,-80,-60,2025,8,2025-08-01,0.2923635851241593,29.236358512415926,0.03597454471384106,3.597454471384106,0,VERY LOW,0
GRID_S60_E070,-60,70,2025,7,2025-07-01,0.2905652010760676,29.056520107606758,0.035970414024783404,3.5970414024783404,0,VERY LOW,0
GRID_S70_E010,-70,10,2025,5,2025-05-01,0.2938710564378268,29.38710564378268,0.035958229370684054,3.5958229370684056,0,VERY LOW,0
GRID_N10_E050,10,50,2025,8,2025-08-01,0.28633617541940926,28.633617541940925,0.03595579423027974,3.595579423027974,0,VERY LOW,0
GRID_S50_E160,-50,160,2025,5,2025-05-01,0.29300975472765173,29.300975472765174,0.03593142543149889,3.593142543149889,0,VERY LOW,0
GRID_N40_E050,40,50,2025,5,2025-05-01,0.2812984846355149,28.12984846355149,0.03592634512382,3.5926345123820003,0,VERY LOW,0
GRID_S70_E130,-70,130,2025,7,2025-07-01,0.29042999259035057,29.042999259035057,0.03592244973560439,3.5922449735604394,0,VERY LOW,0
GRID_S20_W160,-20,-160,2025,8,2025-08-01,0.2859795232682365,28.597952326823652,0.03591899750650498,3.591899750650498,0,VERY LOW,0
GRID_N60_W050,60,-50,2025,4,2025-04-01,0.2786090866320411,27.86090866320411,0.035897848448693,3.5897848448693,0,VERY LOW,0
GRID_N20_W020,20,-20,2025,11,2025-11-01,0.29189706227456663,29.189706227456664,0.03589478669783884,3.589478669783884,0,VERY LOW,1
GRID_S70_E050,-70,50,2025,6,2025-06-01,0.29072664654584224,29.072664654584223,0.0358878279347413,3.58878279347413,0,VERY LOW,0
GRID_N20_W020,20,-20,2025,1,2025-01-01,0.29613652453997197,29.613652453997197,0.035853852836893185,3.5853852836893187,0,VERY LOW,0
GRID_N60_W060,60,-60,2025,4,2025-04-01,0.2778721761778395,27.78721761778395,0.035842522629092176,3.5842522629092177,0,VERY LOW,0
GRID_N00_W030,0,-30,2025,4,2025-04-01,0.2894721902469106,28.947219024691062,0.03584224781804412,3.5842247818044117,0,VERY LOW,0
GRID_S50_E140,-50,140,2025,10,2025-10-01,0.3003732952268621,30.037329522686214,0.03583720489758503,3.583720489758503,0,VERY LOW,0
GRID_N20_W030,20,-30,2025,8,2025-08-01,0.2823452181616468,28.23452181616468,0.03583040006420575,3.583040006420575,0,VERY LOW,0
GRID_N40_E070,40,70,2025,4,2025-04-01,0.2850408959636624,28.50408959636624,0.03582339187979248,3.582339187979248,0,VERY LOW,0
GRID_N50_E130,50,130,2025,10,2025-10-01,0.2941174540594422,29.411745405944217,0.035816378943461555,3.5816378943461555,0,VERY LOW,0
GRID_N40_E080,40,80,2025,4,2025-04-01,0.2843155811570844,28.431558115708437,0.03581149679956728,3.5811496799567277,0,VERY LOW,0
GRID_S30_E040,-30,40,2025,9,2025-09-01,0.2936119128811872,29.36119128811872,0.035804825472689344,3.5804825472689346,0,VERY LOW,0
GRID_S30_W080,-30,-80,2025,7,2025-07-01,0.2852730997806357,28.52730997806357,0.0358022089218933,3.58022089218933,0,VERY LOW,0
GRID_S80_W050,-80,-50,2025,9,2025-09-01,0.295663525937665,29.5663525937665,0.035799635984647166,3.5799635984647167,0,VERY LOW,0
GRID_S40_W090,-40,-90,2025,6,2025-06-01,0.28618180277863103,28.618180277863104,0.035774386439631,3.5774386439630996,0,VERY LOW,0
GRID_N20_W040,20,-40,2025,8,2025-08-01,0.2816022832917975,28.16022832917975,0.03576996977059951,3.5769969770599515,0,VERY LOW,0
GRID_N20_W050,20,-50,2025,9,2025-09-01,0.2865408125896062,28.654081258960616,0.0357437229229817,3.5743722922981696,0,VERY LOW,0
GRID_S10_W040,-10,-40,2025,5,2025-05-01,0.285931172456118,28.5931172456118,0.035731082855414945,3.5731082855414944,0,VERY LOW,0
GRID_S80_W180,-80,-180,2025,10,2025-10-01,0.3033327202530411,30.333272025304108,0.035724784544622565,3.5724784544622565,0,VERY LOW,0
GRID_S30_E060,-30,60,2025,5,2025-05-01,0.28945764054087036,28.945764054087036,0.03572067799670747,3.572067799670747,0,VERY LOW,0
GRID_S10_E040,-10,40,2025,4,2025-04-01,0.291492180531771,29.1492180531771,0.03571707968020567,3.571707968020567,0,VERY LOW,0
GRID_S80_W080,-80,-80,2025,5,2025-05-01,0.29186693131144736,29.186693131144736,0.0357170287414064,3.57170287414064,0,VERY LOW,0
GRID_N00_W110,0,-110,2025,5,2025-05-01,0.2826871110772872,28.268711107728723,0.035700947003287874,3.5700947003287875,0,VERY LOW,0
GRID_S50_W070,-50,-70,2025,6,2025-06-01,0.2871689310383454,28.71689310383454,0.035673344596461695,3.5673344596461694,0,VERY LOW,0
GRID_N20_E170,20,170,2025,4,2025-04-01,0.287078561341228,28.7078561341228,0.0356728692367614,3.5672869236761398,0,VERY LOW,0
GRID_N00_E060,0,60,2025,8,2025-08-01,0.2850966780547552,28.50966780547552,0.03565871696932643,3.565871696932643,0,VERY LOW,0
GRID_S30_W170,-30,-170,2025,6,2025-06-01,0.2821921463785962,28.21921463785962,0.03565087232531427,3.5650872325314267,0,VERY LOW,0
GRID_S70_E090,-70,90,2025,8,2025-08-01,0.28949675826164273,28.949675826164274,0.03564790777711173,3.5647907777111727,0,VERY LOW,0
GRID_N40_E120,40,120,2025,10,2025-10-01,0.28703898337493466,28.703898337493467,0.03561270068744625,3.561270068744625,0,VERY LOW,1
GRID_S80_W130,-80,-130,2025,3,2025-03-01,0.29984696503129704,29.984696503129705,0.03560132987479174,3.560132987479174,0,VERY LOW,0
GRID_S60_W040,-60,-40,2025,3,2025-03-01,0.2974006941631431,29.740069416314306,0.03559672701466047,3.559672701466047,0,VERY LOW,1
GRID_S70_E020,-70,20,2025,10,2025-10-01,0.29493366916975006,29.493366916975006,0.03559317671534805,3.5593176715348047,0,VERY LOW,0
GRID_N00_W130,0,-130,2025,5,2025-05-01,0.28120133779644324,28.120133779644323,0.03558918982829988,3.558918982829988,0,VERY LOW,0
GRID_S30_E160,-30,160,2025,8,2025-08-01,0.28810159163445487,28.810159163445487,0.03556967573071401,3.556967573071401,0,VERY LOW,0
GRID_N60_E160,60,160,2025,1,2025-01-01,0.28708790071125573,28.708790071125573,0.035569397709105166,3.5569397709105166,0,VERY LOW,0
GRID_N30_E060,30,60,2025,5,2025-05-01,0.28007223642216633,28.007223642216633,0.03556183434910031,3.556183434910031,0,VERY LOW,1
GRID_S30_E170,-30,170,2025,8,2025-08-01,0.2873716190014262,28.73716190014262,0.03556171483556267,3.556171483556267,0,VERY LOW,0
GRID_S70_E050,-70,50,2025,7,2025-07-01,0.28705662752816186,28.705662752816185,0.03554984585875724,3.554984585875724,0,VERY LOW,0
GRID_S80_W030,-80,-30,2025,10,2025-10-01,0.2944700107356726,29.447001073567257,0.035532497393925375,3.5532497393925375,0,VERY LOW,0
GRID_S70_E000,-70,0,2025,6,2025-06-01,0.2869579257914981,28.69579257914981,0.035492986979776854,3.5492986979776853,0,VERY LOW,0
GRID_S10_W100,-10,-100,2025,2,2025-02-01,0.2942576578543688,29.42576578543688,0.035454500461757264,3.5454500461757266,0,VERY LOW,0
GRID_N00_E070,0,70,2025,2,2025-02-01,0.29298946419408756,29.298946419408757,0.03543021027725121,3.5430210277251213,0,VERY LOW,0
GRID_S70_E060,-70,60,2025,11,2025-11-01,0.30002411348767705,30.002411348767705,0.03542433510250699,3.542433510250699,0,VERY LOW,0
GRID_N50_E100,50,100,2025,3,2025-03-01,0.2826158034964629,28.26158034964629,0.03541642206249056,3.5416422062490556,0,VERY LOW,1
GRID_N40_W040,40,-40,2025,5,2025-05-01,0.27467028277562644,27.467028277562644,0.035406200399282314,3.5406200399282315,0,VERY LOW,0
GRID_S40_W090,-40,-90,2025,7,2025-07-01,0.2825463012317334,28.254630123173342,0.03539782108834315,3.5397821088343147,0,VERY LOW,0
GRID_N10_W170,10,-170,2025,4,2025-04-01,0.28098553291888,28.098553291888003,0.03538988883749063,3.5389888837490626,0,VERY LOW,0
GRID_N30_W020,30,-20,2025,9,2025-09-01,0.2809277954079686,28.092779540796858,0.03538340631528049,3.538340631528049,0,VERY LOW,0
GRID_N60_E010,60,10,2025,3,2025-03-01,0.2791537822907968,27.91537822907968,0.03538203940557856,3.5382039405578563,0,VERY LOW,0
GRID_S70_E110,-70,110,2025,4,2025-04-01,0.29331542403074645,29.331542403074646,0.0353804538698486,3.53804538698486,0,VERY LOW,0
GRID_S70_E100,-70,100,2025,6,2025-06-01,0.2865295026458908,28.652950264589077,0.035375029648686926,3.5375029648686924,0,VERY LOW,0
GRID_N50_E060,50,60,2025,3,2025-03-01,0.28235144498862425,28.235144498862425,0.03536392597874856,3.536392597874856,0,VERY LOW,1
GRID_S30_E010,-30,10,2025,5,2025-05-01,0.28569874380278876,28.569874380278875,0.03535767135451505,3.535767135451505,0,VERY LOW,0
GRID_N50_W180,50,-180,2025,9,2025-09-01,0.2730724890745977,27.30724890745977,0.03534810868188064,3.534810868188064,0,VERY LOW,0
GRID_S70_E150,-70,150,2025,5,2025-05-01,0.2882360884379405,28.82360884379405,0.03533690338106746,3.5336903381067457,0,VERY LOW,0
GRID_N30_E110,30,110,2025,10,2025-10-01,0.2855534724606495,28.55534724606495,0.035331608184620944,3.533160818462094,0,VERY LOW,0
GRID_S80_W120,-80,-120,2025,5,2025-05-01,0.2873594785988913,28.735947859889134,0.035324947270307175,3.5324947270307177,0,VERY LOW,0
GRID_N00_W180,0,-180,2025,5,2025-05-01,0.2775077832335492,27.75077832335492,0.03532317363675892,3.5323173636758924,0,VERY LOW,0
GRID_N60_E000,60,0,2025,3,2025-03-01,0.27841598716551197,27.841598716551196,0.0353176247091946,3.53176247091946,0,VERY LOW,0
GRID_S50_W070,-50,-70,2025,7,2025-07-01,0.28352587036012517,28.352587036012515,0.03530659050893491,3.5306590508934907,0,VERY LOW,0
GRID_N00_E160,0,160,2025,11,2025-11-01,0.2899155255603599,28.991552556035987,0.03529717302874684,3.5297173028746838,0,VERY LOW,0
GRID_S30_W180,-30,-180,2025,11,2025-11-01,0.29130118690873563,29.130118690873562,0.03529711520834663,3.5297115208346628,0,VERY LOW,0
GRID_N10_E060,10,60,2025,2,2025-02-01,0.2900798126928636,29.007981269286358,0.03529364090294088,3.5293640902940884,0,VERY LOW,0
GRID_S70_W070,-70,-70,2025,9,2025-09-01,0.2894046814274494,28.94046814274494,0.03527766706847488,3.527766706847488,0,VERY LOW,0
GRID_S40_W090,-40,-90,2025,5,2025-05-01,0.2860935133295573,28.60935133295573,0.035272842481345414,3.5272842481345412,0,VERY LOW,0
GRID_S30_W170,-30,-170,2025,7,2025-07-01,0.2785875470509961,27.85875470509961,0.03526079240892869,3.526079240892869,0,VERY LOW,0
GRID_S10_E160,-10,160,2025,10,2025-10-01,0.28975720228384394,28.975720228384393,0.03525681049430816,3.5256810494308164,0,VERY LOW,0
GRID_N50_W010,50,-10,2025,2,2025-02-01,0.28395009514899383,28.39500951489938,0.035251740244007186,3.5251740244007186,0,VERY LOW,0
GRID_N30_E150,30,150,2025,3,2025-03-01,0.28510294145570475,28.510294145570477,0.035245869914893646,3.5245869914893646,0,VERY LOW,0
GRID_N50_E060,50,60,2025,11,2025-11-01,0.281246382136508,28.124638213650798,0.03521842039711423,3.521842039711423,0,VERY LOW,0
GRID_S50_W070,-50,-70,2025,8,2025-08-01,0.28550070300564606,28.550070300564606,0.03519449550913595,3.5194495509135946,0,VERY LOW,0
GRID_S10_E040,-10,40,2025,8,2025-08-01,0.2816279236858205,28.16279236858205,0.03516852973491741,3.5168529734917406,0,VERY LOW,0
GRID_S80_W010,-80,-10,2025,6,2025-06-01,0.2842214269275158,28.422142692751578,0.03515642767530079,3.515642767530079,0,VERY LOW,0
GRID_N30_E170,30,170,2025,3,2025-03-01,0.28387456153660945,28.387456153660946,0.0351553840961605,3.5155384096160502,0,VERY LOW,0
GRID_N40_E130,40,130,2025,10,2025-10-01,0.28242942926061193,28.242942926061193,0.03515257728787173,3.515257728787173,0,VERY LOW,0
GRID_S70_E000,-70,0,2025,7,2025-07-01,0.2833164780358113,28.331647803581127,0.035151777565277396,3.5151777565277396,0,VERY LOW,0
GRID_S10_W060,-10,-60,2025,11,2025-11-01,0.3099999559119063,30.999995591190633,0.035145942749725455,3.5145942749725454,0,VERY LOW,0
GRID_S70_W050,-70,-50,2025,6,2025-06-01,0.2832185514417028,28.321855144170282,0.03512031600091346,3.5120316000913463,0,VERY LOW,0
GRID_N40_W030,40,-30,2025,4,2025-04-01,0.27617427980301074,27.617427980301073,0.03511298472219125,3.511298472219125,0,VERY LOW,0
GRID_N20_E050,20,50,2025,5,2025-05-01,0.27737585776855606,27.737585776855607,0.03509031694181024,3.5090316941810236,0,VERY LOW,0
GRID_S20_W170,-20,-170,2025,3,2025-03-01,0.287115782939842,28.711578293984203,0.03507116283743768,3.507116283743768,0,VERY LOW,0
GRID_S10_E060,-10,60,2025,3,2025-03-01,0.28763363981704826,28.763363981704828,0.035048066062481655,3.5048066062481653,0,VERY LOW,0
GRID_S10_E050,-10,50,2025,3,2025-03-01,0.28827294882654325,28.827294882654325,0.03504801158075413,3.504801158075413,0,VERY LOW,0
GRID_S70_E100,-70,100,2025,7,2025-07-01,0.2828913345915773,28.28913345915773,0.03504734952977785,3.504734952977785,0,VERY LOW,0
GRID_N10_E170,10,170,2025,10,2025-10-01,0.2845954839632117,28.45954839632117,0.035043653158914584,3.5043653158914583,0,VERY LOW,0
GRID_N30_W030,30,-30,2025,5,2025-05-01,0.27346193451673206,27.346193451673205,0.035024648417829596,3.5024648417829596,0,VERY LOW,0
GRID_S50_E170,-50,170,2025,2,2025-02-01,0.2947305728080014,29.47305728080014,0.03501252062967469,3.5012520629674695,0,VERY LOW,0
GRID_N20_W070,20,-70,2025,2,2025-02-01,0.28495246396675766,28.495246396675768,0.034975571182989836,3.4975571182989835,0,VERY LOW,0
GRID_N00_W060,0,-60,2025,3,2025-03-01,0.2862222676773436,28.62222676773436,0.034972827093244785,3.4972827093244785,0,VERY LOW,0
GRID_S70_E010,-70,10,2025,8,2025-08-01,0.2834961504412024,28.34961504412024,0.03496647583007585,3.496647583007585,0,VERY LOW,0
GRID_N00_E170,0,170,2025,4,2025-04-01,0.2831070830795669,28.310708307956688,0.03496211495274841,3.496211495274841,0,VERY LOW,0
GRID_S50_E160,-50,160,2025,8,2025-08-01,0.28265308463556693,28.265308463556693,0.034950410713152344,3.4950410713152342,0,VERY LOW,0
GRID_N00_W100,0,-100,2025,10,2025-10-01,0.2837255326521612,28.372553265216123,0.03494504838182979,3.494504838182979,0,VERY LOW,0
GRID_N40_W060,40,-60,2025,4,2025-04-01,0.2739791142173619,27.397911421736186,0.03493898926221961,3.493898926221961,0,VERY LOW,0
GRID_N50_E010,50,10,2025,1,2025-01-01,0.2829108976014803,28.29108976014803,0.0349278677506251,3.49278677506251,0,VERY LOW,0
GRID_S80_W040,-80,-40,2025,6,2025-06-01,0.28198721723035275,28.198721723035273,0.034927588818638985,3.4927588818638986,0,VERY LOW,0
GRID_S60_E070,-60,70,2025,5,2025-05-01,0.28422919669804214,28.422919669804216,0.034911035864633,3.4911035864632995,0,VERY LOW,0
GRID_S70_E090,-70,90,2025,4,2025-04-01,0.2891317682833348,28.91317682833348,0.034900611323009104,3.4900611323009105,0,VERY LOW,0
GRID_N60_E160,60,160,2025,9,2025-09-01,0.2738877916105269,27.38877916105269,0.034872309585977236,3.4872309585977237,0,VERY LOW,0
GRID_S50_E170,-50,170,2025,3,2025-03-01,0.2879189740490364,28.791897404903636,0.034866454248416355,3.4866454248416354,0,VERY LOW,1
GRID_S70_E130,-70,130,2025,5,2025-05-01,0.28409575587169217,28.40957558716922,0.03485853746390912,3.4858537463909123,0,VERY LOW,0
GRID_N00_W090,0,-90,2025,6,2025-06-01,0.2729769754767963,27.29769754767963,0.03484602045891801,3.4846020458918012,0,VERY LOW,0
GRID_S80_W010,-80,-10,2025,7,2025-07-01,0.28060103939030706,28.060103939030707,0.03482496338473642,3.482496338473642,0,VERY LOW,0
GRID_S80_W070,-80,-70,2025,4,2025-04-01,0.28661355256914645,28.661355256914646,0.034788245839754095,3.4788245839754097,0,VERY LOW,0
GRID_N30_E100,30,100,2025,3,2025-03-01,0.27991831957169233,27.991831957169232,0.03478434943175982,3.4784349431759822,0,VERY LOW,0
GRID_N50_W110,50,-110,2025,1,2025-01-01,0.30571761503832556,30.571761503832555,0.03478389684636925,3.478389684636925,0,VERY LOW,0
GRID_S70_W050,-70,-50,2025,7,2025-07-01,0.27960594830142016,27.960594830142014,0.03477585770427125,3.477585770427125,0,VERY LOW,0
GRID_N60_W170,60,-170,2025,11,2025-11-01,0.27436144837535315,27.436144837535316,0.03477324653803012,3.477324653803012,0,VERY LOW,0
GRID_S20_W040,-20,-40,2025,11,2025-11-01,0.29043913362962254,29.043913362962254,0.03477220254125364,3.4772202541253643,0,VERY LOW,0
GRID_N50_W090,50,-90,2025,10,2025-10-01,0.27468479981428995,27.468479981428995,0.03476285148499468,3.476285148499468,0,VERY LOW,0
GRID_S30_W080,-30,-80,2025,5,2025-05-01,0.27900710986044996,27.900710986044995,0.034757281332910936,3.4757281332910934,0,VERY LOW,0
GRID_N00_E050,0,50,2025,9,2025-09-01,0.28021269586596276,28.021269586596276,0.03474818034808739,3.474818034808739,0,VERY LOW,0
GRID_S70_E040,-70,40,2025,9,2025-09-01,0.28421165250602715,28.421165250602716,0.034737997794475214,3.4737997794475213,0,VERY LOW,0
GRID_N60_E140,60,140,2025,9,2025-09-01,0.27544124631999534,27.544124631999534,0.03471785261795919,3.4717852617959193,0,VERY LOW,0
GRID_S70_E020,-70,20,2025,2,2025-02-01,0.2898718972731275,28.98718972731275,0.03470953097772554,3.4709530977725542,0,VERY LOW,0
GRID_S60_W030,-60,-30,2025,9,2025-09-01,0.28359900847133335,28.359900847133336,0.03468947170668294,3.468947170668294,0,VERY LOW,0
GRID_S30_E060,-30,60,2025,8,2025-08-01,0.27917694459749,27.917694459748997,0.0346763468571429,3.46763468571429,0,VERY LOW,0
GRID_S70_E070,-70,70,2025,3,2025-03-01,0.2889699133452788,28.896991334527875,0.03466495672659238,3.466495672659238,0,VERY LOW,0
GRID_N40_E110,40,110,2025,11,2025-11-01,0.27922451807529286,27.922451807529285,0.034651579235013594,3.4651579235013594,0,VERY LOW,0
GRID_N60_E030,60,30,2025,9,2025-09-01,0.26956524499504697,26.956524499504695,0.03463804135259151,3.463804135259151,0,VERY LOW,0
GRID_S10_E170,-10,170,2025,4,2025-04-01,0.2811338589655376,28.113385896553762,0.034633981292097715,3.4633981292097715,0,VERY LOW,0
GRID_S10_W100,-10,-100,2025,1,2025-01-01,0.2900689290496198,29.00689290496198,0.034630547656676613,3.4630547656676613,0,VERY LOW,0
GRID_N30_W040,30,-40,2025,11,2025-11-01,0.27967044837016836,27.967044837016836,0.034625434608325054,3.462543460832505,0,VERY LOW,0
GRID_S40_W070,-40,-70,2025,2,2025-02-01,0.2945561860442593,29.455618604425933,0.03461868527304132,3.4618685273041323,0,VERY LOW,0
GRID_N40_E040,40,40,2025,1,2025-01-01,0.2834789116250292,28.34789116250292,0.034613759601481456,3.4613759601481457,0,VERY LOW,0
GRID_S80_W040,-80,-40,2025,7,2025-07-01,0.2783842203768359,27.838422037683593,0.03459402861462881,3.4594028614628813,0,VERY LOW,0
GRID_N00_W110,0,-110,2025,8,2025-08-01,0.27255464376083943,27.255464376083943,0.03456963587865876,3.456963587865876,0,VERY LOW,0
GRID_N20_E070,20,70,2025,4,2025-04-01,0.2787891755832885,27.878917558328848,0.03456923420148404,3.4569234201484043,0,VERY LOW,0
GRID_N30_E140,30,140,2025,3,2025-03-01,0.279122742495208,27.912274249520802,0.034558322259321456,3.4558322259321455,0,VERY LOW,0
GRID_N40_E140,40,140,2025,9,2025-09-01,0.2736958594850216,27.369585948502163,0.03455224325802364,3.455224325802364,0,VERY LOW,0
GRID_S10_E130,-10,130,2025,3,2025-03-01,0.28405018504955093,28.405018504955095,0.03455152181902836,3.455152181902836,0,VERY LOW,0
GRID_N20_E160,20,160,2025,2,2025-02-01,0.2808658654341732,28.08658654341732,0.03450967763138035,3.4509677631380353,0,VERY LOW,0
GRID_N60_W140,60,-140,2025,3,2025-03-01,0.26821362267762416,26.821362267762417,0.03449671202758091,3.4496712027580907,0,VERY LOW,0
GRID_S70_E050,-70,50,2025,5,2025-05-01,0.2807668517751564,28.076685177515643,0.03449185676264961,3.4491856762649613,0,VERY LOW,0
GRID_N10_E060,10,60,2025,11,2025-11-01,0.28177465067143453,28.177465067143455,0.03447998365681807,3.447998365681807,0,VERY LOW,0
GRID_N00_E160,0,160,2025,1,2025-01-01,0.28419623106754666,28.419623106754667,0.03447902256459119,3.4479022564591193,0,VERY LOW,0
GRID_S30_E160,-30,160,2025,9,2025-09-01,0.2812208203392354,28.12208203392354,0.03447244706018711,3.447244706018711,0,VERY LOW,0
GRID_S40_E020,-40,20,2025,1,2025-01-01,0.2969103222344693,29.69103222344693,0.03446631258711641,3.446631258711641,0,VERY LOW,0
GRID_N00_W090,0,-90,2025,7,2025-07-01,0.269445901315297,26.9445901315297,0.034456734250852515,3.4456734250852517,0,VERY LOW,0
GRID_N00_W130,0,-130,2025,8,2025-08-01,0.2711019983321539,27.110199833215393,0.034456596170141796,3.4456596170141793,0,VERY LOW,0
GRID_N10_W180,10,-180,2025,3,2025-03-01,0.27636673138353335,27.636673138353334,0.03442761243026142,3.442761243026142,0,VERY LOW,0
GRID_N10_E050,10,50,2025,4,2025-04-01,0.27619961598207116,27.619961598207116,0.034424676013435275,3.4424676013435276,0,VERY LOW,0
GRID_S10_E050,-10,50,2025,9,2025-09-01,0.2782518152241591,27.82518152241591,0.034418795417509675,3.4418795417509673,0,VERY LOW,0
GRID_S70_E150,-70,150,2025,8,2025-08-01,0.27798180480739226,27.798180480739227,0.03441083721507991,3.441083721507991,0,VERY LOW,0
GRID_N30_E170,30,170,2025,9,2025-09-01,0.2739474756933645,27.39474756933645,0.03440162350040103,3.440162350040103,0,VERY LOW,0
GRID_N20_W120,20,-120,2025,9,2025-09-01,0.27164318926482056,27.164318926482057,0.03437678513831337,3.4376785138313366,0,VERY LOW,0
GRID_S70_E140,-70,140,2025,11,2025-11-01,0.2833116646259056,28.331166462590563,0.03437128832322709,3.437128832322709,0,VERY LOW,0
GRID_N30_E040,30,40,2025,3,2025-03-01,0.2755021115373139,27.55021115373139,0.03435049572796578,3.435049572796578,0,VERY LOW,0
GRID_N50_W090,50,-90,2025,3,2025-03-01,0.2699057996914482,26.990579969144818,0.03433446829849126,3.433446829849126,0,VERY LOW,1
GRID_S80_W120,-80,-120,2025,8,2025-08-01,0.27712423890427684,27.712423890427683,0.03432549742083182,3.432549742083182,0,VERY LOW,0
GRID_S70_W060,-70,-60,2025,2,2025-02-01,0.287891895566831,28.789189556683098,0.03431531707789797,3.431531707789797,0,VERY LOW,0
GRID_S30_E010,-30,10,2025,8,2025-08-01,0.27549978880832743,27.549978880832743,0.03430905027013011,3.4309050270130115,0,VERY LOW,0
GRID_N20_E060,20,60,2025,1,2025-01-01,0.2821709268712666,28.21709268712666,0.03430524470653669,3.430524470653669,0,VERY LOW,0
GRID_S10_W100,-10,-100,2025,10,2025-10-01,0.27914053328260285,27.914053328260284,0.03428921336882908,3.4289213368829077,0,VERY LOW,0
GRID_N30_E110,30,110,2025,2,2025-02-01,0.27789699037332893,27.789699037332895,0.03428835839185712,3.4288358391857123,0,VERY LOW,0
GRID_N20_W030,20,-30,2025,4,2025-04-01,0.2722960359758534,27.22960359758534,0.034287551779441885,3.4287551779441885,0,VERY LOW,0
GRID_S20_W160,-20,-160,2025,4,2025-04-01,0.2758507094169543,27.585070941695427,0.03428567370214301,3.428567370214301,0,VERY LOW,0
GRID_N50_E040,50,40,2025,9,2025-09-01,0.2683710455769084,26.83710455769084,0.03427683652278949,3.427683652278949,0,VERY LOW,0
GRID_N10_E170,10,170,2025,2,2025-02-01,0.2796407693278812,27.964076932788117,0.0342694170328493,3.42694170328493,0,VERY LOW,0
GRID_S80_W060,-80,-60,2025,4,2025-04-01,0.2820979933882066,28.209799338820662,0.03426859695415109,3.426859695415109,0,VERY LOW,0
GRID_S50_W070,-50,-70,2025,5,2025-05-01,0.2772833692315611,27.72833692315611,0.03426227916350694,3.426227916350694,0,VERY LOW,0
GRID_N40_W040,40,-40,2025,8,2025-08-01,0.26471912126905,26.471912126905,0.03425736233790276,3.425736233790276,0,VERY LOW,0
GRID_S50_E140,-50,140,2025,8,2025-08-01,0.2791780430591206,27.917804305912057,0.034252926501234404,3.42529265012344,0,VERY LOW,0
GRID_N20_W040,20,-40,2025,4,2025-04-01,0.27156953737727724,27.156953737727722,0.03422676548038614,3.422676548038614,0,VERY LOW,0
GRID_S30_W170,-30,-170,2025,5,2025-05-01,0.2724124348050512,27.24124348050512,0.03422191531198887,3.4221915311988873,0,VERY LOW,0
GRID_S80_W140,-80,-140,2025,6,2025-06-01,0.274617434155922,27.4617434155922,0.034220603015065444,3.4220603015065443,0,VERY LOW,0
GRID_N00_W050,0,-50,2025,2,2025-02-01,0.2812406332319478,28.124063323194783,0.0342051746420274,3.42051746420274,0,VERY LOW,0
GRID_N50_W090,50,-90,2025,11,2025-11-01,0.27025495923408743,27.025495923408744,0.03419640544793551,3.419640544793551,0,VERY LOW,0
GRID_N00_W120,0,-120,2025,3,2025-03-01,0.277594635350701,27.7594635350701,0.034195801687239256,3.419580168723926,0,VERY LOW,0
GRID_S40_E030,-40,30,2025,6,2025-06-01,0.273982656185712,27.398265618571198,0.034195167696982054,3.4195167696982054,0,VERY LOW,0
GRID_N00_W180,0,-180,2025,8,2025-08-01,0.26749173223248035,26.749173223248036,0.03418721917004415,3.418721917004415,0,VERY LOW,0
GRID_N70_E140,70,140,2025,10,2025-10-01,0.2680122721352226,26.80122721352226,0.034178385950155765,3.4178385950155765,0,VERY LOW,0
GRID_N60_W050,60,-50,2025,9,2025-09-01,0.26382436660422004,26.382436660422005,0.03417489684325073,3.417489684325073,0,VERY LOW,0
GRID_S10_E130,-10,130,2025,10,2025-10-01,0.2791439563031695,27.914395630316953,0.03416217363521387,3.4162173635213873,0,VERY LOW,0
GRID_S80_W110,-80,-110,2025,11,2025-11-01,0.28588599893955985,28.588599893955983,0.03413891051722637,3.413891051722637,0,VERY LOW,0
GRID_N00_E060,0,60,2025,4,2025-04-01,0.2749870904762327,27.498709047623272,0.03413511825688471,3.4135118256884707,0,VERY LOW,0
GRID_N40_E080,40,80,2025,9,2025-09-01,0.2693411019216955,26.934110192169552,0.03413490472128071,3.4134904721280708,0,VERY LOW,0
GRID_N60_W060,60,-60,2025,9,2025-09-01,0.2631122984310373,26.311229843103728,0.034120382731257407,3.4120382731257406,0,VERY LOW,0
GRID_S70_E040,-70,40,2025,3,2025-03-01,0.28407638368345095,28.407638368345093,0.03410365772281318,3.410365772281318,0,VERY LOW,0
GRID_S70_E000,-70,0,2025,5,2025-05-01,0.27707680428339837,27.707680428339838,0.03410298379916103,3.410298379916103,0,VERY LOW,0
GRID_S80_W160,-80,-160,2025,6,2025-06-01,0.2731579229219309,27.31579229219309,0.034089197599599205,3.4089197599599204,0,VERY LOW,0
GRID_N30_W060,30,-60,2025,10,2025-10-01,0.2715661806068125,27.156618060681247,0.03405372340856941,3.4053723408569407,0,VERY LOW,0
GRID_N20_E170,20,170,2025,9,2025-09-01,0.27201386936521704,27.201386936521704,0.03404979511627888,3.4049795116278885,0,VERY LOW,0
GRID_N00_W100,0,-100,2025,2,2025-02-01,0.27878006163436675,27.878006163436673,0.034047644059553,3.4047644059553,0,VERY LOW,0
GRID_S40_W060,-40,-60,2025,10,2025-10-01,0.280270772252375,28.027077225237502,0.03403397561390335,3.403397561390335,0,VERY LOW,0
GRID_S30_E170,-30,170,2025,4,2025-04-01,0.2772126422909576,27.72126422909576,0.03403160130844154,3.403160130844154,0,VERY LOW,0
GRID_N20_E100,20,100,2025,2,2025-02-01,0.27644044720994354,27.644044720994355,0.03401414110368166,3.4014141103681657,0,VERY LOW,1
GRID_S70_E100,-70,100,2025,5,2025-05-01,0.276657409630763,27.665740963076303,0.034009477791853544,3.4009477791853544,0,VERY LOW,0
GRID_N70_E140,70,140,2025,1,2025-01-01,0.27334266952076214,27.334266952076213,0.03398483591731596,3.398483591731596,0,VERY LOW,0
GRID_S60_E070,-60,70,2025,8,2025-08-01,0.2740625740811565,27.406257408115646,0.03394731419913619,3.394731419913619,0,VERY LOW,0
GRID_S70_E130,-70,130,2025,8,2025-08-01,0.27393207961972194,27.393207961972195,0.033936438704372615,3.3936438704372613,0,VERY LOW,0
GRID_N50_E020,50,20,2025,2,2025-02-01,0.2712729500283554,27.127295002835538,0.03391896632853137,3.391896632853137,0,VERY LOW,0
GRID_N30_W030,30,-30,2025,8,2025-08-01,0.26353864476301536,26.353864476301535,0.03389845393785321,3.3898453937853206,0,VERY LOW,0
GRID_S80_W140,-80,-140,2025,7,2025-07-01,0.2710730519222986,27.10730519222986,0.03388002137968549,3.3880021379685488,0,VERY LOW,0
GRID_S40_E030,-40,30,2025,7,2025-07-01,0.2704434122643591,27.044341226435908,0.033847316149758305,3.3847316149758306,0,VERY LOW,0
GRID_N50_W180,50,-180,2025,3,2025-03-01,0.2634476411261782,26.34476411261782,0.03384291977313674,3.384291977313674,0,VERY LOW,0
GRID_N50_W150,50,-150,2025,3,2025-03-01,0.2643929569106733,26.439295691067333,0.033839623014969775,3.3839623014969775,0,VERY LOW,0
GRID_N30_E000,30,0,2025,1,2025-01-01,0.27564789616307284,27.564789616307284,0.03380880467667509,3.380880467667509,0,VERY LOW,0
GRID_N60_W020,60,-20,2025,4,2025-04-01,0.26020473871929445,26.020473871929443,0.033778917845765866,3.377891784576587,0,VERY LOW,0
GRID_S80_W010,-80,-10,2025,5,2025-05-01,0.27439827232639924,27.439827232639924,0.03377606103226212,3.377606103226212,0,VERY LOW,0
GRID_S40_E130,-40,130,2025,1,2025-01-01,0.2812479106137012,28.124791061370118,0.03375957518609922,3.3759575186099218,0,VERY LOW,1
GRID_S70_E090,-70,90,2025,3,2025-03-01,0.28359225294194784,28.359225294194783,0.0337565183091353,3.37565183091353,0,VERY LOW,0
GRID_S80_W160,-80,-160,2025,7,2025-07-01,0.2696253761799518,26.96253761799518,0.033747205534686145,3.3747205534686144,0,VERY LOW,0
GRID_S70_W050,-70,-50,2025,5,2025-05-01,0.27341681785622834,27.341681785622836,0.03373563770016342,3.373563770016342,0,VERY LOW,0
GRID_S80_W010,-80,-10,2025,8,2025-08-01,0.2739689916843065,27.39689916843065,0.03371638403476231,3.3716384034762314,0,VERY LOW,0
GRID_S70_W070,-70,-70,2025,3,2025-03-01,0.27942545744632885,27.942545744632884,0.03370846403003437,3.370846403003437,0,VERY LOW,0
GRID_N10_W170,10,-170,2025,9,2025-09-01,0.26612122556769124,26.612122556769123,0.033704618812279305,3.3704618812279303,0,VERY LOW,0
GRID_S30_W080,-30,-80,2025,8,2025-08-01,0.2689570888731954,26.895708887319543,0.03370048879965616,3.370048879965616,0,VERY LOW,0
GRID_S70_E030,-70,30,2025,10,2025-10-01,0.27834290736928785,27.834290736928786,0.03367258574323802,3.367258574323802,0,VERY LOW,0
GRID_S70_E010,-70,10,2025,9,2025-09-01,0.2777996038587151,27.77996038587151,0.0336444491030739,3.36444491030739,0,VERY LOW,0
GRID_N50_E030,50,30,2025,4,2025-04-01,0.2618644684503715,26.186446845037146,0.03363503847582707,3.3635038475827073,0,VERY LOW,0
GRID_N50_E090,50,90,2025,10,2025-10-01,0.26566978960202936,26.566978960202935,0.03362412045518147,3.362412045518147,0,VERY LOW,0
GRID_N10_E060,10,60,2025,1,2025-01-01,0.27615349768129815,27.615349768129814,0.033614069059483845,3.3614069059483844,0,VERY LOW,0
GRID_S10_W050,-10,-50,2025,2,2025-02-01,0.3210012977486607,32.10012977486607,0.033606227087675605,3.3606227087675604,0,VERY LOW,0
GRID_N00_W020,0,-20,2025,4,2025-04-01,0.2691732953317009,26.917329533170093,0.033596794038782254,3.3596794038782254,0,VERY LOW,0
GRID_S70_E060,-70,60,2025,6,2025-06-01,0.27037325806805984,27.037325806805985,0.03359511578061859,3.359511578061859,0,VERY LOW,0
GRID_S10_E160,-10,160,2025,2,2025-02-01,0.2750001879298375,27.50001879298375,0.03358062732226008,3.358062732226008,0,VERY LOW,0
GRID_N20_W030,20,-30,2025,9,2025-09-01,0.2670881044711589,26.708810447115887,0.03356920273010898,3.356920273010898,0,VERY LOW,0
GRID_S70_E050,-70,50,2025,8,2025-08-01,0.27067724067551735,27.067724067551737,0.03355249018781762,3.355249018781762,0,VERY LOW,0
GRID_N60_E100,60,100,2025,9,2025-09-01,0.2619627184720318,26.196271847203178,0.03355229826209754,3.355229826209754,0,VERY LOW,0
GRID_S80_W040,-80,-40,2025,5,2025-05-01,0.2722119144312198,27.221191443121977,0.03355090898753126,3.3550908987531263,0,VERY LOW,0
GRID_S80_W070,-80,-70,2025,3,2025-03-01,0.28110320550980356,28.110320550980354,0.03353078450703902,3.353078450703902,0,VERY LOW,0
GRID_S60_W080,-60,-80,2025,4,2025-04-01,0.2739339444021589,27.39339444021589,0.03352619597151737,3.3526195971517367,0,VERY LOW,0
GRID_S80_W080,-80,-80,2025,9,2025-09-01,0.2747501082696429,27.47501082696429,0.03350876417589464,3.3508764175894643,0,VERY LOW,0
GRID_S40_W060,-40,-60,2025,3,2025-03-01,0.2754314919287917,27.54314919287917,0.03350737489000324,3.350737489000324,0,VERY LOW,0
GRID_N60_E010,60,10,2025,10,2025-10-01,0.2618611885163497,26.18611885163497,0.033497653107054055,3.3497653107054055,0,VERY LOW,0
GRID_N00_W090,0,-90,2025,5,2025-05-01,0.2633994366814894,26.33994366814894,0.03348164474462834,3.3481644744628345,0,VERY LOW,0
GRID_S20_W050,-20,-50,2025,11,2025-11-01,0.2668913119738029,26.689131197380288,0.033464960454380875,3.3464960454380877,0,VERY LOW,1
GRID_S80_W020,-80,-20,2025,4,2025-04-01,0.2744375932337385,27.44375932337385,0.033459369093829266,3.3459369093829268,0,VERY LOW,0
GRID_N60_E110,60,110,2025,9,2025-09-01,0.2628865311056555,26.28865311056555,0.03344898950353732,3.3448989503537323,0,VERY LOW,0
GRID_N40_W030,40,-30,2025,9,2025-09-01,0.2614719343153915,26.14719343153915,0.03344440297066397,3.344440297066397,0,VERY LOW,0
GRID_N60_E000,60,0,2025,10,2025-10-01,0.2611525393475229,26.115253934752293,0.03343539723001633,3.343539723001633,0,VERY LOW,0
GRID_S80_W110,-80,-110,2025,1,2025-01-01,0.28021482734541436,28.021482734541436,0.033420336774297246,3.3420336774297246,0,VERY LOW,0
GRID_S50_E160,-50,160,2025,4,2025-04-01,0.27259710707533524,27.259710707533525,0.03341464555233363,3.341464555233363,0,VERY LOW,0
GRID_N00_E170,0,170,2025,9,2025-09-01,0.2681724035781347,26.81724035781347,0.03340165885793104,3.340165885793104,0,VERY LOW,0
GRID_N30_W020,30,-20,2025,2,2025-02-01,0.2698489683543519,26.98489683543519,0.033387309049140376,3.3387309049140375,0,VERY LOW,0
GRID_N20_W050,20,-50,2025,3,2025-03-01,0.2670480285168308,26.70480285168308,0.03337123834639499,3.3371238346394985,0,VERY LOW,0
GRID_N00_E100,0,100,2025,2,2025-02-01,0.27255987311834246,27.255987311834247,0.033366093770111446,3.3366093770111447,0,VERY LOW,0
GRID_N50_W070,50,-70,2025,2,2025-02-01,0.2649195685423674,26.491956854236744,0.033361046369937135,3.3361046369937135,0,VERY LOW,0
GRID_S70_E110,-70,110,2025,3,2025-03-01,0.27791761861108266,27.791761861108267,0.033357183794182545,3.3357183794182546,0,VERY LOW,0
GRID_S70_E010,-70,10,2025,4,2025-04-01,0.27342161139648613,27.342161139648613,0.03335525108235114,3.3355251082351143,0,VERY LOW,0
GRID_N00_E050,0,50,2025,3,2025-03-01,0.2704298053007174,27.04298053007174,0.03335100080119956,3.3351000801199557,0,VERY LOW,0
GRID_S60_W050,-60,-50,2025,9,2025-09-01,0.2731003154640997,27.31003154640997,0.0333472946481602,3.3347294648160197,0,VERY LOW,0
GRID_N40_E050,40,50,2025,4,2025-04-01,0.2614000504678334,26.140005046783337,0.033346734341255596,3.3346734341255595,0,VERY LOW,0
GRID_S50_E140,-50,140,2025,11,2025-11-01,0.27707119420729637,27.707119420729637,0.033345107090959836,3.3345107090959836,0,VERY LOW,0
GRID_N50_W070,50,-70,2025,9,2025-09-01,0.2580369238144456,25.80369238144456,0.033330125961286136,3.3330125961286137,0,VERY LOW,0
GRID_S40_W090,-40,-90,2025,8,2025-08-01,0.26632813349127277,26.632813349127275,0.03332462805490835,3.332462805490835,0,VERY LOW,0
GRID_S80_W070,-80,-70,2025,9,2025-09-01,0.2715639672877056,27.15639672877056,0.03330807205387437,3.330807205387437,0,VERY LOW,0
GRID_N60_W110,60,-110,2025,2,2025-02-01,0.26575250735011624,26.575250735011625,0.03330499902500236,3.3304999025002364,0,VERY LOW,0
GRID_N60_E030,60,30,2025,3,2025-03-01,0.26001979729532265,26.001979729532266,0.033289786122363,3.3289786122363005,0,VERY LOW,0
GRID_S70_E060,-70,60,2025,7,2025-07-01,0.2668635013400941,26.686350134009412,0.03327836336590184,3.327836336590184,0,VERY LOW,0
GRID_N50_W080,50,-80,2025,9,2025-09-01,0.2573350158568955,25.73350158568955,0.033276303565279206,3.3276303565279206,0,VERY LOW,0
GRID_N30_W060,30,-60,2025,2,2025-02-01,0.26817051359546745,26.817051359546745,0.03327330608967311,3.327330608967311,0,VERY LOW,0
GRID_N40_E140,40,140,2025,3,2025-03-01,0.264057021124729,26.405702112472902,0.033250579884804066,3.3250579884804066,0,VERY LOW,0
GRID_N20_W070,20,-70,2025,1,2025-01-01,0.27117827765715175,27.117827765715173,0.033246138315235416,3.3246138315235414,0,VERY LOW,0
GRID_N00_W100,0,-100,2025,1,2025-01-01,0.27472588963129696,27.472588963129695,0.033245886322127674,3.3245886322127673,0,VERY LOW,0
GRID_N50_W150,50,-150,2025,9,2025-09-01,0.25490464397575424,25.490464397575423,0.0332195479358931,3.32195479358931,0,VERY LOW,0
GRID_S20_W170,-20,-170,2025,10,2025-10-01,0.26951437857949845,26.951437857949845,0.03319500407967925,3.319500407967925,0,VERY LOW,0
GRID_S60_W030,-60,-30,2025,3,2025-03-01,0.2737428556327785,27.37428556327785,0.03319001252545924,3.3190012525459243,0,VERY LOW,0
GRID_S70_W060,-70,-60,2025,10,2025-10-01,0.2729753104495793,27.29753104495793,0.03318528455629509,3.318528455629509,0,VERY LOW,0
GRID_S30_E060,-30,60,2025,4,2025-04-01,0.2691982281081664,26.91982281081664,0.03316521349029682,3.3165213490296823,0,VERY LOW,0
GRID_S70_E000,-70,0,2025,8,2025-08-01,0.26707055851549005,26.707055851549004,0.03315680292696965,3.3156802926969653,0,VERY LOW,0
GRID_S30_W170,-30,-170,2025,8,2025-08-01,0.2625134684211882,26.25134684211882,0.03315639220920389,3.315639220920389,0,VERY LOW,0
GRID_N50_E020,50,20,2025,1,2025-01-01,0.2672874906971479,26.72874906971479,0.03314260625433058,3.314260625433058,0,VERY LOW,0
GRID_S80_W130,-80,-130,2025,9,2025-09-01,0.26977014637154506,26.977014637154507,0.033138327244517186,3.3138327244517187,0,VERY LOW,0
GRID_S10_W040,-10,-40,2025,4,2025-04-01,0.2658262408848454,26.58262408848454,0.03311803355807623,3.3118033558076228,0,VERY LOW,0
GRID_S10_E170,-10,170,2025,9,2025-09-01,0.26626461079664293,26.626461079664292,0.033105104127167294,3.3105104127167295,0,VERY LOW,0
GRID_S70_E100,-70,100,2025,8,2025-08-01,0.26666072295118143,26.66607229511814,0.03309659628644467,3.309659628644467,0,VERY LOW,0
GRID_N30_E070,30,70,2025,4,2025-04-01,0.26093616496765865,26.093616496765865,0.03308246232846287,3.3082462328462867,0,VERY LOW,1
GRID_S70_E110,-70,110,2025,9,2025-09-01,0.26844611615572095,26.844611615572095,0.03306622694109631,3.306622694109631,0,VERY LOW,0
GRID_S80_W180,-80,-180,2025,11,2025-11-01,0.28029709633548133,28.029709633548133,0.033063471863623656,3.3063471863623657,0,VERY LOW,0
GRID_N00_W110,0,-110,2025,4,2025-04-01,0.26272635660558297,26.272635660558297,0.033051130462059666,3.3051130462059666,0,VERY LOW,0
GRID_N00_W050,0,-50,2025,10,2025-10-01,0.26653967977512993,26.653967977512995,0.0330300106030983,3.30300106030983,0,VERY LOW,0
GRID_N30_E060,30,60,2025,4,2025-04-01,0.26022913656632474,26.022913656632475,0.0330183414140882,3.30183414140882,0,VERY LOW,0
GRID_N50_E070,50,70,2025,3,2025-03-01,0.2612661587372968,26.12661587372968,0.032985947430571996,3.2985947430572,0,VERY LOW,0
GRID_S40_E150,-40,150,2025,3,2025-03-01,0.2699807307589895,26.998073075898947,0.03298461559591249,3.298461559591249,0,VERY LOW,1
GRID_N40_E070,40,70,2025,11,2025-11-01,0.26341424490630305,26.341424490630306,0.03297910301122024,3.297910301122024,0,VERY LOW,0
GRID_S70_E020,-70,20,2025,11,2025-11-01,0.2718895643985119,27.188956439851193,0.03295252238260174,3.295252238260174,0,VERY LOW,0
GRID_N30_E100,30,100,2025,10,2025-10-01,0.2625956182270015,26.25956182270015,0.03295086088937092,3.2950860889370923,0,VERY LOW,0
GRID_N50_E040,50,40,2025,3,2025-03-01,0.2588528992771573,25.885289927715732,0.03294757694073637,3.294757694073637,0,VERY LOW,0
GRID_N20_W120,20,-120,2025,3,2025-03-01,0.2620505583963232,26.20505583963232,0.032944467064653774,3.2944467064653775,0,VERY LOW,0
GRID_N00_W130,0,-130,2025,4,2025-04-01,0.2613072770601066,26.13072770601066,0.032938157098626325,3.2938157098626326,0,VERY LOW,0
GRID_S70_E070,-70,70,2025,10,2025-10-01,0.2712981001852278,27.129810018522782,0.032934876388206455,3.2934876388206455,0,VERY LOW,0
GRID_S60_W070,-60,-70,2025,6,2025-06-01,0.26295042697477045,26.295042697477044,0.03293215793233095,3.293215793233095,0,VERY LOW,0
GRID_N50_E090,50,90,2025,2,2025-02-01,0.2623213002459997,26.23213002459997,0.03292884207316758,3.2928842073167583,0,VERY LOW,0
GRID_N20_E160,20,160,2025,1,2025-01-01,0.2672153979685906,26.721539796859062,0.03291131682111458,3.291131682111458,0,VERY LOW,0
GRID_N50_W180,50,-180,2025,10,2025-10-01,0.25589616343376503,25.589616343376502,0.032904171420954434,3.2904171420954436,0,VERY LOW,0
GRID_S40_E030,-40,30,2025,5,2025-05-01,0.2643826639251929,26.43826639251929,0.032881525634768094,3.2881525634768094,0,VERY LOW,0
GRID_S80_W030,-80,-30,2025,11,2025-11-01,0.2714481857559472,27.14481857559472,0.032874370801620194,3.2874370801620194,0,VERY LOW,0
GRID_S70_E150,-70,150,2025,4,2025-04-01,0.2680299222925552,26.80299222925552,0.03286349392339946,3.2863493923399463,0,VERY LOW,0
GRID_S80_W140,-80,-140,2025,5,2025-05-01,0.2650033185753877,26.50033185753877,0.03285454827172865,3.285454827172865,0,VERY LOW,0
GRID_N30_E110,30,110,2025,11,2025-11-01,0.2629689205015116,26.29689205015116,0.0328487926838277,3.28487926838277,0,VERY LOW,0
GRID_N10_E050,10,50,2025,9,2025-09-01,0.26149640898126286,26.149640898126286,0.032838632864624615,3.2838632864624615,0,VERY LOW,0
GRID_S10_E030,-10,30,2025,1,2025-01-01,0.3123005147078582,31.23005147078582,0.03283105019354155,3.283105019354155,0,VERY LOW,0
GRID_N40_E080,40,80,2025,3,2025-03-01,0.2598007682085533,25.98007682085533,0.03282607821782626,3.282607821782626,0,VERY LOW,0
GRID_N40_E070,40,70,2025,3,2025-03-01,0.2604863058931531,26.04863058931531,0.03282553065704396,3.2825530657043958,0,VERY LOW,0
GRID_N50_E100,50,100,2025,2,2025-02-01,0.26044780658360217,26.044780658360217,0.03282115388099589,3.2821153880995895,0,VERY LOW,0
GRID_N40_W040,40,-40,2025,4,2025-04-01,0.25507430835831735,25.507430835831734,0.03281883116309305,3.2818831163093054,0,VERY LOW,0
GRID_S80_W060,-80,-60,2025,9,2025-09-01,0.2671967056906218,26.71967056906218,0.0328109250022357,3.2810925002235702,0,VERY LOW,0
GRID_N60_W050,60,-50,2025,3,2025-03-01,0.25441140112005045,25.441140112005044,0.032810270099383476,3.281027009938348,0,VERY LOW,0
GRID_S30_E010,-30,10,2025,4,2025-04-01,0.2656040762871982,26.56040762871982,0.032805200078327046,3.2805200078327044,0,VERY LOW,0
GRID_N00_W030,0,-30,2025,3,2025-03-01,0.26467718636555115,26.467718636555116,0.032788533308585874,3.2788533308585874,0,VERY LOW,0
GRID_S70_W050,-70,-50,2025,8,2025-08-01,0.26349457152249567,26.349457152249567,0.03278253757328216,3.278253757328216,0,VERY LOW,0
GRID_S10_E160,-10,160,2025,11,2025-11-01,0.26696441002308935,26.696441002308934,0.032781977345549204,3.2781977345549205,0,VERY LOW,0
GRID_N20_E170,20,170,2025,3,2025-03-01,0.26241286459861624,26.241286459861623,0.03276818478461524,3.276818478461524,0,VERY LOW,0
GRID_N40_E130,40,130,2025,11,2025-11-01,0.26000204097571394,26.000204097571395,0.032762483490672165,3.2762483490672163,0,VERY LOW,0
GRID_S10_E040,-10,40,2025,3,2025-03-01,0.26658907095436135,26.658907095436135,0.032755738760761724,3.2755738760761726,0,VERY LOW,0
GRID_N60_W060,60,-60,2025,3,2025-03-01,0.25371598288776104,25.371598288776102,0.03275363306359787,3.275363306359787,0,VERY LOW,0
GRID_S70_W060,-70,-60,2025,1,2025-01-01,0.274030074221915,27.4030074221915,0.0327418066901019,3.27418066901019,0,VERY LOW,0
GRID_S80_W160,-80,-160,2025,5,2025-05-01,0.2635763371380798,26.35763371380798,0.03272496659225967,3.2724966592259674,0,VERY LOW,0
GRID_S80_W120,-80,-120,2025,4,2025-04-01,0.2671916962791252,26.71916962791252,0.03271680945501914,3.271680945501914,0,VERY LOW,0
GRID_N50_E060,50,60,2025,2,2025-02-01,0.26019666303644023,26.019666303644023,0.032714504223161175,3.2714504223161174,0,VERY LOW,0
GRID_N60_E010,60,10,2025,2,2025-02-01,0.25715999710184007,25.715999710184008,0.03269922224089445,3.269922224089445,0,VERY LOW,0
GRID_N10_E170,10,170,2025,1,2025-01-01,0.2660278172065804,26.602781720658044,0.03269804167012706,3.269804167012706,0,VERY LOW,0
GRID_N50_E000,50,0,2025,3,2025-03-01,0.2560469674028702,25.604696740287018,0.0326958063683373,3.26958063683373,0,VERY LOW,0
GRID_S20_W160,-20,-160,2025,9,2025-09-01,0.26115937440445625,26.115937440445624,0.03268682806505787,3.268682806505787,0,VERY LOW,0
GRID_N30_E110,30,110,2025,1,2025-01-01,0.2643377759936354,26.433777599363538,0.03268622610693702,3.268622610693702,0,VERY LOW,0
GRID_N00_E100,0,100,2025,1,2025-01-01,0.2685624746545116,26.856247465451162,0.032674473627698264,3.2674473627698264,0,VERY LOW,0
GRID_N30_E150,30,150,2025,2,2025-02-01,0.2628113265772856,26.281132657728563,0.03267410269762733,3.267410269762733,0,VERY LOW,0
GRID_N00_W180,0,-180,2025,4,2025-04-01,0.25778131731323356,25.778131731323356,0.03266847167663779,3.266847167663779,0,VERY LOW,0
GRID_N60_E000,60,0,2025,2,2025-02-01,0.25645965003183674,25.645965003183672,0.03263414986675485,3.263414986675485,0,VERY LOW,0
GRID_N50_W010,50,-10,2025,1,2025-01-01,0.26077418609930586,26.077418609930586,0.03262568769672182,3.262568769672182,0,VERY LOW,0
GRID_S80_W040,-80,-40,2025,8,2025-08-01,0.2623176075672484,26.231760756724842,0.032625093799826865,3.2625093799826868,0,VERY LOW,0
GRID_N20_W040,20,-40,2025,9,2025-09-01,0.25702528246481265,25.702528246481265,0.03261502772234333,3.261502772234333,0,VERY LOW,0
GRID_S70_E090,-70,90,2025,9,2025-09-01,0.2644844220947994,26.44844220947994,0.03260631599903395,3.260631599903395,0,VERY LOW,0
GRID_S60_W070,-60,-70,2025,7,2025-07-01,0.2595027563675557,25.95027563675557,0.03259827915656448,3.2598279156564476,0,VERY LOW,0
GRID_N10_E170,10,170,2025,11,2025-11-01,0.26205890814475197,26.205890814475197,0.03259670502044167,3.2596705020441674,0,VERY LOW,0
GRID_S30_W060,-30,-60,2025,1,2025-01-01,0.310868314196138,31.086831419613798,0.032589747222746525,3.2589747222746523,0,VERY LOW,1
GRID_N20_E050,20,50,2025,4,2025-04-01,0.25765542535875235,25.765542535875234,0.03258040142263662,3.258040142263662,0,VERY LOW,0
GRID_N00_E060,0,60,2025,9,2025-09-01,0.2603252155824963,26.032521558249634,0.03257849686082342,3.257849686082342,0,VERY LOW,0
GRID_N10_W180,10,-180,2025,10,2025-10-01,0.2591847089475828,25.91847089475828,0.03257263241378,3.2572632413780003,0,VERY LOW,0
GRID_S30_E170,-30,170,2025,9,2025-09-01,0.2624750638120982,26.247506381209817,0.03256647960010609,3.2566479600106093,0,VERY LOW,0
GRID_N00_W050,0,-50,2025,1,2025-01-01,0.26757872877029115,26.757872877029115,0.032561889498684535,3.2561889498684535,0,VERY LOW,0
GRID_S30_E040,-30,40,2025,10,2025-10-01,0.26608127871372866,26.608127871372865,0.03255963812545179,3.255963812545179,0,VERY LOW,0
GRID_N00_E040,0,40,2025,9,2025-09-01,0.26030448825228414,26.030448825228415,0.03251553662786717,3.2515536627867174,0,VERY LOW,0
GRID_S80_W050,-80,-50,2025,10,2025-10-01,0.26801350945657815,26.801350945657816,0.03248654802238708,3.248654802238708,0,VERY LOW,0
GRID_S10_E050,-10,50,2025,2,2025-02-01,0.26582563990014063,26.582563990014062,0.032480914505741566,3.2480914505741567,0,VERY LOW,0
GRID_N30_W030,30,-30,2025,4,2025-04-01,0.25392198854027065,25.392198854027065,0.03247541910142772,3.247541910142772,0,VERY LOW,0
GRID_N30_W060,30,-60,2025,11,2025-11-01,0.2588728711399472,25.887287113994724,0.03247002697485785,3.2470026974857853,0,VERY LOW,0
GRID_S10_E060,-10,60,2025,2,2025-02-01,0.2652175620738366,26.52175620738366,0.03245921219930834,3.245921219930834,0,VERY LOW,0
GRID_S60_E070,-60,70,2025,4,2025-04-01,0.2641996597923203,26.41996597923203,0.032429950708546776,3.2429950708546778,0,VERY LOW,0
GRID_N00_W090,0,-90,2025,8,2025-08-01,0.25371377951314955,25.371377951314955,0.03242094526076191,3.2420945260761913,0,VERY LOW,1
GRID_N20_E100,20,100,2025,1,2025-01-01,0.2629264241081341,26.29264241081341,0.032414944682894756,3.2414944682894755,0,VERY LOW,0
GRID_S70_E130,-70,130,2025,4,2025-04-01,0.2640721532148534,26.40721532148534,0.03241048390365773,3.2410483903657727,0,VERY LOW,0
GRID_N00_W100,0,-100,2025,11,2025-11-01,0.26123269125502113,26.123269125502112,0.03237615932660581,3.2376159326605816,0,VERY LOW,0
GRID_N20_E090,20,90,2025,1,2025-01-01,0.2622159162603902,26.22159162603902,0.03233518105740988,3.233518105740988,0,VERY LOW,1
GRID_S70_E060,-70,60,2025,5,2025-05-01,0.26085429486953915,26.085429486953913,0.032305154035398395,3.2305154035398393,0,VERY LOW,0
GRID_N10_W170,10,-170,2025,3,2025-03-01,0.25665488090830385,25.665488090830387,0.03228449794412895,3.228449794412895,0,VERY LOW,0
GRID_S70_E100,-70,100,2025,3,2025-03-01,0.27048905957087305,27.048905957087303,0.032241179675432885,3.2241179675432887,0,VERY LOW,0
GRID_N30_E100,30,100,2025,2,2025-02-01,0.25788584816051985,25.788584816051983,0.03222326151450753,3.222326151450753,0,VERY LOW,0
GRID_S30_W080,-30,-80,2025,4,2025-04-01,0.25921230304385035,25.921230304385034,0.03220770224444562,3.220770224444562,0,VERY LOW,0
GRID_N30_W020,30,-20,2025,10,2025-10-01,0.25415857082043486,25.415857082043487,0.03213589313787859,3.213589313787859,0,VERY LOW,0
GRID_N00_E170,0,170,2025,3,2025-03-01,0.25865881167277077,25.865881167277077,0.03212960503296604,3.2129605032966038,0,VERY LOW,0
GRID_S30_E170,-30,170,2025,3,2025-03-01,0.2623463486560084,26.234634865600842,0.0321283737730433,3.21283737730433,0,VERY LOW,0
GRID_S10_E040,-10,40,2025,9,2025-09-01,0.2570494857775847,25.70494857775847,0.03212608964235586,3.212608964235586,0,VERY LOW,1
GRID_S50_W070,-50,-70,2025,9,2025-09-01,0.26070693749487306,26.070693749487305,0.03212322961010082,3.212322961010082,0,VERY LOW,0
GRID_N40_W030,40,-30,2025,3,2025-03-01,0.25211415722774827,25.211415722774827,0.03212057316198402,3.2120573161984023,0,VERY LOW,0
GRID_S10_E160,-10,160,2025,1,2025-01-01,0.26153112398605516,26.153112398605515,0.03206129728028412,3.2061297280284116,0,VERY LOW,0
GRID_S80_W020,-80,-20,2025,9,2025-09-01,0.2597945181671604,25.979451816716043,0.03205483266907968,3.205483266907968,0,VERY LOW,0
GRID_S60_W080,-60,-80,2025,9,2025-09-01,0.2593081382312451,25.93081382312451,0.03205241627222369,3.2052416272223687,0,VERY LOW,0
GRID_N00_W020,0,-20,2025,9,2025-09-01,0.25471249935901236,25.471249935901234,0.03204162049219685,3.2041620492196854,0,VERY LOW,0
GRID_S70_E050,-70,50,2025,4,2025-04-01,0.2608923727758516,26.08923727758516,0.032035782343633405,3.2035782343633405,0,VERY LOW,0
GRID_N30_E140,30,140,2025,2,2025-02-01,0.2571305305082121,25.71305305082121,0.032030759305070565,3.2030759305070564,0,VERY LOW,0
GRID_S50_E160,-50,160,2025,9,2025-09-01,0.2580173125192698,25.80173125192698,0.03201382203025655,3.201382203025655,0,VERY LOW,0
GRID_S70_W070,-70,-70,2025,10,2025-10-01,0.26212215401773503,26.212215401773502,0.03197128453498521,3.197128453498521,0,VERY LOW,0
GRID_N40_W060,40,-60,2025,3,2025-03-01,0.2500441690704699,25.004416907046988,0.031943831531177594,3.1943831531177596,0,VERY LOW,0
GRID_S40_E030,-40,30,2025,8,2025-08-01,0.25467335205073965,25.467335205073965,0.0319227287347124,3.19227287347124,0,VERY LOW,0
GRID_S80_W140,-80,-140,2025,8,2025-08-01,0.25527912335168346,25.527912335168345,0.03191343215916357,3.191343215916357,0,VERY LOW,0
GRID_N70_E140,70,140,2025,11,2025-11-01,0.2463367148889281,24.633671488892812,0.03183849148528741,3.1838491485287412,0,VERY LOW,0
GRID_S40_W090,-40,-90,2025,4,2025-04-01,0.2566451595871405,25.664515958714052,0.031838408536812884,3.1838408536812883,0,VERY LOW,0
GRID_S10_E170,-10,170,2025,3,2025-03-01,0.2567949504193351,25.67949504193351,0.03183513198270594,3.183513198270594,0,VERY LOW,0
GRID_S40_W060,-40,-60,2025,2,2025-02-01,0.26289310280684536,26.289310280684536,0.0318255896567175,3.18255896567175,0,VERY LOW,0
GRID_N00_E040,0,40,2025,4,2025-04-01,0.25325142131670997,25.325142131670997,0.03181650890790977,3.181650890790977,0,VERY LOW,1
GRID_N60_W140,60,-140,2025,2,2025-02-01,0.24678669039261672,24.67866903926167,0.03180044258604085,3.1800442586040853,0,VERY LOW,0
GRID_N60_E160,60,160,2025,10,2025-10-01,0.24755844866690938,24.75584486669094,0.0317963160152811,3.17963160152811,0,VERY LOW,0
GRID_N30_E040,30,40,2025,2,2025-02-01,0.25369477667327983,25.369477667327985,0.03178901927307839,3.1789019273078387,0,VERY LOW,0
GRID_S80_W160,-80,-160,2025,8,2025-08-01,0.25388641710861565,25.388641710861563,0.03178075189440907,3.178075189440907,0,VERY LOW,0
GRID_N30_W020,30,-20,2025,1,2025-01-01,0.25654292641152626,25.654292641152626,0.03177539104935106,3.177539104935106,0,VERY LOW,0
GRID_S10_W100,-10,-100,2025,11,2025-11-01,0.256880817878006,25.6880817878006,0.03176475030168929,3.1764750301689295,0,VERY LOW,0
GRID_S80_W170,-80,-170,2025,6,2025-06-01,0.2522081056367913,25.22081056367913,0.03175904053313258,3.1759040533132583,0,VERY LOW,1
GRID_S10_E130,-10,130,2025,11,2025-11-01,0.2568840652071489,25.688406520714892,0.03174630828822563,3.174630828822563,0,VERY LOW,0
GRID_N50_W070,50,-70,2025,1,2025-01-01,0.25177277713338486,25.177277713338487,0.03173467088604156,3.173467088604156,0,VERY LOW,0
GRID_N10_W180,10,-180,2025,2,2025-02-01,0.2545150001167458,25.451500011674582,0.03173463046598961,3.1734630465989606,0,VERY LOW,0
GRID_S30_E060,-30,60,2025,9,2025-09-01,0.25473655955467456,25.473655955467457,0.03169904246613019,3.1699042466130187,0,VERY LOW,0
GRID_S80_W180,-80,-180,2025,6,2025-06-01,0.2515166783257786,25.15166783257786,0.031698909528941464,3.1698909528941464,0,VERY LOW,0
GRID_N50_W090,50,-90,2025,2,2025-02-01,0.24838956885487515,24.838956885487516,0.03168625594683459,3.1686255946834594,0,VERY LOW,0
GRID_N20_E070,20,70,2025,3,2025-03-01,0.2545813688089977,25.45813688089977,0.03168151405874054,3.1681514058740543,0,VERY LOW,0
GRID_S30_W170,-30,-170,2025,4,2025-04-01,0.252921374032036,25.2921374032036,0.03167212060124249,3.1672120601242493,0,VERY LOW,0
GRID_S70_E000,-70,0,2025,4,2025-04-01,0.2573700609569463,25.737006095694632,0.03165396415181369,3.165396415181369,0,VERY LOW,0
GRID_S60_W070,-60,-70,2025,5,2025-05-01,0.25360196374660204,25.360196374660205,0.03164642407858019,3.164642407858019,0,VERY LOW,0
GRID_N30_W060,30,-60,2025,1,2025-01-01,0.2549183397171247,25.49183397171247,0.03163388075442746,3.163388075442746,0,VERY LOW,0
GRID_S70_E100,-70,100,2025,4,2025-04-01,0.2569698922545657,25.69698922545657,0.031609305897551544,3.1609305897551545,0,VERY LOW,0
GRID_N00_E050,0,50,2025,10,2025-10-01,0.25348759109498153,25.348759109498154,0.0315980053020658,3.15980053020658,0,VERY LOW,0
GRID_N00_W120,0,-120,2025,2,2025-02-01,0.25568012017665975,25.568012017665975,0.031591401382861234,3.1591401382861233,0,VERY LOW,0
GRID_N20_W050,20,-50,2025,10,2025-10-01,0.25024500933719557,25.02450093371956,0.0315887706990379,3.15887706990379,0,VERY LOW,0
GRID_N60_E140,60,140,2025,10,2025-10-01,0.24901378051826867,24.901378051826867,0.03157654016903776,3.157654016903776,0,VERY LOW,0
GRID_N10_E050,10,50,2025,3,2025-03-01,0.25213805501820535,25.213805501820534,0.03156013842144152,3.1560138421441524,0,VERY LOW,0
GRID_S70_E040,-70,40,2025,10,2025-10-01,0.25724145586343183,25.724145586343184,0.031559735417837506,3.1559735417837507,0,VERY LOW,0
GRID_S70_W060,-70,-60,2025,11,2025-11-01,0.26023966729704684,26.023966729704682,0.031533953142495165,3.1533953142495164,0,VERY LOW,0
GRID_S70_E150,-70,150,2025,9,2025-09-01,0.2536092360831647,25.360923608316472,0.031527284600130046,3.1527284600130043,0,VERY LOW,0
GRID_S40_W060,-40,-60,2025,11,2025-11-01,0.2579531793890031,25.795317938900308,0.0315230771483571,3.15230771483571,0,VERY LOW,1
GRID_N60_E030,60,30,2025,10,2025-10-01,0.2435120810979388,24.35120810979388,0.03151396606037902,3.1513966060379017,0,VERY LOW,0
GRID_S60_W080,-60,-80,2025,3,2025-03-01,0.2591804303397696,25.91804303397696,0.03150561222409353,3.150561222409353,0,VERY LOW,0
GRID_N00_W110,0,-110,2025,9,2025-09-01,0.24849414469264994,24.849414469264993,0.03149628825260574,3.149628825260574,0,VERY LOW,0
GRID_N40_E140,40,140,2025,10,2025-10-01,0.24737868134564317,24.737868134564316,0.03149514310927482,3.1495143109274824,0,VERY LOW,0
GRID_S60_W030,-60,-30,2025,10,2025-10-01,0.25666610198077505,25.666610198077507,0.03148274184877894,3.1482741848778937,0,VERY LOW,0
GRID_S30_E160,-30,160,2025,10,2025-10-01,0.25443355359355774,25.443355359355774,0.03143387364803078,3.143387364803078,0,VERY LOW,0
GRID_S70_E060,-70,60,2025,8,2025-08-01,0.25123030676412134,25.123030676412135,0.03142424100459743,3.1424241004597433,0,VERY LOW,0
GRID_S70_E130,-70,130,2025,3,2025-03-01,0.258837939266726,25.8837939266726,0.031397506099086724,3.1397506099086723,0,VERY LOW,0
GRID_N60_E120,60,120,2025,9,2025-09-01,0.2466136945785216,24.66136945785216,0.03139000618494557,3.139000618494557,0,VERY LOW,0
GRID_N00_W130,0,-130,2025,9,2025-09-01,0.2471261713432662,24.71261713432662,0.031383207068391775,3.1383207068391776,0,VERY LOW,0
GRID_N20_W030,20,-30,2025,3,2025-03-01,0.24845780740503803,24.845780740503802,0.03138121149801905,3.138121149801905,0,VERY LOW,0
GRID_N10_W170,10,-170,2025,10,2025-10-01,0.24923222658190616,24.923222658190618,0.03137786414911718,3.137786414911718,0,VERY LOW,0
GRID_S80_W180,-80,-180,2025,7,2025-07-01,0.2481684445097105,24.81684445097105,0.03137680276046142,3.137680276046142,0,VERY LOW,0
GRID_S80_W060,-80,-60,2025,3,2025-03-01,0.2577055385128832,25.77055385128832,0.03137511272527902,3.137511272527902,0,VERY LOW,0
GRID_N30_E170,30,170,2025,10,2025-10-01,0.2476143517893411,24.76143517893411,0.03137345415688499,3.1373454156884995,0,VERY LOW,0
GRID_S20_E010,-20,10,2025,11,2025-11-01,0.27274718591090075,27.274718591090075,0.03136721668137312,3.1367216681373122,0,VERY LOW,0
GRID_S20_W040,-20,-40,2025,9,2025-09-01,0.2510108764707052,25.101087647070518,0.03136086238872416,3.136086238872416,0,VERY LOW,1
GRID_S70_E070,-70,70,2025,2,2025-02-01,0.2571408271143823,25.71408271143823,0.03135979856525178,3.1359798565251777,0,VERY LOW,0
GRID_N50_E090,50,90,2025,1,2025-01-01,0.24925972674833718,24.92597267483372,0.031358382035440995,3.1358382035440995,0,VERY LOW,0
GRID_S80_W010,-80,-10,2025,4,2025-04-01,0.25481488654354245,25.481488654354244,0.03135039341629233,3.1350393416292333,0,VERY LOW,0
GRID_S30_E010,-30,10,2025,9,2025-09-01,0.25126910324619106,25.126910324619107,0.03133794992904718,3.1337949929047184,0,VERY LOW,0
GRID_S70_W070,-70,-70,2025,1,2025-01-01,0.26282900903358125,26.282900903358126,0.031336730442935404,3.1336730442935403,0,VERY LOW,0
GRID_N20_W040,20,-40,2025,3,2025-03-01,0.24777325487293078,24.777325487293076,0.0313199093626325,3.13199093626325,0,VERY LOW,0
GRID_S20_W160,-20,-160,2025,3,2025-03-01,0.2518089694347144,25.180896943471442,0.03130967544835479,3.1309675448354795,0,VERY LOW,0
GRID_N00_E060,0,60,2025,3,2025-03-01,0.25099453055388027,25.099453055388025,0.031307880783111884,3.1307880783111885,0,VERY LOW,0
GRID_S80_W120,-80,-120,2025,9,2025-09-01,0.2528005330135631,25.280053301356308,0.03130045304441412,3.1300453044414116,0,VERY LOW,0
GRID_S10_E050,-10,50,2025,10,2025-10-01,0.25164834400006286,25.164834400006285,0.03129915673749746,3.129915673749746,0,VERY LOW,0
GRID_N50_E090,50,90,2025,11,2025-11-01,0.2441204993371838,24.41204993371838,0.031294546283313504,3.1294546283313505,0,VERY LOW,0
GRID_S70_W050,-70,-50,2025,4,2025-04-01,0.25387896914361213,25.387896914361214,0.031292626266838174,3.1292626266838175,0,VERY LOW,0
GRID_S20_W060,-20,-60,2025,1,2025-01-01,0.35370842726938495,35.3708427269385,0.03127992949397345,3.127992949397345,0,VERY LOW,0
GRID_N40_W040,40,-40,2025,9,2025-09-01,0.24112105071594375,24.112105071594375,0.031252335416890945,3.1252335416890946,0,VERY LOW,1
GRID_N50_W150,50,-150,2025,2,2025-02-01,0.24316982363466083,24.31698236346608,0.031229710158059254,3.122971015805925,0,VERY LOW,0
GRID_S10_E130,-10,130,2025,2,2025-02-01,0.2525705011038386,25.25705011038386,0.031228090889326786,3.1228090889326787,0,VERY LOW,0
GRID_S70_E030,-70,30,2025,11,2025-11-01,0.2561241983024298,25.612419830242978,0.031225327414162875,3.1225327414162876,0,VERY LOW,0
GRID_S70_W070,-70,-70,2025,2,2025-02-01,0.2574179113738156,25.741791137381558,0.03119434444108645,3.119434444108645,0,VERY LOW,0
GRID_N50_E040,50,40,2025,10,2025-10-01,0.2423949981604692,24.23949981604692,0.031191557667733905,3.1191557667733907,0,VERY LOW,0
GRID_N50_W180,50,-180,2025,2,2025-02-01,0.24227539751905663,24.227539751905663,0.031185600098900722,3.1185600098900723,0,VERY LOW,0
GRID_N20_W120,20,-120,2025,10,2025-10-01,0.24545668208473223,24.545668208473224,0.0311725968585909,3.11725968585909,0,VERY LOW,0
GRID_N60_E010,60,10,2025,11,2025-11-01,0.24051964071249005,24.051964071249003,0.03114984792562662,3.114984792562662,0,VERY LOW,0
GRID_S80_W040,-80,-40,2025,4,2025-04-01,0.2527302173033693,25.273021730336932,0.031129487789994036,3.1129487789994035,0,VERY LOW,0
GRID_N00_W180,0,-180,2025,9,2025-09-01,0.2437284287083627,24.37284287083627,0.031112970252582618,3.1112970252582617,0,VERY LOW,0
GRID_N60_E010,60,10,2025,1,2025-01-01,0.2442703175534157,24.42703175534157,0.031104306053138027,3.1104306053138027,0,VERY LOW,0
GRID_N60_E000,60,0,2025,11,2025-11-01,0.23984997938351132,23.984997938351132,0.03108811384847302,3.1088113848473022,0,VERY LOW,0
GRID_N40_E080,40,80,2025,10,2025-10-01,0.2433023853500325,24.33023853500325,0.031083820611472485,3.1083820611472484,0,VERY LOW,0
GRID_S70_E130,-70,130,2025,9,2025-09-01,0.24979173786778888,24.979173786778887,0.031082440478230493,3.108244047823049,0,VERY LOW,0
GRID_S60_E070,-60,70,2025,9,2025-09-01,0.24991469075370376,24.991469075370375,0.031056648873132125,3.1056648873132127,0,VERY LOW,0
GRID_N20_E170,20,170,2025,10,2025-10-01,0.24580368778566453,24.580368778566452,0.031052452918254186,3.1052452918254185,0,VERY LOW,0
GRID_N60_W050,60,-50,2025,10,2025-10-01,0.23814515323810645,23.814515323810646,0.031050879750471445,3.1050879750471445,0,VERY LOW,0
GRID_N00_W030,0,-30,2025,10,2025-10-01,0.2479728742172341,24.79728742172341,0.03104799517489986,3.104799517489986,0,VERY LOW,0
GRID_N60_E000,60,0,2025,1,2025-01-01,0.24359356286141892,24.359356286141892,0.031038806730674474,3.1038806730674473,0,VERY LOW,0
GRID_S70_E040,-70,40,2025,1,2025-01-01,0.2579397501784818,25.79397501784818,0.031034876573761007,3.1034876573761006,0,VERY LOW,0
GRID_N00_W090,0,-90,2025,4,2025-04-01,0.24433669280482384,24.433669280482384,0.031032690247451495,3.1032690247451495,0,VERY LOW,0
GRID_S70_E150,-70,150,2025,3,2025-03-01,0.25348337435476204,25.348337435476203,0.03103070968829329,3.103070968829329,0,VERY LOW,0
GRID_N30_E150,30,150,2025,11,2025-11-01,0.24458779898282346,24.458779898282344,0.031028525466300128,3.1028525466300128,0,VERY LOW,0
GRID_N60_W060,60,-60,2025,10,2025-10-01,0.23748003580930402,23.7480035809304,0.03099617008733862,3.099617008733862,0,VERY LOW,0
GRID_S50_E170,-50,170,2025,1,2025-01-01,0.25232359871509785,25.232359871509786,0.03098463098818714,3.098463098818714,0,VERY LOW,0
GRID_S10_E050,-10,50,2025,1,2025-01-01,0.25264933853500754,25.264933853500754,0.03098383051809107,3.098383051809107,0,VERY LOW,0
GRID_S10_E060,-10,60,2025,1,2025-01-01,0.25206105343976043,25.20610534397604,0.030951575278811445,3.0951575278811445,0,VERY LOW,0
GRID_N30_W030,30,-30,2025,9,2025-09-01,0.24001145634234186,24.001145634234184,0.030934804612244238,3.0934804612244235,0,VERY LOW,1
GRID_N60_W020,60,-20,2025,3,2025-03-01,0.23708018338871495,23.708018338871494,0.030924134364450705,3.0924134364450704,0,VERY LOW,0
GRID_S60_W030,-60,-30,2025,1,2025-01-01,0.25736337563748507,25.736337563748506,0.030914320820174673,3.091432082017467,0,VERY LOW,0
GRID_N40_E100,40,100,2025,3,2025-03-01,0.2415487921738343,24.154879217383428,0.03090340935632647,3.0903409356326472,0,VERY LOW,1
GRID_N00_E050,0,50,2025,2,2025-02-01,0.24888604206878553,24.888604206878554,0.0308973441465417,3.08973441465417,0,VERY LOW,0
GRID_N20_W050,20,-50,2025,2,2025-02-01,0.24568295067335763,24.568295067335765,0.030845148570429304,3.0845148570429304,0,VERY LOW,0
GRID_N40_E140,40,140,2025,2,2025-02-01,0.242851951316604,24.2851951316604,0.030841077833291354,3.0841077833291353,0,VERY LOW,0
GRID_S70_E040,-70,40,2025,2,2025-02-01,0.2525948206580412,25.259482065804118,0.030835762207675817,3.083576220767582,0,VERY LOW,0
GRID_N50_E030,50,30,2025,3,2025-03-01,0.23863999222414822,23.863999222414822,0.03082787513524804,3.0827875135248037,0,VERY LOW,0
GRID_N60_E030,60,30,2025,2,2025-02-01,0.23903363356167268,23.90336335616727,0.030804140774511934,3.0804140774511932,0,VERY LOW,0
GRID_N30_E170,30,170,2025,2,2025-02-01,0.24441768695463323,24.441768695463324,0.030797787190007114,3.0797787190007115,0,VERY LOW,0
GRID_N00_W020,0,-20,2025,3,2025-03-01,0.24551621328680012,24.551621328680014,0.03077015279034011,3.0770152790340113,0,VERY LOW,0
GRID_S60_W030,-60,-30,2025,2,2025-02-01,0.25202633318293355,25.202633318293355,0.03074610926646431,3.074610926646431,0,VERY LOW,0
GRID_S30_W080,-30,-80,2025,9,2025-09-01,0.24510716622966455,24.510716622966456,0.030737596435951798,3.0737596435951797,0,VERY LOW,0
GRID_S50_E160,-50,160,2025,3,2025-03-01,0.24874153054339695,24.874153054339697,0.030736180305113037,3.073618030511304,0,VERY LOW,0
GRID_S60_W070,-60,-70,2025,8,2025-08-01,0.2441571598781824,24.41571598781824,0.030725479318448858,3.072547931844886,0,VERY LOW,0
GRID_S20_W170,-20,-170,2025,11,2025-11-01,0.2477584569643237,24.77584569643237,0.030724781179340892,3.0724781179340894,0,VERY LOW,0
GRID_N30_E100,30,100,2025,1,2025-01-01,0.244971784589979,24.4971784589979,0.03071225340571441,3.071225340571441,0,VERY LOW,0
GRID_S70_E050,-70,50,2025,9,2025-09-01,0.24672626315405294,24.672626315405292,0.030692288571214477,3.0692288571214474,0,VERY LOW,0
GRID_S80_W020,-80,-20,2025,3,2025-03-01,0.25047641336484716,25.047641336484716,0.030680392469154265,3.0680392469154265,0,VERY LOW,0
GRID_S20_W040,-20,-40,2025,4,2025-04-01,0.24412651611457184,24.412651611457186,0.030668951203623424,3.0668951203623425,0,VERY LOW,1
GRID_N30_E060,30,60,2025,10,2025-10-01,0.24149341247417275,24.149341247417276,0.030667412633255075,3.0667412633255076,0,VERY LOW,0
GRID_N30_E100,30,100,2025,11,2025-11-01,0.2412137748020912,24.12137748020912,0.030662815444088415,3.0662815444088416,0,VERY LOW,0
GRID_S40_E150,-40,150,2025,2,2025-02-01,0.24846055939989997,24.84605593999,0.030648128075347704,3.0648128075347705,0,VERY LOW,0
GRID_N00_W050,0,-50,2025,11,2025-11-01,0.24494336588378832,24.494336588378832,0.030644538149048307,3.0644538149048306,0,VERY LOW,0
GRID_S70_E010,-70,10,2025,3,2025-03-01,0.24951863148400683,24.951863148400683,0.03059231529254658,3.059231529254658,0,VERY LOW,0
GRID_N40_E050,40,50,2025,3,2025-03-01,0.2382034709690269,23.82034709690269,0.030581814734438457,3.0581814734438457,0,VERY LOW,0
GRID_N60_E100,60,100,2025,10,2025-10-01,0.23640651849556568,23.64065184955657,0.030560442656869725,3.0560442656869724,0,VERY LOW,0
GRID_S40_E030,-40,30,2025,4,2025-04-01,0.24527245608108844,24.527245608108846,0.030545712497913748,3.054571249791375,0,VERY LOW,0
GRID_N50_E070,50,70,2025,2,2025-02-01,0.24021205600866852,24.021205600866853,0.03054211015674585,3.0542110156745848,0,VERY LOW,0
GRID_N30_E140,30,140,2025,1,2025-01-01,0.24424184230298573,24.42418423029857,0.030539793237768433,3.053979323776843,0,VERY LOW,0
GRID_N50_W180,50,-180,2025,11,2025-11-01,0.23488606344992155,23.488606344992156,0.030528509390993875,3.0528509390993874,0,VERY LOW,0
GRID_S80_W170,-80,-170,2025,5,2025-05-01,0.2431155815440867,24.31155815440867,0.030501059058621334,3.0501059058621336,0,VERY LOW,0
GRID_N50_E040,50,40,2025,2,2025-02-01,0.2379306333635337,23.79306333635337,0.03050065272966452,3.050065272966452,0,VERY LOW,0
GRID_N00_E060,0,60,2025,10,2025-10-01,0.2436819135202585,24.36819135202585,0.03046628823301817,3.046628823301817,0,VERY LOW,0
GRID_N00_E170,0,170,2025,10,2025-10-01,0.2422092178825954,24.22092178825954,0.030460663094188746,3.0460663094188747,0,VERY LOW,0
GRID_S80_W140,-80,-140,2025,4,2025-04-01,0.24586324256441539,24.58632425644154,0.030444594360467925,3.0444594360467923,0,VERY LOW,0
GRID_S80_W180,-80,-180,2025,5,2025-05-01,0.24244099974586716,24.244099974586717,0.03044174281290014,3.044174281290014,0,VERY LOW,0
GRID_S30_E060,-30,60,2025,3,2025-03-01,0.2455396909925191,24.55396909925191,0.030440410422800712,3.044041042280071,0,VERY LOW,0
GRID_N60_E110,60,110,2025,10,2025-10-01,0.2372691807658111,23.72691807658111,0.030437741121858312,3.0437741121858313,0,VERY LOW,0
GRID_N20_E170,20,170,2025,2,2025-02-01,0.2412965381508315,24.12965381508315,0.030425584907489082,3.0425584907489083,0,VERY LOW,0
GRID_S80_W080,-80,-80,2025,10,2025-10-01,0.24836622378176704,24.836622378176703,0.03042036723542104,3.042036723542104,0,VERY LOW,0
GRID_N40_E080,40,80,2025,2,2025-02-01,0.23882657681953828,23.882657681953827,0.030416754689844495,3.0416754689844496,0,VERY LOW,0
GRID_N20_W120,20,-120,2025,2,2025-02-01,0.24095386245449107,24.095386245449106,0.030414977007336995,3.0414977007336996,0,VERY LOW,0
GRID_N40_E070,40,70,2025,2,2025-02-01,0.23947467531884795,23.947467531884794,0.030406727474101957,3.0406727474101958,0,VERY LOW,0
GRID_N40_W030,40,-30,2025,10,2025-10-01,0.2359483067350798,23.59483067350798,0.030399857523727824,3.0399857523727825,0,VERY LOW,0
GRID_S40_W090,-40,-90,2025,9,2025-09-01,0.2426339608058793,24.263396080587928,0.0303963534219863,3.03963534219863,0,VERY LOW,0
GRID_S10_E040,-10,40,2025,2,2025-02-01,0.24524842561775612,24.52484256177561,0.030376227957549136,3.037622795754914,0,VERY LOW,0
GRID_N30_E120,30,120,2025,2,2025-02-01,0.23972483273108888,23.97248327310889,0.030366036250471795,3.0366036250471797,0,VERY LOW,1
GRID_N30_E070,30,70,2025,3,2025-03-01,0.23776749883854104,23.776749883854105,0.030357387689876947,3.0357387689876947,0,VERY LOW,0
GRID_N00_W030,0,-30,2025,2,2025-02-01,0.2434387881031658,24.34387881031658,0.03033555671970834,3.0335556719708343,0,VERY LOW,0
GRID_S10_W040,-10,-40,2025,3,2025-03-01,0.24236576965791998,24.236576965791997,0.030328704077953888,3.032870407795389,0,VERY LOW,0
GRID_N60_W050,60,-50,2025,2,2025-02-01,0.23373491243969174,23.373491243969173,0.030319823026496894,3.0319823026496895,0,VERY LOW,0
GRID_S80_W160,-80,-160,2025,4,2025-04-01,0.24450504029252865,24.450504029252865,0.030316820129032772,3.031682012903277,0,VERY LOW,0
GRID_S70_E000,-70,0,2025,9,2025-09-01,0.24333224177449322,24.333224177449324,0.030306401792013982,3.030640179201398,0,VERY LOW,0
GRID_S70_E100,-70,100,2025,9,2025-09-01,0.24294675919015202,24.2946759190152,0.03029811676203299,3.0298116762032987,0,VERY LOW,0
GRID_N30_E060,30,60,2025,3,2025-03-01,0.23710310790499217,23.710310790499218,0.03029305350861432,3.0293053508614323,0,VERY LOW,0
GRID_S60_W050,-60,-50,2025,10,2025-10-01,0.2468209415058947,24.68209415058947,0.03028468061177223,3.028468061177223,0,VERY LOW,0
GRID_N30_E040,30,40,2025,1,2025-01-01,0.2409224534960733,24.09224534960733,0.030276715644946224,3.0276715644946224,0,VERY LOW,0
GRID_N50_W070,50,-70,2025,10,2025-10-01,0.23274293459713738,23.27429345971374,0.030274094212845278,3.0274094212845277,0,VERY LOW,0
GRID_N40_E110,40,110,2025,2,2025-02-01,0.24007270945420517,24.007270945420515,0.030266785749999598,3.0266785749999596,0,VERY LOW,1
GRID_N60_W060,60,-60,2025,2,2025-02-01,0.23307834407939115,23.307834407939115,0.03026243920072454,3.026243920072454,0,VERY LOW,0
GRID_S30_E040,-30,40,2025,11,2025-11-01,0.24450972488448414,24.450972488448414,0.030247860740419998,3.024786074042,0,VERY LOW,0
GRID_N50_E000,50,0,2025,2,2025-02-01,0.23527949945808513,23.527949945808512,0.030247327144273334,3.0247327144273335,0,VERY LOW,0
GRID_S80_W130,-80,-130,2025,2,2025-02-01,0.2508449834059821,25.08449834059821,0.030235998741545877,3.0235998741545878,0,VERY LOW,0
GRID_N00_W110,0,-110,2025,3,2025-03-01,0.2394502374681718,23.945023746817178,0.03022202601022882,3.022202601022882,0,VERY LOW,0
GRID_N50_W080,50,-80,2025,10,2025-10-01,0.2320883087514803,23.208830875148028,0.03022020026880067,3.022020026880067,0,VERY LOW,0
GRID_S80_W070,-80,-70,2025,10,2025-10-01,0.24538252423072845,24.538252423072844,0.030213149759205103,3.0213149759205105,0,VERY LOW,0
GRID_S70_E050,-70,50,2025,3,2025-03-01,0.24660268873191832,24.660268873191832,0.03020246817360721,3.020246817360721,0,VERY LOW,0
GRID_S30_W170,-30,-170,2025,9,2025-09-01,0.23904809469026325,23.904809469026326,0.03019802602182229,3.019802602182229,0,VERY LOW,0
GRID_N60_W140,60,-140,2025,1,2025-01-01,0.23425299109870526,23.425299109870526,0.030197081344839137,3.019708134483914,0,VERY LOW,0
GRID_S10_E170,-10,170,2025,10,2025-10-01,0.2404254484244357,24.04254484244357,0.030189642477526552,3.0189642477526553,0,VERY LOW,0
GRID_N10_W180,10,-180,2025,11,2025-11-01,0.23799096272326295,23.799096272326295,0.03018070898365139,3.018070898365139,0,VERY LOW,0
GRID_N10_W180,10,-180,2025,1,2025-01-01,0.2417147570876033,24.17147570876033,0.03014990510791467,3.014990510791467,0,VERY LOW,0
GRID_N20_W050,20,-50,2025,11,2025-11-01,0.238222361716158,23.8222361716158,0.03014802683138936,3.014802683138936,0,VERY LOW,0
GRID_N50_W150,50,-150,2025,10,2025-10-01,0.2298225898368244,22.982258983682442,0.030134568908400366,3.0134568908400365,0,VERY LOW,0
GRID_N50_W090,50,-90,2025,1,2025-01-01,0.2357999481932837,23.57999481932837,0.030114338529990257,3.011433852999026,0,VERY LOW,0
GRID_N00_W130,0,-130,2025,3,2025-03-01,0.23811627612546837,23.811627612546836,0.030108066563184425,3.0108066563184424,0,VERY LOW,0
GRID_S80_W050,-80,-50,2025,11,2025-11-01,0.24633788581800856,24.633788581800857,0.030097573115399463,3.0097573115399463,0,VERY LOW,0
GRID_S70_E110,-70,110,2025,10,2025-10-01,0.24246521059341636,24.246521059341635,0.03009627692580876,3.0096276925808763,0,VERY LOW,0
GRID_N20_E080,20,80,2025,3,2025-03-01,0.23666852404098285,23.666852404098286,0.030088056824566934,3.0088056824566936,0,VERY LOW,1
GRID_S30_E010,-30,10,2025,3,2025-03-01,0.2421567450491888,24.21567450491888,0.030083875591966354,3.0083875591966356,0,VERY LOW,0
GRID_N00_W120,0,-120,2025,1,2025-01-01,0.2428403680007021,24.28403680007021,0.03006250260222044,3.006250260222044,0,VERY LOW,0
GRID_N40_W040,40,-40,2025,3,2025-03-01,0.2322625513953532,23.226255139535322,0.030048378796702108,3.0048378796702107,0,VERY LOW,0
GRID_S80_W130,-80,-130,2025,10,2025-10-01,0.2437037862710713,24.37037862710713,0.03003367811377324,3.003367811377324,0,VERY LOW,0
GRID_S80_W010,-80,-10,2025,9,2025-09-01,0.24087123130348986,24.087123130348985,0.030032385415337003,3.0032385415337,0,VERY LOW,0
GRID_S70_E060,-70,60,2025,4,2025-04-01,0.24191525379103399,24.1915253791034,0.030032208290143997,3.0032208290143996,0,VERY LOW,0
GRID_S70_E070,-70,70,2025,1,2025-01-01,0.24425179248805715,24.425179248805716,0.029983521690928695,2.9983521690928696,0,VERY LOW,0
GRID_S80_W120,-80,-120,2025,3,2025-03-01,0.24365071002202146,24.365071002202146,0.029949797832586243,2.9949797832586245,0,VERY LOW,0
GRID_S70_W050,-70,-50,2025,9,2025-09-01,0.2399700356446393,23.99700356446393,0.029940721009844084,2.9940721009844085,0,VERY LOW,0
GRID_N60_W160,60,-160,2025,11,2025-11-01,0.25300379540068235,25.300379540068235,0.029911541277327768,2.9911541277327767,0,VERY LOW,0
GRID_N20_E050,20,50,2025,3,2025-03-01,0.2346855576553084,23.46855576553084,0.029892693794724156,2.9892693794724154,0,VERY LOW,0
GRID_N10_E050,10,50,2025,10,2025-10-01,0.2359711556562932,23.59711556562932,0.02989039114575498,2.989039114575498,0,VERY LOW,0
GRID_S80_W140,-80,-140,2025,9,2025-09-01,0.24099344051296567,24.09934405129657,0.029884078563020267,2.9884078563020267,0,VERY LOW,0
GRID_N30_W020,30,-20,2025,11,2025-11-01,0.23324641497934143,23.32464149793414,0.02986303229873466,2.986303229873466,0,VERY LOW,0
GRID_N00_E170,0,170,2025,2,2025-02-01,0.23774720097357865,23.774720097357864,0.029849678392701067,2.984967839270107,0,VERY LOW,0
GRID_N00_W180,0,-180,2025,3,2025-03-01,0.23480377630237156,23.480377630237157,0.02983523359781068,2.983523359781068,0,VERY LOW,0
GRID_S80_W060,-80,-60,2025,2,2025-02-01,0.2457004525612908,24.57004525612908,0.029832386933425,2.9832386933425,0,VERY LOW,0
GRID_N60_W110,60,-110,2025,1,2025-01-01,0.23575869847049513,23.575869847049514,0.029827777344354413,2.9827777344354414,0,VERY LOW,0
GRID_S10_E130,-10,130,2025,1,2025-01-01,0.23983658995309734,23.983658995309735,0.02981686818775107,2.981686818775107,0,VERY LOW,0
GRID_S30_W050,-30,-50,2025,2,2025-02-01,0.2654243174636267,26.54243174636267,0.029815857592167417,2.981585759216742,0,VERY LOW,0
GRID_S80_W040,-80,-40,2025,9,2025-09-01,0.23886407082612585,23.886407082612585,0.02980843713788377,2.980843713788377,0,VERY LOW,0
GRID_S60_E070,-60,70,2025,3,2025-03-01,0.2408356514859563,24.08356514859563,0.029792060686766653,2.9792060686766653,0,VERY LOW,0
GRID_N10_W170,10,-170,2025,2,2025-02-01,0.23585373787253533,23.585373787253534,0.029790103905088555,2.9790103905088556,0,VERY LOW,0
GRID_S70_E070,-70,70,2025,11,2025-11-01,0.24050130957132299,24.0501309571323,0.02976800870996766,2.976800870996766,0,VERY LOW,0
GRID_S80_W060,-80,-60,2025,10,2025-10-01,0.24129683646936403,24.129683646936403,0.029766049095336124,2.9766049095336125,0,VERY LOW,0
GRID_N30_W030,30,-30,2025,3,2025-03-01,0.23118130368374146,23.118130368374146,0.0297464733634931,2.97464733634931,0,VERY LOW,0
GRID_N40_W030,40,-30,2025,2,2025-02-01,0.2315663837824585,23.15663837824585,0.029708404173058377,2.970840417305838,0,VERY LOW,0
GRID_S20_W160,-20,-160,2025,2,2025-02-01,0.23998976317003415,23.998976317003414,0.029703975469111743,2.9703975469111743,0,VERY LOW,0
GRID_N20_W030,20,-30,2025,10,2025-10-01,0.2324535360881486,23.24535360881486,0.029703115751655053,2.970311575165505,0,VERY LOW,0
GRID_S30_E170,-30,170,2025,10,2025-10-01,0.23688492389666296,23.688492389666298,0.02969684263954377,2.969684263954377,0,VERY LOW,0
GRID_N50_W150,50,-150,2025,1,2025-01-01,0.23076353818089154,23.076353818089153,0.029678713781747572,2.967871378174757,0,VERY LOW,0
GRID_N00_E110,0,110,2025,3,2025-03-01,0.2351404150765172,23.51404150765172,0.029672829439808646,2.9672829439808646,0,VERY LOW,1
GRID_S30_W050,-30,-50,2025,1,2025-01-01,0.26254921913171536,26.254921913171536,0.029672149004539867,2.9672149004539867,0,VERY LOW,0
GRID_S70_E090,-70,90,2025,10,2025-10-01,0.238761799338922,23.8761799338922,0.02966908987401165,2.966908987401165,0,VERY LOW,0
GRID_N60_E160,60,160,2025,11,2025-11-01,0.22702405113995497,22.702405113995496,0.0296503888437434,2.9650388843743403,0,VERY LOW,0
GRID_N20_W040,20,-40,2025,10,2025-10-01,0.23179947830628736,23.179947830628738,0.02964341835003454,2.964341835003454,0,VERY LOW,0
GRID_S20_W160,-20,-160,2025,10,2025-10-01,0.2356565218058758,23.56565218058758,0.02962872943691659,2.962872943691659,0,VERY LOW,0
GRID_N50_W080,50,-80,2025,2,2025-02-01,0.23031043682728247,23.031043682728246,0.02961782701933178,2.9617827019331777,0,VERY LOW,0
GRID_N50_W180,50,-180,2025,1,2025-01-01,0.2299008830345127,22.99008830345127,0.02960769573708501,2.960769573708501,0,VERY LOW,0
GRID_S70_W070,-70,-70,2025,11,2025-11-01,0.24076627504420225,24.076627504420227,0.029597382054261878,2.959738205426188,0,VERY LOW,0
GRID_N00_E040,0,40,2025,10,2025-10-01,0.23485858066984722,23.485858066984722,0.029587100476063038,2.9587100476063037,0,VERY LOW,0
GRID_S10_E170,-10,170,2025,2,2025-02-01,0.2359860590874277,23.59860590874277,0.02958477697869305,2.958477697869305,0,VERY LOW,0
GRID_S40_W060,-40,-60,2025,1,2025-01-01,0.2408577509517334,24.08577509517334,0.029553282768371214,2.9553282768371214,0,VERY LOW,0
GRID_S80_W180,-80,-180,2025,8,2025-08-01,0.23328194649907202,23.328194649907203,0.029553035821566993,2.9553035821566995,0,VERY LOW,1
GRID_N40_W060,40,-60,2025,2,2025-02-01,0.2296133074067202,22.96133074067202,0.029530193080141903,2.9530193080141904,0,VERY LOW,0
GRID_N60_W120,60,-120,2025,1,2025-01-01,0.25147264455573426,25.147264455573428,0.029513492451100083,2.9513492451100083,0,VERY LOW,0
GRID_S80_W070,-80,-70,2025,2,2025-02-01,0.24088063070646396,24.088063070646395,0.029503005620901312,2.9503005620901313,0,VERY LOW,0
GRID_N50_E100,50,100,2025,1,2025-01-01,0.23086445808334632,23.08644580833463,0.029502505266158892,2.950250526615889,0,VERY LOW,0
GRID_S30_W080,-30,-80,2025,3,2025-03-01,0.23614779254981574,23.614779254981574,0.029489965318464595,2.9489965318464595,0,VERY LOW,0
GRID_N00_E050,0,50,2025,1,2025-01-01,0.23627916824106038,23.627916824106038,0.029461305615499634,2.9461305615499636,0,VERY LOW,0
GRID_S70_W050,-70,-50,2025,3,2025-03-01,0.23984876765969698,23.984876765969698,0.029455997223274927,2.9455997223274926,0,VERY LOW,0
GRID_S70_E110,-70,110,2025,2,2025-02-01,0.2379999588844067,23.79999588844067,0.029444610075145906,2.9444610075145907,0,VERY LOW,0
GRID_N40_E140,40,140,2025,1,2025-01-01,0.23045694511104636,23.045694511104635,0.02941369617489046,2.941369617489046,0,VERY LOW,0
GRID_N30_E170,30,170,2025,1,2025-01-01,0.23196724988866177,23.196724988866176,0.029389576121745337,2.9389576121745336,0,VERY LOW,0
GRID_N60_E140,60,140,2025,11,2025-11-01,0.22839530872452812,22.839530872452812,0.029389569263780856,2.9389569263780855,0,VERY LOW,0
GRID_N00_E050,0,50,2025,11,2025-11-01,0.23261342507833177,23.261342507833177,0.029372795645180527,2.937279564518053,0,VERY LOW,0
GRID_S60_W070,-60,-70,2025,4,2025-04-01,0.23502204684240427,23.50220468424043,0.0293668230300748,2.9366823030074802,0,VERY LOW,0
GRID_N20_W050,20,-50,2025,1,2025-01-01,0.23318795314193594,23.318795314193594,0.029355779805808148,2.9355779805808146,0,VERY LOW,0
GRID_N40_E140,40,140,2025,11,2025-11-01,0.22685469947598483,22.685469947598484,0.02935288645429195,2.935288645429195,0,VERY LOW,0
GRID_N60_E150,60,150,2025,11,2025-11-01,0.22938929525692123,22.938929525692124,0.029350016553489587,2.935001655348959,0,VERY LOW,0
GRID_N60_E030,60,30,2025,11,2025-11-01,0.22321375282190636,22.321375282190637,0.029339868696901705,2.9339868696901705,0,VERY LOW,0
GRID_N60_E030,60,30,2025,1,2025-01-01,0.2267751415288714,22.67751415288714,0.02932406542569374,2.932406542569374,0,VERY LOW,0
GRID_S80_W040,-80,-40,2025,3,2025-03-01,0.23874318617439885,23.874318617439886,0.029311630918135663,2.9311630918135663,0,VERY LOW,0
GRID_S40_E150,-40,150,2025,1,2025-01-01,0.23586846974751705,23.586846974751705,0.029305490806657886,2.930549080665789,0,VERY LOW,0
GRID_S30_E010,-30,10,2025,10,2025-10-01,0.23502082013831302,23.502082013831302,0.029277383235840903,2.9277383235840904,0,VERY LOW,0
GRID_S70_E040,-70,40,2025,11,2025-11-01,0.23615595669468914,23.615595669468913,0.029266119885102748,2.926611988510275,0,VERY LOW,0
GRID_S30_E160,-30,160,2025,11,2025-11-01,0.23350585572963203,23.350585572963205,0.02926008041609689,2.926008041609689,0,VERY LOW,0
GRID_N10_E050,10,50,2025,2,2025-02-01,0.23158893698410216,23.158893698410214,0.029253932660245063,2.925393266024506,0,VERY LOW,0
GRID_N30_E170,30,170,2025,11,2025-11-01,0.22707671662274917,22.707671662274915,0.029244422588784562,2.924442258878456,0,VERY LOW,0
GRID_N60_E110,60,110,2025,1,2025-01-01,0.24006343338584923,24.006343338584923,0.029236994547222006,2.9236994547222004,0,VERY LOW,0
GRID_S80_W060,-80,-60,2025,1,2025-01-01,0.24196594832115761,24.19659483211576,0.029234035477061958,2.923403547706196,0,VERY LOW,0
GRID_S80_W020,-80,-20,2025,2,2025-02-01,0.2386997989815943,23.86997989815943,0.029214783017878387,2.9214783017878387,0,VERY LOW,0
GRID_N00_E040,0,40,2025,3,2025-03-01,0.2305522329820914,23.05522329820914,0.029200103705307755,2.9200103705307754,0,VERY LOW,0
GRID_S40_E030,-40,30,2025,9,2025-09-01,0.23168861989356523,23.16886198935652,0.029196316293687408,2.919631629368741,0,VERY LOW,0
GRID_S50_W070,-50,-70,2025,10,2025-10-01,0.23523419981283158,23.52341998128316,0.029191422937686073,2.919142293768607,0,VERY LOW,0
GRID_S50_E160,-50,160,2025,10,2025-10-01,0.23272464271457036,23.272464271457036,0.029186419953194126,2.9186419953194127,0,VERY LOW,0
GRID_S60_W030,-60,-30,2025,11,2025-11-01,0.2356128033481368,23.56128033481368,0.029183528882840683,2.918352888284068,0,VERY LOW,0
GRID_S40_W090,-40,-90,2025,3,2025-03-01,0.2337369985561213,23.37369985561213,0.029154647386968796,2.9154647386968797,0,VERY LOW,0
GRID_N00_W020,0,-20,2025,10,2025-10-01,0.22964352467981253,22.964352467981254,0.029133300087838775,2.9133300087838774,0,VERY LOW,0
GRID_S80_W020,-80,-20,2025,10,2025-10-01,0.23438266616975179,23.438266616975177,0.02912192704561557,2.9121927045615568,0,VERY LOW,0
GRID_S30_E170,-30,170,2025,2,2025-02-01,0.2324908994168227,23.249089941682268,0.02910059339292806,2.910059339292806,0,VERY LOW,0
GRID_S60_W080,-60,-80,2025,10,2025-10-01,0.2339288262370107,23.39288262370107,0.02909370263230825,2.909370263230825,0,VERY LOW,0
GRID_S10_E050,-10,50,2025,11,2025-11-01,0.23087879364326028,23.087879364326028,0.029089581195254406,2.908958119525441,0,VERY LOW,0
GRID_S70_E000,-70,0,2025,3,2025-03-01,0.23441759988504884,23.441759988504884,0.02905241576531249,2.9052415765312487,0,VERY LOW,0
GRID_N50_E040,50,40,2025,1,2025-01-01,0.22571192899463874,22.571192899463874,0.029046690276069976,2.9046690276069977,0,VERY LOW,0
GRID_N20_E170,20,170,2025,1,2025-01-01,0.22895691300003665,22.895691300003666,0.029046412542286747,2.904641254228675,0,VERY LOW,0
GRID_N20_W030,20,-30,2025,2,2025-02-01,0.2281171387239832,22.81171387239832,0.029041041119711168,2.9041041119711166,0,VERY LOW,0
GRID_N50_E040,50,40,2025,11,2025-11-01,0.22216244006965147,22.216244006965148,0.02903982916955729,2.903982916955729,0,VERY LOW,0
GRID_N00_E060,0,60,2025,2,2025-02-01,0.23050988360754857,23.050988360754857,0.029033496652718184,2.9033496652718185,0,VERY LOW,0
GRID_S70_E010,-70,10,2025,10,2025-10-01,0.23346725529365334,23.346725529365333,0.02903123900697969,2.903123900697969,0,VERY LOW,0
GRID_N50_E030,50,30,2025,11,2025-11-01,0.22277855267595162,22.27785526759516,0.02903118239524142,2.903118239524142,0,VERY LOW,0
GRID_S70_E090,-70,90,2025,2,2025-02-01,0.23434365146308236,23.434365146308238,0.02902566264001601,2.902566264001601,0,VERY LOW,0
GRID_N40_E080,40,80,2025,1,2025-01-01,0.22657554173179303,22.657554173179303,0.028988798340826072,2.8988798340826074,0,VERY LOW,0
GRID_S10_E040,-10,40,2025,1,2025-01-01,0.23276870784953876,23.276870784953875,0.028985897216935834,2.8985897216935834,0,VERY LOW,0
GRID_S80_W160,-80,-160,2025,9,2025-09-01,0.23095069992540415,23.095069992540417,0.02898272661581767,2.898272661581767,0,VERY LOW,0
GRID_N20_W040,20,-40,2025,2,2025-02-01,0.22747166629732948,22.74716662973295,0.02897950654738261,2.897950654738261,0,VERY LOW,0
GRID_N50_E070,50,70,2025,11,2025-11-01,0.22183058650207785,22.183058650207784,0.02896738648661874,2.896738648661874,0,VERY LOW,0
GRID_N30_E120,30,120,2025,1,2025-01-01,0.22744148817686574,22.744148817686575,0.028963020931705163,2.896302093170516,0,VERY LOW,0
GRID_S30_W170,-30,-170,2025,3,2025-03-01,0.23024264710514905,23.024264710514906,0.02895464395244075,2.895464395244075,0,VERY LOW,0
GRID_N40_E080,40,80,2025,11,2025-11-01,0.22301638354160339,22.30163835416034,0.028949282079091226,2.8949282079091225,0,VERY LOW,0
GRID_N20_E170,20,170,2025,11,2025-11-01,0.22537124746682796,22.537124746682796,0.028939597630453368,2.893959763045337,0,VERY LOW,0
GRID_N20_W120,20,-120,2025,11,2025-11-01,0.22504447961505583,22.504447961505583,0.028931623239110894,2.8931623239110893,0,VERY LOW,0
GRID_N20_W120,20,-120,2025,1,2025-01-01,0.2286264806760946,22.86264806760946,0.028922223979772333,2.8922223979772332,0,VERY LOW,0
GRID_N00_W030,0,-30,2025,1,2025-01-01,0.2310229690895777,23.10229690895777,0.028897490214308375,2.8897490214308377,0,VERY LOW,0
GRID_N60_W050,60,-50,2025,11,2025-11-01,0.2181651759843224,21.816517598432238,0.028880506882009126,2.8880506882009125,0,VERY LOW,0
GRID_S10_E170,-10,170,2025,11,2025-11-01,0.2287306434255342,22.87306434255342,0.028879407438420168,2.887940743842017,0,VERY LOW,0
GRID_S30_E060,-30,60,2025,10,2025-10-01,0.22966594657825243,22.966594657825244,0.028858142620138805,2.8858142620138807,0,VERY LOW,0
GRID_N00_W030,0,-30,2025,11,2025-11-01,0.2274144905895195,22.74144905895195,0.028836921733204395,2.8836921733204393,0,VERY LOW,0
GRID_N60_W050,60,-50,2025,1,2025-01-01,0.22166900074081264,22.166900074081262,0.028836757578819046,2.8836757578819046,0,VERY LOW,0
GRID_N60_W060,60,-60,2025,11,2025-11-01,0.2175399270259764,21.753992702597643,0.028826106705618842,2.8826106705618844,0,VERY LOW,0
GRID_N60_E100,60,100,2025,1,2025-01-01,0.22755198343088898,22.755198343088896,0.028807717737447575,2.8807717737447573,0,VERY LOW,0
GRID_N40_E120,40,120,2025,2,2025-02-01,0.2228754923744998,22.28754923744998,0.028804059640115492,2.8804059640115494,0,VERY LOW,1
GRID_N50_E000,50,0,2025,1,2025-01-01,0.2231570737512155,22.315707375121548,0.028792199414389586,2.8792199414389588,0,VERY LOW,0
GRID_N60_W060,60,-60,2025,1,2025-01-01,0.22103654897869207,22.103654897869205,0.028778916163809693,2.8778916163809694,0,VERY LOW,0
GRID_S80_W010,-80,-10,2025,3,2025-03-01,0.23201910395411657,23.201910395411655,0.028776287935899137,2.877628793589914,0,VERY LOW,0
GRID_S70_E060,-70,60,2025,9,2025-09-01,0.22846106585790626,22.846106585790626,0.028771008687416756,2.8771008687416755,0,VERY LOW,1
GRID_S70_E150,-70,150,2025,10,2025-10-01,0.22861553740409754,22.861553740409754,0.028736130138504096,2.8736130138504095,0,VERY LOW,0
GRID_N40_E100,40,100,2025,2,2025-02-01,0.2216069629826625,22.16069629826625,0.028670386908107148,2.867038690810715,0,VERY LOW,0
GRID_N60_W020,60,-20,2025,2,2025-02-01,0.21740152757512668,21.740152757512668,0.02861832982302916,2.861832982302916,0,VERY LOW,0
GRID_N00_W110,0,-110,2025,10,2025-10-01,0.22385336090764554,22.385336090764554,0.028597238085511224,2.8597238085511223,0,VERY LOW,0
GRID_S50_E160,-50,160,2025,2,2025-02-01,0.22838469274098058,22.83846927409806,0.0285938783177955,2.85938783177955,0,VERY LOW,0
GRID_N10_E050,10,50,2025,11,2025-11-01,0.22442899925646745,22.442899925646746,0.028578491516508868,2.857849151650887,0,VERY LOW,0
GRID_N50_E030,50,30,2025,2,2025-02-01,0.21886900868964934,21.886900868964933,0.028559991364636612,2.8559991364636614,0,VERY LOW,0
GRID_N30_E060,30,60,2025,11,2025-11-01,0.22131412549082624,22.131412549082626,0.028546486873184028,2.8546486873184027,0,VERY LOW,1
GRID_N60_E120,60,120,2025,10,2025-10-01,0.222104267740322,22.2104267740322,0.028539101446222563,2.8539101446222563,0,VERY LOW,0
GRID_N00_E170,0,170,2025,1,2025-01-01,0.22553512874578688,22.553512874578686,0.028516518621205845,2.8516518621205846,0,VERY LOW,0
GRID_N00_W020,0,-20,2025,2,2025-02-01,0.22534415765423768,22.53441576542377,0.02849718164339123,2.849718164339123,0,VERY LOW,0
GRID_S70_E030,-70,30,2025,1,2025-01-01,0.23141174098224268,23.14117409822427,0.028494152701674658,2.8494152701674658,0,VERY LOW,1
GRID_S80_W160,-80,-160,2025,3,2025-03-01,0.2308326055292338,23.083260552923377,0.028493761348081736,2.849376134808174,0,VERY LOW,0
GRID_N00_W130,0,-130,2025,10,2025-10-01,0.22258085993119534,22.258085993119533,0.028485699264228857,2.848569926422886,0,VERY LOW,0
GRID_N60_E100,60,100,2025,11,2025-11-01,0.2165309516729929,21.65309516729929,0.02847767193592448,2.847767193592448,0,VERY LOW,0
GRID_S80_W120,-80,-120,2025,2,2025-02-01,0.23209564250085044,23.209564250085045,0.028475776889331506,2.8475776889331508,0,VERY LOW,0
GRID_S60_W080,-60,-80,2025,2,2025-02-01,0.229573139130633,22.957313913063302,0.028431629879561778,2.8431629879561777,0,VERY LOW,0
GRID_N00_W090,0,-90,2025,3,2025-03-01,0.22219878357619313,22.21987835761931,0.028415679346865497,2.84156793468655,0,VERY LOW,0
GRID_S80_W120,-80,-120,2025,10,2025-10-01,0.22786220260802081,22.786220260802082,0.028396722252048,2.8396722252048,0,VERY LOW,0
GRID_S70_E010,-70,10,2025,2,2025-02-01,0.22911759210479826,22.911759210479826,0.028389325876744514,2.8389325876744516,0,VERY LOW,0
GRID_N00_E170,0,170,2025,11,2025-11-01,0.22198762302307531,22.198762302307532,0.02837588458637716,2.837588458637716,0,VERY LOW,0
GRID_N20_W040,20,-40,2025,1,2025-01-01,0.22393197502781886,22.393197502781888,0.028354810708741584,2.8354810708741582,0,VERY LOW,0
GRID_N40_E050,40,50,2025,2,2025-02-01,0.2184582756689843,21.84582756689843,0.0283486897037597,2.83486897037597,0,VERY LOW,0
GRID_N60_E110,60,110,2025,11,2025-11-01,0.21734173017512246,21.734173017512244,0.028342998484796506,2.8342998484796507,0,VERY LOW,0
GRID_N10_W170,10,-170,2025,11,2025-11-01,0.22018341683578121,22.01834168357812,0.02832649678110235,2.832649678110235,0,VERY LOW,0
GRID_S70_E130,-70,130,2025,10,2025-10-01,0.22506081822877766,22.506081822877768,0.028322708457715513,2.8322708457715513,0,VERY LOW,0
GRID_N10_W170,10,-170,2025,1,2025-01-01,0.22371038066617238,22.37103806661724,0.028320325625899468,2.832032562589947,0,VERY LOW,0
GRID_N40_W030,40,-30,2025,1,2025-01-01,0.21958033766213322,21.958033766213322,0.028277628947185496,2.82776289471855,0,VERY LOW,0
GRID_S60_E070,-60,70,2025,10,2025-10-01,0.2251752517798032,22.517525177980318,0.028276227987080977,2.8276227987080977,0,VERY LOW,0
GRID_N40_W030,40,-30,2025,11,2025-11-01,0.21610036112642098,21.6100361126421,0.028275966449852065,2.8275966449852064,0,VERY LOW,0
GRID_S80_W170,-80,-170,2025,4,2025-04-01,0.2250722706584225,22.50722706584225,0.0282759357019014,2.82759357019014,0,VERY LOW,0
GRID_S10_E170,-10,170,2025,1,2025-01-01,0.22383788472524377,22.383788472524376,0.028273835254234776,2.827383525423478,0,VERY LOW,0
GRID_S20_W160,-20,-160,2025,1,2025-01-01,0.22769690932571818,22.76969093257182,0.02827292721481551,2.827292721481551,0,VERY LOW,0
GRID_S30_E060,-30,60,2025,2,2025-02-01,0.2253662825778437,22.53662825778437,0.028255068824360165,2.8255068824360166,0,VERY LOW,0
GRID_N00_W180,0,-180,2025,10,2025-10-01,0.21942223575416808,21.942223575416808,0.02821851465220483,2.8218514652204827,0,VERY LOW,0
GRID_S80_W180,-80,-180,2025,4,2025-04-01,0.2244329087955686,22.44329087955686,0.028217416340346156,2.8217416340346158,0,VERY LOW,0
GRID_S80_W080,-80,-80,2025,11,2025-11-01,0.22778510689058648,22.77851068905865,0.028197739942297028,2.8197739942297027,0,VERY LOW,0
GRID_S70_E110,-70,110,2025,1,2025-01-01,0.22577874913536056,22.577874913536057,0.028177121083007635,2.8177121083007637,0,VERY LOW,0
GRID_S80_W070,-80,-70,2025,1,2025-01-01,0.22855586738601075,22.855586738601076,0.028169564052329087,2.816956405232909,0,VERY LOW,0
GRID_N20_E050,20,50,2025,11,2025-11-01,0.21901134674582606,21.901134674582607,0.028168828604564423,2.816882860456442,0,VERY LOW,0
GRID_N50_W080,50,-80,2025,1,2025-01-01,0.21837092547588577,21.837092547588576,0.028160875137315182,2.816087513731518,0,VERY LOW,0
GRID_N30_E070,30,70,2025,2,2025-02-01,0.21804809827543484,21.804809827543483,0.0281573242146193,2.81573242146193,0,VERY LOW,0
GRID_N50_W070,50,-70,2025,11,2025-11-01,0.21308942480546397,21.308942480546396,0.02814871207202462,2.814871207202462,0,VERY LOW,0
GRID_S70_E150,-70,150,2025,2,2025-02-01,0.22432981181702583,22.432981181702583,0.028143430593319675,2.8143430593319674,0,VERY LOW,0
GRID_S20_W040,-20,-40,2025,3,2025-03-01,0.22200205526048536,22.200205526048535,0.028121100904928743,2.812110090492874,0,VERY LOW,0
GRID_S80_W130,-80,-130,2025,1,2025-01-01,0.22950506050760164,22.950506050760165,0.02810738389619999,2.810738389619999,0,VERY LOW,0
GRID_N40_W060,40,-60,2025,1,2025-01-01,0.21769971407640362,21.769971407640362,0.02809826238735181,2.809826238735181,0,VERY LOW,0
GRID_N50_W080,50,-80,2025,11,2025-11-01,0.2124747693565162,21.247476935651623,0.028095241824195993,2.809524182419599,0,VERY LOW,0
GRID_N30_E060,30,60,2025,2,2025-02-01,0.21742309154422002,21.742309154422003,0.028093042760745823,2.8093042760745823,0,VERY LOW,0
GRID_S60_W050,-60,-50,2025,11,2025-11-01,0.22632931760661806,22.632931760661805,0.028092685398938038,2.8092685398938038,0,VERY LOW,0
GRID_S10_W040,-10,-40,2025,2,2025-02-01,0.22237626795135576,22.237626795135576,0.02808772009370411,2.808772009370411,0,VERY LOW,0
GRID_S60_W070,-60,-70,2025,9,2025-09-01,0.2218390413855373,22.183904138553732,0.028068452546758337,2.806845254675834,0,VERY LOW,0
GRID_S40_E030,-40,30,2025,3,2025-03-01,0.22307479142307574,22.307479142307574,0.028055025196500844,2.8055025196500845,0,VERY LOW,0
GRID_N50_E130,50,130,2025,11,2025-11-01,0.21712055398672914,21.712055398672913,0.027992360026587993,2.7992360026587995,0,VERY LOW,0
GRID_N50_W150,50,-150,2025,11,2025-11-01,0.21034807511573492,21.03480751157349,0.027992259520324924,2.7992259520324922,0,VERY LOW,0
GRID_S80_W070,-80,-70,2025,11,2025-11-01,0.22497464999040775,22.497464999040776,0.027984631685054197,2.7984631685054198,0,VERY LOW,0
GRID_N00_W110,0,-110,2025,2,2025-02-01,0.2196314907600504,21.96314907600504,0.027948111099383544,2.7948111099383546,0,VERY LOW,0
GRID_S70_E110,-70,110,2025,11,2025-11-01,0.22222851100296082,22.222851100296083,0.02794673802248133,2.794673802248133,0,VERY LOW,0
GRID_S70_E050,-70,50,2025,10,2025-10-01,0.22220894853260104,22.220894853260102,0.027935917802579573,2.7935917802579575,0,VERY LOW,0
GRID_S30_W080,-30,-80,2025,10,2025-10-01,0.22070360237933523,22.070360237933524,0.02792417636291119,2.792417636291119,0,VERY LOW,0
GRID_N20_E080,20,80,2025,2,2025-02-01,0.21701431810727656,21.701431810727655,0.027919591471473125,2.7919591471473124,0,VERY LOW,0
GRID_S30_E010,-30,10,2025,2,2025-02-01,0.22217942738316063,22.21794273831606,0.027901380314363393,2.790138031436339,0,VERY LOW,0
GRID_N10_E050,10,50,2025,1,2025-01-01,0.2196020571032033,21.96020571032033,0.027897703503936326,2.7897703503936326,0,VERY LOW,0
GRID_S80_W140,-80,-140,2025,3,2025-03-01,0.22362795305238223,22.362795305238222,0.027885602905138297,2.78856029051383,0,VERY LOW,0
GRID_S50_E160,-50,160,2025,11,2025-11-01,0.22129528968927503,22.129528968927502,0.027875818131915014,2.7875818131915016,0,VERY LOW,0
GRID_N00_W130,0,-130,2025,2,2025-02-01,0.21837623668420364,21.837623668420363,0.027833587321022868,2.783358732102287,0,VERY LOW,0
GRID_S30_E170,-30,170,2025,1,2025-01-01,0.22047072933208958,22.04707293320896,0.027832561332997784,2.7832561332997785,0,VERY LOW,0
GRID_N40_W040,40,-40,2025,2,2025-02-01,0.21287220258177167,21.287220258177168,0.02781306837887445,2.781306837887445,0,VERY LOW,0
GRID_S80_W130,-80,-130,2025,11,2025-11-01,0.22339419704158814,22.339419704158814,0.027804397089051924,2.780439708905192,0,VERY LOW,0
GRID_S70_E090,-70,90,2025,1,2025-01-01,0.22225542998511014,22.225542998511013,0.027768930135089232,2.776893013508923,0,VERY LOW,0
GRID_S70_E130,-70,130,2025,2,2025-02-01,0.2208226545321699,22.08226545321699,0.02773776497500874,2.773776497500874,0,VERY LOW,0
GRID_N20_E050,20,50,2025,2,2025-02-01,0.21514961280244527,21.514961280244528,0.027724703913223802,2.77247039132238,0,VERY LOW,0
GRID_S30_E060,-30,60,2025,1,2025-01-01,0.22184994486074025,22.184994486074025,0.027712263295222406,2.7712263295222406,0,VERY LOW,0
GRID_N00_E060,0,60,2025,1,2025-01-01,0.21856296877910864,21.856296877910864,0.027700373939573454,2.7700373939573453,0,VERY LOW,0
GRID_S60_E070,-60,70,2025,2,2025-02-01,0.22093554753176234,22.093554753176235,0.027684538603852248,2.768453860385225,0,VERY LOW,0
GRID_N20_W030,20,-30,2025,1,2025-01-01,0.21625938303428666,21.625938303428665,0.027659396334324165,2.7659396334324167,0,VERY LOW,0
GRID_S30_E170,-30,170,2025,11,2025-11-01,0.21698056494191353,21.698056494191352,0.027643532789633884,2.7643532789633882,0,VERY LOW,0
GRID_N20_W030,20,-30,2025,11,2025-11-01,0.21281768557984207,21.281768557984208,0.02762083698925395,2.762083698925395,0,VERY LOW,0
GRID_S70_E060,-70,60,2025,3,2025-03-01,0.21993288360526905,21.993288360526904,0.027615864410924375,2.7615864410924376,0,VERY LOW,0
GRID_S40_W090,-40,-90,2025,10,2025-10-01,0.21840539439396317,21.840539439396316,0.027610789973199296,2.7610789973199297,0,VERY LOW,0
GRID_N00_E060,0,60,2025,11,2025-11-01,0.21509467193293097,21.509467193293098,0.027597062724444992,2.7597062724444994,0,VERY LOW,0
GRID_S70_E100,-70,100,2025,10,2025-10-01,0.21869597719889652,21.86959771988965,0.027596350079128383,2.7596350079128382,0,VERY LOW,0
GRID_S80_W060,-80,-60,2025,11,2025-11-01,0.22112918675503676,22.112918675503675,0.0275731362966875,2.75731362966875,0,VERY LOW,0
GRID_S70_E000,-70,0,2025,10,2025-10-01,0.21905411499614663,21.90541149961466,0.02756535941968887,2.7565359419688873,0,VERY LOW,0
GRID_N00_E110,0,110,2025,2,2025-02-01,0.2155772721256287,21.55772721256287,0.027562969900971977,2.756296990097198,0,VERY LOW,0
GRID_N20_W040,20,-40,2025,11,2025-11-01,0.21220360258840376,21.220360258840376,0.02756226723250152,2.756226723250152,0,VERY LOW,0
GRID_N00_W180,0,-180,2025,2,2025-02-01,0.21526075852195511,21.52607585219551,0.027558792033322694,2.7558792033322694,0,VERY LOW,0
GRID_N40_E130,40,130,2025,1,2025-01-01,0.21182763866746315,21.182763866746317,0.027546391091236404,2.7546391091236404,0,VERY LOW,1
GRID_S70_E090,-70,90,2025,11,2025-11-01,0.21874494091247598,21.8744940912476,0.027545696553114007,2.7545696553114007,0,VERY LOW,0
GRID_N30_W030,30,-30,2025,2,2025-02-01,0.21185631318429543,21.185631318429543,0.027545506584715867,2.7545506584715866,0,VERY LOW,0
GRID_N00_E040,0,40,2025,11,2025-11-01,0.21507649874443635,21.507649874443636,0.027520897593628375,2.7520897593628373,0,VERY LOW,0
GRID_N00_E020,0,20,2025,4,2025-04-01,0.2244603362988004,22.44603362988004,0.027511137982327072,2.751113798232707,0,VERY LOW,0
GRID_S30_W170,-30,-170,2025,2,2025-02-01,0.21913921977980538,21.91392197798054,0.02749904642594858,2.749904642594858,0,VERY LOW,0
GRID_N40_E120,40,120,2025,1,2025-01-01,0.2112156459208145,21.121564592081448,0.027478457136552354,2.7478457136552352,0,VERY LOW,0
GRID_S20_W160,-20,-160,2025,11,2025-11-01,0.2158261877661484,21.58261877661484,0.0274736268544812,2.74736268544812,0,VERY LOW,0
GRID_S30_W170,-30,-170,2025,10,2025-10-01,0.21507591531846404,21.507591531846405,0.027397161789716094,2.7397161789716096,0,VERY LOW,0
GRID_S50_E160,-50,160,2025,1,2025-01-01,0.21651693051223553,21.651693051223553,0.027366978088420185,2.7366978088420186,0,VERY LOW,0
GRID_S70_E050,-70,50,2025,2,2025-02-01,0.2180093806628661,21.80093806628661,0.027345844586296797,2.73458445862968,0,VERY LOW,0
GRID_N40_E100,40,100,2025,1,2025-01-01,0.20999554739886842,20.999554739886843,0.027344711306129227,2.734471130612923,0,VERY LOW,0
GRID_S80_W010,-80,-10,2025,10,2025-10-01,0.2167683055480577,21.676830554805772,0.027311990598420523,2.7311990598420524,0,VERY LOW,0
GRID_S30_W080,-30,-80,2025,2,2025-02-01,0.21652456435157136,21.652456435157134,0.027310466318939842,2.7310466318939843,0,VERY LOW,0
GRID_S20_W050,-20,-50,2025,2,2025-02-01,0.25849134289484216,25.849134289484216,0.02729681846102892,2.729681846102892,0,VERY LOW,0
GRID_N00_W110,0,-110,2025,11,2025-11-01,0.21273888747404718,21.27388874740472,0.02729300004151674,2.729300004151674,0,VERY LOW,0
GRID_N60_W020,60,-20,2025,1,2025-01-01,0.2059521602728947,20.59521602728947,0.02724295688780607,2.724295688780607,0,VERY LOW,0
GRID_S70_W050,-70,-50,2025,10,2025-10-01,0.21593163755253023,21.593163755253023,0.027213671403943124,2.7213671403943125,0,VERY LOW,0
GRID_N50_E030,50,30,2025,1,2025-01-01,0.2073628348646992,20.73628348646992,0.02721000737130843,2.721000737130843,0,VERY LOW,0
GRID_S80_W020,-80,-20,2025,1,2025-01-01,0.2180923052934017,21.80923052934017,0.02720978496941902,2.720978496941902,0,VERY LOW,0
GRID_N00_W020,0,-20,2025,1,2025-01-01,0.2135906581070802,21.35906581070802,0.02716270298226408,2.7162702982264078,0,VERY LOW,0
GRID_S70_E010,-70,10,2025,1,2025-01-01,0.21722246692287234,21.722246692287232,0.027132549244031835,2.7132549244031834,0,VERY LOW,0
GRID_S60_W080,-60,-80,2025,1,2025-01-01,0.21766104110522322,21.76610411052232,0.02713065487806012,2.7130654878060123,0,VERY LOW,0
GRID_S50_W070,-50,-70,2025,11,2025-11-01,0.21542938750135535,21.542938750135534,0.027101587917838017,2.710158791783802,0,VERY LOW,0
GRID_S80_W040,-80,-40,2025,10,2025-10-01,0.2149051339247826,21.49051339247826,0.02709713790417473,2.7097137904174726,0,VERY LOW,0
GRID_N00_E040,0,40,2025,2,2025-02-01,0.21126537790040734,21.126537790040732,0.02709306748585391,2.7093067485853912,0,VERY LOW,0
GRID_N00_W020,0,-20,2025,11,2025-11-01,0.21018004261853596,21.018004261853594,0.027085533370863328,2.708553337086333,0,VERY LOW,0
GRID_S70_E100,-70,100,2025,2,2025-02-01,0.21454448809093063,21.454448809093062,0.0270262350891012,2.7026235089101203,0,VERY LOW,0
GRID_N40_E050,40,50,2025,1,2025-01-01,0.20696797333134315,20.696797333134313,0.0270225135149475,2.70225135149475,0,VERY LOW,0
GRID_S80_W020,-80,-20,2025,11,2025-11-01,0.21462942585925185,21.462942585925184,0.027005347913532707,2.7005347913532707,0,VERY LOW,0
GRID_S40_W090,-40,-90,2025,2,2025-02-01,0.21425790870769038,21.42579087076904,0.027004424985125862,2.700442498512586,0,VERY LOW,0
GRID_S60_W080,-60,-80,2025,11,2025-11-01,0.21420313339861743,21.420313339861742,0.026978590617353526,2.6978590617353526,0,VERY LOW,0
GRID_S70_E000,-70,0,2025,2,2025-02-01,0.21489769731396283,21.489769731396283,0.026976057808553056,2.6976057808553056,0,VERY LOW,0
GRID_S70_E150,-70,150,2025,1,2025-01-01,0.21261469768592497,21.261469768592498,0.026955820465909885,2.6955820465909888,0,VERY LOW,0
GRID_S60_W070,-60,-70,2025,3,2025-03-01,0.21348965182470092,21.348965182470092,0.026940255390142546,2.6940255390142545,0,VERY LOW,0
GRID_N00_W180,0,-180,2025,1,2025-01-01,0.21185897175136464,21.185897175136464,0.026936042300045388,2.6936042300045386,0,VERY LOW,0
GRID_S70_E010,-70,10,2025,11,2025-11-01,0.21376962287272752,21.376962287272754,0.02693537787896692,2.693537787896692,0,VERY LOW,0
GRID_N30_E070,30,70,2025,1,2025-01-01,0.20657366773933364,20.657366773933365,0.026854260451363354,2.685426045136335,0,VERY LOW,0
GRID_S30_E060,-30,60,2025,11,2025-11-01,0.21020108268416643,21.020108268416642,0.026834902672028073,2.6834902672028074,0,VERY LOW,0
GRID_N30_E060,30,60,2025,1,2025-01-01,0.20597288747890818,20.59728874789082,0.026789882546319803,2.6789882546319803,0,VERY LOW,0
GRID_S10_W040,-10,-40,2025,1,2025-01-01,0.21073545639697827,21.073545639697826,0.026775403808477732,2.6775403808477733,0,VERY LOW,0
GRID_S80_W050,-80,-50,2025,1,2025-01-01,0.2140377339382756,21.40377339382756,0.026751050915053094,2.6751050915053094,0,VERY LOW,1
GRID_S80_W010,-80,-10,2025,2,2025-02-01,0.2126434500004518,21.26434500004518,0.026724610678804283,2.672461067880428,0,VERY LOW,0
GRID_S70_E150,-70,150,2025,11,2025-11-01,0.20921552034564217,20.92155203456422,0.02671260159909773,2.6712601599097727,0,VERY LOW,0
GRID_N20_E080,20,80,2025,1,2025-01-01,0.2055799862261382,20.55799862261382,0.02663892006324168,2.663892006324168,0,VERY LOW,0
GRID_S30_E010,-30,10,2025,1,2025-01-01,0.21054613002305977,21.054613002305977,0.02663367891327026,2.663367891327026,0,VERY LOW,0
GRID_S70_W050,-70,-50,2025,2,2025-02-01,0.21181839719194798,21.181839719194798,0.026624787360253567,2.662478736025357,0,VERY LOW,0
GRID_N00_W110,0,-110,2025,1,2025-01-01,0.20809591109195166,20.809591109195168,0.026610764859864005,2.6610764859864005,0,VERY LOW,0
GRID_S40_E030,-40,30,2025,10,2025-10-01,0.20825248503455077,20.825248503455075,0.026593146992064144,2.6593146992064143,0,VERY LOW,0
GRID_N60_E120,60,120,2025,11,2025-11-01,0.2031113011976005,20.31113011976005,0.0265605080575396,2.65605080575396,0,VERY LOW,0
GRID_S70_E130,-70,130,2025,1,2025-01-01,0.20924128710225118,20.92412871022512,0.026560458831757578,2.6560458831757576,0,VERY LOW,0
GRID_S80_W040,-80,-40,2025,2,2025-02-01,0.21080618999589973,21.080618999589973,0.02651066193588377,2.651066193588377,0,VERY LOW,0
GRID_S30_E010,-30,10,2025,11,2025-11-01,0.2071713224373707,20.71713224373707,0.026496729016437626,2.6496729016437626,0,VERY LOW,0
GRID_N00_W130,0,-130,2025,1,2025-01-01,0.20688910710094358,20.68891071009436,0.02649541562079532,2.649541562079532,0,VERY LOW,0
GRID_S80_W120,-80,-120,2025,1,2025-01-01,0.21189960505823338,21.18996050582334,0.026484951191517427,2.6484951191517427,0,VERY LOW,0
GRID_N40_W040,40,-40,2025,1,2025-01-01,0.2015999229939396,20.159992299393963,0.02648487029299229,2.648487029299229,0,VERY LOW,0
GRID_S60_E070,-60,70,2025,1,2025-01-01,0.2093498500777736,20.93498500777736,0.02647851213399873,2.647851213399873,0,VERY LOW,0
GRID_S20_W070,-20,-70,2025,1,2025-01-01,0.2644793554277408,26.447935542774083,0.02647617871543153,2.647617871543153,0,VERY LOW,0
GRID_S70_E000,-70,0,2025,1,2025-01-01,0.21150010168691394,21.150010168691395,0.02647248566505751,2.647248566505751,0,VERY LOW,0
GRID_N00_W130,0,-130,2025,11,2025-11-01,0.20355780292127604,20.355780292127605,0.02645291753527105,2.645291753527105,0,VERY LOW,0
GRID_N20_E050,20,50,2025,1,2025-01-01,0.20378795936791413,20.378795936791413,0.026443806940579528,2.644380694057953,0,VERY LOW,0
GRID_S80_W140,-80,-140,2025,10,2025-10-01,0.2087787685731981,20.877876857319812,0.026428369735082242,2.642836973508224,0,VERY LOW,0
GRID_S40_E010,-40,10,2025,1,2025-01-01,0.20893125417232766,20.893125417232767,0.026419977873814986,2.6419977873814986,0,VERY LOW,1
GRID_N00_E110,0,110,2025,1,2025-01-01,0.20419891057165662,20.419891057165664,0.0263253445119472,2.63253445119472,0,VERY LOW,0
GRID_S70_E130,-70,130,2025,11,2025-11-01,0.2058819401620874,20.588194016208742,0.02632429474268887,2.632429474268887,0,VERY LOW,0
GRID_S80_W120,-80,-120,2025,11,2025-11-01,0.2085088327898543,20.850883278985428,0.026311622229160215,2.6311622229160214,0,VERY LOW,0
GRID_N00_W090,0,-90,2025,2,2025-02-01,0.20342598626777886,20.342598626777885,0.026309740212756515,2.6309740212756516,0,VERY LOW,0
GRID_S80_W160,-80,-160,2025,10,2025-10-01,0.20756904249875724,20.756904249875724,0.026303089951136577,2.6303089951136576,0,VERY LOW,0
GRID_S60_E070,-60,70,2025,11,2025-11-01,0.20598921420580643,20.598921420580645,0.02627567877673579,2.627567877673579,0,VERY LOW,0
GRID_N30_W030,30,-30,2025,1,2025-01-01,0.20062411701172386,20.062411701172387,0.026240686929502204,2.62406869295022,0,VERY LOW,0
GRID_S10_W070,-10,-70,2025,1,2025-01-01,0.22487256333529757,22.487256333529757,0.02623189571415651,2.623189571415651,0,VERY LOW,0
GRID_S10_W050,-10,-50,2025,1,2025-01-01,0.240205530035709,24.0205530035709,0.026212157858852263,2.6212157858852265,0,VERY LOW,0
GRID_N00_W180,0,-180,2025,11,2025-11-01,0.2005994761282365,20.05994761282365,0.026191069203669724,2.6191069203669723,0,VERY LOW,0
GRID_S70_E050,-70,50,2025,1,2025-01-01,0.2065364494279619,20.65364494279619,0.026159382976682556,2.6159382976682557,0,VERY LOW,0
GRID_S20_W040,-20,-40,2025,2,2025-02-01,0.20324153575663662,20.32415357566366,0.026073528787019917,2.6073528787019917,0,VERY LOW,0
GRID_S40_E030,-40,30,2025,2,2025-02-01,0.20424741822142578,20.42474182214258,0.02605733919231796,2.605733919231796,0,VERY LOW,0
GRID_N40_W130,40,-130,2025,11,2025-11-01,0.14056594621513588,14.056594621513588,0.02604617370838817,2.604617370838817,0,VERY LOW,1
GRID_S30_W080,-30,-80,2025,1,2025-01-01,0.20510927748554106,20.510927748554106,0.026040992129152923,2.6040992129152922,0,VERY LOW,0
GRID_S30_E160,-30,160,2025,1,2025-01-01,0.20243631706300155,20.243631706300157,0.0260252160096484,2.60252160096484,0,VERY LOW,1
GRID_S70_E050,-70,50,2025,11,2025-11-01,0.20320936877850962,20.32093687785096,0.02594769077200753,2.594769077200753,0,VERY LOW,0
GRID_S30_W080,-30,-80,2025,11,2025-11-01,0.20179934001032865,20.179934001032866,0.025931854619148077,2.593185461914808,0,VERY LOW,0
GRID_S80_W170,-80,-170,2025,3,2025-03-01,0.20420811610856474,20.420811610856475,0.025910757273472917,2.5910757273472917,0,VERY LOW,0
GRID_S70_E100,-70,100,2025,1,2025-01-01,0.20320651653424365,20.320651653424367,0.0258690200077887,2.58690200077887,0,VERY LOW,0
GRID_N00_E040,0,40,2025,1,2025-01-01,0.20005655930309182,20.00565593030918,0.025855324594872893,2.5855324594872893,0,VERY LOW,0
GRID_S80_W180,-80,-180,2025,3,2025-03-01,0.20361245009286644,20.361245009286645,0.025852985147073515,2.5852985147073513,0,VERY LOW,0
GRID_S80_W140,-80,-140,2025,2,2025-02-01,0.20476619803474408,20.476619803474406,0.02584395148453769,2.584395148453769,0,VERY LOW,0
GRID_S40_W090,-40,-90,2025,1,2025-01-01,0.20293116910800613,20.293116910800613,0.025755924199941983,2.5755924199941984,0,VERY LOW,0
GRID_S80_W160,-80,-160,2025,2,2025-02-01,0.2035737399723927,20.35737399723927,0.02571890945707206,2.5718909457072057,0,VERY LOW,0
GRID_S70_E060,-70,60,2025,2,2025-02-01,0.20130197838089006,20.130197838089007,0.025685740263145074,2.5685740263145074,0,VERY LOW,0
GRID_S70_E100,-70,100,2025,11,2025-11-01,0.1999195620847084,19.99195620847084,0.025643459604208385,2.5643459604208383,0,VERY LOW,0
GRID_S40_W090,-40,-90,2025,11,2025-11-01,0.19964755254662084,19.964755254662084,0.02563342308922647,2.563342308922647,0,VERY LOW,0
GRID_S70_E000,-70,0,2025,11,2025-11-01,0.20025483258236396,20.025483258236395,0.0255930802667995,2.55930802667995,0,VERY LOW,0
GRID_S80_W010,-80,-10,2025,1,2025-01-01,0.20138018454806345,20.138018454806346,0.025557191880496107,2.555719188049611,0,VERY LOW,0
GRID_N50_W110,50,-110,2025,11,2025-11-01,0.22209176579628487,22.209176579628487,0.025556011255690042,2.5556011255690043,0,VERY LOW,0
GRID_S60_W070,-60,-70,2025,10,2025-10-01,0.19914098742640984,19.914098742640984,0.025528768937983958,2.5528768937983957,0,VERY LOW,0
GRID_S30_W170,-30,-170,2025,1,2025-01-01,0.19977729101141598,19.9777291011416,0.02550290111503174,2.5502901115031738,0,VERY LOW,0
GRID_S50_E140,-50,140,2025,1,2025-01-01,0.19813983792183737,19.813983792183738,0.025502557869802267,2.5502557869802267,0,VERY LOW,1
GRID_S70_W050,-70,-50,2025,1,2025-01-01,0.20058769963256926,20.058769963256925,0.025437789134797738,2.5437789134797737,0,VERY LOW,0
GRID_S30_W170,-30,-170,2025,11,2025-11-01,0.19653212409327853,19.653212409327853,0.025420600769109448,2.542060076910945,0,VERY LOW,0
GRID_S80_W010,-80,-10,2025,11,2025-11-01,0.19811542653963501,19.811542653963503,0.02534874069997073,2.534874069997073,0,VERY LOW,0
GRID_S80_W040,-80,-40,2025,1,2025-01-01,0.19961556816054837,19.961556816054838,0.025343018794324046,2.5343018794324044,0,VERY LOW,0
GRID_S70_W050,-70,-50,2025,11,2025-11-01,0.19733261475678956,19.733261475678958,0.025256240442410288,2.5256240442410287,0,VERY LOW,0
GRID_S80_W040,-80,-40,2025,11,2025-11-01,0.1963723835942666,19.63723835942666,0.02514343198699014,2.514343198699014,0,VERY LOW,0
GRID_N00_W090,0,-90,2025,1,2025-01-01,0.19253156378153455,19.253156378153456,0.025069573850640896,2.5069573850640894,0,VERY LOW,0
GRID_S60_W070,-60,-70,2025,2,2025-02-01,0.19526793407234702,19.526793407234702,0.024998125947893662,2.499812594789366,0,VERY LOW,0
GRID_S40_E030,-40,30,2025,1,2025-01-01,0.19331968043800823,19.331968043800824,0.02490025879334084,2.490025879334084,0,VERY LOW,0
GRID_S20_W040,-20,-40,2025,1,2025-01-01,0.19235460610562008,19.235460610562008,0.024876243077402844,2.487624307740284,0,VERY LOW,0
GRID_S40_E030,-40,30,2025,11,2025-11-01,0.19015448411083444,19.015448411083444,0.02473687164175184,2.473687164175184,0,VERY LOW,1
GRID_S10_E010,-10,10,2025,1,2025-01-01,0.25796956316156094,25.796956316156095,0.024679481922045787,2.4679481922045787,0,VERY LOW,0
GRID_S80_W140,-80,-140,2025,1,2025-01-01,0.19381746464684052,19.381746464684053,0.02467452625733581,2.467452625733581,0,VERY LOW,0
GRID_S70_E060,-70,60,2025,1,2025-01-01,0.1904941040192736,19.04941040192736,0.02458419885103087,2.458419885103087,0,VERY LOW,0
GRID_S80_W160,-80,-160,2025,1,2025-01-01,0.1926733185318038,19.26733185318038,0.024548940850708335,2.4548940850708334,0,VERY LOW,0
GRID_S80_W140,-80,-140,2025,11,2025-11-01,0.19064604432639337,19.06460443263934,0.02450365435368739,2.450365435368739,0,VERY LOW,0
GRID_S80_W160,-80,-160,2025,11,2025-11-01,0.18951621874586494,18.951621874586493,0.024383664034819386,2.438366403481939,0,VERY LOW,0
GRID_S80_W170,-80,-170,2025,11,2025-11-01,0.18918824024480502,18.9188240244805,0.0242237363763032,2.42237363763032,0,VERY LOW,0
GRID_N60_W130,60,-130,2025,1,2025-01-01,0.20330478118574474,20.330478118574476,0.02409663253442134,2.409663253442134,0,VERY LOW,0
GRID_S80_W170,-80,-170,2025,2,2025-02-01,0.1865906544020881,18.65906544020881,0.024021205825851693,2.4021205825851695,0,VERY LOW,0
GRID_S80_W180,-80,-180,2025,2,2025-02-01,0.18603436431597686,18.603436431597686,0.023963900400458683,2.396390040045868,0,VERY LOW,0
GRID_S60_W070,-60,-70,2025,1,2025-01-01,0.18470910518960854,18.470910518960853,0.023878060941220604,2.3878060941220602,0,VERY LOW,0
GRID_S60_W070,-60,-70,2025,11,2025-11-01,0.18165314194538326,18.165314194538325,0.023714352444465465,2.3714352444465465,0,VERY LOW,1
GRID_S20_W050,-20,-50,2025,1,2025-01-01,0.21462635120268106,21.462635120268107,0.0237004358070688,2.37004358070688,0,VERY LOW,0
GRID_S20_E010,-20,10,2025,10,2025-10-01,0.1853182770250434,18.531827702504337,0.023080953931731547,2.3080953931731547,0,VERY LOW,1
GRID_S80_W170,-80,-170,2025,1,2025-01-01,0.1763981851282005,17.63981851282005,0.02293562878206835,2.293562878206835,0,VERY LOW,0
GRID_S80_W180,-80,-180,2025,1,2025-01-01,0.1758657122911708,17.58657122911708,0.02287807151700216,2.287807151700216,0,VERY LOW,0
GRID_S10_E010,-10,10,2025,10,2025-10-01,0.1621203851453287,16.21203851453287,0.022260175901560795,2.2260175901560797,0,VERY LOW,1
GRID_S10_E020,-10,20,2025,10,2025-10-01,0.16163938228608743,16.163938228608743,0.021967151772089327,2.1967151772089326,0,VERY LOW,1
GRID_N50_E120,50,120,2025,11,2025-11-01,0.16313990990363134,16.313990990363134,0.021462398857172653,2.1462398857172653,0,VERY LOW,0
GRID_S10_W060,-10,-60,2025,1,2025-01-01,0.19159290542683952,19.15929054268395,0.021114956188591837,2.1114956188591836,0,VERY LOW,0
GRID_S10_E020,-10,20,2025,9,2025-09-01,0.1469728472917447,14.69728472917447,0.02045364684687218,2.0453646846872178,0,VERY LOW,1
GRID_N00_E020,0,20,2025,6,2025-06-01,0.17772679857622795,17.772679857622794,0.020115007412571616,2.0115007412571617,0,VERY LOW,0
GRID_S20_E020,-20,20,2025,10,2025-10-01,0.1418114825796351,14.18114825796351,0.019172564704872806,1.9172564704872805,0,VERY LOW,0
GRID_S20_E030,-20,30,2025,1,2025-01-01,0.168741584629862,16.8741584629862,0.018520752883727475,1.8520752883727474,0,VERY LOW,0
GRID_N50_E110,50,110,2025,9,2025-09-01,0.1499299534326114,14.99299534326114,0.018036237601711393,1.8036237601711393,0,VERY LOW,0
GRID_N00_E020,0,20,2025,5,2025-05-01,0.15069745144464283,15.069745144464283,0.01773765654170175,1.773765654170175,0,VERY LOW,0
GRID_S20_E020,-20,20,2025,1,2025-01-01,0.1327814281543981,13.27814281543981,0.01503832772826747,1.5038327728267469,0,VERY LOW,0
GRID_S20_E010,-20,10,2025,1,2025-01-01,0.12302557455745797,12.302557455745797,0.01441945353767633,1.441945353767633,0,VERY LOW,0
GRID_S10_E020,-10,20,2025,11,2025-11-01,0.08622987272200854,8.622987272200854,0.01343244104028694,1.343244104028694,0,VERY LOW,1
GRID_S20_E020,-20,20,2025,11,2025-11-01,0.062062673107181554,6.206267310718156,0.01126038130440164,1.1260381304401639,0,VERY LOW,0
GRID_N50_E110,50,110,2025,10,2025-10-01,0.07883911171641349,7.883911171641349,0.01123388366461477,1.123388366461477,0,VERY LOW,0
GRID_N40_W120,40,-120,2025,11,2025-11-01,0.021765058319196853,2.1765058319196853,0.00941204881822977,0.941204881822977,0,VERY LOW,0
GRID_S20_W060,-20,-60,2025,11,2025-11-01,0.045309528769585716,4.530952876958572,0.008968826021435972,0.8968826021435972,0,VERY LOW,0
