region_id,grid_lat,grid_lon,year,month,date,current_event_count,previous_month_events,previous_3_month_events,previous_6_month_events,previous_12_month_events,same_month_historical_events,historical_total_events,historical_active_months,recent_activity_share,event_probability,event_probability_percent,predicted_event,activity_level
GRID_N00_E020,0,20,2025,1,2025-01-01,125,104.0,106.0,106.0,106.0,0.0,106.0,2,0.9907,1.0,100.0,1,VERY HIGH
GRID_N00_E020,0,20,2025,8,2025-08-01,0,0.0,0.0,14.0,245.0,0.0,245.0,5,0.0,1.0,100.0,1,VERY HIGH
GRID_N00_E020,0,20,2025,9,2025-09-01,0,0.0,0.0,7.0,245.0,0.0,245.0,5,0.0,1.0,100.0,1,VERY HIGH
GRID_N00_E020,0,20,2025,10,2025-10-01,0,0.0,0.0,0.0,245.0,0.0,245.0,5,0.0,1.0,100.0,1,VERY HIGH
GRID_N00_E020,0,20,2025,11,2025-11-01,82,0.0,0.0,0.0,245.0,0.2,245.0,5,0.0,1.0,100.0,1,VERY HIGH
GRID_N00_E030,0,30,2025,1,2025-01-01,17,21.0,24.0,25.0,25.0,0.0,26.0,4,0.9231,1.0,100.0,1,VERY HIGH
GRID_N00_E030,0,30,2025,2,2025-02-01,13,17.0,41.0,42.0,42.0,0.0,43.0,5,0.9535,1.0,100.0,1,VERY HIGH
GRID_N00_E030,0,30,2025,11,2025-11-01,30,1.0,2.0,5.0,65.0,0.3,67.0,12,0.0303,1.0,100.0,1,VERY HIGH
GRID_N10_E000,10,0,2025,11,2025-11-01,16,0.0,0.0,1.0,32.0,1.5,33.0,6,0.0,1.0,100.0,1,VERY HIGH
GRID_N10_E090,10,90,2025,3,2025-03-01,13,1.0,1.0,1.0,2.0,0.1,16.0,15,0.3333,1.0,100.0,1,VERY HIGH
GRID_N20_E090,20,90,2025,3,2025-03-01,27,1.0,1.0,1.0,1.0,0.0,4.0,4,0.5,1.0,100.0,1,VERY HIGH
GRID_N20_W090,20,-90,2025,1,2025-01-01,18,8.0,10.0,26.0,45.0,0.0,65.0,27,0.2174,1.0,100.0,1,VERY HIGH
GRID_N20_W090,20,-90,2025,3,2025-03-01,10,4.0,30.0,32.0,65.0,0.2,87.0,29,0.4545,1.0,100.0,1,VERY HIGH
GRID_N20_W090,20,-90,2025,4,2025-04-01,9,10.0,32.0,42.0,74.0,0.6,97.0,30,0.4267,1.0,100.0,1,VERY HIGH
GRID_N20_W090,20,-90,2025,5,2025-05-01,8,9.0,23.0,51.0,82.0,1.2,106.0,31,0.2771,1.0,100.0,1,VERY HIGH
GRID_N20_W090,20,-90,2025,6,2025-06-01,13,8.0,27.0,57.0,83.0,1.0,114.0,32,0.3214,1.0,100.0,1,VERY HIGH
GRID_N20_W090,20,-90,2025,7,2025-07-01,8,13.0,30.0,62.0,88.0,1.6,127.0,33,0.3371,1.0,100.0,1,VERY HIGH
GRID_N20_W110,20,-110,2025,5,2025-05-01,11,8.0,12.0,12.0,17.0,0.3,21.0,9,0.6667,1.0,100.0,1,VERY HIGH
GRID_N30_W090,30,-90,2025,1,2025-01-01,8,5.0,27.0,37.0,70.0,0.1,104.0,25,0.3803,1.0,100.0,1,VERY HIGH
GRID_N30_W090,30,-90,2025,2,2025-02-01,37,8.0,33.0,44.0,77.0,0.7,112.0,26,0.4231,1.0,100.0,1,VERY HIGH
GRID_N30_W090,30,-90,2025,3,2025-03-01,39,37.0,50.0,77.0,108.0,1.0,149.0,27,0.4587,1.0,100.0,1,VERY HIGH
GRID_N30_W090,30,-90,2025,4,2025-04-01,31,39.0,84.0,111.0,139.0,0.7,188.0,28,0.6,1.0,100.0,1,VERY HIGH
GRID_N30_W090,30,-90,2025,9,2025-09-01,3,3.0,13.0,87.0,164.0,0.6,236.0,33,0.0788,1.0,100.0,1,VERY HIGH
GRID_N30_W090,30,-90,2025,10,2025-10-01,3,3.0,11.0,51.0,162.0,0.6,239.0,34,0.0675,1.0,100.0,1,VERY HIGH
GRID_N30_W090,30,-90,2025,11,2025-11-01,4,3.0,9.0,23.0,163.0,3.8,242.0,35,0.0549,1.0,100.0,1,VERY HIGH
GRID_N30_W100,30,-100,2025,1,2025-01-01,16,4.0,20.0,37.0,92.0,0.0,137.0,30,0.2151,1.0,100.0,1,VERY HIGH
GRID_N30_W100,30,-100,2025,2,2025-02-01,54,16.0,22.0,52.0,108.0,0.6,153.0,31,0.2018,1.0,100.0,1,VERY HIGH
GRID_N30_W100,30,-100,2025,3,2025-03-01,135,54.0,74.0,94.0,157.0,2.0,207.0,32,0.4684,1.0,100.0,1,VERY HIGH
GRID_N30_W100,30,-100,2025,4,2025-04-01,74,135.0,205.0,225.0,272.0,2.3,342.0,33,0.7509,1.0,100.0,1,VERY HIGH
GRID_N30_W100,30,-100,2025,5,2025-05-01,15,74.0,263.0,285.0,325.0,0.5,416.0,34,0.8067,1.0,100.0,1,VERY HIGH
GRID_N30_W100,30,-100,2025,9,2025-09-01,2,1.0,4.0,228.0,322.0,0.7,435.0,37,0.0124,1.0,100.0,1,VERY HIGH
GRID_N30_W100,30,-100,2025,10,2025-10-01,1,2.0,6.0,95.0,320.0,1.5,437.0,38,0.0187,1.0,100.0,1,VERY HIGH
GRID_N30_W100,30,-100,2025,11,2025-11-01,4,1.0,4.0,22.0,307.0,0.3,438.0,39,0.013,1.0,100.0,1,VERY HIGH
GRID_N30_W110,30,-110,2025,1,2025-01-01,4,1.0,6.0,25.0,202.0,0.1,408.0,56,0.0296,1.0,100.0,1,VERY HIGH
GRID_N30_W110,30,-110,2025,2,2025-02-01,7,4.0,6.0,17.0,206.0,1.7,412.0,57,0.029,1.0,100.0,1,VERY HIGH
GRID_N30_W110,30,-110,2025,3,2025-03-01,11,7.0,12.0,19.0,196.0,0.9,419.0,58,0.0609,1.0,100.0,1,VERY HIGH
GRID_N30_W110,30,-110,2025,4,2025-04-01,3,11.0,22.0,28.0,204.0,1.6,430.0,59,0.1073,1.0,100.0,1,VERY HIGH
GRID_N30_W110,30,-110,2025,5,2025-05-01,6,3.0,21.0,27.0,204.0,8.8,433.0,60,0.1024,1.0,100.0,1,VERY HIGH
GRID_N30_W110,30,-110,2025,6,2025-06-01,8,6.0,20.0,32.0,149.0,17.0,439.0,61,0.1333,1.0,100.0,1,VERY HIGH
GRID_N30_W110,30,-110,2025,7,2025-07-01,12,8.0,17.0,39.0,64.0,5.2,447.0,62,0.2615,1.0,100.0,1,VERY HIGH
GRID_N30_W110,30,-110,2025,8,2025-08-01,11,12.0,26.0,47.0,64.0,3.1,459.0,63,0.4,1.0,100.0,1,VERY HIGH
GRID_N30_W120,30,-120,2025,1,2025-01-01,8,3.0,11.0,90.0,570.0,0.3,1053.0,81,0.0193,1.0,100.0,1,VERY HIGH
GRID_N30_W120,30,-120,2025,2,2025-02-01,3,8.0,13.0,45.0,578.0,0.6,1061.0,82,0.0225,1.0,100.0,1,VERY HIGH
GRID_N30_W120,30,-120,2025,3,2025-03-01,2,3.0,14.0,36.0,580.0,0.3,1064.0,83,0.0241,1.0,100.0,1,VERY HIGH
GRID_N30_W120,30,-120,2025,4,2025-04-01,3,2.0,13.0,24.0,581.0,1.6,1066.0,84,0.0223,1.0,100.0,1,VERY HIGH
GRID_N30_W120,30,-120,2025,5,2025-05-01,7,3.0,8.0,21.0,582.0,18.6,1069.0,85,0.0137,1.0,100.0,1,VERY HIGH
GRID_N30_W120,30,-120,2025,6,2025-06-01,13,7.0,12.0,26.0,447.0,44.5,1076.0,86,0.0268,1.0,100.0,1,VERY HIGH
GRID_N30_W120,30,-120,2025,7,2025-07-01,20,13.0,23.0,36.0,126.0,15.6,1089.0,87,0.1811,1.0,100.0,1,VERY HIGH
GRID_N30_W120,30,-120,2025,8,2025-08-01,17,20.0,40.0,48.0,93.0,9.9,1109.0,88,0.4255,1.0,100.0,1,VERY HIGH
GRID_N30_W130,30,-130,2025,1,2025-01-01,0,0.0,1.0,19.0,287.0,0.6,435.0,48,0.0035,1.0,100.0,1,VERY HIGH
GRID_N30_W130,30,-130,2025,2,2025-02-01,0,0.0,0.0,7.0,287.0,0.1,435.0,48,0.0,1.0,100.0,1,VERY HIGH
GRID_N30_W130,30,-130,2025,3,2025-03-01,0,0.0,0.0,6.0,287.0,0.0,435.0,48,0.0,1.0,100.0,1,VERY HIGH
GRID_N30_W130,30,-130,2025,4,2025-04-01,0,0.0,0.0,1.0,287.0,0.4,435.0,48,0.0,1.0,100.0,1,VERY HIGH
GRID_N30_W130,30,-130,2025,5,2025-05-01,2,0.0,0.0,0.0,287.0,2.5,435.0,48,0.0,1.0,100.0,1,VERY HIGH
GRID_N30_W130,30,-130,2025,6,2025-06-01,4,2.0,2.0,2.0,268.0,27.4,437.0,49,0.0074,1.0,100.0,1,VERY HIGH
GRID_N30_W130,30,-130,2025,9,2025-09-01,11,4.0,9.0,11.0,17.0,2.0,446.0,52,0.5,1.0,100.0,1,VERY HIGH
GRID_N40_W010,40,-10,2025,8,2025-08-01,20,3.0,5.0,5.0,14.0,0.5,34.0,15,0.3333,1.0,100.0,1,VERY HIGH
GRID_N40_W100,40,-100,2025,4,2025-04-01,14,4.0,6.0,18.0,90.0,0.3,104.0,15,0.0659,1.0,100.0,1,VERY HIGH
GRID_N40_W100,40,-100,2025,5,2025-05-01,4,14.0,20.0,27.0,103.0,6.6,118.0,16,0.1923,1.0,100.0,1,VERY HIGH
GRID_N40_W110,40,-110,2025,2,2025-02-01,5,2.0,3.0,79.0,183.0,0.2,276.0,41,0.0163,1.0,100.0,1,VERY HIGH
GRID_N40_W110,40,-110,2025,3,2025-03-01,17,5.0,8.0,52.0,186.0,0.3,281.0,42,0.0428,1.0,100.0,1,VERY HIGH
GRID_N40_W110,40,-110,2025,4,2025-04-01,11,17.0,24.0,48.0,201.0,0.1,298.0,43,0.1188,1.0,100.0,1,VERY HIGH
GRID_N40_W110,40,-110,2025,5,2025-05-01,6,11.0,33.0,36.0,212.0,1.8,309.0,44,0.1549,1.0,100.0,1,VERY HIGH
GRID_N40_W110,40,-110,2025,6,2025-06-01,6,6.0,34.0,42.0,200.0,6.9,315.0,45,0.1692,1.0,100.0,1,VERY HIGH
GRID_N40_W110,40,-110,2025,7,2025-07-01,12,6.0,23.0,47.0,153.0,5.8,321.0,46,0.1494,1.0,100.0,1,VERY HIGH
GRID_N40_W110,40,-110,2025,8,2025-08-01,18,12.0,24.0,57.0,136.0,5.2,333.0,47,0.1752,1.0,100.0,1,VERY HIGH
GRID_N40_W110,40,-110,2025,9,2025-09-01,4,18.0,36.0,70.0,122.0,3.9,351.0,48,0.2927,1.0,100.0,1,VERY HIGH
GRID_N40_W120,40,-120,2025,1,2025-01-01,0,0.0,6.0,174.0,355.0,0.0,888.0,46,0.0169,1.0,100.0,1,VERY HIGH
GRID_N40_W120,40,-120,2025,2,2025-02-01,0,0.0,0.0,78.0,355.0,0.0,888.0,46,0.0,1.0,100.0,1,VERY HIGH
GRID_N40_W120,40,-120,2025,3,2025-03-01,2,0.0,0.0,36.0,355.0,0.1,888.0,46,0.0,1.0,100.0,1,VERY HIGH
GRID_N40_W120,40,-120,2025,4,2025-04-01,4,2.0,2.0,8.0,356.0,0.5,890.0,47,0.0056,1.0,100.0,1,VERY HIGH
GRID_N40_W120,40,-120,2025,5,2025-05-01,6,4.0,6.0,6.0,356.0,3.7,894.0,48,0.0168,1.0,100.0,1,VERY HIGH
GRID_N40_W120,40,-120,2025,6,2025-06-01,7,6.0,12.0,12.0,326.0,15.5,900.0,49,0.0367,1.0,100.0,1,VERY HIGH
GRID_N40_W120,40,-120,2025,7,2025-07-01,45,7.0,17.0,19.0,193.0,29.8,907.0,50,0.0876,1.0,100.0,1,VERY HIGH
GRID_N40_W120,40,-120,2025,8,2025-08-01,56,45.0,58.0,64.0,142.0,30.4,952.0,51,0.4056,1.0,100.0,1,VERY HIGH
GRID_N40_W120,40,-120,2025,9,2025-09-01,16,56.0,108.0,120.0,156.0,7.4,1008.0,52,0.6879,1.0,100.0,1,VERY HIGH
GRID_N40_W130,40,-130,2025,1,2025-01-01,0,0.0,1.0,74.0,226.0,0.0,525.0,45,0.0044,1.0,100.0,1,VERY HIGH
GRID_N40_W130,40,-130,2025,2,2025-02-01,0,0.0,0.0,31.0,226.0,0.0,525.0,45,0.0,1.0,100.0,1,VERY HIGH
GRID_N40_W130,40,-130,2025,3,2025-03-01,0,0.0,0.0,19.0,226.0,0.0,525.0,45,0.0,1.0,100.0,1,VERY HIGH
GRID_N40_W130,40,-130,2025,4,2025-04-01,1,0.0,0.0,1.0,226.0,0.1,525.0,45,0.0,1.0,100.0,1,VERY HIGH
GRID_N40_W130,40,-130,2025,5,2025-05-01,1,1.0,1.0,1.0,226.0,4.2,526.0,46,0.0044,1.0,100.0,1,VERY HIGH
GRID_N40_W130,40,-130,2025,6,2025-06-01,5,1.0,2.0,2.0,186.0,12.9,527.0,47,0.0107,1.0,100.0,1,VERY HIGH
GRID_N40_W130,40,-130,2025,7,2025-07-01,23,5.0,7.0,7.0,81.0,13.6,532.0,48,0.0854,1.0,100.0,1,VERY HIGH
GRID_N40_W130,40,-130,2025,8,2025-08-01,14,23.0,29.0,30.0,61.0,13.8,555.0,49,0.4677,1.0,100.0,1,VERY HIGH
GRID_N40_W130,40,-130,2025,9,2025-09-01,16,14.0,42.0,44.0,63.0,6.9,569.0,50,0.6562,1.0,100.0,1,VERY HIGH
GRID_N50_E110,50,110,2025,4,2025-04-01,38,0.0,0.0,0.0,91.0,0.0,91.0,5,0.0,1.0,100.0,1,VERY HIGH
GRID_N50_E110,50,110,2025,5,2025-05-01,115,38.0,38.0,38.0,129.0,0.2,129.0,6,0.2923,1.0,100.0,1,VERY HIGH
GRID_N50_E110,50,110,2025,6,2025-06-01,23,115.0,153.0,153.0,242.0,5.0,244.0,7,0.6296,1.0,100.0,1,VERY HIGH
GRID_N50_E120,50,120,2025,5,2025-05-01,10,0.0,0.0,0.0,91.0,0.2,92.0,7,0.0,1.0,100.0,1,VERY HIGH
GRID_N50_E120,50,120,2025,6,2025-06-01,0,10.0,10.0,10.0,99.0,6.6,102.0,8,0.1,1.0,100.0,1,VERY HIGH
GRID_N50_W100,50,-100,2025,5,2025-05-01,13,0.0,0.0,0.0,9.0,2.1,159.0,23,0.0,1.0,100.0,1,VERY HIGH
GRID_N50_W100,50,-100,2025,6,2025-06-01,11,13.0,13.0,13.0,22.0,1.8,172.0,24,0.5652,1.0,100.0,1,VERY HIGH
GRID_N50_W100,50,-100,2025,7,2025-07-01,49,11.0,24.0,24.0,33.0,7.1,183.0,25,0.7059,1.0,100.0,1,VERY HIGH
GRID_N50_W110,50,-110,2025,5,2025-05-01,29,0.0,0.0,0.0,29.0,1.1,81.0,12,0.0,1.0,100.0,1,VERY HIGH
GRID_N50_W110,50,-110,2025,6,2025-06-01,20,29.0,29.0,29.0,58.0,0.1,110.0,13,0.4915,1.0,100.0,1,VERY HIGH
GRID_N50_W110,50,-110,2025,7,2025-07-01,73,20.0,49.0,49.0,78.0,5.0,130.0,14,0.6203,1.0,100.0,1,VERY HIGH
GRID_N50_W120,50,-120,2025,5,2025-05-01,9,0.0,0.0,0.0,44.0,1.0,92.0,19,0.0,1.0,100.0,1,VERY HIGH
GRID_N50_W120,50,-120,2025,6,2025-06-01,9,9.0,9.0,9.0,53.0,0.5,101.0,20,0.1667,1.0,100.0,1,VERY HIGH
GRID_N50_W130,50,-130,2025,6,2025-06-01,9,4.0,4.0,4.0,37.0,2.2,158.0,17,0.1053,1.0,100.0,1,VERY HIGH
GRID_N60_W150,60,-150,2025,6,2025-06-01,26,1.0,4.0,4.0,35.0,3.8,82.0,18,0.1111,1.0,100.0,1,VERY HIGH
GRID_N60_W160,60,-160,2025,6,2025-06-01,23,0.0,0.0,0.0,39.0,4.2,51.0,8,0.0,1.0,100.0,1,VERY HIGH
GRID_S10_E010,-10,10,2025,3,2025-03-01,0,0.0,0.0,17.0,165.0,0.0,165.0,4,0.0,1.0,100.0,1,VERY HIGH
GRID_S10_E010,-10,10,2025,4,2025-04-01,1,0.0,0.0,0.0,165.0,0.0,165.0,4,0.0,1.0,100.0,1,VERY HIGH
GRID_S10_E010,-10,10,2025,5,2025-05-01,1,1.0,1.0,1.0,166.0,0.0,166.0,5,0.006,1.0,100.0,1,VERY HIGH
GRID_S10_E010,-10,10,2025,6,2025-06-01,1,1.0,2.0,2.0,167.0,0.9,167.0,6,0.0119,1.0,100.0,1,VERY HIGH
GRID_S10_E010,-10,10,2025,7,2025-07-01,14,1.0,3.0,3.0,159.0,8.1,168.0,7,0.0188,1.0,100.0,1,VERY HIGH
GRID_S10_E010,-10,10,2025,8,2025-08-01,45,14.0,16.0,17.0,92.0,5.8,182.0,8,0.172,1.0,100.0,1,VERY HIGH
GRID_S10_E020,-10,20,2025,2,2025-02-01,2,0.0,0.0,86.0,248.0,0.0,249.0,6,0.0,1.0,100.0,1,VERY HIGH
GRID_S10_E020,-10,20,2025,3,2025-03-01,0,2.0,2.0,7.0,250.0,0.0,251.0,7,0.008,1.0,100.0,1,VERY HIGH
GRID_S10_E020,-10,20,2025,4,2025-04-01,0,0.0,2.0,3.0,250.0,0.0,251.0,7,0.008,1.0,100.0,1,VERY HIGH
GRID_S10_E020,-10,20,2025,5,2025-05-01,2,0.0,2.0,2.0,250.0,0.1,251.0,7,0.008,1.0,100.0,1,VERY HIGH
GRID_S10_E020,-10,20,2025,6,2025-06-01,7,2.0,2.0,4.0,252.0,5.6,253.0,8,0.0079,1.0,100.0,1,VERY HIGH
GRID_S10_E020,-10,20,2025,7,2025-07-01,41,7.0,9.0,11.0,203.0,10.6,260.0,9,0.0441,1.0,100.0,1,VERY HIGH
GRID_S10_E020,-10,20,2025,8,2025-08-01,22,41.0,50.0,52.0,138.0,8.1,301.0,10,0.3597,1.0,100.0,1,VERY HIGH
GRID_S10_E030,-10,30,2025,8,2025-08-01,12,3.0,6.0,6.0,61.0,2.5,78.0,10,0.0968,1.0,100.0,1,VERY HIGH
GRID_S10_W050,-10,-50,2025,8,2025-08-01,16,2.0,2.0,2.0,66.0,3.1,70.0,6,0.0299,1.0,100.0,1,VERY HIGH
GRID_S10_W050,-10,-50,2025,9,2025-09-01,25,16.0,18.0,18.0,51.0,2.8,86.0,7,0.3462,1.0,100.0,1,VERY HIGH
GRID_S10_W060,-10,-60,2025,8,2025-08-01,6,1.0,1.0,1.0,54.0,3.3,91.0,5,0.0182,1.0,100.0,1,VERY HIGH
GRID_S20_E010,-20,10,2025,3,2025-03-01,0,0.0,0.0,27.0,184.0,0.0,184.0,4,0.0,1.0,100.0,1,VERY HIGH
GRID_S20_E010,-20,10,2025,4,2025-04-01,0,0.0,0.0,5.0,184.0,0.0,184.0,4,0.0,1.0,100.0,1,VERY HIGH
GRID_S20_E010,-20,10,2025,5,2025-05-01,0,0.0,0.0,0.0,184.0,0.0,184.0,4,0.0,1.0,100.0,1,VERY HIGH
GRID_S20_E010,-20,10,2025,6,2025-06-01,0,0.0,0.0,0.0,184.0,0.0,184.0,4,0.0,1.0,100.0,1,VERY HIGH
GRID_S20_E010,-20,10,2025,7,2025-07-01,14,0.0,0.0,0.0,184.0,3.4,184.0,4,0.0,1.0,100.0,1,VERY HIGH
GRID_S20_E010,-20,10,2025,8,2025-08-01,10,14.0,14.0,14.0,164.0,12.3,198.0,5,0.0848,1.0,100.0,1,VERY HIGH
GRID_S20_E010,-20,10,2025,9,2025-09-01,13,10.0,24.0,24.0,51.0,2.2,208.0,6,0.4615,1.0,100.0,1,VERY HIGH
GRID_S20_E020,-20,20,2025,3,2025-03-01,0,0.0,0.0,25.0,222.0,0.0,222.0,5,0.0,1.0,100.0,1,VERY HIGH
GRID_S20_E020,-20,20,2025,4,2025-04-01,0,0.0,0.0,6.0,222.0,0.0,222.0,5,0.0,1.0,100.0,1,VERY HIGH
GRID_S20_E020,-20,20,2025,5,2025-05-01,0,0.0,0.0,0.0,222.0,0.0,222.0,5,0.0,1.0,100.0,1,VERY HIGH
GRID_S20_E020,-20,20,2025,6,2025-06-01,0,0.0,0.0,0.0,222.0,0.2,222.0,5,0.0,1.0,100.0,1,VERY HIGH
GRID_S20_E020,-20,20,2025,7,2025-07-01,1,0.0,0.0,0.0,220.0,6.4,222.0,5,0.0,1.0,100.0,1,VERY HIGH
GRID_S20_E020,-20,20,2025,8,2025-08-01,60,1.0,1.0,1.0,157.0,13.1,223.0,6,0.0063,1.0,100.0,1,VERY HIGH
GRID_S20_E030,-20,30,2025,4,2025-04-01,0,0.0,0.0,10.0,180.0,0.1,182.0,6,0.0,1.0,100.0,1,VERY HIGH
GRID_S20_E030,-20,30,2025,5,2025-05-01,0,0.0,0.0,0.0,180.0,0.0,182.0,6,0.0,1.0,100.0,1,VERY HIGH
GRID_S20_E030,-20,30,2025,6,2025-06-01,0,0.0,0.0,0.0,180.0,0.0,182.0,6,0.0,1.0,100.0,1,VERY HIGH
GRID_S20_E030,-20,30,2025,7,2025-07-01,0,0.0,0.0,0.0,180.0,3.1,182.0,6,0.0,1.0,100.0,1,VERY HIGH
GRID_S20_E030,-20,30,2025,8,2025-08-01,39,0.0,0.0,0.0,149.0,4.2,182.0,6,0.0,1.0,100.0,1,VERY HIGH
GRID_S20_E030,-20,30,2025,9,2025-09-01,14,39.0,39.0,39.0,146.0,9.7,221.0,7,0.2653,1.0,100.0,1,VERY HIGH
GRID_S20_E120,-20,120,2025,4,2025-04-01,14,2.0,7.0,49.0,104.0,0.4,120.0,25,0.0667,1.0,100.0,1,VERY HIGH
GRID_S20_E120,-20,120,2025,5,2025-05-01,35,14.0,20.0,26.0,117.0,0.0,134.0,26,0.1695,1.0,100.0,1,VERY HIGH
GRID_S20_E120,-20,120,2025,6,2025-06-01,10,35.0,51.0,56.0,152.0,0.4,169.0,27,0.3333,1.0,100.0,1,VERY HIGH
GRID_S20_E120,-20,120,2025,7,2025-07-01,15,10.0,59.0,66.0,158.0,1.5,179.0,28,0.3711,1.0,100.0,1,VERY HIGH
GRID_S20_E120,-20,120,2025,8,2025-08-01,48,15.0,60.0,80.0,158.0,1.6,194.0,29,0.3774,1.0,100.0,1,VERY HIGH
GRID_S20_E120,-20,120,2025,9,2025-09-01,58,48.0,73.0,124.0,191.0,2.0,242.0,30,0.3802,1.0,100.0,1,VERY HIGH
GRID_S20_E120,-20,120,2025,10,2025-10-01,16,58.0,121.0,180.0,229.0,3.7,300.0,31,0.5261,1.0,100.0,1,VERY HIGH
GRID_S20_E120,-20,120,2025,11,2025-11-01,10,16.0,122.0,182.0,208.0,0.5,316.0,32,0.5837,1.0,100.0,1,VERY HIGH
GRID_S20_E130,-20,130,2025,1,2025-01-01,11,11.0,147.0,265.0,291.0,0.0,298.0,15,0.5034,1.0,100.0,1,VERY HIGH
GRID_S20_E130,-20,130,2025,4,2025-04-01,7,2.0,15.0,162.0,304.0,0.0,313.0,18,0.0492,1.0,100.0,1,VERY HIGH
GRID_S20_E130,-20,130,2025,5,2025-05-01,39,7.0,11.0,76.0,311.0,0.0,320.0,19,0.0353,1.0,100.0,1,VERY HIGH
GRID_S20_E130,-20,130,2025,6,2025-06-01,44,39.0,48.0,72.0,350.0,2.4,359.0,20,0.1368,1.0,100.0,1,VERY HIGH
GRID_S20_E130,-20,130,2025,7,2025-07-01,39,44.0,90.0,105.0,370.0,2.0,403.0,21,0.2426,1.0,100.0,1,VERY HIGH
GRID_S20_E130,-20,130,2025,8,2025-08-01,50,39.0,122.0,133.0,389.0,5.2,442.0,22,0.3128,1.0,100.0,1,VERY HIGH
GRID_S20_E130,-20,130,2025,9,2025-09-01,16,50.0,133.0,181.0,387.0,4.6,492.0,23,0.3428,1.0,100.0,1,VERY HIGH
GRID_S20_E130,-20,130,2025,10,2025-10-01,12,16.0,105.0,195.0,357.0,9.3,508.0,24,0.2933,1.0,100.0,1,VERY HIGH
GRID_S20_E130,-20,130,2025,11,2025-11-01,25,12.0,78.0,200.0,276.0,4.3,520.0,25,0.2816,1.0,100.0,1,VERY HIGH
GRID_S20_E140,-20,140,2025,7,2025-07-01,4,0.0,0.0,2.0,84.0,1.8,97.0,14,0.0,1.0,100.0,1,VERY HIGH
GRID_S20_E140,-20,140,2025,8,2025-08-01,13,4.0,4.0,4.0,70.0,0.3,101.0,15,0.0563,1.0,100.0,1,VERY HIGH
GRID_S20_E140,-20,140,2025,9,2025-09-01,8,13.0,17.0,17.0,80.0,1.0,114.0,16,0.2099,1.0,100.0,1,VERY HIGH
GRID_S20_E140,-20,140,2025,10,2025-10-01,6,8.0,25.0,25.0,78.0,0.8,122.0,17,0.3165,1.0,100.0,1,VERY HIGH
GRID_S20_E140,-20,140,2025,11,2025-11-01,15,6.0,27.0,31.0,76.0,3.9,128.0,18,0.3506,1.0,100.0,1,VERY HIGH
GRID_S20_W050,-20,-50,2025,8,2025-08-01,26,3.0,3.0,3.0,75.0,2.1,78.0,5,0.0395,1.0,100.0,1,VERY HIGH
GRID_S20_W050,-20,-50,2025,9,2025-09-01,69,26.0,29.0,29.0,80.0,4.4,104.0,6,0.358,1.0,100.0,1,VERY HIGH
GRID_S20_W060,-20,-60,2025,3,2025-03-01,0,0.0,0.0,124.0,300.0,0.0,300.0,7,0.0,1.0,100.0,1,VERY HIGH
GRID_S20_W060,-20,-60,2025,4,2025-04-01,0,0.0,0.0,21.0,300.0,0.0,300.0,7,0.0,1.0,100.0,1,VERY HIGH
GRID_S20_W060,-20,-60,2025,5,2025-05-01,0,0.0,0.0,2.0,300.0,0.1,300.0,7,0.0,1.0,100.0,1,VERY HIGH
GRID_S20_W060,-20,-60,2025,6,2025-06-01,0,0.0,0.0,0.0,299.0,1.7,300.0,7,0.0,1.0,100.0,1,VERY HIGH
GRID_S20_W060,-20,-60,2025,7,2025-07-01,2,0.0,0.0,0.0,282.0,3.0,300.0,7,0.0,1.0,100.0,1,VERY HIGH
GRID_S20_W060,-20,-60,2025,8,2025-08-01,13,2.0,2.0,2.0,254.0,12.8,302.0,8,0.0078,1.0,100.0,1,VERY HIGH
GRID_S20_W060,-20,-60,2025,9,2025-09-01,15,13.0,15.0,15.0,139.0,10.3,315.0,9,0.1071,1.0,100.0,1,VERY HIGH
GRID_S20_W070,-20,-70,2025,4,2025-04-01,1,0.0,0.0,8.0,160.0,0.0,162.0,8,0.0,1.0,100.0,1,VERY HIGH
GRID_S20_W070,-20,-70,2025,5,2025-05-01,0,1.0,1.0,1.0,161.0,0.1,163.0,9,0.0062,1.0,100.0,1,VERY HIGH
GRID_S20_W070,-20,-70,2025,6,2025-06-01,0,0.0,1.0,1.0,160.0,0.3,163.0,9,0.0062,1.0,100.0,1,VERY HIGH
GRID_S20_W070,-20,-70,2025,7,2025-07-01,4,0.0,1.0,1.0,157.0,4.7,163.0,9,0.0063,1.0,100.0,1,VERY HIGH
GRID_S20_W070,-20,-70,2025,8,2025-08-01,3,4.0,4.0,5.0,114.0,6.1,167.0,10,0.0348,1.0,100.0,1,VERY HIGH
GRID_S30_E130,-30,130,2025,1,2025-01-01,19,2.0,42.0,54.0,54.0,0.0,54.0,6,0.7636,1.0,100.0,1,VERY HIGH
GRID_S30_E140,-30,140,2025,1,2025-01-01,16,13.0,31.0,44.0,44.0,0.0,44.0,5,0.6889,1.0,100.0,1,VERY HIGH
GRID_S30_E140,-30,140,2025,11,2025-11-01,15,2.0,8.0,9.0,48.0,0.6,73.0,12,0.1633,1.0,100.0,1,VERY HIGH
GRID_N10_W090,10,-90,2025,9,2025-09-01,4,1.0,4.0,8.0,13.0,0.3,76.0,61,0.2857,0.9999,99.99,1,VERY HIGH
GRID_N30_W080,30,-80,2025,4,2025-04-01,9,2.0,2.0,3.0,10.0,0.6,41.0,27,0.1818,0.9999,99.99,1,VERY HIGH
GRID_N30_W090,30,-90,2025,6,2025-06-01,5,4.0,74.0,124.0,166.0,1.1,223.0,30,0.4431,0.9999,99.99,1,VERY HIGH
GRID_N40_E020,40,20,2025,7,2025-07-01,10,0.0,7.0,7.0,13.0,0.3,19.0,9,0.5,0.9999,99.99,1,VERY HIGH
GRID_N40_W090,40,-90,2025,3,2025-03-01,9,0.0,0.0,1.0,33.0,0.0,34.0,5,0.0,0.9999,99.99,1,VERY HIGH
GRID_N40_W090,40,-90,2025,4,2025-04-01,8,9.0,9.0,10.0,42.0,0.1,43.0,6,0.2093,0.9999,99.99,1,VERY HIGH
GRID_N40_W100,40,-100,2025,3,2025-03-01,4,2.0,2.0,14.0,88.0,0.2,100.0,14,0.0225,0.9999,99.99,1,VERY HIGH
GRID_N40_W110,40,-110,2025,1,2025-01-01,2,1.0,24.0,106.0,181.0,0.0,274.0,40,0.1319,0.9999,99.99,1,VERY HIGH
GRID_S10_E030,-10,30,2025,7,2025-07-01,3,1.0,3.0,3.0,71.0,1.3,75.0,9,0.0417,0.9999,99.99,1,VERY HIGH
GRID_S10_W060,-10,-60,2025,7,2025-07-01,1,0.0,0.0,0.0,90.0,3.7,90.0,4,0.0,0.9999,99.99,1,VERY HIGH
GRID_S20_E130,-20,130,2025,3,2025-03-01,2,2.0,24.0,206.0,303.0,0.3,311.0,17,0.0789,0.9999,99.99,1,VERY HIGH
GRID_S30_E140,-30,140,2025,9,2025-09-01,5,1.0,2.0,4.0,63.0,1.0,66.0,10,0.0312,0.9999,99.99,1,VERY HIGH
GRID_N20_W090,20,-90,2025,8,2025-08-01,4,8.0,29.0,52.0,83.0,0.4,135.0,34,0.3452,0.9998,99.98,1,VERY HIGH
GRID_N30_W090,30,-90,2025,7,2025-07-01,5,5.0,40.0,124.0,161.0,0.2,228.0,31,0.2469,0.9998,99.98,1,VERY HIGH
GRID_N60_W120,60,-120,2025,8,2025-08-01,9,5.0,6.0,6.0,18.0,1.2,32.0,5,0.3158,0.9998,99.98,1,VERY HIGH
GRID_N60_W150,60,-150,2025,4,2025-04-01,3,0.0,0.0,0.0,61.0,0.6,78.0,16,0.0,0.9998,99.98,1,VERY HIGH
GRID_S20_W050,-20,-50,2025,7,2025-07-01,3,0.0,0.0,0.0,75.0,0.3,75.0,4,0.0,0.9998,99.98,1,VERY HIGH
GRID_S20_W070,-20,-70,2025,3,2025-03-01,0,0.0,0.0,50.0,160.0,0.0,162.0,8,0.0,0.9998,99.98,1,VERY HIGH
GRID_S30_E120,-30,120,2025,8,2025-08-01,9,3.0,7.0,8.0,20.0,0.0,21.0,9,0.3333,0.9998,99.98,1,VERY HIGH
GRID_N30_W110,30,-110,2025,10,2025-10-01,5,1.0,24.0,41.0,69.0,1.2,471.0,65,0.3429,0.9997,99.97,1,VERY HIGH
GRID_N40_W100,40,-100,2025,2,2025-02-01,2,0.0,7.0,12.0,86.0,0.0,98.0,13,0.0805,0.9997,99.97,1,VERY HIGH
GRID_N50_W120,50,-120,2025,7,2025-07-01,1,9.0,18.0,18.0,59.0,6.0,110.0,21,0.3,0.9997,99.97,1,VERY HIGH
GRID_N60_W130,60,-130,2025,8,2025-08-01,6,2.0,4.0,4.0,34.0,3.0,41.0,4,0.1143,0.9997,99.97,1,VERY HIGH
GRID_S20_E140,-20,140,2025,6,2025-06-01,0,0.0,0.0,6.0,90.0,0.6,97.0,14,0.0,0.9997,99.97,1,VERY HIGH
GRID_S20_W070,-20,-70,2025,9,2025-09-01,4,3.0,7.0,8.0,58.0,4.2,170.0,11,0.1186,0.9997,99.97,1,VERY HIGH
GRID_N00_E020,0,20,2025,7,2025-07-01,0,0.0,0.0,139.0,245.0,0.0,245.0,5,0.0,0.9996,99.96,1,VERY HIGH
GRID_N20_W090,20,-90,2025,2,2025-02-01,4,18.0,28.0,31.0,63.0,0.2,83.0,28,0.4375,0.9996,99.96,1,VERY HIGH
GRID_N40_E010,40,10,2025,8,2025-08-01,8,7.0,13.0,15.0,15.0,0.8,30.0,13,0.8125,0.9996,99.96,1,VERY HIGH
GRID_N50_W110,50,-110,2025,8,2025-08-01,8,73.0,122.0,122.0,129.0,1.8,203.0,15,0.9385,0.9996,99.96,1,VERY HIGH
GRID_S30_E130,-30,130,2025,10,2025-10-01,1,2.0,3.0,3.0,66.0,3.7,78.0,10,0.0448,0.9996,99.96,1,VERY HIGH
GRID_N10_E010,10,10,2025,11,2025-11-01,9,0.0,0.0,2.0,12.0,0.1,13.0,8,0.0,0.9995,99.95,1,VERY HIGH
GRID_N10_W090,10,-90,2025,7,2025-07-01,2,1.0,4.0,6.0,10.0,0.6,73.0,59,0.3636,0.9995,99.95,1,VERY HIGH
GRID_N30_W090,30,-90,2025,5,2025-05-01,4,31.0,107.0,140.0,168.0,0.7,219.0,29,0.6331,0.9995,99.95,1,VERY HIGH
GRID_N30_W090,30,-90,2025,8,2025-08-01,3,5.0,14.0,121.0,165.0,0.4,233.0,32,0.0843,0.9995,99.95,1,VERY HIGH
GRID_N60_W150,60,-150,2025,5,2025-05-01,1,3.0,3.0,3.0,59.0,2.7,81.0,17,0.05,0.9995,99.95,1,VERY HIGH
GRID_S30_E120,-30,120,2025,11,2025-11-01,8,2.0,12.0,19.0,30.0,0.2,33.0,12,0.3871,0.9995,99.95,1,VERY HIGH
GRID_N10_E030,10,30,2025,11,2025-11-01,8,1.0,2.0,3.0,18.0,0.6,18.0,7,0.1053,0.9994,99.94,1,VERY HIGH
GRID_N20_W090,20,-90,2025,9,2025-09-01,3,4.0,25.0,52.0,84.0,0.2,139.0,35,0.2941,0.9994,99.94,1,VERY HIGH
GRID_S10_E030,-10,30,2025,5,2025-05-01,2,0.0,0.0,0.0,70.0,0.0,72.0,7,0.0,0.9994,99.94,1,VERY HIGH
GRID_S30_E130,-30,130,2025,9,2025-09-01,2,1.0,1.0,1.0,69.0,0.5,76.0,9,0.0143,0.9994,99.94,1,VERY HIGH
GRID_N10_W090,10,-90,2025,10,2025-10-01,1,4.0,7.0,11.0,16.0,1.1,80.0,62,0.4118,0.9993,99.93,1,VERY HIGH
GRID_N10_W090,10,-90,2025,5,2025-05-01,2,1.0,2.0,5.0,8.0,0.5,70.0,57,0.2222,0.9992,99.92,1,VERY HIGH
GRID_S10_W050,-10,-50,2025,7,2025-07-01,2,0.0,0.0,0.0,68.0,0.4,68.0,5,0.0,0.9992,99.92,1,VERY HIGH
GRID_S10_W060,-10,-60,2025,6,2025-06-01,0,0.0,0.0,0.0,90.0,0.0,90.0,4,0.0,0.9992,99.92,1,VERY HIGH
GRID_N10_W090,10,-90,2025,8,2025-08-01,1,2.0,5.0,7.0,12.0,0.6,75.0,60,0.3846,0.9991,99.91,1,VERY HIGH
GRID_N20_W110,20,-110,2025,4,2025-04-01,8,2.0,4.0,4.0,9.0,0.1,13.0,8,0.4,0.9991,99.91,1,VERY HIGH
GRID_N30_W100,30,-100,2025,8,2025-08-01,1,3.0,18.0,281.0,333.0,3.1,434.0,36,0.0539,0.9991,99.91,1,VERY HIGH
GRID_N50_E110,50,110,2025,3,2025-03-01,0,0.0,0.0,3.0,91.0,0.0,91.0,5,0.0,0.9991,99.91,1,VERY HIGH
GRID_N50_W130,50,-130,2025,8,2025-08-01,7,0.0,13.0,13.0,17.0,2.8,167.0,18,0.7222,0.9991,99.91,1,VERY HIGH
GRID_N10_W090,10,-90,2025,6,2025-06-01,1,2.0,4.0,6.0,9.0,0.9,72.0,58,0.4,0.999,99.9,1,VERY HIGH
GRID_N40_E010,40,10,2025,7,2025-07-01,7,3.0,8.0,8.0,8.0,0.3,23.0,12,0.8889,0.999,99.9,1,VERY HIGH
GRID_S10_W060,-10,-60,2025,5,2025-05-01,0,0.0,0.0,3.0,90.0,0.0,90.0,4,0.0,0.999,99.9,1,VERY HIGH
GRID_S30_E020,-30,20,2025,8,2025-08-01,3,0.0,0.0,0.0,45.0,1.8,52.0,8,0.0,0.999,99.9,1,VERY HIGH
GRID_N10_W110,10,-110,2025,6,2025-06-01,3,1.0,2.0,2.0,7.0,1.1,79.0,44,0.25,0.9989,99.89,1,VERY HIGH
GRID_N40_W110,40,-110,2025,10,2025-10-01,0,4.0,34.0,57.0,105.0,3.1,355.0,49,0.3208,0.9989,99.89,1,VERY HIGH
GRID_N60_W160,60,-160,2025,7,2025-07-01,8,23.0,23.0,23.0,24.0,0.2,74.0,9,0.92,0.9989,99.89,1,VERY HIGH
GRID_S10_E030,-10,30,2025,6,2025-06-01,1,2.0,2.0,2.0,72.0,0.2,74.0,8,0.0274,0.9989,99.89,1,VERY HIGH
GRID_S30_E130,-30,130,2025,8,2025-08-01,1,0.0,0.0,2.0,72.0,0.4,75.0,8,0.0,0.9989,99.89,1,VERY HIGH
GRID_N30_W100,30,-100,2025,7,2025-07-01,3,0.0,89.0,294.0,331.0,1.4,431.0,35,0.2681,0.9988,99.88,1,VERY HIGH
GRID_N50_E120,50,120,2025,4,2025-04-01,0,0.0,0.0,9.0,91.0,0.0,92.0,7,0.0,0.9988,99.88,1,VERY HIGH
GRID_S10_W060,-10,-60,2025,4,2025-04-01,0,0.0,0.0,3.0,90.0,0.0,90.0,4,0.0,0.9988,99.88,1,VERY HIGH
GRID_N20_W090,20,-90,2025,10,2025-10-01,1,3.0,15.0,45.0,87.0,0.1,142.0,36,0.1705,0.9986,99.86,1,VERY HIGH
GRID_N20_W090,20,-90,2025,11,2025-11-01,0,1.0,8.0,37.0,88.0,0.2,143.0,37,0.0899,0.9986,99.86,1,VERY HIGH
GRID_N50_E120,50,120,2025,3,2025-03-01,0,0.0,0.0,10.0,91.0,0.0,92.0,7,0.0,0.9986,99.86,1,VERY HIGH
GRID_S30_W060,-30,-60,2025,5,2025-05-01,2,0.0,1.0,1.0,62.0,0.0,62.0,6,0.0159,0.9985,99.85,1,VERY HIGH
GRID_N50_E110,50,110,2025,2,2025-02-01,0,0.0,0.0,8.0,91.0,0.0,91.0,5,0.0,0.9983,99.83,1,VERY HIGH
GRID_N50_W130,50,-130,2025,7,2025-07-01,0,9.0,13.0,13.0,39.0,9.1,167.0,18,0.325,0.9983,99.83,1,VERY HIGH
GRID_S10_E010,-10,10,2025,2,2025-02-01,0,0.0,0.0,75.0,165.0,0.0,165.0,4,0.0,0.9983,99.83,1,VERY HIGH
GRID_N50_E120,50,120,2025,2,2025-02-01,0,0.0,0.0,11.0,91.0,0.0,92.0,7,0.0,0.9982,99.82,1,VERY HIGH
GRID_S40_W080,-40,-80,2025,3,2025-03-01,3,0.0,2.0,3.0,4.0,2.3,131.0,45,0.4,0.9982,99.82,1,VERY HIGH
GRID_N40_W100,40,-100,2025,1,2025-01-01,0,0.0,12.0,13.0,86.0,0.0,98.0,13,0.1379,0.9981,99.81,1,VERY HIGH
GRID_N60_W120,60,-120,2025,7,2025-07-01,5,1.0,1.0,1.0,26.0,1.3,27.0,4,0.037,0.9981,99.81,1,VERY HIGH
GRID_S30_E140,-30,140,2025,10,2025-10-01,2,5.0,7.0,9.0,58.0,1.2,71.0,11,0.1186,0.9981,99.81,1,VERY HIGH
GRID_N10_W110,10,-110,2025,9,2025-09-01,2,0.0,3.0,5.0,7.0,2.0,82.0,45,0.375,0.998,99.8,1,VERY HIGH
GRID_N20_W100,20,-100,2025,3,2025-03-01,5,3.0,5.0,7.0,14.0,0.1,35.0,24,0.3333,0.998,99.8,1,VERY HIGH
GRID_N10_E000,10,0,2025,1,2025-01-01,8,7.0,23.0,23.0,23.0,0.0,23.0,3,0.9583,0.9979,99.79,1,VERY HIGH
GRID_N10_E120,10,120,2025,7,2025-07-01,2,1.0,2.0,2.0,8.0,0.8,54.0,42,0.2222,0.9978,99.78,1,VERY HIGH
GRID_N40_E000,40,0,2025,8,2025-08-01,5,4.0,12.0,13.0,13.0,0.5,40.0,21,0.8571,0.9978,99.78,1,VERY HIGH
GRID_S10_E030,-10,30,2025,9,2025-09-01,3,12.0,16.0,18.0,48.0,2.8,90.0,11,0.3265,0.9978,99.78,1,VERY HIGH
GRID_N10_W090,10,-90,2025,4,2025-04-01,1,1.0,2.0,5.0,7.0,0.5,69.0,56,0.25,0.9977,99.77,1,VERY HIGH
GRID_S30_E140,-30,140,2025,8,2025-08-01,1,1.0,1.0,5.0,65.0,0.3,65.0,9,0.0152,0.9977,99.77,1,VERY HIGH
GRID_N10_W090,10,-90,2025,11,2025-11-01,0,1.0,6.0,11.0,16.0,0.4,81.0,63,0.3529,0.9976,99.76,1,VERY HIGH
GRID_S30_W060,-30,-60,2025,6,2025-06-01,1,2.0,2.0,3.0,64.0,0.4,64.0,7,0.0308,0.9976,99.76,1,VERY HIGH
GRID_S20_E020,-20,20,2025,9,2025-09-01,7,60.0,61.0,61.0,86.0,1.9,283.0,7,0.7011,0.9975,99.75,1,VERY HIGH
GRID_S30_E120,-30,120,2025,1,2025-01-01,8,0.0,3.0,5.0,5.0,0.0,5.0,4,0.5,0.9974,99.74,1,VERY HIGH
GRID_N20_W100,20,-100,2025,11,2025-11-01,4,0.0,4.0,6.0,17.0,0.0,47.0,29,0.2222,0.9973,99.73,1,VERY HIGH
GRID_S20_W050,-20,-50,2025,6,2025-06-01,0,0.0,0.0,0.0,75.0,0.0,75.0,4,0.0,0.9973,99.73,1,VERY HIGH
GRID_N00_E030,0,30,2025,10,2025-10-01,1,0.0,2.0,5.0,64.0,0.1,66.0,11,0.0308,0.9972,99.72,1,VERY HIGH
GRID_N10_W100,10,-100,2025,9,2025-09-01,3,2.0,5.0,8.0,9.0,0.7,43.0,36,0.5,0.9972,99.72,1,VERY HIGH
GRID_N40_E000,40,0,2025,6,2025-06-01,5,3.0,4.0,4.0,4.0,0.2,31.0,19,0.8,0.9971,99.71,1,VERY HIGH
GRID_S20_E120,-20,120,2025,2,2025-02-01,4,1.0,6.0,78.0,98.0,0.3,114.0,23,0.0606,0.9971,99.71,1,VERY HIGH
GRID_S20_W050,-20,-50,2025,5,2025-05-01,0,0.0,0.0,0.0,75.0,0.0,75.0,4,0.0,0.9971,99.71,1,VERY HIGH
GRID_N10_W090,10,-90,2025,1,2025-01-01,1,1.0,3.0,4.0,6.0,0.6,67.0,54,0.4286,0.997,99.7,1,VERY HIGH
GRID_N10_W090,10,-90,2025,3,2025-03-01,1,0.0,2.0,5.0,7.0,0.4,68.0,55,0.25,0.997,99.7,1,VERY HIGH
GRID_N50_W130,50,-130,2025,5,2025-05-01,4,0.0,0.0,0.0,33.0,0.9,154.0,16,0.0,0.9969,99.69,1,VERY HIGH
GRID_S20_E120,-20,120,2025,3,2025-03-01,2,4.0,5.0,67.0,102.0,0.2,118.0,24,0.0485,0.9969,99.69,1,VERY HIGH
GRID_N00_W010,0,-10,2025,11,2025-11-01,6,0.0,0.0,1.0,23.0,0.0,23.0,4,0.0,0.9966,99.66,1,VERY HIGH
GRID_N30_W130,30,-130,2025,8,2025-08-01,4,1.0,7.0,7.0,14.0,4.3,442.0,51,0.4667,0.9966,99.66,1,VERY HIGH
GRID_N60_W150,60,-150,2025,3,2025-03-01,0,0.0,0.0,0.0,61.0,0.0,78.0,16,0.0,0.9965,99.65,1,VERY HIGH
GRID_N20_E070,20,70,2025,11,2025-11-01,8,0.0,0.0,1.0,4.0,0.3,4.0,2,0.0,0.9964,99.64,1,VERY HIGH
GRID_N20_W100,20,-100,2025,8,2025-08-01,4,1.0,2.0,11.0,15.0,0.3,43.0,28,0.125,0.9963,99.63,1,VERY HIGH
GRID_N40_E000,40,0,2025,7,2025-07-01,4,5.0,9.0,9.0,9.0,0.8,36.0,20,0.9,0.996,99.6,1,VERY HIGH
GRID_S10_E030,-10,30,2025,4,2025-04-01,0,0.0,0.0,2.0,70.0,0.0,72.0,7,0.0,0.9959,99.59,1,VERY HIGH
GRID_N60_W150,60,-150,2025,2,2025-02-01,0,0.0,0.0,1.0,61.0,0.0,78.0,16,0.0,0.9957,99.57,1,VERY HIGH
GRID_S10_W050,-10,-50,2025,6,2025-06-01,0,0.0,0.0,0.0,68.0,0.0,68.0,5,0.0,0.9956,99.56,1,VERY HIGH
GRID_N10_W110,10,-110,2025,10,2025-10-01,2,2.0,2.0,7.0,8.0,0.9,84.0,46,0.2222,0.9954,99.54,1,VERY HIGH
GRID_N50_W100,50,-100,2025,8,2025-08-01,3,49.0,73.0,73.0,79.0,4.0,232.0,26,0.9125,0.9952,99.52,1,VERY HIGH
GRID_N40_E020,40,20,2025,5,2025-05-01,6,1.0,1.0,1.0,7.0,0.0,13.0,8,0.125,0.9951,99.51,1,VERY HIGH
GRID_N60_W150,60,-150,2025,1,2025-01-01,0,0.0,0.0,2.0,61.0,0.0,78.0,16,0.0,0.995,99.5,1,VERY HIGH
GRID_N10_E120,10,120,2025,10,2025-10-01,1,1.0,3.0,5.0,8.0,1.3,57.0,44,0.3333,0.9949,99.49,1,VERY HIGH
GRID_S30_W060,-30,-60,2025,7,2025-07-01,0,1.0,3.0,4.0,61.0,1.0,65.0,8,0.0484,0.9948,99.48,1,VERY HIGH
GRID_S20_E030,-20,30,2025,3,2025-03-01,0,0.0,0.0,107.0,181.0,0.1,182.0,6,0.0,0.9947,99.47,1,VERY HIGH
GRID_N50_E120,50,120,2025,1,2025-01-01,0,0.0,9.0,24.0,91.0,0.0,92.0,7,0.0978,0.9945,99.45,1,VERY HIGH
GRID_S30_W060,-30,-60,2025,8,2025-08-01,0,0.0,3.0,4.0,51.0,3.0,65.0,8,0.0577,0.9943,99.43,1,VERY HIGH
GRID_S10_W070,-10,-70,2025,8,2025-08-01,5,0.0,0.0,0.0,16.0,1.4,27.0,3,0.0,0.9942,99.42,1,VERY HIGH
GRID_S40_W080,-40,-80,2025,1,2025-01-01,2,0.0,1.0,1.0,3.0,2.2,129.0,44,0.25,0.9942,99.42,1,VERY HIGH
GRID_N10_E120,10,120,2025,9,2025-09-01,1,0.0,3.0,4.0,9.0,0.6,56.0,43,0.3,0.9941,99.41,1,VERY HIGH
GRID_S10_W050,-10,-50,2025,5,2025-05-01,0,0.0,0.0,3.0,68.0,0.0,68.0,5,0.0,0.994,99.4,1,VERY HIGH
GRID_S20_W050,-20,-50,2025,4,2025-04-01,0,0.0,0.0,7.0,75.0,0.0,75.0,4,0.0,0.994,99.4,1,VERY HIGH
GRID_N00_W070,0,-70,2025,2,2025-02-01,7,2.0,2.0,2.0,2.0,0.0,3.0,2,0.6667,0.9939,99.39,1,VERY HIGH
GRID_S10_W060,-10,-60,2025,3,2025-03-01,0,0.0,0.0,20.0,90.0,0.0,90.0,4,0.0,0.9939,99.39,1,VERY HIGH
GRID_N10_W090,10,-90,2025,2,2025-02-01,0,1.0,3.0,5.0,7.0,0.5,68.0,55,0.375,0.9938,99.38,1,VERY HIGH
GRID_N10_W100,10,-100,2025,6,2025-06-01,2,2.0,3.0,3.0,4.0,0.6,38.0,33,0.6,0.9935,99.35,1,VERY HIGH
GRID_N10_W100,10,-100,2025,8,2025-08-01,2,1.0,5.0,6.0,7.0,0.3,41.0,35,0.625,0.9935,99.35,1,VERY HIGH
GRID_S20_E130,-20,130,2025,2,2025-02-01,2,11.0,65.0,256.0,302.0,0.5,309.0,16,0.2145,0.9935,99.35,1,VERY HIGH
GRID_N30_W110,30,-110,2025,11,2025-11-01,2,5.0,17.0,43.0,70.0,0.1,476.0,66,0.2394,0.9934,99.34,1,VERY HIGH
GRID_N40_W090,40,-90,2025,5,2025-05-01,1,8.0,17.0,17.0,50.0,2.7,51.0,7,0.3333,0.9932,99.32,1,VERY HIGH
GRID_N10_E120,10,120,2025,6,2025-06-01,1,0.0,1.0,1.0,7.0,0.3,53.0,41,0.125,0.9926,99.26,1,VERY HIGH
GRID_N10_W110,10,-110,2025,7,2025-07-01,0,3.0,5.0,5.0,10.0,1.3,82.0,45,0.4545,0.9922,99.22,1,VERY HIGH
GRID_S10_W050,-10,-50,2025,4,2025-04-01,0,0.0,0.0,5.0,68.0,0.0,68.0,5,0.0,0.992,99.2,1,VERY HIGH
GRID_S30_E020,-30,20,2025,9,2025-09-01,2,3.0,3.0,3.0,31.0,2.5,55.0,9,0.0938,0.992,99.2,1,VERY HIGH
GRID_N10_W120,10,-120,2025,8,2025-08-01,2,1.0,2.0,2.0,4.0,1.4,41.0,30,0.4,0.9918,99.18,1,VERY HIGH
GRID_N00_W070,0,-70,2025,3,2025-03-01,6,7.0,9.0,9.0,9.0,0.0,10.0,3,0.9,0.9912,99.12,1,VERY HIGH
GRID_N40_W110,40,-110,2025,11,2025-11-01,1,0.0,22.0,46.0,82.0,0.0,355.0,49,0.2651,0.991,99.1,1,VERY HIGH
GRID_N00_E030,0,30,2025,9,2025-09-01,0,1.0,2.0,10.0,64.0,0.0,66.0,11,0.0308,0.9909,99.09,1,VERY HIGH
GRID_N30_W080,30,-80,2025,3,2025-03-01,2,0.0,0.0,1.0,15.0,0.8,39.0,26,0.0,0.9909,99.09,1,VERY HIGH
GRID_N10_E120,10,120,2025,11,2025-11-01,1,1.0,2.0,5.0,6.0,0.6,58.0,45,0.2857,0.9908,99.08,1,VERY HIGH
GRID_S30_E150,-30,150,2025,9,2025-09-01,6,0.0,0.0,2.0,3.0,0.0,10.0,9,0.0,0.9907,99.07,1,VERY HIGH
GRID_N10_W110,10,-110,2025,8,2025-08-01,0,0.0,4.0,5.0,8.0,1.5,82.0,45,0.4444,0.9906,99.06,1,VERY HIGH
GRID_N60_W150,60,-150,2025,7,2025-07-01,4,26.0,30.0,30.0,32.0,0.6,108.0,19,0.9091,0.9906,99.06,1,VERY HIGH
GRID_N10_W110,10,-110,2025,5,2025-05-01,1,1.0,1.0,1.0,6.0,0.4,78.0,43,0.1429,0.9905,99.05,1,VERY HIGH
GRID_S30_E130,-30,130,2025,7,2025-07-01,0,0.0,0.0,21.0,75.0,0.3,75.0,8,0.0,0.9904,99.04,1,VERY HIGH
GRID_N00_E020,0,20,2025,3,2025-03-01,7,7.0,236.0,238.0,238.0,0.0,238.0,4,0.9874,0.9903,99.03,1,VERY HIGH
GRID_N30_W100,30,-100,2025,6,2025-06-01,0,15.0,224.0,298.0,336.0,0.7,431.0,35,0.6647,0.9902,99.02,1,VERY HIGH
GRID_N10_W100,10,-100,2025,5,2025-05-01,2,1.0,1.0,1.0,2.0,0.6,36.0,32,0.3333,0.99,99.0,1,VERY HIGH
GRID_N30_W080,30,-80,2025,11,2025-11-01,2,0.0,1.0,4.0,15.0,0.3,54.0,32,0.0625,0.9896,98.96,1,VERY HIGH
GRID_N30_W120,30,-120,2025,9,2025-09-01,3,17.0,50.0,62.0,98.0,6.1,1126.0,89,0.5051,0.9896,98.96,1,VERY HIGH
GRID_N60_W130,60,-130,2025,7,2025-07-01,2,2.0,2.0,2.0,39.0,0.7,39.0,3,0.05,0.9893,98.93,1,VERY HIGH
GRID_S30_W060,-30,-60,2025,4,2025-04-01,0,0.0,1.0,4.0,62.0,0.0,62.0,6,0.0159,0.9891,98.91,1,VERY HIGH
GRID_N00_E030,0,30,2025,8,2025-08-01,1,1.0,3.0,22.0,64.0,0.1,65.0,10,0.0462,0.9888,98.88,1,VERY HIGH
GRID_S30_E140,-30,140,2025,7,2025-07-01,1,0.0,2.0,20.0,64.0,0.0,64.0,8,0.0308,0.9887,98.87,1,VERY HIGH
GRID_N30_E030,30,30,2025,7,2025-07-01,5,0.0,2.0,2.0,2.0,0.2,8.0,6,0.6667,0.9884,98.84,1,VERY HIGH
GRID_S20_E040,-20,40,2025,11,2025-11-01,5,0.0,2.0,2.0,6.0,0.0,17.0,12,0.2857,0.9884,98.84,1,VERY HIGH
GRID_N10_E120,10,120,2025,8,2025-08-01,0,2.0,3.0,4.0,9.0,0.5,56.0,43,0.3,0.9879,98.79,1,VERY HIGH
GRID_S30_E130,-30,130,2025,6,2025-06-01,0,0.0,0.0,23.0,75.0,0.0,75.0,8,0.0,0.9869,98.69,1,VERY HIGH
GRID_N00_E010,0,10,2025,11,2025-11-01,5,1.0,4.0,4.0,13.0,0.0,14.0,6,0.2857,0.9865,98.65,1,VERY HIGH
GRID_N50_W120,50,-120,2025,4,2025-04-01,0,0.0,0.0,0.0,44.0,0.0,92.0,19,0.0,0.9864,98.64,1,VERY HIGH
GRID_N10_E120,10,120,2025,4,2025-04-01,1,0.0,0.0,3.0,7.0,0.1,52.0,40,0.0,0.9858,98.58,1,VERY HIGH
GRID_S10_E140,-10,140,2025,3,2025-03-01,2,0.0,0.0,2.0,4.0,0.4,37.0,33,0.0,0.9855,98.55,1,VERY HIGH
GRID_N20_W100,20,-100,2025,2,2025-02-01,3,2.0,2.0,4.0,11.0,0.0,32.0,23,0.1667,0.9854,98.54,1,VERY HIGH
GRID_N00_E020,0,20,2025,2,2025-02-01,7,125.0,231.0,231.0,231.0,0.0,231.0,3,0.9957,0.9853,98.53,1,VERY HIGH
GRID_N10_W100,10,-100,2025,7,2025-07-01,1,2.0,5.0,5.0,6.0,0.1,40.0,34,0.7143,0.9851,98.51,1,VERY HIGH
GRID_N30_E020,30,20,2025,8,2025-08-01,3,2.0,5.0,5.0,7.0,1.3,26.0,14,0.625,0.985,98.5,1,VERY HIGH
GRID_N30_W080,30,-80,2025,6,2025-06-01,1,1.0,12.0,12.0,19.0,0.4,51.0,29,0.6,0.985,98.5,1,VERY HIGH
GRID_N00_E030,0,30,2025,3,2025-03-01,5,13.0,51.0,54.0,55.0,0.0,56.0,6,0.9107,0.9849,98.49,1,VERY HIGH
GRID_S20_E140,-20,140,2025,5,2025-05-01,0,0.0,0.0,45.0,90.0,0.0,97.0,14,0.0,0.9849,98.49,1,VERY HIGH
GRID_S10_E100,-10,100,2025,8,2025-08-01,2,1.0,2.0,2.0,4.0,0.2,32.0,28,0.4,0.9847,98.47,1,VERY HIGH
GRID_N50_W120,50,-120,2025,3,2025-03-01,0,0.0,0.0,0.0,44.0,0.0,92.0,19,0.0,0.9846,98.46,1,VERY HIGH
GRID_N10_E120,10,120,2025,5,2025-05-01,0,1.0,1.0,1.0,8.0,0.3,53.0,41,0.1111,0.9844,98.44,1,VERY HIGH
GRID_N30_W110,30,-110,2025,9,2025-09-01,1,11.0,31.0,51.0,70.0,0.8,470.0,64,0.4366,0.9841,98.41,1,VERY HIGH
GRID_N50_E110,50,110,2025,7,2025-07-01,0,23.0,176.0,176.0,215.0,3.1,267.0,8,0.8148,0.9841,98.41,1,VERY HIGH
GRID_N20_E140,20,140,2025,7,2025-07-01,3,1.0,1.0,1.0,2.0,0.3,24.0,20,0.3333,0.984,98.4,1,VERY HIGH
GRID_N10_W100,10,-100,2025,10,2025-10-01,1,3.0,6.0,11.0,11.0,0.6,46.0,37,0.5,0.9835,98.35,1,VERY HIGH
GRID_N00_E120,0,120,2025,10,2025-10-01,2,1.0,3.0,5.0,5.0,0.4,31.0,29,0.5,0.9833,98.33,1,VERY HIGH
GRID_S40_W080,-40,-80,2025,6,2025-06-01,1,0.0,3.0,5.0,6.0,0.1,134.0,46,0.4286,0.9833,98.33,1,VERY HIGH
GRID_S30_E020,-30,20,2025,6,2025-06-01,0,0.0,0.0,0.0,48.0,0.1,52.0,8,0.0,0.9832,98.32,1,VERY HIGH
GRID_N60_W130,60,-130,2025,6,2025-06-01,2,0.0,0.0,0.0,37.0,0.0,37.0,2,0.0,0.9829,98.29,1,VERY HIGH
GRID_S30_E020,-30,20,2025,7,2025-07-01,0,0.0,0.0,0.0,47.0,0.3,52.0,8,0.0,0.9829,98.29,1,VERY HIGH
GRID_N30_W080,30,-80,2025,5,2025-05-01,1,9.0,11.0,11.0,18.0,0.5,50.0,28,0.5789,0.9826,98.26,1,VERY HIGH
GRID_S30_E130,-30,130,2025,5,2025-05-01,0,0.0,2.0,26.0,75.0,0.0,75.0,8,0.0263,0.9826,98.26,1,VERY HIGH
GRID_N10_W110,10,-110,2025,4,2025-04-01,1,0.0,0.0,1.0,5.0,0.0,77.0,42,0.0,0.9822,98.22,1,VERY HIGH
GRID_S20_E160,-20,160,2025,4,2025-04-01,1,0.0,1.0,2.0,5.0,0.6,39.0,34,0.1667,0.982,98.2,1,VERY HIGH
GRID_S20_E020,-20,20,2025,2,2025-02-01,0,0.0,0.0,156.0,222.0,0.0,222.0,5,0.0,0.9819,98.19,1,VERY HIGH
GRID_N40_W010,40,-10,2025,9,2025-09-01,2,20.0,25.0,25.0,34.0,1.2,54.0,16,0.7143,0.9818,98.18,1,VERY HIGH
GRID_N30_W080,30,-80,2025,7,2025-07-01,1,1.0,11.0,13.0,16.0,0.5,52.0,30,0.6471,0.9816,98.16,1,VERY HIGH
GRID_S30_E020,-30,20,2025,5,2025-05-01,0,0.0,0.0,0.0,48.0,0.0,52.0,8,0.0,0.9815,98.15,1,VERY HIGH
GRID_S40_W080,-40,-80,2025,11,2025-11-01,1,0.0,0.0,1.0,6.0,0.8,135.0,47,0.0,0.9814,98.14,1,VERY HIGH
GRID_N30_W130,30,-130,2025,7,2025-07-01,1,4.0,6.0,6.0,25.0,3.7,441.0,50,0.2308,0.9805,98.05,1,VERY HIGH
GRID_S40_W080,-40,-80,2025,2,2025-02-01,0,2.0,2.0,3.0,5.0,2.3,131.0,45,0.3333,0.9794,97.94,1,VERY HIGH
GRID_N10_W100,10,-100,2025,11,2025-11-01,1,1.0,6.0,11.0,12.0,0.0,47.0,38,0.4615,0.9792,97.92,1,VERY HIGH
GRID_N10_W120,10,-120,2025,7,2025-07-01,1,1.0,1.0,1.0,4.0,1.3,40.0,29,0.2,0.9785,97.85,1,VERY HIGH
GRID_N40_W010,40,-10,2025,7,2025-07-01,3,2.0,2.0,2.0,11.0,0.1,31.0,14,0.1667,0.9785,97.85,1,VERY HIGH
GRID_N40_E010,40,10,2025,11,2025-11-01,4,0.0,10.0,23.0,25.0,0.0,40.0,15,0.3846,0.9783,97.83,1,VERY HIGH
GRID_N10_W010,10,-10,2025,11,2025-11-01,3,0.0,2.0,2.0,21.0,0.9,22.0,6,0.0909,0.9782,97.82,1,VERY HIGH
GRID_N40_E000,40,0,2025,5,2025-05-01,3,1.0,1.0,1.0,1.0,0.2,28.0,18,0.5,0.978,97.8,1,VERY HIGH
GRID_N10_W020,10,-20,2025,11,2025-11-01,4,0.0,3.0,4.0,15.0,0.0,17.0,8,0.1875,0.9779,97.79,1,VERY HIGH
GRID_N10_E100,10,100,2025,8,2025-08-01,4,3.0,7.0,13.0,14.0,0.2,17.0,9,0.4667,0.9778,97.78,1,VERY HIGH
GRID_N10_E100,10,100,2025,3,2025-03-01,5,0.0,1.0,1.0,1.0,0.0,4.0,4,0.5,0.9768,97.68,1,VERY HIGH
GRID_N10_W110,10,-110,2025,11,2025-11-01,0,2.0,4.0,8.0,9.0,0.4,86.0,47,0.4,0.9762,97.62,1,VERY HIGH
GRID_N60_W160,60,-160,2025,5,2025-05-01,0,0.0,0.0,0.0,43.0,0.4,51.0,8,0.0,0.9761,97.61,1,VERY HIGH
GRID_S20_E160,-20,160,2025,2,2025-02-01,1,0.0,1.0,2.0,6.0,0.5,38.0,33,0.1429,0.9755,97.55,1,VERY HIGH
GRID_N20_W100,20,-100,2025,6,2025-06-01,1,0.0,6.0,11.0,16.0,0.7,41.0,26,0.3529,0.9742,97.42,1,VERY HIGH
GRID_S40_E140,-40,140,2025,2,2025-02-01,4,2.0,4.0,4.0,4.0,0.3,13.0,8,0.8,0.974,97.4,1,VERY HIGH
GRID_S40_W080,-40,-80,2025,4,2025-04-01,0,3.0,5.0,6.0,7.0,0.7,134.0,46,0.625,0.974,97.4,1,VERY HIGH
GRID_N10_E100,10,100,2025,9,2025-09-01,4,4.0,8.0,17.0,18.0,0.0,21.0,10,0.4211,0.9736,97.36,1,VERY HIGH
GRID_S30_E020,-30,20,2025,4,2025-04-01,0,0.0,0.0,3.0,48.0,0.0,52.0,8,0.0,0.9734,97.34,1,VERY HIGH
GRID_N00_W010,0,-10,2025,1,2025-01-01,5,15.0,15.0,15.0,15.0,0.0,15.0,1,0.9375,0.9718,97.18,1,VERY HIGH
GRID_N20_W100,20,-100,2025,4,2025-04-01,1,5.0,10.0,11.0,19.0,0.1,40.0,25,0.5,0.9713,97.13,1,VERY HIGH
GRID_S10_E140,-10,140,2025,11,2025-11-01,1,1.0,1.0,1.0,3.0,0.1,40.0,35,0.25,0.9711,97.11,1,VERY HIGH
GRID_S40_W080,-40,-80,2025,5,2025-05-01,0,0.0,3.0,5.0,7.0,0.6,134.0,46,0.375,0.9711,97.11,1,VERY HIGH
GRID_S10_E140,-10,140,2025,10,2025-10-01,1,0.0,0.0,0.0,3.0,0.4,39.0,34,0.0,0.9709,97.09,1,VERY HIGH
GRID_N50_E110,50,110,2025,1,2025-01-01,0,0.0,0.0,39.0,91.0,0.0,91.0,5,0.0,0.9706,97.06,1,VERY HIGH
GRID_S10_E140,-10,140,2025,6,2025-06-01,0,0.0,2.0,2.0,6.0,0.4,39.0,34,0.2857,0.9701,97.01,1,VERY HIGH
GRID_N40_W100,40,-100,2025,9,2025-09-01,3,1.0,2.0,24.0,38.0,0.0,124.0,19,0.0513,0.9692,96.92,1,VERY HIGH
GRID_N60_W160,60,-160,2025,4,2025-04-01,0,0.0,0.0,0.0,43.0,0.0,51.0,8,0.0,0.9682,96.82,1,VERY HIGH
GRID_N00_E120,0,120,2025,7,2025-07-01,1,1.0,2.0,2.0,2.0,0.3,28.0,26,0.6667,0.9679,96.79,1,VERY HIGH
GRID_S40_W080,-40,-80,2025,8,2025-08-01,0,0.0,1.0,4.0,7.0,0.6,135.0,47,0.125,0.9678,96.78,1,VERY HIGH
GRID_N40_E010,40,10,2025,6,2025-06-01,3,3.0,5.0,5.0,5.0,0.0,20.0,11,0.8333,0.9677,96.77,1,VERY HIGH
GRID_N40_E000,40,0,2025,9,2025-09-01,2,5.0,14.0,18.0,18.0,0.1,45.0,22,0.7368,0.9674,96.74,1,VERY HIGH
GRID_S20_E140,-20,140,2025,4,2025-04-01,0,0.0,2.0,53.0,90.0,0.0,97.0,14,0.022,0.9669,96.69,1,VERY HIGH
GRID_S40_W070,-40,-70,2025,11,2025-11-01,5,0.0,1.0,3.0,4.0,0.0,12.0,6,0.2,0.9666,96.66,1,VERY HIGH
GRID_S20_E160,-20,160,2025,5,2025-05-01,0,1.0,2.0,3.0,5.0,0.3,40.0,35,0.3333,0.9658,96.58,1,VERY HIGH
GRID_S40_W080,-40,-80,2025,10,2025-10-01,0,0.0,0.0,1.0,7.0,0.7,135.0,47,0.0,0.9656,96.56,1,VERY HIGH
GRID_N50_W120,50,-120,2025,2,2025-02-01,0,0.0,0.0,8.0,44.0,0.0,92.0,19,0.0,0.965,96.5,1,VERY HIGH
GRID_N10_E120,10,120,2025,1,2025-01-01,0,0.0,3.0,6.0,7.0,0.2,52.0,40,0.375,0.9645,96.45,1,VERY HIGH
GRID_S40_W080,-40,-80,2025,7,2025-07-01,0,1.0,1.0,6.0,7.0,0.6,135.0,47,0.125,0.9645,96.45,1,VERY HIGH
GRID_N60_W160,60,-160,2025,3,2025-03-01,0,0.0,0.0,0.0,43.0,0.0,51.0,8,0.0,0.9641,96.41,1,VERY HIGH
GRID_N20_W100,20,-100,2025,7,2025-07-01,1,1.0,2.0,12.0,16.0,0.5,42.0,27,0.1176,0.9639,96.39,1,VERY HIGH
GRID_S10_E140,-10,140,2025,5,2025-05-01,0,0.0,2.0,2.0,6.0,0.1,39.0,34,0.2857,0.9639,96.39,1,VERY HIGH
GRID_S10_E140,-10,140,2025,4,2025-04-01,0,2.0,2.0,3.0,6.0,0.5,39.0,34,0.2857,0.9638,96.38,1,VERY HIGH
GRID_N10_W120,10,-120,2025,10,2025-10-01,1,0.0,3.0,4.0,4.0,0.2,43.0,31,0.6,0.9637,96.37,1,VERY HIGH
GRID_N30_E130,30,130,2025,8,2025-08-01,2,1.0,2.0,3.0,4.0,0.1,21.0,20,0.4,0.9636,96.36,1,VERY HIGH
GRID_S20_W070,-20,-70,2025,2,2025-02-01,0,0.0,0.0,109.0,160.0,0.0,162.0,8,0.0,0.9635,96.35,1,VERY HIGH
GRID_N00_E120,0,120,2025,11,2025-11-01,1,2.0,4.0,6.0,7.0,0.2,33.0,30,0.5,0.9631,96.31,1,VERY HIGH
GRID_N50_W120,50,-120,2025,8,2025-08-01,1,1.0,19.0,19.0,27.0,1.5,111.0,22,0.6786,0.9629,96.29,1,VERY HIGH
GRID_N40_E020,40,20,2025,11,2025-11-01,4,3.0,5.0,21.0,22.0,0.0,34.0,12,0.2174,0.9626,96.26,1,VERY HIGH
GRID_N30_W080,30,-80,2025,8,2025-08-01,1,1.0,3.0,14.0,15.0,0.3,53.0,31,0.1875,0.9624,96.24,1,VERY HIGH
GRID_N00_E120,0,120,2025,8,2025-08-01,1,1.0,2.0,3.0,3.0,0.2,29.0,27,0.5,0.9615,96.15,1,VERY HIGH
GRID_N00_E120,0,120,2025,9,2025-09-01,1,1.0,3.0,4.0,4.0,0.0,30.0,28,0.6,0.9612,96.12,1,VERY HIGH
GRID_S20_E160,-20,160,2025,3,2025-03-01,0,1.0,2.0,2.0,6.0,0.4,39.0,34,0.2857,0.9609,96.09,1,VERY HIGH
GRID_S40_W080,-40,-80,2025,9,2025-09-01,0,0.0,1.0,4.0,7.0,0.4,135.0,47,0.125,0.9602,96.02,1,VERY HIGH
GRID_N60_W160,60,-160,2025,2,2025-02-01,0,0.0,0.0,0.0,43.0,0.0,51.0,8,0.0,0.96,96.0,1,VERY HIGH
GRID_S20_E160,-20,160,2025,6,2025-06-01,0,0.0,1.0,3.0,5.0,0.2,40.0,35,0.1667,0.9598,95.98,1,VERY HIGH
GRID_N50_E160,50,160,2025,4,2025-04-01,1,0.0,0.0,0.0,3.0,0.4,32.0,28,0.0,0.9597,95.97,1,VERY HIGH
GRID_N10_E110,10,110,2025,9,2025-09-01,1,1.0,3.0,3.0,3.0,0.3,30.0,25,0.75,0.9591,95.91,1,VERY HIGH
GRID_N40_E000,40,0,2025,10,2025-10-01,2,2.0,11.0,20.0,20.0,0.1,47.0,23,0.5238,0.9588,95.88,1,VERY HIGH
GRID_N10_E120,10,120,2025,3,2025-03-01,0,0.0,0.0,5.0,7.0,0.1,52.0,40,0.0,0.9586,95.86,1,VERY HIGH
GRID_S10_E100,-10,100,2025,7,2025-07-01,1,0.0,1.0,2.0,3.0,0.3,31.0,27,0.25,0.9586,95.86,1,VERY HIGH
GRID_N10_E100,10,100,2025,11,2025-11-01,3,0.0,8.0,15.0,22.0,0.0,25.0,11,0.3478,0.9584,95.84,1,VERY HIGH
GRID_S20_E160,-20,160,2025,7,2025-07-01,0,0.0,1.0,2.0,4.0,0.1,40.0,35,0.2,0.9582,95.82,1,VERY HIGH
GRID_S30_W060,-30,-60,2025,3,2025-03-01,0,1.0,1.0,18.0,62.0,0.0,62.0,6,0.0159,0.9572,95.72,1,VERY HIGH
GRID_N50_E160,50,160,2025,8,2025-08-01,1,0.0,0.0,1.0,2.0,0.3,33.0,29,0.0,0.9564,95.64,1,VERY HIGH
GRID_S10_E140,-10,140,2025,8,2025-08-01,0,0.0,0.0,2.0,5.0,0.6,39.0,34,0.0,0.9563,95.63,1,VERY HIGH
GRID_N10_E110,10,110,2025,8,2025-08-01,1,1.0,2.0,2.0,2.0,0.3,29.0,24,0.6667,0.9562,95.62,1,VERY HIGH
GRID_N40_E010,40,10,2025,5,2025-05-01,3,2.0,2.0,2.0,2.0,0.0,17.0,10,0.6667,0.9561,95.61,1,VERY HIGH
GRID_S10_W080,-10,-80,2025,6,2025-06-01,2,0.0,2.0,2.0,3.0,0.1,17.0,17,0.5,0.955,95.5,1,VERY HIGH
GRID_N00_E120,0,120,2025,6,2025-06-01,1,0.0,1.0,1.0,1.0,0.1,27.0,25,0.5,0.9546,95.46,1,VERY HIGH
GRID_S30_E120,-30,120,2025,7,2025-07-01,3,3.0,5.0,13.0,18.0,0.1,18.0,8,0.2632,0.9545,95.45,1,VERY HIGH
GRID_S30_W050,-30,-50,2025,8,2025-08-01,0,0.0,0.0,0.0,34.0,1.6,35.0,4,0.0,0.9545,95.45,1,VERY HIGH
GRID_N20_W100,20,-100,2025,1,2025-01-01,2,0.0,1.0,4.0,9.0,0.1,30.0,22,0.1,0.9544,95.44,1,VERY HIGH
GRID_N10_W080,10,-80,2025,10,2025-10-01,3,2.0,3.0,6.0,7.0,0.3,17.0,13,0.375,0.9541,95.41,1,VERY HIGH
GRID_N10_E120,10,120,2025,2,2025-02-01,0,0.0,0.0,5.0,7.0,0.1,52.0,40,0.0,0.9539,95.39,1,VERY HIGH
GRID_N10_E110,10,110,2025,10,2025-10-01,1,1.0,3.0,4.0,4.0,0.4,31.0,26,0.6,0.9537,95.37,1,VERY HIGH
GRID_S10_E140,-10,140,2025,7,2025-07-01,0,0.0,0.0,2.0,5.0,0.3,39.0,34,0.0,0.9535,95.35,1,VERY HIGH
GRID_N60_W160,60,-160,2025,1,2025-01-01,0,0.0,0.0,1.0,43.0,0.0,51.0,8,0.0,0.9534,95.34,1,VERY HIGH
GRID_N10_W120,10,-120,2025,9,2025-09-01,0,2.0,4.0,4.0,4.0,0.6,43.0,31,0.8,0.9532,95.32,1,VERY HIGH
GRID_N00_E010,0,10,2025,2,2025-02-01,4,4.0,5.0,5.0,5.0,0.0,6.0,3,0.8333,0.953,95.3,1,VERY HIGH
GRID_N10_W100,10,-100,2025,4,2025-04-01,1,0.0,0.0,0.0,1.0,0.1,35.0,31,0.0,0.953,95.3,1,VERY HIGH
GRID_N10_E110,10,110,2025,7,2025-07-01,1,1.0,1.0,1.0,2.0,0.7,28.0,23,0.3333,0.9527,95.27,1,VERY HIGH
GRID_N10_W110,10,-110,2025,3,2025-03-01,0,0.0,0.0,2.0,5.0,0.0,77.0,42,0.0,0.9525,95.25,1,VERY HIGH
GRID_N20_W100,20,-100,2025,5,2025-05-01,0,1.0,9.0,11.0,19.0,0.3,41.0,26,0.45,0.9519,95.19,1,VERY HIGH
GRID_S10_E020,-10,20,2025,1,2025-01-01,0,0.0,1.0,192.0,248.0,0.0,249.0,6,0.004,0.9519,95.19,1,VERY HIGH
GRID_N20_W100,20,-100,2025,9,2025-09-01,0,4.0,6.0,12.0,19.0,0.6,47.0,29,0.3,0.9516,95.16,1,VERY HIGH
GRID_N20_W100,20,-100,2025,10,2025-10-01,0,0.0,5.0,7.0,18.0,0.2,47.0,29,0.2632,0.9515,95.15,1,VERY HIGH
GRID_S20_E160,-20,160,2025,8,2025-08-01,0,0.0,0.0,2.0,4.0,0.3,40.0,35,0.0,0.95,95.0,1,VERY HIGH
GRID_N10_W120,10,-120,2025,6,2025-06-01,1,0.0,0.0,0.0,3.0,0.1,39.0,28,0.0,0.9499,94.99,1,VERY HIGH
GRID_S20_E160,-20,160,2025,1,2025-01-01,0,1.0,1.0,2.0,6.0,0.7,38.0,33,0.1429,0.9486,94.86,1,VERY HIGH
GRID_N30_E020,30,20,2025,6,2025-06-01,3,0.0,0.0,0.0,3.0,0.0,21.0,12,0.0,0.9483,94.83,1,VERY HIGH
GRID_S10_E100,-10,100,2025,5,2025-05-01,1,0.0,0.0,2.0,4.0,0.4,30.0,26,0.0,0.9478,94.78,1,VERY HIGH
GRID_S30_E120,-30,120,2025,10,2025-10-01,2,1.0,13.0,18.0,29.0,0.1,31.0,11,0.4333,0.9478,94.78,1,VERY HIGH
GRID_N10_W020,10,-20,2025,1,2025-01-01,4,4.0,4.0,4.0,4.0,0.0,6.0,3,0.8,0.9477,94.77,1,VERY HIGH
GRID_S10_E030,-10,30,2025,3,2025-03-01,0,0.0,0.0,30.0,70.0,0.1,72.0,7,0.0,0.9465,94.65,1,VERY HIGH
GRID_N40_E020,40,20,2025,8,2025-08-01,2,10.0,16.0,17.0,20.0,0.6,29.0,10,0.7619,0.9462,94.62,1,VERY HIGH
GRID_N50_E150,50,150,2025,8,2025-08-01,1,0.0,1.0,1.0,1.0,0.2,24.0,23,0.5,0.9458,94.58,1,VERY HIGH
GRID_N00_E030,0,30,2025,7,2025-07-01,1,0.0,3.0,38.0,63.0,0.0,64.0,9,0.0469,0.9457,94.57,1,VERY HIGH
GRID_N10_E140,10,140,2025,8,2025-08-01,1,1.0,1.0,1.0,6.0,0.9,31.0,20,0.1429,0.9447,94.47,1,VERY HIGH
GRID_N10_E100,10,100,2025,5,2025-05-01,3,1.0,6.0,7.0,7.0,0.0,10.0,6,0.75,0.9443,94.43,1,VERY HIGH
GRID_N50_E160,50,160,2025,7,2025-07-01,0,0.0,1.0,1.0,3.0,0.5,33.0,29,0.25,0.944,94.4,1,VERY HIGH
GRID_N30_E020,30,20,2025,7,2025-07-01,2,3.0,3.0,3.0,6.0,0.4,24.0,13,0.4286,0.9439,94.39,1,VERY HIGH
GRID_N40_E020,40,20,2025,10,2025-10-01,3,0.0,12.0,19.0,19.0,0.1,31.0,11,0.6,0.9439,94.39,1,VERY HIGH
GRID_N10_W110,10,-110,2025,2,2025-02-01,0,0.0,0.0,3.0,5.0,0.0,77.0,42,0.0,0.9424,94.24,1,VERY HIGH
GRID_S10_E150,-10,150,2025,8,2025-08-01,1,0.0,0.0,1.0,2.0,0.2,30.0,27,0.0,0.9416,94.16,1,VERY HIGH
GRID_S30_E120,-30,120,2025,6,2025-06-01,3,1.0,2.0,10.0,15.0,0.0,15.0,7,0.125,0.9413,94.13,1,VERY HIGH
GRID_N40_W010,40,-10,2025,6,2025-06-01,2,0.0,0.0,0.0,9.0,0.1,29.0,13,0.0,0.9408,94.08,1,VERY HIGH
GRID_N10_W110,10,-110,2025,1,2025-01-01,0,0.0,1.0,5.0,5.0,0.1,77.0,42,0.1667,0.9406,94.06,1,VERY HIGH
GRID_N00_W080,0,-80,2025,9,2025-09-01,2,2.0,3.0,5.0,7.0,0.2,17.0,16,0.375,0.9405,94.05,1,VERY HIGH
GRID_N10_W010,10,-10,2025,8,2025-08-01,2,0.0,0.0,1.0,20.0,0.0,20.0,5,0.0,0.9403,94.03,1,VERY HIGH
GRID_N20_E140,20,140,2025,9,2025-09-01,1,0.0,4.0,4.0,4.0,0.2,27.0,21,0.8,0.9403,94.03,1,VERY HIGH
GRID_N30_E010,30,10,2025,8,2025-08-01,1,0.0,1.0,1.0,1.0,0.9,26.0,20,0.5,0.9398,93.98,1,VERY HIGH
GRID_N00_W080,0,-80,2025,8,2025-08-01,2,1.0,2.0,3.0,5.0,0.2,15.0,15,0.3333,0.9392,93.92,1,VERY HIGH
GRID_N40_W100,40,-100,2025,6,2025-06-01,0,4.0,22.0,24.0,46.0,0.9,122.0,17,0.4681,0.939,93.9,1,VERY HIGH
GRID_N10_E100,10,100,2025,7,2025-07-01,3,1.0,5.0,11.0,11.0,0.0,14.0,8,0.4167,0.9389,93.89,1,VERY HIGH
GRID_S10_E150,-10,150,2025,4,2025-04-01,1,0.0,0.0,0.0,2.0,0.2,29.0,26,0.0,0.9381,93.81,1,VERY HIGH
GRID_S10_E140,-10,140,2025,9,2025-09-01,0,0.0,0.0,2.0,4.0,0.3,39.0,34,0.0,0.938,93.8,1,VERY HIGH
GRID_S20_E160,-20,160,2025,9,2025-09-01,0,0.0,0.0,1.0,3.0,0.1,40.0,35,0.0,0.9379,93.79,1,VERY HIGH
GRID_N30_E130,30,130,2025,9,2025-09-01,1,2.0,4.0,5.0,6.0,0.2,23.0,21,0.5714,0.936,93.6,1,VERY HIGH
GRID_N10_E090,10,90,2025,11,2025-11-01,1,0.0,2.0,3.0,17.0,0.1,32.0,18,0.1111,0.9359,93.59,1,VERY HIGH
GRID_N60_E120,60,120,2025,7,2025-07-01,0,0.0,0.0,0.0,26.0,2.1,31.0,3,0.0,0.9349,93.49,1,VERY HIGH
GRID_N50_E160,50,160,2025,6,2025-06-01,0,0.0,1.0,1.0,3.0,0.1,33.0,29,0.25,0.9339,93.39,1,VERY HIGH
GRID_S10_E110,-10,110,2025,5,2025-05-01,1,1.0,1.0,2.0,2.0,0.2,28.0,23,0.3333,0.9322,93.22,1,VERY HIGH
GRID_S10_E150,-10,150,2025,6,2025-06-01,0,0.0,1.0,1.0,2.0,0.6,30.0,27,0.3333,0.9321,93.21,1,VERY HIGH
GRID_N10_E020,10,20,2025,11,2025-11-01,4,0.0,1.0,2.0,4.0,0.0,4.0,4,0.2,0.9316,93.16,1,VERY HIGH
GRID_N00_E000,0,0,2025,1,2025-01-01,4,1.0,1.0,1.0,1.0,0.0,3.0,3,0.5,0.9315,93.15,1,VERY HIGH
GRID_S40_E110,-40,110,2025,2,2025-02-01,3,1.0,3.0,7.0,7.0,0.2,12.0,10,0.375,0.9312,93.12,1,VERY HIGH
GRID_N30_W080,30,-80,2025,2,2025-02-01,0,0.0,0.0,1.0,15.0,0.0,39.0,26,0.0,0.931,93.1,1,VERY HIGH
GRID_N10_E130,10,130,2025,11,2025-11-01,1,1.0,2.0,2.0,5.0,0.4,29.0,23,0.3333,0.9309,93.09,1,VERY HIGH
GRID_N20_E140,20,140,2025,10,2025-10-01,1,1.0,4.0,5.0,5.0,0.2,28.0,22,0.6667,0.9305,93.05,1,VERY HIGH
GRID_N40_E010,40,10,2025,9,2025-09-01,2,8.0,18.0,23.0,23.0,0.1,38.0,14,0.75,0.9303,93.03,1,VERY HIGH
GRID_S40_E110,-40,110,2025,5,2025-05-01,2,1.0,4.0,7.0,11.0,0.0,16.0,12,0.3333,0.9299,92.99,1,VERY HIGH
GRID_S10_E100,-10,100,2025,9,2025-09-01,0,2.0,3.0,4.0,6.0,0.2,34.0,29,0.4286,0.9296,92.96,1,VERY HIGH
GRID_S20_E140,-20,140,2025,3,2025-03-01,0,0.0,6.0,63.0,90.0,0.4,97.0,14,0.0659,0.9295,92.95,1,VERY HIGH
GRID_S20_E160,-20,160,2025,10,2025-10-01,0,0.0,0.0,1.0,3.0,0.1,40.0,35,0.0,0.9295,92.95,1,VERY HIGH
GRID_N50_E160,50,160,2025,5,2025-05-01,0,1.0,1.0,1.0,3.0,0.0,33.0,29,0.25,0.9275,92.75,1,VERY HIGH
GRID_S10_E100,-10,100,2025,1,2025-01-01,1,0.0,1.0,1.0,3.0,0.2,29.0,25,0.25,0.9269,92.69,1,VERY HIGH
GRID_S60_W040,-60,-40,2025,9,2025-09-01,3,1.0,3.0,4.0,4.0,0.0,25.0,9,0.6,0.9253,92.53,1,VERY HIGH
GRID_N00_E010,0,10,2025,1,2025-01-01,4,1.0,1.0,1.0,1.0,0.0,2.0,2,0.5,0.9248,92.48,1,VERY HIGH
GRID_S30_E140,-30,140,2025,6,2025-06-01,0,0.0,2.0,33.0,64.0,0.0,64.0,8,0.0308,0.9248,92.48,1,VERY HIGH
GRID_S20_E160,-20,160,2025,11,2025-11-01,0,0.0,0.0,0.0,3.0,0.0,40.0,35,0.0,0.9247,92.47,1,VERY HIGH
GRID_N30_E030,30,30,2025,11,2025-11-01,4,0.0,0.0,7.0,7.0,0.0,13.0,7,0.0,0.9246,92.46,1,VERY HIGH
GRID_S30_W050,-30,-50,2025,7,2025-07-01,0,0.0,0.0,0.0,35.0,0.1,35.0,4,0.0,0.924,92.4,1,VERY HIGH
GRID_N60_W120,60,-120,2025,6,2025-06-01,1,0.0,0.0,0.0,26.0,0.1,26.0,3,0.0,0.9232,92.32,1,VERY HIGH
GRID_N50_E160,50,160,2025,10,2025-10-01,0,0.0,1.0,2.0,2.0,0.5,34.0,30,0.3333,0.9228,92.28,1,VERY HIGH
GRID_N50_E000,50,0,2025,7,2025-07-01,3,1.0,2.0,2.0,2.0,0.0,3.0,3,0.6667,0.9226,92.26,1,VERY HIGH
GRID_S30_E140,-30,140,2025,4,2025-04-01,2,0.0,18.0,49.0,62.0,0.0,62.0,7,0.2857,0.9224,92.24,1,VERY HIGH
GRID_N10_E110,10,110,2025,6,2025-06-01,1,0.0,0.0,0.0,1.0,0.5,27.0,22,0.0,0.9223,92.23,1,VERY HIGH
GRID_N50_E130,50,130,2025,6,2025-06-01,0,0.0,0.0,0.0,24.0,1.9,24.0,3,0.0,0.9222,92.22,1,VERY HIGH
GRID_N30_W080,30,-80,2025,9,2025-09-01,0,1.0,3.0,15.0,16.0,0.4,54.0,32,0.1765,0.922,92.2,1,VERY HIGH
GRID_S30_W050,-30,-50,2025,6,2025-06-01,0,0.0,0.0,0.0,35.0,0.0,35.0,4,0.0,0.9218,92.18,1,VERY HIGH
GRID_N10_E130,10,130,2025,10,2025-10-01,1,1.0,1.0,1.0,4.0,0.4,28.0,22,0.2,0.9217,92.17,1,VERY HIGH
GRID_N40_W100,40,-100,2025,11,2025-11-01,0,0.0,4.0,9.0,36.0,0.7,127.0,20,0.1081,0.9214,92.14,1,VERY HIGH
GRID_S10_E140,-10,140,2025,1,2025-01-01,0,0.0,1.0,3.0,4.0,0.2,37.0,33,0.2,0.9213,92.13,1,VERY HIGH
GRID_S20_E140,-20,140,2025,1,2025-01-01,2,4.0,51.0,82.0,88.0,0.3,95.0,13,0.573,0.9213,92.13,1,VERY HIGH
GRID_S20_E140,-20,140,2025,2,2025-02-01,0,2.0,45.0,66.0,90.0,0.0,97.0,14,0.4945,0.9213,92.13,1,VERY HIGH
GRID_S10_E150,-10,150,2025,7,2025-07-01,0,0.0,1.0,1.0,2.0,0.3,30.0,27,0.3333,0.921,92.1,1,VERY HIGH
GRID_S10_E100,-10,100,2025,10,2025-10-01,0,0.0,3.0,4.0,6.0,0.2,34.0,29,0.4286,0.9204,92.04,1,VERY HIGH
GRID_N10_E090,10,90,2025,6,2025-06-01,1,0.0,13.0,14.0,14.0,0.1,29.0,16,0.8667,0.9197,91.97,1,VERY HIGH
GRID_N20_E140,20,140,2025,8,2025-08-01,0,3.0,4.0,4.0,5.0,1.0,27.0,21,0.6667,0.9191,91.91,1,VERY HIGH
GRID_N10_W120,10,-120,2025,11,2025-11-01,0,1.0,3.0,5.0,5.0,0.3,44.0,32,0.5,0.9188,91.88,1,VERY HIGH
GRID_N00_E120,0,120,2025,4,2025-04-01,1,0.0,0.0,0.0,1.0,0.2,26.0,24,0.0,0.9185,91.85,1,VERY HIGH
GRID_N50_E160,50,160,2025,9,2025-09-01,0,1.0,1.0,2.0,2.0,0.1,34.0,30,0.3333,0.9185,91.85,1,VERY HIGH
GRID_S30_W050,-30,-50,2025,5,2025-05-01,0,0.0,0.0,0.0,35.0,0.0,35.0,4,0.0,0.9182,91.82,1,VERY HIGH
GRID_N30_W080,30,-80,2025,1,2025-01-01,0,0.0,1.0,3.0,15.0,0.0,39.0,26,0.0625,0.918,91.8,1,VERY HIGH
GRID_N60_W130,60,-130,2025,5,2025-05-01,0,0.0,0.0,0.0,37.0,0.0,37.0,2,0.0,0.9178,91.78,1,VERY HIGH
GRID_S10_E100,-10,100,2025,6,2025-06-01,0,1.0,1.0,2.0,3.0,0.4,31.0,27,0.25,0.9177,91.77,1,VERY HIGH
GRID_S20_E120,-20,120,2025,1,2025-01-01,1,0.0,42.0,92.0,97.0,0.5,113.0,22,0.4286,0.9174,91.74,1,VERY HIGH
GRID_S10_E110,-10,110,2025,9,2025-09-01,1,0.0,0.0,2.0,3.0,0.4,29.0,24,0.0,0.9173,91.73,1,VERY HIGH
GRID_N60_E120,60,120,2025,6,2025-06-01,0,0.0,0.0,0.0,31.0,0.5,31.0,3,0.0,0.9168,91.68,1,VERY HIGH
GRID_N10_E130,10,130,2025,9,2025-09-01,1,0.0,0.0,0.0,3.0,0.6,27.0,21,0.0,0.9157,91.57,1,VERY HIGH
GRID_S10_E100,-10,100,2025,11,2025-11-01,0,0.0,2.0,4.0,6.0,0.6,34.0,29,0.2857,0.9154,91.54,1,VERY HIGH
GRID_S10_E140,-10,140,2025,2,2025-02-01,0,0.0,0.0,3.0,4.0,0.3,37.0,33,0.0,0.9147,91.47,1,VERY HIGH
GRID_N10_E090,10,90,2025,8,2025-08-01,2,0.0,1.0,15.0,15.0,0.0,30.0,17,0.0625,0.9145,91.45,1,VERY HIGH
GRID_S10_E110,-10,110,2025,11,2025-11-01,1,0.0,1.0,2.0,4.0,0.0,30.0,25,0.2,0.9145,91.45,1,VERY HIGH
GRID_N10_W020,10,-20,2025,2,2025-02-01,3,4.0,8.0,8.0,8.0,0.0,10.0,4,0.8889,0.9136,91.36,1,VERY HIGH
GRID_N10_E000,10,0,2025,7,2025-07-01,1,0.0,0.0,9.0,32.0,0.0,32.0,5,0.0,0.9124,91.24,1,VERY HIGH
GRID_N10_W020,10,-20,2025,9,2025-09-01,2,1.0,2.0,2.0,13.0,0.1,15.0,7,0.1429,0.9122,91.22,1,VERY HIGH
GRID_N10_E000,10,0,2025,8,2025-08-01,0,1.0,1.0,2.0,33.0,0.0,33.0,6,0.0294,0.9118,91.18,1,VERY HIGH
GRID_N60_E150,60,150,2025,7,2025-07-01,4,0.0,0.0,0.0,0.0,0.0,9.0,1,0.0,0.9115,91.15,1,VERY HIGH
GRID_S10_E110,-10,110,2025,7,2025-07-01,0,0.0,2.0,2.0,3.0,0.4,29.0,24,0.5,0.9112,91.12,1,VERY HIGH
GRID_S10_E150,-10,150,2025,5,2025-05-01,0,1.0,1.0,1.0,2.0,0.1,30.0,27,0.3333,0.911,91.1,1,VERY HIGH
GRID_N10_E080,10,80,2025,10,2025-10-01,2,0.0,0.0,0.0,2.0,0.3,17.0,16,0.0,0.9109,91.09,1,VERY HIGH
GRID_N10_E140,10,140,2025,9,2025-09-01,0,1.0,2.0,2.0,6.0,1.4,32.0,21,0.2857,0.9105,91.05,1,VERY HIGH
GRID_N30_W080,30,-80,2025,10,2025-10-01,0,0.0,2.0,13.0,16.0,0.1,54.0,32,0.1176,0.9099,90.99,1,VERY HIGH
GRID_N60_W130,60,-130,2025,4,2025-04-01,0,0.0,0.0,0.0,37.0,0.0,37.0,2,0.0,0.9099,90.99,1,VERY HIGH
GRID_N10_E000,10,0,2025,9,2025-09-01,0,0.0,1.0,1.0,33.0,0.0,33.0,6,0.0294,0.9092,90.92,1,VERY HIGH
GRID_N30_E130,30,130,2025,6,2025-06-01,1,0.0,1.0,1.0,2.0,0.1,19.0,18,0.3333,0.908,90.8,1,VERY HIGH
GRID_N50_E150,50,150,2025,5,2025-05-01,1,0.0,0.0,0.0,1.0,0.0,23.0,22,0.0,0.908,90.8,1,VERY HIGH
GRID_S30_E120,-30,120,2025,9,2025-09-01,1,9.0,15.0,17.0,29.0,0.1,30.0,10,0.5,0.9072,90.72,1,VERY HIGH
GRID_S10_E150,-10,150,2025,9,2025-09-01,0,1.0,1.0,2.0,3.0,0.3,31.0,28,0.25,0.9067,90.67,1,VERY HIGH
GRID_S20_E040,-20,40,2025,9,2025-09-01,2,0.0,0.0,1.0,8.0,0.1,15.0,11,0.0,0.9053,90.53,1,VERY HIGH
GRID_N00_E010,0,10,2025,8,2025-08-01,3,0.0,0.0,4.0,9.0,0.1,10.0,4,0.0,0.905,90.5,1,VERY HIGH
GRID_N50_E160,50,160,2025,3,2025-03-01,0,0.0,0.0,0.0,3.0,0.4,32.0,28,0.0,0.9048,90.48,1,VERY HIGH
GRID_N40_E000,40,0,2025,11,2025-11-01,1,2.0,9.0,21.0,22.0,0.0,49.0,24,0.3913,0.9047,90.47,1,VERY HIGH
GRID_N40_W100,40,-100,2025,7,2025-07-01,1,0.0,18.0,24.0,37.0,0.1,122.0,17,0.4737,0.9046,90.46,1,VERY HIGH
GRID_N00_E120,0,120,2025,5,2025-05-01,0,1.0,1.0,1.0,1.0,0.2,27.0,25,0.5,0.9045,90.45,1,VERY HIGH
GRID_N30_E130,30,130,2025,7,2025-07-01,1,1.0,1.0,2.0,3.0,0.0,20.0,19,0.25,0.9045,90.45,1,VERY HIGH
GRID_N50_E150,50,150,2025,6,2025-06-01,0,1.0,1.0,1.0,2.0,0.5,24.0,23,0.3333,0.9033,90.33,1,VERY HIGH
GRID_N50_W130,50,-130,2025,4,2025-04-01,0,0.0,0.0,0.0,33.0,0.4,154.0,16,0.0,0.9033,90.33,1,VERY HIGH
GRID_N10_E140,10,140,2025,7,2025-07-01,1,0.0,0.0,0.0,5.0,0.0,30.0,19,0.0,0.9028,90.28,1,VERY HIGH
GRID_N50_E160,50,160,2025,11,2025-11-01,0,0.0,1.0,1.0,2.0,0.0,34.0,30,0.3333,0.9018,90.18,1,VERY HIGH
GRID_N10_E000,10,0,2025,10,2025-10-01,0,0.0,1.0,1.0,33.0,0.1,33.0,6,0.0294,0.9016,90.16,1,VERY HIGH
GRID_S10_E010,-10,10,2025,9,2025-09-01,2,45.0,60.0,62.0,79.0,1.7,227.0,9,0.75,0.8998,89.98,1,VERY HIGH
GRID_N50_E150,50,150,2025,7,2025-07-01,0,0.0,1.0,1.0,1.0,0.3,24.0,23,0.5,0.8997,89.97,1,VERY HIGH
GRID_S10_W070,-10,-70,2025,7,2025-07-01,0,0.0,0.0,0.0,27.0,1.1,27.0,3,0.0,0.8996,89.96,1,VERY HIGH
GRID_S30_W060,-30,-60,2025,9,2025-09-01,1,0.0,1.0,3.0,21.0,1.4,65.0,8,0.0455,0.8993,89.93,1,VERY HIGH
GRID_N60_W130,60,-130,2025,3,2025-03-01,0,0.0,0.0,0.0,37.0,0.0,37.0,2,0.0,0.8992,89.92,1,VERY HIGH
GRID_N20_E090,20,90,2025,10,2025-10-01,0,1.0,2.0,5.0,33.0,0.0,36.0,9,0.0588,0.8991,89.91,1,VERY HIGH
GRID_N10_E030,10,30,2025,2,2025-02-01,3,0.0,9.0,9.0,9.0,0.0,9.0,2,0.9,0.8987,89.87,1,VERY HIGH
GRID_N10_W080,10,-80,2025,9,2025-09-01,2,1.0,2.0,4.0,5.0,0.2,15.0,12,0.3333,0.8984,89.84,1,VERY HIGH
GRID_N10_E110,10,110,2025,11,2025-11-01,0,1.0,3.0,5.0,5.0,0.5,32.0,27,0.5,0.898,89.8,1,VERY HIGH
GRID_N30_E020,30,20,2025,11,2025-11-01,2,1.0,4.0,9.0,9.0,0.0,30.0,16,0.4,0.8977,89.77,1,VERY HIGH
GRID_S10_E110,-10,110,2025,6,2025-06-01,0,1.0,2.0,3.0,3.0,0.2,29.0,24,0.5,0.8962,89.62,1,VERY HIGH
GRID_N20_E090,20,90,2025,5,2025-05-01,2,1.0,29.0,29.0,29.0,0.0,32.0,6,0.9667,0.8959,89.59,1,VERY HIGH
GRID_S10_W050,-10,-50,2025,3,2025-03-01,0,0.0,0.0,33.0,68.0,0.0,68.0,5,0.0,0.895,89.5,1,VERY HIGH
GRID_N30_E120,30,120,2025,3,2025-03-01,4,0.0,0.0,0.0,0.0,0.0,1.0,1,0.0,0.8947,89.47,1,VERY HIGH
GRID_N20_E090,20,90,2025,11,2025-11-01,0,0.0,1.0,4.0,33.0,0.0,36.0,9,0.0294,0.8944,89.44,1,VERY HIGH
GRID_S10_W060,-10,-60,2025,9,2025-09-01,1,6.0,7.0,7.0,27.0,1.7,97.0,6,0.25,0.894,89.4,1,VERY HIGH
GRID_N50_W110,50,-110,2025,4,2025-04-01,0,0.0,0.0,0.0,29.0,0.0,81.0,12,0.0,0.8936,89.36,1,VERY HIGH
GRID_N30_W120,30,-120,2025,11,2025-11-01,5,2.0,22.0,62.0,83.0,1.5,1131.0,91,0.2619,0.8934,89.34,1,VERY HIGH
GRID_S20_W060,-20,-60,2025,2,2025-02-01,0,0.0,2.0,252.0,300.0,0.0,300.0,7,0.0066,0.8932,89.32,1,VERY HIGH
GRID_S30_E030,-30,30,2025,7,2025-07-01,1,0.0,1.0,2.0,14.0,0.2,18.0,10,0.0667,0.8924,89.24,1,VERY HIGH
GRID_N50_E120,50,120,2025,7,2025-07-01,0,0.0,10.0,10.0,34.0,1.3,102.0,8,0.2857,0.8919,89.19,1,VERY HIGH
GRID_N60_E120,60,120,2025,5,2025-05-01,0,0.0,0.0,0.0,31.0,0.0,31.0,3,0.0,0.8918,89.18,1,VERY HIGH
GRID_S10_E150,-10,150,2025,11,2025-11-01,0,0.0,1.0,1.0,2.0,0.3,31.0,28,0.3333,0.8913,89.13,1,VERY HIGH
GRID_N00_E100,0,100,2025,10,2025-10-01,3,0.0,1.0,1.0,1.0,0.1,4.0,4,0.5,0.8909,89.09,1,VERY HIGH
GRID_N40_W120,40,-120,2025,10,2025-10-01,9,16.0,117.0,134.0,142.0,1.3,1024.0,53,0.8182,0.8909,89.09,1,VERY HIGH
GRID_N50_E010,50,10,2025,7,2025-07-01,2,1.0,2.0,2.0,2.0,0.2,6.0,6,0.6667,0.8905,89.05,1,VERY HIGH
GRID_S10_E150,-10,150,2025,10,2025-10-01,0,0.0,1.0,2.0,2.0,0.2,31.0,28,0.3333,0.8887,88.87,1,VERY HIGH
GRID_N30_W010,30,-10,2025,7,2025-07-01,1,1.0,3.0,3.0,3.0,0.5,17.0,12,0.75,0.8884,88.84,1,VERY HIGH
GRID_S10_E110,-10,110,2025,4,2025-04-01,1,0.0,0.0,1.0,1.0,0.2,27.0,22,0.0,0.8879,88.79,1,VERY HIGH
GRID_S10_E100,-10,100,2025,4,2025-04-01,0,0.0,1.0,2.0,4.0,0.1,30.0,26,0.2,0.8871,88.71,1,VERY HIGH
GRID_N30_E040,30,40,2025,11,2025-11-01,3,0.0,2.0,2.0,2.0,0.1,4.0,3,0.6667,0.8863,88.63,1,VERY HIGH
GRID_N10_W120,10,-120,2025,5,2025-05-01,0,0.0,0.0,0.0,3.0,0.0,39.0,28,0.0,0.886,88.6,1,VERY HIGH
GRID_N20_E140,20,140,2025,6,2025-06-01,1,0.0,0.0,0.0,1.0,0.2,23.0,19,0.0,0.8859,88.59,1,VERY HIGH
GRID_S30_E030,-30,30,2025,8,2025-08-01,1,1.0,1.0,3.0,13.0,0.4,19.0,11,0.0714,0.8858,88.58,1,VERY HIGH
GRID_N10_E090,10,90,2025,10,2025-10-01,0,0.0,2.0,3.0,17.0,0.2,32.0,18,0.1111,0.8856,88.56,1,VERY HIGH
GRID_N10_W100,10,-100,2025,3,2025-03-01,0,0.0,0.0,1.0,1.0,0.2,35.0,31,0.0,0.8856,88.56,1,VERY HIGH
GRID_S10_E100,-10,100,2025,2,2025-02-01,0,1.0,2.0,2.0,4.0,0.1,30.0,26,0.4,0.8837,88.37,1,VERY HIGH
GRID_S40_E110,-40,110,2025,9,2025-09-01,1,0.0,0.0,3.0,13.0,0.2,18.0,13,0.0,0.8832,88.32,1,VERY HIGH
GRID_N40_W010,40,-10,2025,10,2025-10-01,1,2.0,25.0,27.0,27.0,0.2,56.0,17,0.8929,0.882,88.2,1,VERY HIGH
GRID_N60_E120,60,120,2025,4,2025-04-01,0,0.0,0.0,0.0,31.0,0.0,31.0,3,0.0,0.8817,88.17,1,VERY HIGH
GRID_N30_W010,30,-10,2025,11,2025-11-01,2,2.0,2.0,5.0,6.0,0.0,20.0,14,0.2857,0.8813,88.13,1,VERY HIGH
GRID_N50_W110,50,-110,2025,3,2025-03-01,0,0.0,0.0,0.0,29.0,0.0,81.0,12,0.0,0.8813,88.13,1,VERY HIGH
GRID_S10_W060,-10,-60,2025,2,2025-02-01,0,0.0,3.0,53.0,90.0,0.0,90.0,4,0.033,0.881,88.1,1,VERY HIGH
GRID_N40_E030,40,30,2025,7,2025-07-01,2,2.0,2.0,2.0,6.0,0.1,10.0,6,0.2857,0.8805,88.05,1,VERY HIGH
GRID_N40_W090,40,-90,2025,2,2025-02-01,0,0.0,0.0,1.0,33.0,0.0,34.0,5,0.0,0.8784,87.84,1,VERY HIGH
GRID_N40_W100,40,-100,2025,8,2025-08-01,1,1.0,5.0,25.0,37.0,0.4,123.0,18,0.1316,0.8772,87.72,1,VERY HIGH
GRID_N60_E130,60,130,2025,7,2025-07-01,1,0.0,0.0,0.0,14.0,1.2,22.0,3,0.0,0.8769,87.69,1,VERY HIGH
GRID_N30_E130,30,130,2025,10,2025-10-01,0,1.0,4.0,5.0,6.0,0.4,24.0,22,0.5714,0.876,87.6,1,VERY HIGH
GRID_N10_W120,10,-120,2025,4,2025-04-01,0,0.0,0.0,0.0,3.0,0.0,39.0,28,0.0,0.8754,87.54,1,VERY HIGH
GRID_S30_E140,-30,140,2025,5,2025-05-01,0,2.0,4.0,39.0,64.0,0.0,64.0,8,0.0615,0.8746,87.46,1,VERY HIGH
GRID_N10_E030,10,30,2025,3,2025-03-01,3,3.0,6.0,12.0,12.0,0.0,12.0,3,0.4615,0.8743,87.43,1,VERY HIGH
GRID_N60_W150,60,-150,2025,8,2025-08-01,1,4.0,31.0,34.0,35.0,0.1,112.0,20,0.8611,0.8741,87.41,1,VERY HIGH
GRID_S10_E100,-10,100,2025,3,2025-03-01,0,0.0,1.0,2.0,4.0,0.1,30.0,26,0.2,0.8741,87.41,1,VERY HIGH
GRID_N30_E010,30,10,2025,5,2025-05-01,1,0.0,0.0,0.0,1.0,0.2,25.0,19,0.0,0.874,87.4,1,VERY HIGH
GRID_N10_W100,10,-100,2025,2,2025-02-01,0,0.0,0.0,1.0,1.0,0.2,35.0,31,0.0,0.8737,87.37,1,VERY HIGH
GRID_N00_W080,0,-80,2025,10,2025-10-01,1,2.0,5.0,7.0,8.0,0.0,19.0,17,0.5556,0.8727,87.27,1,VERY HIGH
GRID_N50_W130,50,-130,2025,3,2025-03-01,0,0.0,0.0,0.0,33.0,0.0,154.0,16,0.0,0.8718,87.18,1,VERY HIGH
GRID_N30_W120,30,-120,2025,10,2025-10-01,2,3.0,40.0,63.0,87.0,4.9,1129.0,90,0.4545,0.8716,87.16,1,VERY HIGH
GRID_N60_E120,60,120,2025,3,2025-03-01,0,0.0,0.0,0.0,31.0,0.0,31.0,3,0.0,0.8681,86.81,1,VERY HIGH
GRID_N50_E150,50,150,2025,9,2025-09-01,0,1.0,1.0,2.0,2.0,0.2,25.0,24,0.3333,0.8675,86.75,1,VERY HIGH
GRID_N20_E120,20,120,2025,10,2025-10-01,1,1.0,2.0,2.0,2.0,0.0,20.0,16,0.6667,0.866,86.6,1,VERY HIGH
GRID_N20_W110,20,-110,2025,6,2025-06-01,1,11.0,21.0,23.0,25.0,0.2,32.0,10,0.8077,0.8658,86.58,1,VERY HIGH
GRID_S30_W050,-30,-50,2025,4,2025-04-01,0,0.0,0.0,5.0,35.0,0.0,35.0,4,0.0,0.8655,86.55,1,VERY HIGH
GRID_N10_E010,10,10,2025,6,2025-06-01,2,0.0,3.0,9.0,11.0,0.0,11.0,7,0.25,0.8649,86.49,1,VERY HIGH
GRID_N50_E160,50,160,2025,2,2025-02-01,0,0.0,0.0,1.0,3.0,0.0,32.0,28,0.0,0.8647,86.47,1,VERY HIGH
GRID_S50_E140,-50,140,2025,2,2025-02-01,4,0.0,0.0,0.0,0.0,0.0,0.0,0,0.0,0.8644,86.44,1,VERY HIGH
GRID_N40_W090,40,-90,2025,1,2025-01-01,0,0.0,1.0,2.0,33.0,0.0,34.0,5,0.0294,0.864,86.4,1,VERY HIGH
GRID_N30_W010,30,-10,2025,6,2025-06-01,1,1.0,2.0,2.0,2.0,0.4,16.0,11,0.6667,0.8637,86.37,1,VERY HIGH
GRID_S10_E110,-10,110,2025,8,2025-08-01,0,0.0,1.0,2.0,3.0,0.1,29.0,24,0.25,0.8636,86.36,1,VERY HIGH
GRID_N50_E160,50,160,2025,1,2025-01-01,0,0.0,0.0,2.0,3.0,0.3,32.0,28,0.0,0.863,86.3,1,VERY HIGH
GRID_N20_W110,20,-110,2025,3,2025-03-01,2,2.0,2.0,2.0,7.0,0.1,11.0,7,0.25,0.8626,86.26,1,VERY HIGH
GRID_N30_W010,30,-10,2025,10,2025-10-01,2,0.0,1.0,4.0,4.0,0.0,18.0,13,0.2,0.8626,86.26,1,VERY HIGH
GRID_N50_E010,50,10,2025,9,2025-09-01,2,0.0,3.0,4.0,4.0,0.0,8.0,7,0.6,0.8622,86.22,1,VERY HIGH
GRID_N10_W120,10,-120,2025,3,2025-03-01,0,0.0,0.0,0.0,3.0,0.0,39.0,28,0.0,0.8613,86.13,1,VERY HIGH
GRID_S10_W080,-10,-80,2025,4,2025-04-01,1,1.0,1.0,1.0,2.0,0.1,16.0,16,0.3333,0.8612,86.12,1,VERY HIGH
GRID_S10_E150,-10,150,2025,3,2025-03-01,0,0.0,0.0,1.0,2.0,0.4,29.0,26,0.0,0.8586,85.86,1,VERY HIGH
GRID_S30_E030,-30,30,2025,9,2025-09-01,1,1.0,2.0,3.0,10.0,0.3,20.0,12,0.1818,0.8579,85.79,1,VERY HIGH
GRID_N10_W050,10,-50,2025,10,2025-10-01,2,1.0,1.0,1.0,1.0,0.0,13.0,10,0.5,0.8578,85.78,1,VERY HIGH
GRID_N00_W080,0,-80,2025,7,2025-07-01,1,0.0,2.0,3.0,4.0,0.0,14.0,14,0.4,0.8575,85.75,1,VERY HIGH
GRID_N60_E130,60,130,2025,6,2025-06-01,0,0.0,0.0,0.0,22.0,0.8,22.0,3,0.0,0.8556,85.56,1,VERY HIGH
GRID_N20_E120,20,120,2025,9,2025-09-01,1,0.0,1.0,1.0,1.0,0.1,19.0,15,0.5,0.8545,85.45,1,VERY HIGH
GRID_N10_W100,10,-100,2025,1,2025-01-01,0,0.0,0.0,1.0,1.0,0.0,35.0,31,0.0,0.8543,85.43,1,VERY HIGH
GRID_S40_E140,-40,140,2025,1,2025-01-01,2,2.0,2.0,2.0,2.0,0.4,11.0,7,0.6667,0.8542,85.42,1,VERY HIGH
GRID_N40_W100,40,-100,2025,10,2025-10-01,0,3.0,5.0,23.0,41.0,0.6,127.0,20,0.119,0.8518,85.18,1,VERY HIGH
GRID_N30_E070,30,70,2025,8,2025-08-01,2,1.0,4.0,4.0,4.0,0.0,4.0,3,0.8,0.8514,85.14,1,VERY HIGH
GRID_N30_E010,30,10,2025,7,2025-07-01,0,0.0,1.0,1.0,1.0,0.3,26.0,20,0.5,0.8512,85.12,1,VERY HIGH
GRID_N50_E150,50,150,2025,10,2025-10-01,0,0.0,1.0,2.0,2.0,0.2,25.0,24,0.3333,0.8512,85.12,1,VERY HIGH
GRID_S30_E020,-30,20,2025,10,2025-10-01,2,2.0,5.0,5.0,8.0,0.3,57.0,10,0.5556,0.8509,85.09,1,VERY HIGH
GRID_N50_E000,50,0,2025,9,2025-09-01,2,1.0,5.0,6.0,6.0,0.0,7.0,5,0.7143,0.8505,85.05,1,VERY HIGH
GRID_S30_E130,-30,130,2025,11,2025-11-01,0,1.0,4.0,4.0,30.0,0.3,79.0,11,0.129,0.8498,84.98,1,VERY HIGH
GRID_S20_E110,-20,110,2025,3,2025-03-01,1,1.0,2.0,2.0,2.0,0.4,13.0,12,0.6667,0.8488,84.88,1,VERY HIGH
GRID_N00_E080,0,80,2025,11,2025-11-01,3,0.0,0.0,0.0,0.0,0.2,6.0,6,0.0,0.848,84.8,1,VERY HIGH
GRID_N20_E100,20,100,2025,10,2025-10-01,2,0.0,2.0,5.0,6.0,0.0,9.0,9,0.2857,0.8465,84.65,1,VERY HIGH
GRID_N10_E130,10,130,2025,7,2025-07-01,0,0.0,0.0,0.0,3.0,0.4,27.0,21,0.0,0.8455,84.55,1,VERY HIGH
GRID_S10_W070,-10,-70,2025,6,2025-06-01,0,0.0,0.0,0.0,27.0,0.0,27.0,3,0.0,0.8427,84.27,1,VERY HIGH
GRID_S10_E110,-10,110,2025,1,2025-01-01,0,1.0,1.0,1.0,1.0,0.6,27.0,22,0.5,0.8417,84.17,1,VERY HIGH
GRID_N10_E130,10,130,2025,6,2025-06-01,0,0.0,0.0,0.0,3.0,0.3,27.0,21,0.0,0.8414,84.14,1,VERY HIGH
GRID_N00_W090,0,-90,2025,10,2025-10-01,3,1.0,1.0,1.0,1.0,0.0,1.0,1,0.5,0.841,84.1,1,VERY HIGH
GRID_N10_E090,10,90,2025,5,2025-05-01,0,0.0,14.0,14.0,14.0,0.1,29.0,16,0.9333,0.8406,84.06,1,VERY HIGH
GRID_S10_E110,-10,110,2025,10,2025-10-01,0,1.0,1.0,3.0,4.0,0.1,30.0,25,0.2,0.8379,83.79,1,VERY HIGH
GRID_N30_E010,30,10,2025,6,2025-06-01,0,1.0,1.0,1.0,2.0,0.2,26.0,20,0.3333,0.8376,83.76,1,VERY HIGH
GRID_N10_E130,10,130,2025,2,2025-02-01,0,0.0,3.0,3.0,3.0,0.0,27.0,21,0.75,0.8364,83.64,1,VERY HIGH
GRID_N10_W130,10,-130,2025,8,2025-08-01,1,0.0,0.0,0.0,3.0,0.6,15.0,13,0.0,0.8362,83.62,1,VERY HIGH
GRID_S10_W070,-10,-70,2025,5,2025-05-01,0,0.0,0.0,0.0,27.0,0.0,27.0,3,0.0,0.8361,83.61,1,VERY HIGH
GRID_S20_W180,-20,-180,2025,2,2025-02-01,1,1.0,2.0,2.0,4.0,0.4,16.0,14,0.4,0.8358,83.58,1,VERY HIGH
GRID_N10_E070,10,70,2025,5,2025-05-01,1,0.0,2.0,2.0,2.0,0.1,10.0,10,0.6667,0.8354,83.54,1,VERY HIGH
GRID_N10_E130,10,130,2025,8,2025-08-01,0,0.0,0.0,0.0,3.0,0.4,27.0,21,0.0,0.8345,83.45,1,VERY HIGH
GRID_S40_E150,-40,150,2025,8,2025-08-01,2,0.0,2.0,3.0,3.0,0.0,5.0,5,0.5,0.8343,83.43,1,VERY HIGH
GRID_S60_W040,-60,-40,2025,7,2025-07-01,2,0.0,1.0,1.0,1.0,0.0,22.0,7,0.5,0.8333,83.33,1,VERY HIGH
GRID_N10_E010,10,10,2025,3,2025-03-01,2,2.0,6.0,8.0,8.0,0.0,8.0,5,0.6667,0.8328,83.28,1,VERY HIGH
GRID_N00_E030,0,30,2025,5,2025-05-01,2,1.0,19.0,60.0,61.0,0.0,62.0,8,0.3065,0.8321,83.21,1,VERY HIGH
GRID_N20_E120,20,120,2025,7,2025-07-01,1,0.0,0.0,0.0,2.0,0.2,18.0,14,0.0,0.832,83.2,1,VERY HIGH
GRID_N00_E120,0,120,2025,3,2025-03-01,0,0.0,0.0,0.0,1.0,0.4,26.0,24,0.0,0.8319,83.19,1,VERY HIGH
GRID_N10_E030,10,30,2025,10,2025-10-01,1,1.0,2.0,2.0,17.0,0.0,17.0,6,0.1111,0.8316,83.16,1,VERY HIGH
GRID_S10_W080,-10,-80,2025,7,2025-07-01,0,2.0,3.0,4.0,5.0,0.2,19.0,18,0.5,0.8316,83.16,1,VERY HIGH
GRID_S10_E110,-10,110,2025,2,2025-02-01,0,0.0,1.0,1.0,1.0,0.3,27.0,22,0.5,0.8315,83.15,1,VERY HIGH
GRID_N60_W120,60,-120,2025,5,2025-05-01,0,0.0,0.0,0.0,26.0,0.0,26.0,3,0.0,0.8311,83.11,1,VERY HIGH
GRID_N40_E040,40,40,2025,9,2025-09-01,2,0.0,1.0,1.0,3.0,0.3,6.0,5,0.25,0.8304,83.04,1,VERY HIGH
GRID_S40_W070,-40,-70,2025,5,2025-05-01,2,0.0,0.0,1.0,8.0,0.0,9.0,4,0.0,0.8293,82.93,1,VERY HIGH
GRID_N20_E080,20,80,2025,7,2025-07-01,2,1.0,2.0,2.0,2.0,0.0,2.0,2,0.6667,0.8289,82.89,1,VERY HIGH
GRID_N10_W080,10,-80,2025,8,2025-08-01,1,0.0,3.0,3.0,4.0,0.0,14.0,11,0.6,0.8285,82.85,1,VERY HIGH
GRID_N40_E030,40,30,2025,6,2025-06-01,2,0.0,0.0,0.0,4.0,0.0,8.0,5,0.0,0.8281,82.81,1,VERY HIGH
GRID_N30_E130,30,130,2025,3,2025-03-01,1,0.0,0.0,1.0,1.0,0.3,18.0,17,0.0,0.8277,82.77,1,VERY HIGH
GRID_S10_E110,-10,110,2025,3,2025-03-01,0,0.0,1.0,1.0,1.0,0.0,27.0,22,0.5,0.8269,82.69,1,VERY HIGH
GRID_N10_E130,10,130,2025,1,2025-01-01,0,0.0,3.0,3.0,3.0,0.0,27.0,21,0.75,0.8267,82.67,1,VERY HIGH
GRID_S30_E150,-30,150,2025,4,2025-04-01,2,0.0,0.0,1.0,3.0,0.0,8.0,8,0.0,0.8265,82.65,1,VERY HIGH
GRID_S20_E170,-20,170,2025,2,2025-02-01,1,0.0,1.0,1.0,1.0,0.2,16.0,14,0.5,0.8261,82.61,1,VERY HIGH
GRID_S10_E150,-10,150,2025,2,2025-02-01,0,0.0,0.0,1.0,2.0,0.1,29.0,26,0.0,0.8244,82.44,1,VERY HIGH
GRID_S30_E110,-30,110,2025,6,2025-06-01,2,0.0,1.0,2.0,3.0,0.0,5.0,5,0.25,0.8244,82.44,1,VERY HIGH
GRID_N30_E020,30,20,2025,10,2025-10-01,1,0.0,5.0,8.0,8.0,0.0,29.0,15,0.5556,0.8233,82.33,1,VERY HIGH
GRID_N10_E090,10,90,2025,4,2025-04-01,0,13.0,14.0,14.0,14.0,0.1,29.0,16,0.9333,0.8228,82.28,1,VERY HIGH
GRID_N50_E150,50,150,2025,11,2025-11-01,0,0.0,1.0,2.0,2.0,0.0,25.0,24,0.3333,0.8225,82.25,1,VERY HIGH
GRID_S10_W050,-10,-50,2025,10,2025-10-01,2,25.0,43.0,43.0,48.0,0.2,111.0,8,0.8776,0.8225,82.25,1,VERY HIGH
GRID_N10_W120,10,-120,2025,2,2025-02-01,0,0.0,0.0,2.0,3.0,0.0,39.0,28,0.0,0.8222,82.22,1,VERY HIGH
GRID_S10_W070,-10,-70,2025,4,2025-04-01,0,0.0,0.0,0.0,27.0,0.0,27.0,3,0.0,0.8218,82.18,1,VERY HIGH
GRID_N10_E140,10,140,2025,10,2025-10-01,0,0.0,2.0,2.0,3.0,0.2,32.0,21,0.5,0.8216,82.16,1,VERY HIGH
GRID_S20_E170,-20,170,2025,7,2025-07-01,1,0.0,0.0,1.0,2.0,0.0,17.0,15,0.0,0.8208,82.08,1,VERY HIGH
GRID_N60_E140,60,140,2025,6,2025-06-01,0,0.0,0.0,0.0,20.0,0.6,20.0,3,0.0,0.8198,81.98,1,VERY HIGH
GRID_S30_E030,-30,30,2025,4,2025-04-01,1,0.0,1.0,4.0,13.0,0.0,17.0,9,0.0714,0.8186,81.86,1,VERY HIGH
GRID_N50_E130,50,130,2025,5,2025-05-01,0,0.0,0.0,0.0,24.0,0.0,24.0,3,0.0,0.8183,81.83,1,VERY HIGH
GRID_N30_E130,30,130,2025,11,2025-11-01,0,0.0,3.0,5.0,6.0,0.0,24.0,22,0.4286,0.8181,81.81,1,VERY HIGH
GRID_N10_E140,10,140,2025,6,2025-06-01,0,0.0,0.0,0.0,5.0,0.1,30.0,19,0.0,0.8174,81.74,1,VERY HIGH
GRID_S20_E060,-20,60,2025,1,2025-01-01,1,1.0,1.0,1.0,3.0,0.4,15.0,14,0.25,0.8174,81.74,1,VERY HIGH
GRID_N10_W080,10,-80,2025,5,2025-05-01,2,0.0,0.0,1.0,1.0,0.0,11.0,9,0.0,0.8173,81.73,1,VERY HIGH
GRID_N00_W080,0,-80,2025,5,2025-05-01,1,1.0,1.0,2.0,3.0,0.0,13.0,13,0.25,0.817,81.7,1,VERY HIGH
GRID_N60_W120,60,-120,2025,4,2025-04-01,0,0.0,0.0,0.0,26.0,0.0,26.0,3,0.0,0.8165,81.65,1,VERY HIGH
GRID_N40_W090,40,-90,2025,11,2025-11-01,1,0.0,1.0,2.0,19.0,0.0,53.0,9,0.05,0.8163,81.63,1,VERY HIGH
GRID_N50_E150,50,150,2025,4,2025-04-01,0,0.0,0.0,0.0,1.0,0.2,23.0,22,0.0,0.8161,81.61,1,VERY HIGH
GRID_N40_E000,40,0,2025,4,2025-04-01,1,0.0,0.0,0.0,0.0,0.2,27.0,17,0.0,0.815,81.5,1,VERY HIGH
GRID_N00_W070,0,-70,2025,10,2025-10-01,1,0.0,1.0,2.0,17.0,0.0,18.0,6,0.0556,0.8149,81.49,1,VERY HIGH
GRID_N20_E120,20,120,2025,8,2025-08-01,0,1.0,1.0,1.0,3.0,1.0,19.0,15,0.25,0.8139,81.39,1,VERY HIGH
GRID_N00_W080,0,-80,2025,4,2025-04-01,1,0.0,1.0,1.0,2.0,0.2,12.0,12,0.3333,0.8127,81.27,1,VERY HIGH
GRID_S10_W080,-10,-80,2025,11,2025-11-01,1,0.0,0.0,2.0,4.0,0.1,19.0,18,0.0,0.8121,81.21,1,VERY HIGH
GRID_N10_E100,10,100,2025,6,2025-06-01,1,3.0,9.0,10.0,10.0,0.0,13.0,7,0.8182,0.8109,81.09,1,VERY HIGH
GRID_N10_W080,10,-80,2025,6,2025-06-01,1,2.0,2.0,2.0,3.0,0.0,13.0,10,0.5,0.8109,81.09,1,VERY HIGH
GRID_N30_E000,30,0,2025,10,2025-10-01,2,2.0,2.0,4.0,4.0,0.0,9.0,7,0.4,0.8104,81.04,1,VERY HIGH
GRID_N10_E140,10,140,2025,5,2025-05-01,0,0.0,0.0,0.0,5.0,0.1,30.0,19,0.0,0.81,81.0,1,VERY HIGH
GRID_N30_E130,30,130,2025,5,2025-05-01,0,0.0,1.0,1.0,2.0,0.1,19.0,18,0.3333,0.8092,80.92,1,VERY HIGH
GRID_N50_W130,50,-130,2025,2,2025-02-01,0,0.0,0.0,4.0,33.0,0.0,154.0,16,0.0,0.8084,80.84,1,VERY HIGH
GRID_N00_E120,0,120,2025,2,2025-02-01,0,0.0,0.0,0.0,1.0,0.3,26.0,24,0.0,0.8083,80.83,1,VERY HIGH
GRID_N10_E010,10,10,2025,2,2025-02-01,2,2.0,5.0,6.0,6.0,0.0,6.0,4,0.7143,0.8078,80.78,1,VERY HIGH
GRID_S10_E150,-10,150,2025,1,2025-01-01,0,0.0,0.0,1.0,2.0,0.0,29.0,26,0.0,0.8068,80.68,1,VERY HIGH
GRID_S40_E110,-40,110,2025,4,2025-04-01,1,0.0,4.0,8.0,10.0,0.0,15.0,11,0.3636,0.8065,80.65,1,VERY HIGH
GRID_N30_E000,30,0,2025,9,2025-09-01,2,0.0,1.0,2.0,2.0,0.0,7.0,6,0.3333,0.8051,80.51,1,VERY HIGH
GRID_N10_W010,10,-10,2025,1,2025-01-01,2,7.0,17.0,17.0,17.0,0.0,17.0,3,0.9444,0.8041,80.41,1,VERY HIGH
GRID_N40_E010,40,10,2025,4,2025-04-01,2,0.0,0.0,0.0,0.0,0.0,15.0,9,0.0,0.8023,80.23,1,VERY HIGH
GRID_S30_E150,-30,150,2025,11,2025-11-01,1,0.0,6.0,6.0,8.0,0.2,16.0,10,0.6667,0.8004,80.04,1,VERY HIGH
GRID_N00_E100,0,100,2025,11,2025-11-01,2,3.0,3.0,4.0,4.0,0.1,7.0,5,0.6,0.8003,80.03,1,VERY HIGH
GRID_N10_E110,10,110,2025,5,2025-05-01,0,0.0,0.0,0.0,1.0,0.0,27.0,22,0.0,0.8003,80.03,1,VERY HIGH
GRID_S20_E050,-20,50,2025,2,2025-02-01,1,0.0,0.0,0.0,2.0,0.4,18.0,15,0.0,0.7993,79.93,1,HIGH
GRID_N30_E010,30,10,2025,9,2025-09-01,0,1.0,1.0,2.0,2.0,0.1,27.0,21,0.3333,0.7992,79.92,1,HIGH
GRID_N10_W120,10,-120,2025,1,2025-01-01,0,0.0,0.0,3.0,3.0,0.0,39.0,28,0.0,0.7977,79.77,1,HIGH
GRID_N30_E020,30,20,2025,9,2025-09-01,0,3.0,8.0,8.0,9.0,0.3,29.0,15,0.8,0.7972,79.72,1,HIGH
GRID_N60_W120,60,-120,2025,3,2025-03-01,0,0.0,0.0,0.0,26.0,0.0,26.0,3,0.0,0.7972,79.72,1,HIGH
GRID_N20_E100,20,100,2025,6,2025-06-01,1,1.0,3.0,3.0,3.0,0.1,6.0,6,0.75,0.7969,79.69,1,HIGH
GRID_N20_W110,20,-110,2025,2,2025-02-01,2,0.0,0.0,0.0,5.0,0.1,9.0,6,0.0,0.7969,79.69,1,HIGH
GRID_S10_W080,-10,-80,2025,5,2025-05-01,0,1.0,2.0,2.0,3.0,0.0,17.0,17,0.5,0.7965,79.65,1,HIGH
GRID_N10_W150,10,-150,2025,7,2025-07-01,2,0.0,0.0,0.0,1.0,0.1,6.0,6,0.0,0.795,79.5,1,HIGH
GRID_N00_W010,0,-10,2025,2,2025-02-01,2,5.0,20.0,20.0,20.0,0.0,20.0,2,0.9524,0.7943,79.43,1,HIGH
GRID_S10_W080,-10,-80,2025,8,2025-08-01,0,0.0,2.0,4.0,5.0,0.2,19.0,18,0.3333,0.794,79.4,1,HIGH
GRID_N10_E010,10,10,2025,1,2025-01-01,2,2.0,4.0,4.0,4.0,0.0,4.0,3,0.8,0.7937,79.37,1,HIGH
GRID_N60_E130,60,130,2025,5,2025-05-01,0,0.0,0.0,0.0,22.0,0.0,22.0,3,0.0,0.7931,79.31,1,HIGH
GRID_N30_E130,30,130,2025,4,2025-04-01,0,1.0,1.0,1.0,2.0,0.1,19.0,18,0.3333,0.7928,79.28,1,HIGH
GRID_N10_W070,10,-70,2025,8,2025-08-01,1,0.0,1.0,1.0,1.0,0.3,9.0,9,0.5,0.792,79.2,1,HIGH
GRID_N20_W080,20,-80,2025,9,2025-09-01,2,0.0,0.0,0.0,1.0,0.2,7.0,7,0.0,0.792,79.2,1,HIGH
GRID_N50_E100,50,100,2025,5,2025-05-01,2,1.0,1.0,1.0,2.0,0.0,2.0,2,0.3333,0.7915,79.15,1,HIGH
GRID_N10_W010,10,-10,2025,9,2025-09-01,0,2.0,2.0,2.0,22.0,0.0,22.0,6,0.087,0.7899,78.99,1,HIGH
GRID_N00_E120,0,120,2025,1,2025-01-01,0,0.0,0.0,0.0,1.0,0.2,26.0,24,0.0,0.7895,78.95,1,HIGH
GRID_N30_W010,30,-10,2025,5,2025-05-01,1,1.0,1.0,1.0,1.0,0.0,15.0,10,0.5,0.7895,78.95,1,HIGH
GRID_N50_E150,50,150,2025,3,2025-03-01,0,0.0,0.0,0.0,1.0,0.1,23.0,22,0.0,0.7888,78.88,1,HIGH
GRID_N60_E120,60,120,2025,2,2025-02-01,0,0.0,0.0,5.0,31.0,0.0,31.0,3,0.0,0.7886,78.86,1,HIGH
GRID_N20_E140,20,140,2025,11,2025-11-01,0,1.0,2.0,6.0,6.0,0.0,29.0,23,0.2857,0.7876,78.76,1,HIGH
GRID_N50_E150,50,150,2025,2,2025-02-01,0,0.0,0.0,0.0,1.0,0.3,23.0,22,0.0,0.7862,78.62,1,HIGH
GRID_N10_E030,10,30,2025,9,2025-09-01,1,0.0,1.0,4.0,16.0,0.0,16.0,5,0.0588,0.7852,78.52,1,HIGH
GRID_S30_E020,-30,20,2025,3,2025-03-01,0,0.0,0.0,28.0,48.0,0.2,52.0,8,0.0,0.7846,78.46,1,HIGH
GRID_N10_E110,10,110,2025,4,2025-04-01,0,0.0,0.0,0.0,1.0,0.0,27.0,22,0.0,0.7838,78.38,1,HIGH
GRID_N30_E140,30,140,2025,9,2025-09-01,2,1.0,1.0,1.0,2.0,0.1,5.0,3,0.3333,0.7826,78.26,1,HIGH
GRID_S30_E130,-30,130,2025,2,2025-02-01,2,19.0,24.0,70.0,73.0,0.0,73.0,7,0.3243,0.7801,78.01,1,HIGH
GRID_N10_E070,10,70,2025,8,2025-08-01,1,0.0,1.0,3.0,3.0,0.1,11.0,11,0.25,0.7791,77.91,1,HIGH
GRID_N20_E100,20,100,2025,7,2025-07-01,1,1.0,3.0,4.0,4.0,0.0,7.0,7,0.6,0.779,77.9,1,HIGH
GRID_S30_E030,-30,30,2025,5,2025-05-01,0,1.0,2.0,2.0,14.0,0.0,18.0,10,0.1333,0.7788,77.88,1,HIGH
GRID_N50_W110,50,-110,2025,2,2025-02-01,0,0.0,0.0,7.0,29.0,0.0,81.0,12,0.0,0.778,77.8,1,HIGH
GRID_S10_W080,-10,-80,2025,3,2025-03-01,1,0.0,0.0,0.0,1.0,0.1,15.0,15,0.0,0.7775,77.75,1,HIGH
GRID_N40_E030,40,30,2025,9,2025-09-01,1,0.0,4.0,4.0,5.0,0.2,12.0,7,0.6667,0.777,77.7,1,HIGH
GRID_N30_E010,30,10,2025,10,2025-10-01,0,0.0,1.0,2.0,2.0,0.1,27.0,21,0.3333,0.7767,77.67,1,HIGH
GRID_N10_E080,10,80,2025,5,2025-05-01,0,0.0,0.0,1.0,3.0,0.7,17.0,16,0.0,0.7766,77.66,1,HIGH
GRID_S20_E050,-20,50,2025,3,2025-03-01,0,1.0,1.0,1.0,2.0,0.8,19.0,16,0.3333,0.7762,77.62,1,HIGH
GRID_N60_E130,60,130,2025,4,2025-04-01,0,0.0,0.0,0.0,22.0,0.0,22.0,3,0.0,0.7761,77.61,1,HIGH
GRID_S30_E030,-30,30,2025,6,2025-06-01,0,0.0,1.0,2.0,14.0,0.0,18.0,10,0.0667,0.7758,77.58,1,HIGH
GRID_N10_W010,10,-10,2025,10,2025-10-01,0,0.0,2.0,2.0,22.0,0.1,22.0,6,0.087,0.7755,77.55,1,HIGH
GRID_S20_E030,-20,30,2025,2,2025-02-01,0,0.0,0.0,149.0,181.0,0.0,182.0,6,0.0,0.7751,77.51,1,HIGH
GRID_N20_E100,20,100,2025,8,2025-08-01,1,1.0,3.0,5.0,5.0,0.1,8.0,8,0.5,0.7749,77.49,1,HIGH
GRID_S10_E030,-10,30,2025,11,2025-11-01,2,0.0,15.0,21.0,21.0,0.0,93.0,12,0.6818,0.7748,77.48,1,HIGH
GRID_S20_E110,-20,110,2025,2,2025-02-01,1,1.0,1.0,1.0,1.0,0.2,12.0,11,0.5,0.7745,77.45,1,HIGH
GRID_S10_W070,-10,-70,2025,3,2025-03-01,0,0.0,0.0,2.0,27.0,0.0,27.0,3,0.0,0.7725,77.25,1,HIGH
GRID_N50_E130,50,130,2025,4,2025-04-01,0,0.0,0.0,2.0,24.0,0.0,24.0,3,0.0,0.7724,77.24,1,HIGH
GRID_S30_E140,-30,140,2025,2,2025-02-01,2,16.0,35.0,60.0,60.0,0.0,60.0,6,0.5738,0.7722,77.22,1,HIGH
GRID_N00_E090,0,90,2025,7,2025-07-01,1,0.0,1.0,1.0,1.0,0.0,8.0,8,0.5,0.7717,77.17,1,HIGH
GRID_N10_W020,10,-20,2025,8,2025-08-01,1,1.0,1.0,4.0,12.0,0.1,14.0,6,0.0769,0.7716,77.16,1,HIGH
GRID_N60_W170,60,-170,2025,6,2025-06-01,1,0.0,0.0,0.0,7.0,0.7,10.0,4,0.0,0.7708,77.08,1,HIGH
GRID_N00_W080,0,-80,2025,11,2025-11-01,0,1.0,5.0,7.0,9.0,0.1,20.0,18,0.5,0.7707,77.07,1,HIGH
GRID_N10_E140,10,140,2025,4,2025-04-01,0,0.0,0.0,1.0,5.0,0.0,30.0,19,0.0,0.7703,77.03,1,HIGH
GRID_N10_E130,10,130,2025,5,2025-05-01,0,0.0,0.0,3.0,3.0,0.0,27.0,21,0.0,0.7688,76.88,1,HIGH
GRID_S30_W050,-30,-50,2025,9,2025-09-01,0,0.0,0.0,0.0,18.0,1.3,35.0,4,0.0,0.7683,76.83,1,HIGH
GRID_N30_E030,30,30,2025,5,2025-05-01,2,0.0,0.0,0.0,0.0,0.1,6.0,5,0.0,0.7675,76.75,1,HIGH
GRID_S40_E110,-40,110,2025,7,2025-07-01,0,0.0,3.0,7.0,13.0,0.0,18.0,13,0.2143,0.7673,76.73,1,HIGH
GRID_N50_E150,50,150,2025,1,2025-01-01,0,0.0,0.0,0.0,1.0,0.2,23.0,22,0.0,0.7659,76.59,1,HIGH
GRID_N30_E010,30,10,2025,11,2025-11-01,0,0.0,1.0,2.0,2.0,0.2,27.0,21,0.3333,0.7652,76.52,1,HIGH
GRID_N60_E140,60,140,2025,5,2025-05-01,0,0.0,0.0,0.0,20.0,0.0,20.0,3,0.0,0.7643,76.43,1,HIGH
GRID_S20_E010,-20,10,2025,2,2025-02-01,0,0.0,0.0,150.0,184.0,0.0,184.0,4,0.0,0.7637,76.37,1,HIGH
GRID_S30_E030,-30,30,2025,11,2025-11-01,1,0.0,2.0,3.0,5.0,0.0,21.0,13,0.3333,0.7634,76.34,1,HIGH
GRID_N00_W010,0,-10,2025,9,2025-09-01,0,0.0,0.0,1.0,23.0,0.0,23.0,4,0.0,0.7631,76.31,1,HIGH
GRID_N10_E110,10,110,2025,3,2025-03-01,0,0.0,0.0,0.0,1.0,0.0,27.0,22,0.0,0.762,76.2,1,HIGH
GRID_N00_W090,0,-90,2025,11,2025-11-01,2,3.0,4.0,4.0,4.0,0.0,4.0,2,0.8,0.7616,76.16,1,HIGH
GRID_N00_W010,0,-10,2025,8,2025-08-01,0,0.0,1.0,3.0,23.0,0.0,23.0,4,0.0417,0.7606,76.06,1,HIGH
GRID_S20_E050,-20,50,2025,5,2025-05-01,0,0.0,1.0,1.0,1.0,0.0,19.0,16,0.5,0.7604,76.04,1,HIGH
GRID_S20_E110,-20,110,2025,4,2025-04-01,0,1.0,3.0,3.0,3.0,0.2,14.0,13,0.75,0.7602,76.02,1,HIGH
GRID_N60_W030,60,-30,2025,7,2025-07-01,1,0.0,1.0,1.0,4.0,0.1,8.0,7,0.2,0.76,76.0,1,HIGH
GRID_N10_E130,10,130,2025,4,2025-04-01,0,0.0,0.0,3.0,3.0,0.1,27.0,21,0.0,0.7594,75.94,1,HIGH
GRID_N10_E140,10,140,2025,11,2025-11-01,0,0.0,1.0,2.0,2.0,0.2,32.0,21,0.3333,0.7586,75.86,1,HIGH
GRID_N10_E080,10,80,2025,11,2025-11-01,0,2.0,2.0,2.0,3.0,0.3,19.0,17,0.5,0.7566,75.66,1,HIGH
GRID_S40_E110,-40,110,2025,8,2025-08-01,0,0.0,2.0,6.0,13.0,0.0,18.0,13,0.1429,0.7557,75.57,1,HIGH
GRID_N10_E100,10,100,2025,4,2025-04-01,1,5.0,6.0,6.0,6.0,0.0,9.0,5,0.8571,0.7555,75.55,1,HIGH
GRID_N60_E130,60,130,2025,3,2025-03-01,0,0.0,0.0,0.0,22.0,0.0,22.0,3,0.0,0.7538,75.38,1,HIGH
GRID_S40_W070,-40,-70,2025,8,2025-08-01,1,0.0,2.0,2.0,10.0,0.0,11.0,5,0.1818,0.7537,75.37,1,HIGH
GRID_S40_E110,-40,110,2025,6,2025-06-01,0,2.0,3.0,8.0,13.0,0.0,18.0,13,0.2143,0.7532,75.32,1,HIGH
GRID_N20_E140,20,140,2025,5,2025-05-01,0,0.0,0.0,0.0,1.0,0.0,23.0,19,0.0,0.7518,75.18,1,HIGH
GRID_S20_E170,-20,170,2025,3,2025-03-01,0,1.0,2.0,2.0,2.0,0.1,17.0,15,0.6667,0.7516,75.16,1,HIGH
GRID_S20_E050,-20,50,2025,4,2025-04-01,0,0.0,1.0,1.0,1.0,0.1,19.0,16,0.5,0.7507,75.07,1,HIGH
GRID_S40_E170,-40,170,2025,8,2025-08-01,1,1.0,1.0,1.0,2.0,0.1,8.0,8,0.3333,0.7506,75.06,1,HIGH
GRID_S20_W180,-20,-180,2025,1,2025-01-01,1,1.0,1.0,1.0,3.0,0.0,15.0,13,0.25,0.7503,75.03,1,HIGH
GRID_N30_E120,30,120,2025,8,2025-08-01,2,1.0,1.0,5.0,5.0,0.0,6.0,3,0.1667,0.7499,74.99,1,HIGH
GRID_N50_E130,50,130,2025,3,2025-03-01,0,0.0,0.0,2.0,24.0,0.0,24.0,3,0.0,0.7499,74.99,1,HIGH
GRID_S10_W080,-10,-80,2025,9,2025-09-01,0,0.0,2.0,4.0,4.0,0.0,19.0,18,0.4,0.7497,74.97,1,HIGH
GRID_S20_E040,-20,40,2025,3,2025-03-01,1,0.0,3.0,7.0,7.0,0.2,14.0,10,0.375,0.7495,74.95,1,HIGH
GRID_N30_E010,30,10,2025,4,2025-04-01,0,0.0,0.0,0.0,2.0,0.1,25.0,19,0.0,0.7485,74.85,1,HIGH
GRID_N20_E090,20,90,2025,4,2025-04-01,1,27.0,28.0,28.0,28.0,0.0,31.0,5,0.9655,0.7484,74.84,1,HIGH
GRID_S20_E060,-20,60,2025,2,2025-02-01,0,1.0,2.0,2.0,3.0,0.5,16.0,15,0.5,0.7483,74.83,1,HIGH
GRID_S20_E090,-20,90,2025,3,2025-03-01,1,0.0,1.0,2.0,3.0,0.2,11.0,10,0.25,0.7478,74.78,1,HIGH
GRID_S40_E110,-40,110,2025,10,2025-10-01,0,1.0,1.0,4.0,12.0,0.2,19.0,14,0.0769,0.747,74.7,1,HIGH
GRID_S20_E060,-20,60,2025,3,2025-03-01,0,0.0,2.0,2.0,2.0,0.1,16.0,15,0.6667,0.7468,74.68,1,HIGH
GRID_N10_E070,10,70,2025,11,2025-11-01,1,0.0,1.0,2.0,4.0,0.0,12.0,12,0.2,0.7465,74.65,1,HIGH
GRID_N40_W010,40,-10,2025,5,2025-05-01,0,0.0,0.0,0.0,9.0,0.0,29.0,13,0.0,0.7461,74.61,1,HIGH
GRID_S40_E170,-40,170,2025,10,2025-10-01,1,0.0,2.0,2.0,3.0,0.0,9.0,9,0.5,0.7458,74.58,1,HIGH
GRID_N60_E140,60,140,2025,4,2025-04-01,0,0.0,0.0,0.0,20.0,0.0,20.0,3,0.0,0.7457,74.57,1,HIGH
GRID_S20_E150,-20,150,2025,2,2025-02-01,1,0.0,0.0,0.0,1.0,0.3,15.0,13,0.0,0.7457,74.57,1,HIGH
GRID_N50_E000,50,0,2025,8,2025-08-01,1,3.0,5.0,5.0,5.0,0.0,6.0,4,0.8333,0.7453,74.53,1,HIGH
GRID_N20_E100,20,100,2025,5,2025-05-01,1,1.0,2.0,2.0,2.0,0.0,5.0,5,0.6667,0.745,74.5,1,HIGH
GRID_N20_E080,20,80,2025,10,2025-10-01,2,0.0,2.0,4.0,4.0,0.0,4.0,3,0.4,0.7448,74.48,1,HIGH
GRID_N10_E070,10,70,2025,3,2025-03-01,1,1.0,1.0,1.0,1.0,0.0,9.0,9,0.5,0.7441,74.41,1,HIGH
GRID_N50_E020,50,20,2025,7,2025-07-01,2,0.0,0.0,0.0,0.0,0.2,5.0,3,0.0,0.7441,74.41,1,HIGH
GRID_N10_W010,10,-10,2025,7,2025-07-01,0,0.0,0.0,3.0,20.0,0.0,20.0,5,0.0,0.7436,74.36,1,HIGH
GRID_S40_E010,-40,10,2025,3,2025-03-01,2,1.0,1.0,1.0,1.0,0.0,2.0,2,0.5,0.7428,74.28,1,HIGH
GRID_N30_W010,30,-10,2025,8,2025-08-01,0,1.0,3.0,4.0,4.0,0.3,18.0,13,0.6,0.7426,74.26,1,HIGH
GRID_S20_E170,-20,170,2025,8,2025-08-01,0,1.0,1.0,2.0,3.0,0.1,18.0,16,0.25,0.7424,74.24,1,HIGH
GRID_S70_E080,-70,80,2025,4,2025-04-01,2,0.0,0.0,0.0,0.0,0.0,8.0,6,0.0,0.7422,74.22,1,HIGH
GRID_N10_E030,10,30,2025,7,2025-07-01,1,0.0,0.0,6.0,15.0,0.0,15.0,4,0.0,0.7421,74.21,1,HIGH
GRID_N20_E140,20,140,2025,4,2025-04-01,0,0.0,0.0,0.0,1.0,0.1,23.0,19,0.0,0.742,74.2,1,HIGH
GRID_S20_E100,-20,100,2025,2,2025-02-01,2,0.0,0.0,0.0,0.0,0.1,7.0,7,0.0,0.742,74.2,1,HIGH
GRID_N00_E010,0,10,2025,10,2025-10-01,1,0.0,3.0,3.0,12.0,0.0,13.0,5,0.2308,0.7418,74.18,1,HIGH
GRID_N10_E090,10,90,2025,2,2025-02-01,1,0.0,0.0,0.0,1.0,0.0,15.0,14,0.0,0.7418,74.18,1,HIGH
GRID_N40_E020,40,20,2025,6,2025-06-01,0,6.0,7.0,7.0,13.0,0.0,19.0,9,0.5,0.7417,74.17,1,HIGH
GRID_N10_E110,10,110,2025,2,2025-02-01,0,0.0,0.0,0.0,1.0,0.0,27.0,22,0.0,0.7411,74.11,1,HIGH
GRID_N10_E090,10,90,2025,9,2025-09-01,0,2.0,3.0,16.0,17.0,0.2,32.0,18,0.1667,0.741,74.1,1,HIGH
GRID_S20_E150,-20,150,2025,5,2025-05-01,0,0.0,1.0,1.0,1.0,0.1,16.0,14,0.5,0.7396,73.96,1,HIGH
GRID_S60_W040,-60,-40,2025,10,2025-10-01,1,3.0,6.0,7.0,7.0,0.0,28.0,10,0.75,0.739,73.9,1,HIGH
GRID_N60_E110,60,110,2025,7,2025-07-01,0,0.0,0.0,0.0,15.0,0.8,15.0,2,0.0,0.7385,73.85,1,HIGH
GRID_N20_E080,20,80,2025,11,2025-11-01,2,2.0,2.0,5.0,6.0,0.0,6.0,4,0.2857,0.7377,73.77,1,HIGH
GRID_N00_W010,0,-10,2025,10,2025-10-01,0,0.0,0.0,1.0,23.0,0.0,23.0,4,0.0,0.7376,73.76,1,HIGH
GRID_S20_W180,-20,-180,2025,4,2025-04-01,0,0.0,2.0,3.0,5.0,0.2,17.0,15,0.3333,0.7344,73.44,1,HIGH
GRID_N40_W010,40,-10,2025,11,2025-11-01,0,1.0,23.0,28.0,28.0,0.0,57.0,18,0.7931,0.7343,73.43,1,HIGH
GRID_N30_E010,30,10,2025,3,2025-03-01,0,0.0,0.0,0.0,2.0,0.2,25.0,19,0.0,0.7341,73.41,1,HIGH
GRID_N00_W080,0,-80,2025,6,2025-06-01,0,1.0,2.0,3.0,4.0,0.0,14.0,14,0.4,0.734,73.4,1,HIGH
GRID_N00_E000,0,0,2025,5,2025-05-01,2,0.0,0.0,5.0,5.0,0.0,7.0,4,0.0,0.7333,73.33,1,HIGH
GRID_S20_E070,-20,70,2025,3,2025-03-01,0,0.0,1.0,1.0,1.0,0.5,14.0,14,0.5,0.7329,73.29,1,HIGH
GRID_N10_W040,10,-40,2025,9,2025-09-01,0,0.0,0.0,0.0,3.0,0.9,15.0,14,0.0,0.7321,73.21,1,HIGH
GRID_N40_E020,40,20,2025,4,2025-04-01,1,0.0,0.0,0.0,6.0,0.0,12.0,7,0.0,0.7317,73.17,1,HIGH
GRID_S30_E120,-30,120,2025,4,2025-04-01,1,0.0,8.0,11.0,13.0,0.0,13.0,5,0.5714,0.7306,73.06,1,HIGH
GRID_S20_E170,-20,170,2025,5,2025-05-01,0,0.0,1.0,2.0,2.0,0.1,17.0,15,0.3333,0.7297,72.97,1,HIGH
GRID_N50_E010,50,10,2025,6,2025-06-01,1,0.0,1.0,1.0,1.0,0.1,5.0,5,0.5,0.7291,72.91,1,HIGH
GRID_N60_W150,60,-150,2025,9,2025-09-01,0,1.0,31.0,35.0,35.0,0.0,113.0,21,0.8611,0.7288,72.88,1,HIGH
GRID_N50_E130,50,130,2025,2,2025-02-01,0,0.0,0.0,2.0,24.0,0.0,24.0,3,0.0,0.7283,72.83,1,HIGH
GRID_S40_E110,-40,110,2025,1,2025-01-01,1,1.0,4.0,6.0,6.0,0.1,11.0,9,0.5714,0.7283,72.83,1,HIGH
GRID_N40_W090,40,-90,2025,6,2025-06-01,0,1.0,18.0,18.0,24.0,0.4,52.0,8,0.72,0.7281,72.81,1,HIGH
GRID_N20_E140,20,140,2025,3,2025-03-01,0,0.0,0.0,0.0,1.0,0.2,23.0,19,0.0,0.7272,72.72,1,HIGH
GRID_S20_E170,-20,170,2025,9,2025-09-01,0,0.0,1.0,1.0,3.0,0.0,18.0,16,0.25,0.7268,72.68,1,HIGH
GRID_N10_E130,10,130,2025,3,2025-03-01,0,0.0,0.0,3.0,3.0,0.0,27.0,21,0.0,0.7265,72.65,1,HIGH
GRID_N40_W010,40,-10,2025,4,2025-04-01,0,0.0,0.0,0.0,9.0,0.0,29.0,13,0.0,0.7265,72.65,1,HIGH
GRID_S40_E150,-40,150,2025,6,2025-06-01,1,1.0,2.0,2.0,2.0,0.0,4.0,4,0.6667,0.7264,72.64,1,HIGH
GRID_N50_E010,50,10,2025,10,2025-10-01,1,2.0,4.0,6.0,6.0,0.0,10.0,8,0.5714,0.7262,72.62,1,HIGH
GRID_S20_W050,-20,-50,2025,3,2025-03-01,0,0.0,0.0,51.0,75.0,0.0,75.0,4,0.0,0.7257,72.57,1,HIGH
GRID_N20_W080,20,-80,2025,10,2025-10-01,1,2.0,2.0,2.0,3.0,0.1,9.0,8,0.5,0.7251,72.51,1,HIGH
GRID_N50_E100,50,100,2025,6,2025-06-01,1,2.0,3.0,3.0,4.0,0.0,4.0,3,0.6,0.7241,72.41,1,HIGH
GRID_S20_W180,-20,-180,2025,3,2025-03-01,0,1.0,3.0,3.0,5.0,0.0,17.0,15,0.5,0.7241,72.41,1,HIGH
GRID_N10_E040,10,40,2025,9,2025-09-01,1,1.0,2.0,2.0,2.0,0.0,7.0,6,0.6667,0.7225,72.25,1,HIGH
GRID_N60_E140,60,140,2025,3,2025-03-01,0,0.0,0.0,0.0,20.0,0.0,20.0,3,0.0,0.7215,72.15,1,HIGH
GRID_N10_E100,10,100,2025,10,2025-10-01,0,4.0,11.0,16.0,22.0,0.1,25.0,11,0.4783,0.721,72.1,1,HIGH
GRID_N10_E080,10,80,2025,6,2025-06-01,0,0.0,0.0,0.0,2.0,0.0,17.0,16,0.0,0.7209,72.09,1,HIGH
GRID_N20_E120,20,120,2025,11,2025-11-01,0,1.0,2.0,3.0,3.0,0.1,21.0,17,0.5,0.7205,72.05,1,HIGH
GRID_S20_E070,-20,70,2025,4,2025-04-01,0,0.0,1.0,1.0,1.0,0.1,14.0,14,0.5,0.719,71.9,1,HIGH
GRID_N10_W030,10,-30,2025,9,2025-09-01,0,1.0,1.0,1.0,1.0,1.0,14.0,11,0.5,0.7188,71.88,1,HIGH
GRID_N30_W130,30,-130,2025,10,2025-10-01,0,11.0,16.0,22.0,23.0,2.1,457.0,53,0.6667,0.7176,71.76,1,HIGH
GRID_N10_E080,10,80,2025,7,2025-07-01,0,0.0,0.0,0.0,2.0,0.0,17.0,16,0.0,0.7173,71.73,1,HIGH
GRID_S20_W060,-20,-60,2025,10,2025-10-01,2,15.0,30.0,30.0,51.0,1.9,330.0,10,0.5769,0.7172,71.72,1,HIGH
GRID_S30_W060,-30,-60,2025,2,2025-02-01,1,0.0,0.0,47.0,61.0,0.0,61.0,5,0.0,0.7167,71.67,1,HIGH
GRID_N40_E040,40,40,2025,10,2025-10-01,1,2.0,3.0,3.0,3.0,0.0,8.0,6,0.75,0.7165,71.65,1,HIGH
GRID_S20_E040,-20,40,2025,10,2025-10-01,0,2.0,2.0,2.0,9.0,0.3,17.0,12,0.2,0.7165,71.65,1,HIGH
GRID_N10_E000,10,0,2025,6,2025-06-01,0,0.0,0.0,16.0,32.0,0.0,32.0,5,0.0,0.7164,71.64,1,HIGH
GRID_N10_E080,10,80,2025,1,2025-01-01,0,0.0,2.0,2.0,3.0,0.0,17.0,16,0.5,0.7155,71.55,1,HIGH
GRID_N10_E010,10,10,2025,4,2025-04-01,1,2.0,6.0,10.0,10.0,0.0,10.0,6,0.5455,0.7144,71.44,1,HIGH
GRID_S20_E060,-20,60,2025,4,2025-04-01,0,0.0,1.0,2.0,2.0,0.2,16.0,15,0.3333,0.7137,71.37,1,HIGH
GRID_N10_W080,10,-80,2025,7,2025-07-01,0,1.0,3.0,3.0,4.0,0.1,14.0,11,0.6,0.7124,71.24,1,HIGH
GRID_N10_W050,10,-50,2025,9,2025-09-01,1,0.0,0.0,0.0,1.0,0.6,12.0,9,0.0,0.7123,71.23,1,HIGH
GRID_S20_E070,-20,70,2025,1,2025-01-01,1,0.0,0.0,0.0,0.0,0.3,13.0,13,0.0,0.712,71.2,1,HIGH
GRID_S20_E110,-20,110,2025,5,2025-05-01,0,0.0,2.0,3.0,3.0,0.0,14.0,13,0.5,0.7118,71.18,1,HIGH
GRID_N30_E000,30,0,2025,6,2025-06-01,1,1.0,1.0,1.0,1.0,0.0,6.0,5,0.5,0.7117,71.17,1,HIGH
GRID_N50_E110,50,110,2025,11,2025-11-01,0,0.0,0.0,138.0,176.0,0.0,267.0,8,0.0,0.7094,70.94,1,HIGH
GRID_S20_E170,-20,170,2025,4,2025-04-01,0,0.0,1.0,2.0,2.0,0.1,17.0,15,0.3333,0.7094,70.94,1,HIGH
GRID_N10_E110,10,110,2025,1,2025-01-01,0,0.0,0.0,1.0,1.0,0.0,27.0,22,0.0,0.7093,70.93,1,HIGH
GRID_S20_E150,-20,150,2025,3,2025-03-01,0,1.0,1.0,1.0,2.0,0.4,16.0,14,0.3333,0.7091,70.91,1,HIGH
GRID_S20_E170,-20,170,2025,10,2025-10-01,0,0.0,1.0,1.0,3.0,0.1,18.0,16,0.25,0.7089,70.89,1,HIGH
GRID_N10_W040,10,-40,2025,8,2025-08-01,0,0.0,0.0,0.0,3.0,0.4,15.0,14,0.0,0.7086,70.86,1,HIGH
GRID_N50_W100,50,-100,2025,4,2025-04-01,0,0.0,0.0,0.0,9.0,0.9,159.0,23,0.0,0.7074,70.74,1,HIGH
GRID_S20_W180,-20,-180,2025,5,2025-05-01,0,0.0,1.0,3.0,4.0,0.2,17.0,15,0.2,0.7074,70.74,1,HIGH
GRID_N20_W110,20,-110,2025,7,2025-07-01,0,1.0,20.0,24.0,24.0,0.0,33.0,11,0.8,0.707,70.7,1,HIGH
GRID_N50_E020,50,20,2025,8,2025-08-01,1,2.0,2.0,2.0,2.0,0.0,7.0,4,0.6667,0.7061,70.61,1,HIGH
GRID_N10_W070,10,-70,2025,10,2025-10-01,1,0.0,1.0,2.0,2.0,0.0,10.0,10,0.3333,0.7052,70.52,1,HIGH
GRID_S20_E150,-20,150,2025,4,2025-04-01,0,0.0,1.0,1.0,2.0,0.1,16.0,14,0.3333,0.7051,70.51,1,HIGH
GRID_N60_W120,60,-120,2025,9,2025-09-01,1,9.0,15.0,15.0,15.0,0.0,41.0,6,0.9375,0.7048,70.48,1,HIGH
GRID_N30_E070,30,70,2025,7,2025-07-01,1,1.0,3.0,3.0,3.0,0.0,3.0,2,0.75,0.7044,70.44,1,HIGH
GRID_N00_E030,0,30,2025,4,2025-04-01,1,5.0,35.0,59.0,60.0,0.0,61.0,7,0.5738,0.7043,70.43,1,HIGH
GRID_N10_W130,10,-130,2025,7,2025-07-01,0,0.0,0.0,0.0,3.0,0.5,15.0,13,0.0,0.7043,70.43,1,HIGH
GRID_N10_E070,10,70,2025,6,2025-06-01,0,1.0,2.0,3.0,3.0,0.2,11.0,11,0.5,0.704,70.4,1,HIGH
GRID_N60_E140,60,140,2025,7,2025-07-01,0,0.0,0.0,0.0,14.0,0.5,20.0,3,0.0,0.7024,70.24,1,HIGH
GRID_N10_E090,10,90,2025,7,2025-07-01,0,1.0,1.0,15.0,15.0,0.0,30.0,17,0.0625,0.7023,70.23,1,HIGH
GRID_N10_W080,10,-80,2025,11,2025-11-01,0,3.0,6.0,9.0,10.0,0.4,20.0,14,0.5455,0.7019,70.19,1,HIGH
GRID_N10_W030,10,-30,2025,8,2025-08-01,1,0.0,0.0,0.0,0.0,0.2,13.0,10,0.0,0.7009,70.09,1,HIGH
GRID_N10_E080,10,80,2025,8,2025-08-01,0,0.0,0.0,0.0,2.0,0.0,17.0,16,0.0,0.7005,70.05,1,HIGH
GRID_S20_E170,-20,170,2025,1,2025-01-01,0,1.0,1.0,1.0,1.0,0.5,16.0,14,0.5,0.6979,69.79,1,HIGH
GRID_S30_E030,-30,30,2025,10,2025-10-01,0,1.0,3.0,4.0,8.0,0.3,21.0,13,0.3333,0.6979,69.79,1,HIGH
GRID_N40_E010,40,10,2025,10,2025-10-01,0,2.0,17.0,25.0,25.0,0.0,40.0,15,0.6538,0.6974,69.74,1,HIGH
GRID_S60_W040,-60,-40,2025,8,2025-08-01,1,2.0,2.0,3.0,3.0,0.0,24.0,8,0.5,0.6973,69.73,1,HIGH
GRID_S40_E110,-40,110,2025,11,2025-11-01,0,0.0,1.0,3.0,10.0,0.1,19.0,14,0.0909,0.6967,69.67,1,HIGH
GRID_S20_E040,-20,40,2025,7,2025-07-01,0,0.0,0.0,1.0,8.0,0.0,15.0,11,0.0,0.6953,69.53,1,HIGH
GRID_S30_E020,-30,20,2025,11,2025-11-01,1,2.0,7.0,7.0,7.0,0.0,59.0,11,0.875,0.6953,69.53,1,HIGH
GRID_S30_E130,-30,130,2025,4,2025-04-01,0,0.0,21.0,63.0,75.0,0.0,75.0,8,0.2763,0.6953,69.53,1,HIGH
GRID_N60_E130,60,130,2025,2,2025-02-01,0,0.0,0.0,2.0,22.0,0.0,22.0,3,0.0,0.6952,69.52,1,HIGH
GRID_N10_E140,10,140,2025,3,2025-03-01,0,0.0,0.0,4.0,5.0,0.0,30.0,19,0.0,0.6927,69.27,1,HIGH
GRID_N30_E010,30,10,2025,2,2025-02-01,0,0.0,0.0,0.0,2.0,0.0,25.0,19,0.0,0.6913,69.13,1,HIGH
GRID_N10_E040,10,40,2025,8,2025-08-01,1,1.0,1.0,1.0,1.0,0.0,6.0,5,0.5,0.6898,68.98,1,HIGH
GRID_S20_E070,-20,70,2025,2,2025-02-01,0,1.0,1.0,1.0,1.0,0.3,14.0,14,0.5,0.6896,68.96,1,HIGH
GRID_N10_W040,10,-40,2025,6,2025-06-01,0,0.0,0.0,0.0,3.0,0.0,15.0,14,0.0,0.6888,68.88,1,HIGH
GRID_S10_W080,-10,-80,2025,10,2025-10-01,0,0.0,0.0,3.0,4.0,0.3,19.0,18,0.0,0.6873,68.73,1,HIGH
GRID_N30_E010,30,10,2025,1,2025-01-01,0,0.0,0.0,0.0,2.0,0.1,25.0,19,0.0,0.687,68.7,1,HIGH
GRID_S50_E170,-50,170,2025,6,2025-06-01,1,0.0,1.0,1.0,1.0,0.0,5.0,4,0.5,0.6868,68.68,1,HIGH
GRID_N00_W010,0,-10,2025,7,2025-07-01,0,0.0,1.0,8.0,23.0,0.0,23.0,4,0.0417,0.686,68.6,1,HIGH
GRID_S30_E120,-30,120,2025,5,2025-05-01,1,1.0,1.0,11.0,14.0,0.0,14.0,6,0.0667,0.6857,68.57,1,HIGH
GRID_N10_W020,10,-20,2025,10,2025-10-01,0,2.0,4.0,4.0,15.0,0.0,17.0,8,0.25,0.6856,68.56,1,HIGH
GRID_N10_W040,10,-40,2025,7,2025-07-01,0,0.0,0.0,0.0,3.0,0.0,15.0,14,0.0,0.6849,68.49,1,HIGH
GRID_N20_E120,20,120,2025,6,2025-06-01,0,0.0,0.0,0.0,2.0,0.1,18.0,14,0.0,0.6844,68.44,1,HIGH
GRID_N50_W120,50,-120,2025,9,2025-09-01,0,1.0,11.0,20.0,20.0,0.0,112.0,23,0.5238,0.6839,68.39,1,HIGH
GRID_N10_E150,10,150,2025,8,2025-08-01,0,0.0,0.0,0.0,1.0,0.5,18.0,14,0.0,0.6837,68.37,1,HIGH
GRID_S40_E130,-40,130,2025,2,2025-02-01,2,0.0,0.0,0.0,0.0,0.2,5.0,4,0.0,0.6835,68.35,1,HIGH
GRID_N10_W010,10,-10,2025,2,2025-02-01,1,2.0,18.0,19.0,19.0,0.0,19.0,4,0.9,0.6807,68.07,1,HIGH
GRID_N10_W040,10,-40,2025,5,2025-05-01,0,0.0,0.0,0.0,3.0,0.0,15.0,14,0.0,0.6782,67.82,1,HIGH
GRID_S20_E040,-20,40,2025,8,2025-08-01,0,0.0,0.0,1.0,8.0,0.0,15.0,11,0.0,0.6778,67.78,1,HIGH
GRID_N10_E080,10,80,2025,2,2025-02-01,0,0.0,1.0,2.0,3.0,0.0,17.0,16,0.25,0.6759,67.59,1,HIGH
GRID_N10_E000,10,0,2025,2,2025-02-01,1,8.0,30.0,31.0,31.0,0.0,31.0,4,0.9375,0.6741,67.41,1,HIGH
GRID_N50_E130,50,130,2025,1,2025-01-01,0,0.0,2.0,5.0,24.0,0.0,24.0,3,0.08,0.674,67.4,1,HIGH
GRID_N10_E080,10,80,2025,9,2025-09-01,0,0.0,0.0,0.0,2.0,0.0,17.0,16,0.0,0.6737,67.37,1,HIGH
GRID_N10_W130,10,-130,2025,9,2025-09-01,0,1.0,1.0,1.0,2.0,0.1,16.0,14,0.3333,0.6729,67.29,1,HIGH
GRID_N10_E080,10,80,2025,4,2025-04-01,0,0.0,0.0,2.0,3.0,0.0,17.0,16,0.0,0.6717,67.17,1,HIGH
GRID_N10_E140,10,140,2025,1,2025-01-01,0,0.0,1.0,5.0,5.0,0.0,30.0,19,0.1667,0.6707,67.07,1,HIGH
GRID_N10_E150,10,150,2025,2,2025-02-01,0,0.0,1.0,1.0,1.0,0.1,18.0,14,0.5,0.6705,67.05,1,HIGH
GRID_N00_E090,0,90,2025,5,2025-05-01,1,0.0,0.0,0.0,0.0,0.3,7.0,7,0.0,0.6704,67.04,1,HIGH
GRID_S20_E060,-20,60,2025,8,2025-08-01,0,0.0,0.0,0.0,2.0,0.0,16.0,15,0.0,0.6701,67.01,1,HIGH
GRID_S30_E150,-30,150,2025,6,2025-06-01,0,0.0,2.0,2.0,5.0,0.1,10.0,9,0.3333,0.6696,66.96,1,HIGH
GRID_S40_E020,-40,20,2025,8,2025-08-01,0,0.0,0.0,0.0,11.0,0.6,14.0,5,0.0,0.6685,66.85,1,HIGH
GRID_N30_W130,30,-130,2025,11,2025-11-01,1,0.0,15.0,22.0,22.0,0.4,457.0,53,0.6522,0.6683,66.83,1,HIGH
GRID_S20_E060,-20,60,2025,7,2025-07-01,0,0.0,0.0,1.0,2.0,0.0,16.0,15,0.0,0.668,66.8,1,HIGH
GRID_S20_E110,-20,110,2025,6,2025-06-01,0,0.0,1.0,3.0,3.0,0.0,14.0,13,0.25,0.6677,66.77,1,HIGH
GRID_N10_W020,10,-20,2025,7,2025-07-01,1,0.0,0.0,7.0,11.0,0.0,13.0,5,0.0,0.6675,66.75,1,HIGH
GRID_S20_E050,-20,50,2025,6,2025-06-01,0,0.0,0.0,1.0,1.0,0.0,19.0,16,0.0,0.6667,66.67,1,HIGH
GRID_N10_W130,10,-130,2025,6,2025-06-01,0,0.0,0.0,0.0,3.0,0.1,15.0,13,0.0,0.6665,66.65,1,HIGH
GRID_N20_W110,20,-110,2025,11,2025-11-01,0,0.0,0.0,12.0,24.0,0.0,33.0,11,0.0,0.6662,66.62,1,HIGH
GRID_N40_E030,40,30,2025,8,2025-08-01,0,2.0,4.0,4.0,8.0,0.3,12.0,7,0.4444,0.6661,66.61,1,HIGH
GRID_S30_E050,-30,50,2025,7,2025-07-01,0,0.0,0.0,0.0,0.0,0.2,15.0,15,0.0,0.6659,66.59,1,HIGH
GRID_N20_E100,20,100,2025,4,2025-04-01,1,1.0,1.0,1.0,1.0,0.0,4.0,4,0.5,0.6658,66.58,1,HIGH
GRID_N30_E070,30,70,2025,6,2025-06-01,1,2.0,2.0,2.0,2.0,0.0,2.0,1,0.6667,0.6653,66.53,1,HIGH
GRID_N20_E090,20,90,2025,6,2025-06-01,0,2.0,30.0,31.0,31.0,0.0,34.0,7,0.9375,0.6648,66.48,1,HIGH
GRID_N30_W010,30,-10,2025,9,2025-09-01,0,0.0,2.0,4.0,4.0,0.2,18.0,13,0.4,0.6646,66.46,1,HIGH
GRID_S20_E040,-20,40,2025,6,2025-06-01,0,0.0,1.0,4.0,8.0,0.0,15.0,11,0.1111,0.6645,66.45,1,HIGH
GRID_N20_E140,20,140,2025,2,2025-02-01,0,0.0,0.0,1.0,1.0,0.0,23.0,19,0.0,0.6639,66.39,1,HIGH
GRID_N00_W070,0,-70,2025,11,2025-11-01,0,1.0,1.0,3.0,18.0,0.0,19.0,7,0.0526,0.6637,66.37,1,HIGH
GRID_S20_W180,-20,-180,2025,6,2025-06-01,0,0.0,0.0,3.0,4.0,0.1,17.0,15,0.0,0.6634,66.34,1,HIGH
GRID_N10_E070,10,70,2025,4,2025-04-01,0,1.0,2.0,2.0,2.0,0.0,10.0,10,0.6667,0.6633,66.33,1,HIGH
GRID_N20_E120,20,120,2025,5,2025-05-01,0,0.0,0.0,0.0,2.0,0.0,18.0,14,0.0,0.663,66.3,1,HIGH
GRID_S20_E050,-20,50,2025,7,2025-07-01,0,0.0,0.0,1.0,1.0,0.0,19.0,16,0.0,0.6627,66.27,1,HIGH
GRID_N30_E040,30,40,2025,9,2025-09-01,2,0.0,0.0,0.0,0.0,0.0,2.0,2,0.0,0.6622,66.22,1,HIGH
GRID_S50_W080,-50,-80,2025,1,2025-01-01,2,0.0,0.0,0.0,0.0,0.1,6.0,5,0.0,0.6616,66.16,1,HIGH
GRID_N00_E090,0,90,2025,8,2025-08-01,0,1.0,2.0,2.0,2.0,0.1,9.0,9,0.6667,0.6614,66.14,1,HIGH
GRID_N60_E110,60,110,2025,6,2025-06-01,0,0.0,0.0,0.0,15.0,0.0,15.0,2,0.0,0.6613,66.13,1,HIGH
GRID_S20_W180,-20,-180,2025,8,2025-08-01,0,0.0,0.0,1.0,3.0,0.1,17.0,15,0.0,0.66,66.0,1,HIGH
GRID_S30_E050,-30,50,2025,6,2025-06-01,0,0.0,0.0,0.0,0.0,0.1,15.0,15,0.0,0.6591,65.91,1,HIGH
GRID_N10_E150,10,150,2025,7,2025-07-01,0,0.0,0.0,0.0,1.0,0.1,18.0,14,0.0,0.659,65.9,1,HIGH
GRID_N10_E140,10,140,2025,2,2025-02-01,0,0.0,0.0,5.0,5.0,0.1,30.0,19,0.0,0.6587,65.87,1,HIGH
GRID_N30_W050,30,-50,2025,6,2025-06-01,1,0.0,0.0,0.0,0.0,0.0,11.0,8,0.0,0.6587,65.87,1,HIGH
GRID_S20_E170,-20,170,2025,6,2025-06-01,0,0.0,0.0,2.0,2.0,0.0,17.0,15,0.0,0.6577,65.77,1,HIGH
GRID_S30_W070,-30,-70,2025,3,2025-03-01,1,0.0,2.0,2.0,4.0,0.0,6.0,5,0.4,0.6572,65.72,1,HIGH
GRID_N10_E040,10,40,2025,11,2025-11-01,1,0.0,2.0,3.0,3.0,0.0,8.0,7,0.5,0.6571,65.71,1,HIGH
GRID_N30_E070,30,70,2025,5,2025-05-01,2,0.0,0.0,0.0,0.0,0.0,0.0,0,0.0,0.6571,65.71,1,HIGH
GRID_S40_E010,-40,10,2025,6,2025-06-01,1,0.0,2.0,3.0,3.0,0.0,4.0,3,0.5,0.6563,65.63,1,HIGH
GRID_S40_E150,-40,150,2025,5,2025-05-01,1,1.0,1.0,1.0,1.0,0.0,3.0,3,0.5,0.656,65.6,1,HIGH
GRID_S20_W050,-20,-50,2025,10,2025-10-01,1,69.0,98.0,98.0,105.0,0.7,173.0,7,0.9245,0.6555,65.55,1,HIGH
GRID_N10_E080,10,80,2025,3,2025-03-01,0,0.0,0.0,2.0,3.0,0.1,17.0,16,0.0,0.6548,65.48,1,HIGH
GRID_S40_E140,-40,140,2025,3,2025-03-01,0,4.0,8.0,8.0,8.0,0.1,17.0,9,0.8889,0.6547,65.47,1,HIGH
GRID_S40_E020,-40,20,2025,7,2025-07-01,0,0.0,0.0,0.0,12.0,0.1,14.0,5,0.0,0.6546,65.46,1,HIGH
GRID_N30_W070,30,-70,2025,8,2025-08-01,1,0.0,0.0,0.0,0.0,0.1,8.0,8,0.0,0.6543,65.43,1,HIGH
GRID_N20_E090,20,90,2025,7,2025-07-01,1,0.0,3.0,31.0,31.0,0.1,34.0,7,0.0938,0.654,65.4,1,HIGH
GRID_S20_E040,-20,40,2025,5,2025-05-01,0,0.0,1.0,4.0,8.0,0.0,15.0,11,0.1111,0.6535,65.35,1,HIGH
GRID_N30_E030,30,30,2025,8,2025-08-01,0,5.0,7.0,7.0,7.0,0.1,13.0,7,0.875,0.6534,65.34,1,HIGH
GRID_S20_W180,-20,-180,2025,9,2025-09-01,0,0.0,0.0,0.0,3.0,0.1,17.0,15,0.0,0.6524,65.24,1,HIGH
GRID_N10_E150,10,150,2025,6,2025-06-01,0,0.0,0.0,0.0,1.0,0.0,18.0,14,0.0,0.6521,65.21,1,HIGH
GRID_S20_E080,-20,80,2025,6,2025-06-01,0,0.0,1.0,1.0,1.0,0.0,10.0,10,0.5,0.6516,65.16,1,HIGH
GRID_S20_E060,-20,60,2025,6,2025-06-01,0,0.0,0.0,2.0,2.0,0.0,16.0,15,0.0,0.6515,65.15,1,HIGH
GRID_N10_W160,10,-160,2025,11,2025-11-01,1,0.0,0.0,0.0,1.0,0.1,11.0,11,0.0,0.6507,65.07,1,HIGH
GRID_N50_E000,50,0,2025,6,2025-06-01,1,1.0,1.0,1.0,1.0,0.0,2.0,2,0.5,0.6507,65.07,1,HIGH
GRID_N10_W070,10,-70,2025,5,2025-05-01,1,0.0,0.0,0.0,0.0,0.0,8.0,8,0.0,0.6503,65.03,1,HIGH
GRID_N60_E110,60,110,2025,5,2025-05-01,0,0.0,0.0,0.0,15.0,0.0,15.0,2,0.0,0.6503,65.03,1,HIGH
GRID_S20_W080,-20,-80,2025,5,2025-05-01,1,0.0,0.0,0.0,1.0,0.1,8.0,7,0.0,0.6495,64.95,1,HIGH
GRID_S20_E050,-20,50,2025,1,2025-01-01,0,0.0,0.0,0.0,3.0,0.4,18.0,15,0.0,0.6494,64.94,1,HIGH
GRID_N30_E130,30,130,2025,2,2025-02-01,0,0.0,0.0,1.0,1.0,0.2,18.0,17,0.0,0.6487,64.87,1,HIGH
GRID_N20_E140,20,140,2025,1,2025-01-01,0,0.0,0.0,1.0,1.0,0.0,23.0,19,0.0,0.6484,64.84,1,HIGH
GRID_S30_E150,-30,150,2025,7,2025-07-01,0,0.0,2.0,2.0,4.0,0.0,10.0,9,0.4,0.6479,64.79,1,HIGH
GRID_S20_W180,-20,-180,2025,7,2025-07-01,0,0.0,0.0,2.0,3.0,0.0,17.0,15,0.0,0.6468,64.68,1,HIGH
GRID_S30_E150,-30,150,2025,5,2025-05-01,0,2.0,2.0,2.0,5.0,0.0,10.0,9,0.3333,0.6468,64.68,1,HIGH
GRID_N30_W010,30,-10,2025,4,2025-04-01,1,0.0,0.0,0.0,0.0,0.0,14.0,9,0.0,0.6459,64.59,1,HIGH
GRID_N20_E130,20,130,2025,7,2025-07-01,0,0.0,0.0,0.0,2.0,0.3,11.0,11,0.0,0.6444,64.44,1,HIGH
GRID_S20_E050,-20,50,2025,8,2025-08-01,0,0.0,0.0,1.0,1.0,0.0,19.0,16,0.0,0.6443,64.43,1,HIGH
GRID_N10_E150,10,150,2025,1,2025-01-01,0,0.0,1.0,1.0,1.0,0.0,18.0,14,0.5,0.6442,64.42,1,HIGH
GRID_S40_E170,-40,170,2025,7,2025-07-01,1,0.0,0.0,1.0,1.0,0.0,7.0,7,0.0,0.6442,64.42,1,HIGH
GRID_N30_E130,30,130,2025,1,2025-01-01,0,0.0,0.0,1.0,1.0,0.3,18.0,17,0.0,0.644,64.4,1,HIGH
GRID_N10_E010,10,10,2025,9,2025-09-01,0,0.0,2.0,5.0,13.0,0.0,13.0,8,0.1429,0.6421,64.21,1,HIGH
GRID_S20_E060,-20,60,2025,9,2025-09-01,0,0.0,0.0,0.0,2.0,0.0,16.0,15,0.0,0.6419,64.19,1,HIGH
GRID_N60_E130,60,130,2025,8,2025-08-01,1,1.0,1.0,1.0,3.0,0.2,23.0,4,0.25,0.6417,64.17,1,HIGH
GRID_S10_E080,-10,80,2025,7,2025-07-01,1,0.0,0.0,0.0,0.0,0.0,7.0,7,0.0,0.6416,64.16,1,HIGH
GRID_N00_W070,0,-70,2025,6,2025-06-01,1,0.0,6.0,15.0,15.0,0.0,16.0,4,0.375,0.6413,64.13,1,HIGH
GRID_S20_E080,-20,80,2025,5,2025-05-01,0,0.0,1.0,1.0,1.0,0.0,10.0,10,0.5,0.6405,64.05,1,HIGH
GRID_S20_E060,-20,60,2025,5,2025-05-01,0,0.0,0.0,2.0,2.0,0.0,16.0,15,0.0,0.6403,64.03,1,HIGH
GRID_N20_E120,20,120,2025,4,2025-04-01,0,0.0,0.0,0.0,2.0,0.0,18.0,14,0.0,0.6402,64.02,1,HIGH
GRID_S20_E080,-20,80,2025,3,2025-03-01,1,0.0,0.0,0.0,0.0,0.1,9.0,9,0.0,0.6399,63.99,1,HIGH
GRID_S20_E090,-20,90,2025,6,2025-06-01,0,0.0,1.0,2.0,3.0,0.0,12.0,11,0.25,0.6393,63.93,1,HIGH
GRID_S20_E080,-20,80,2025,4,2025-04-01,0,1.0,1.0,1.0,1.0,0.2,10.0,10,0.5,0.6391,63.91,1,HIGH
GRID_N40_E110,40,110,2025,5,2025-05-01,1,0.0,1.0,1.0,4.0,0.0,4.0,2,0.2,0.6387,63.87,1,HIGH
GRID_S30_W070,-30,-70,2025,1,2025-01-01,2,0.0,0.0,2.0,2.0,0.0,4.0,4,0.0,0.6383,63.83,1,HIGH
GRID_S30_E050,-30,50,2025,5,2025-05-01,0,0.0,0.0,0.0,0.0,0.0,15.0,15,0.0,0.6369,63.69,1,HIGH
GRID_S20_E050,-20,50,2025,9,2025-09-01,0,0.0,0.0,0.0,1.0,0.0,19.0,16,0.0,0.6365,63.65,1,HIGH
GRID_S30_E050,-30,50,2025,4,2025-04-01,0,0.0,0.0,0.0,0.0,0.2,15.0,15,0.0,0.636,63.6,1,HIGH
GRID_N10_E150,10,150,2025,10,2025-10-01,0,0.0,0.0,0.0,1.0,0.6,18.0,14,0.0,0.6359,63.59,1,HIGH
GRID_S10_E060,-10,60,2025,9,2025-09-01,1,1.0,1.0,1.0,1.0,0.0,5.0,4,0.5,0.6359,63.59,1,HIGH
GRID_N10_W040,10,-40,2025,4,2025-04-01,0,0.0,0.0,1.0,3.0,0.0,15.0,14,0.0,0.635,63.5,1,HIGH
GRID_S30_W050,-30,-50,2025,3,2025-03-01,0,0.0,0.0,18.0,35.0,0.0,35.0,4,0.0,0.6348,63.48,1,HIGH
GRID_N20_E120,20,120,2025,3,2025-03-01,0,0.0,0.0,0.0,2.0,0.2,18.0,14,0.0,0.6339,63.39,1,HIGH
GRID_N40_E070,40,70,2025,7,2025-07-01,1,1.0,1.0,1.0,2.0,0.0,2.0,2,0.3333,0.6339,63.39,1,HIGH
GRID_S20_E110,-20,110,2025,1,2025-01-01,1,0.0,0.0,0.0,0.0,0.2,11.0,10,0.0,0.633,63.3,1,HIGH
GRID_S30_E030,-30,30,2025,2,2025-02-01,1,0.0,0.0,10.0,12.0,0.2,16.0,8,0.0,0.6328,63.28,1,HIGH
GRID_S30_E150,-30,150,2025,10,2025-10-01,0,6.0,6.0,8.0,9.0,0.2,16.0,10,0.6,0.6324,63.24,1,HIGH
GRID_S20_E100,-20,100,2025,5,2025-05-01,0,0.0,2.0,2.0,2.0,0.0,9.0,8,0.6667,0.6319,63.19,1,HIGH
GRID_N10_W130,10,-130,2025,10,2025-10-01,0,0.0,1.0,1.0,2.0,0.0,16.0,14,0.3333,0.6314,63.14,1,HIGH
GRID_S20_E150,-20,150,2025,6,2025-06-01,0,0.0,0.0,1.0,1.0,0.0,16.0,14,0.0,0.6304,63.04,1,HIGH
GRID_N10_E010,10,10,2025,10,2025-10-01,0,0.0,0.0,3.0,13.0,0.1,13.0,8,0.0,0.6299,62.99,1,HIGH
GRID_S20_E070,-20,70,2025,6,2025-06-01,0,0.0,0.0,1.0,1.0,0.0,14.0,14,0.0,0.6296,62.96,1,HIGH
GRID_N30_W050,30,-50,2025,8,2025-08-01,0,0.0,1.0,1.0,1.0,0.3,12.0,9,0.5,0.6294,62.94,1,HIGH
GRID_N10_E010,10,10,2025,8,2025-08-01,0,0.0,2.0,7.0,13.0,0.0,13.0,8,0.1429,0.6288,62.88,1,HIGH
GRID_N50_W130,50,-130,2025,9,2025-09-01,1,7.0,16.0,20.0,20.0,0.0,174.0,19,0.7619,0.6285,62.85,1,HIGH
GRID_N60_W110,60,-110,2025,8,2025-08-01,1,0.0,0.0,0.0,4.0,0.4,5.0,2,0.0,0.6283,62.83,1,HIGH
GRID_N00_W080,0,-80,2025,1,2025-01-01,1,0.0,0.0,1.0,1.0,0.0,11.0,11,0.0,0.6278,62.78,1,HIGH
GRID_N30_E020,30,20,2025,5,2025-05-01,0,0.0,0.0,0.0,3.0,0.1,21.0,12,0.0,0.6278,62.78,1,HIGH
GRID_S20_E070,-20,70,2025,8,2025-08-01,0,0.0,0.0,0.0,1.0,0.0,14.0,14,0.0,0.6277,62.77,1,HIGH
GRID_N10_W130,10,-130,2025,11,2025-11-01,0,0.0,1.0,1.0,2.0,0.2,16.0,14,0.3333,0.6275,62.75,1,HIGH
GRID_S40_E150,-40,150,2025,11,2025-11-01,1,0.0,2.0,4.0,5.0,0.1,7.0,6,0.3333,0.6275,62.75,1,HIGH
GRID_N20_E080,20,80,2025,6,2025-06-01,1,0.0,1.0,1.0,1.0,0.0,1.0,1,0.5,0.6271,62.71,1,HIGH
GRID_N40_E020,40,20,2025,9,2025-09-01,0,2.0,12.0,19.0,19.0,0.0,31.0,11,0.6,0.6271,62.71,1,HIGH
GRID_N60_E110,60,110,2025,4,2025-04-01,0,0.0,0.0,0.0,15.0,0.0,15.0,2,0.0,0.6271,62.71,1,HIGH
GRID_N20_E090,20,90,2025,9,2025-09-01,1,0.0,1.0,31.0,32.0,0.0,35.0,8,0.0303,0.6268,62.68,1,HIGH
GRID_N20_W110,20,-110,2025,8,2025-08-01,0,0.0,12.0,24.0,24.0,0.1,33.0,11,0.48,0.6267,62.67,1,HIGH
GRID_S40_E020,-40,20,2025,6,2025-06-01,0,0.0,0.0,1.0,12.0,0.0,14.0,5,0.0,0.6266,62.66,1,HIGH
GRID_S20_E150,-20,150,2025,7,2025-07-01,0,0.0,0.0,1.0,1.0,0.0,16.0,14,0.0,0.6262,62.62,1,HIGH
GRID_N40_E000,40,0,2025,3,2025-03-01,0,0.0,0.0,0.0,0.0,0.1,27.0,17,0.0,0.6261,62.61,1,HIGH
GRID_N30_W050,30,-50,2025,7,2025-07-01,0,1.0,1.0,1.0,1.0,0.1,12.0,9,0.5,0.6254,62.54,1,HIGH
GRID_S20_E070,-20,70,2025,7,2025-07-01,0,0.0,0.0,1.0,1.0,0.0,14.0,14,0.0,0.6254,62.54,1,HIGH
GRID_S40_E170,-40,170,2025,9,2025-09-01,0,1.0,2.0,2.0,3.0,0.2,9.0,9,0.5,0.6253,62.53,1,HIGH
GRID_S30_E050,-30,50,2025,8,2025-08-01,0,0.0,0.0,0.0,0.0,0.0,15.0,15,0.0,0.6251,62.51,1,HIGH
GRID_N00_E130,0,130,2025,9,2025-09-01,1,0.0,0.0,0.0,0.0,0.0,8.0,8,0.0,0.6245,62.45,1,HIGH
GRID_N40_E120,40,120,2025,5,2025-05-01,1,0.0,1.0,1.0,1.0,0.0,1.0,1,0.5,0.6237,62.37,1,HIGH
GRID_N10_W130,10,-130,2025,5,2025-05-01,0,0.0,0.0,1.0,3.0,0.0,15.0,13,0.0,0.6234,62.34,1,HIGH
GRID_N10_E070,10,70,2025,7,2025-07-01,0,0.0,1.0,3.0,3.0,0.0,11.0,11,0.25,0.622,62.2,1,HIGH
GRID_S20_E040,-20,40,2025,1,2025-01-01,0,3.0,6.0,7.0,7.0,0.2,14.0,10,0.75,0.622,62.2,1,HIGH
GRID_N10_E010,10,10,2025,7,2025-07-01,0,2.0,3.0,9.0,13.0,0.0,13.0,8,0.2143,0.6215,62.15,1,HIGH
GRID_N50_W160,50,-160,2025,5,2025-05-01,0,0.0,0.0,0.0,7.0,0.3,12.0,7,0.0,0.6214,62.14,1,HIGH
GRID_N10_E070,10,70,2025,10,2025-10-01,0,0.0,1.0,2.0,4.0,0.2,12.0,12,0.2,0.6213,62.13,1,HIGH
GRID_N30_E120,30,120,2025,9,2025-09-01,1,2.0,3.0,7.0,7.0,0.0,8.0,4,0.375,0.6213,62.13,1,HIGH
GRID_S40_E140,-40,140,2025,4,2025-04-01,0,0.0,6.0,8.0,8.0,0.0,17.0,9,0.6667,0.6213,62.13,1,HIGH
GRID_N10_W070,10,-70,2025,6,2025-06-01,0,1.0,1.0,1.0,1.0,0.0,9.0,9,0.5,0.621,62.1,1,HIGH
GRID_S20_W180,-20,-180,2025,10,2025-10-01,0,0.0,0.0,0.0,3.0,0.1,17.0,15,0.0,0.6208,62.08,1,HIGH
GRID_N60_E150,60,150,2025,6,2025-06-01,0,0.0,0.0,0.0,9.0,0.9,9.0,1,0.0,0.6199,61.99,1,HIGH
GRID_N10_E150,10,150,2025,5,2025-05-01,0,0.0,0.0,1.0,1.0,0.0,18.0,14,0.0,0.6198,61.98,1,HIGH
GRID_S20_E100,-20,100,2025,4,2025-04-01,0,0.0,2.0,2.0,2.0,0.1,9.0,8,0.6667,0.6197,61.97,1,HIGH
GRID_N40_E040,40,40,2025,7,2025-07-01,1,0.0,0.0,0.0,2.0,0.0,5.0,4,0.0,0.6194,61.94,1,HIGH
GRID_S80_W170,-80,-170,2025,7,2025-07-01,2,0.0,0.0,0.0,0.0,0.0,0.0,0,0.0,0.6192,61.92,1,HIGH
GRID_S30_E050,-30,50,2025,9,2025-09-01,0,0.0,0.0,0.0,0.0,0.2,15.0,15,0.0,0.6185,61.85,1,HIGH
GRID_S10_E030,-10,30,2025,2,2025-02-01,0,0.0,0.0,55.0,70.0,0.1,72.0,7,0.0,0.6184,61.84,1,HIGH
GRID_S20_E070,-20,70,2025,5,2025-05-01,0,0.0,0.0,1.0,1.0,0.0,14.0,14,0.0,0.6181,61.81,1,HIGH
GRID_N60_E140,60,140,2025,8,2025-08-01,0,0.0,0.0,0.0,9.0,0.9,20.0,3,0.0,0.6174,61.74,1,HIGH
GRID_N10_W070,10,-70,2025,7,2025-07-01,0,0.0,1.0,1.0,1.0,0.0,9.0,9,0.5,0.6173,61.73,1,HIGH
GRID_S40_E120,-40,120,2025,2,2025-02-01,1,1.0,2.0,2.0,2.0,0.0,3.0,3,0.6667,0.6167,61.67,1,HIGH
GRID_N60_W030,60,-30,2025,4,2025-04-01,1,0.0,0.0,2.0,3.0,0.0,7.0,6,0.0,0.6164,61.64,1,HIGH
GRID_S20_E170,-20,170,2025,11,2025-11-01,0,0.0,0.0,1.0,3.0,0.0,18.0,16,0.0,0.616,61.6,1,HIGH
GRID_S40_E020,-40,20,2025,5,2025-05-01,0,0.0,0.0,1.0,12.0,0.0,14.0,5,0.0,0.6151,61.51,1,HIGH
GRID_N20_E130,20,130,2025,6,2025-06-01,0,0.0,0.0,0.0,2.0,0.0,11.0,11,0.0,0.6148,61.48,1,HIGH
GRID_S40_E140,-40,140,2025,9,2025-09-01,0,0.0,0.0,0.0,8.0,0.0,17.0,9,0.0,0.6145,61.45,1,HIGH
GRID_N20_E130,20,130,2025,8,2025-08-01,0,0.0,0.0,0.0,2.0,0.2,11.0,11,0.0,0.6142,61.42,1,HIGH
GRID_N20_E110,20,110,2025,7,2025-07-01,1,0.0,0.0,0.0,0.0,0.1,5.0,5,0.0,0.6135,61.35,1,HIGH
GRID_S40_E110,-40,110,2025,3,2025-03-01,0,3.0,5.0,10.0,10.0,0.1,15.0,11,0.4545,0.6133,61.33,1,HIGH
GRID_S20_E100,-20,100,2025,3,2025-03-01,0,2.0,2.0,2.0,2.0,0.3,9.0,8,0.6667,0.6123,61.23,1,HIGH
GRID_N30_W050,30,-50,2025,9,2025-09-01,0,0.0,1.0,1.0,1.0,0.4,12.0,9,0.5,0.6114,61.14,1,HIGH
GRID_N10_E150,10,150,2025,9,2025-09-01,0,0.0,0.0,0.0,1.0,0.1,18.0,14,0.0,0.6113,61.13,1,HIGH
GRID_N10_W050,10,-50,2025,11,2025-11-01,0,2.0,3.0,3.0,3.0,0.0,15.0,11,0.75,0.6113,61.13,1,HIGH
GRID_N40_E000,40,0,2025,2,2025-02-01,0,0.0,0.0,0.0,0.0,0.2,27.0,17,0.0,0.611,61.1,1,HIGH
GRID_S40_W070,-40,-70,2025,9,2025-09-01,0,1.0,1.0,3.0,11.0,0.5,12.0,6,0.0833,0.6103,61.03,1,HIGH
GRID_N10_E020,10,20,2025,8,2025-08-01,1,1.0,1.0,2.0,3.0,0.0,3.0,3,0.25,0.6099,60.99,1,HIGH
GRID_S20_E060,-20,60,2025,10,2025-10-01,0,0.0,0.0,0.0,2.0,0.0,16.0,15,0.0,0.6099,60.99,1,HIGH
GRID_N10_W010,10,-10,2025,6,2025-06-01,0,0.0,0.0,10.0,20.0,0.0,20.0,5,0.0,0.6094,60.94,1,HIGH
GRID_N50_W160,50,-160,2025,6,2025-06-01,0,0.0,0.0,0.0,5.0,0.5,12.0,7,0.0,0.6093,60.93,1,HIGH
GRID_N10_E070,10,70,2025,9,2025-09-01,0,1.0,1.0,3.0,4.0,0.0,12.0,12,0.2,0.6087,60.87,1,HIGH
GRID_S10_E120,-10,120,2025,5,2025-05-01,0,0.0,1.0,1.0,1.0,0.1,8.0,8,0.5,0.6085,60.85,1,HIGH
GRID_S20_W080,-20,-80,2025,6,2025-06-01,0,1.0,1.0,1.0,1.0,0.2,9.0,8,0.5,0.6083,60.83,1,HIGH
GRID_N00_E090,0,90,2025,6,2025-06-01,0,1.0,1.0,1.0,1.0,0.0,8.0,8,0.5,0.6079,60.79,1,HIGH
GRID_S20_E090,-20,90,2025,7,2025-07-01,0,0.0,0.0,1.0,3.0,0.1,12.0,11,0.0,0.6079,60.79,1,HIGH
GRID_S20_E090,-20,90,2025,2,2025-02-01,0,0.0,2.0,2.0,3.0,0.2,11.0,10,0.5,0.607,60.7,1,HIGH
GRID_S20_E150,-20,150,2025,8,2025-08-01,0,0.0,0.0,1.0,1.0,0.0,16.0,14,0.0,0.607,60.7,1,HIGH
GRID_S30_E050,-30,50,2025,3,2025-03-01,0,0.0,0.0,0.0,0.0,0.2,15.0,15,0.0,0.6069,60.69,1,HIGH
GRID_S20_E110,-20,110,2025,8,2025-08-01,0,0.0,0.0,2.0,3.0,0.0,14.0,13,0.0,0.6068,60.68,1,HIGH
GRID_S20_E090,-20,90,2025,5,2025-05-01,0,0.0,1.0,3.0,3.0,0.0,12.0,11,0.25,0.6064,60.64,1,HIGH
GRID_N40_E000,40,0,2025,1,2025-01-01,0,0.0,0.0,0.0,0.0,0.3,27.0,17,0.0,0.6062,60.62,1,HIGH
GRID_N60_W160,60,-160,2025,8,2025-08-01,0,8.0,31.0,31.0,31.0,0.3,82.0,10,0.9688,0.6059,60.59,1,HIGH
GRID_S20_E110,-20,110,2025,7,2025-07-01,0,0.0,0.0,3.0,3.0,0.0,14.0,13,0.0,0.6045,60.45,1,HIGH
GRID_S20_E050,-20,50,2025,10,2025-10-01,0,0.0,0.0,0.0,1.0,0.0,19.0,16,0.0,0.6043,60.43,1,HIGH
GRID_N30_E000,30,0,2025,7,2025-07-01,0,1.0,2.0,2.0,2.0,0.1,7.0,6,0.6667,0.6037,60.37,1,HIGH
GRID_N20_E130,20,130,2025,5,2025-05-01,0,0.0,0.0,0.0,2.0,0.0,11.0,11,0.0,0.6031,60.31,1,HIGH
GRID_N50_E010,50,10,2025,8,2025-08-01,0,2.0,3.0,4.0,4.0,0.1,8.0,7,0.6,0.6016,60.16,1,HIGH
GRID_S20_E090,-20,90,2025,1,2025-01-01,0,1.0,2.0,2.0,3.0,0.3,11.0,10,0.5,0.6016,60.16,1,HIGH
GRID_N00_W080,0,-80,2025,3,2025-03-01,0,0.0,1.0,2.0,2.0,0.1,12.0,12,0.3333,0.6007,60.07,1,HIGH
GRID_N10_E040,10,40,2025,7,2025-07-01,1,0.0,0.0,0.0,1.0,0.1,5.0,4,0.0,0.6005,60.05,1,HIGH
GRID_N10_W160,10,-160,2025,6,2025-06-01,0,0.0,0.0,1.0,3.0,0.1,11.0,11,0.0,0.6003,60.03,1,HIGH
GRID_N10_W130,10,-130,2025,4,2025-04-01,0,0.0,0.0,1.0,3.0,0.0,15.0,13,0.0,0.5995,59.95,1,ELEVATED
GRID_S20_E040,-20,40,2025,4,2025-04-01,0,1.0,1.0,7.0,8.0,0.3,15.0,11,0.1111,0.5995,59.95,1,ELEVATED
GRID_S70_E080,-70,80,2025,6,2025-06-01,0,0.0,2.0,2.0,2.0,0.0,10.0,7,0.6667,0.5994,59.94,1,ELEVATED
GRID_N20_W060,20,-60,2025,9,2025-09-01,1,0.0,0.0,0.0,0.0,0.1,7.0,7,0.0,0.5992,59.92,1,ELEVATED
GRID_S20_E150,-20,150,2025,9,2025-09-01,0,0.0,0.0,0.0,1.0,0.0,16.0,14,0.0,0.5989,59.89,1,ELEVATED
GRID_N60_W030,60,-30,2025,8,2025-08-01,0,1.0,1.0,2.0,5.0,0.2,9.0,8,0.1667,0.5987,59.87,1,ELEVATED
GRID_S20_E110,-20,110,2025,9,2025-09-01,0,0.0,0.0,1.0,3.0,0.0,14.0,13,0.0,0.5987,59.87,1,ELEVATED
GRID_N10_W160,10,-160,2025,8,2025-08-01,0,0.0,0.0,0.0,2.0,0.3,11.0,11,0.0,0.598,59.8,1,ELEVATED
GRID_S20_E070,-20,70,2025,9,2025-09-01,0,0.0,0.0,0.0,1.0,0.0,14.0,14,0.0,0.598,59.8,1,ELEVATED
GRID_N60_E110,60,110,2025,3,2025-03-01,0,0.0,0.0,0.0,15.0,0.0,15.0,2,0.0,0.5977,59.77,1,ELEVATED
GRID_N50_W100,50,-100,2025,9,2025-09-01,0,3.0,63.0,76.0,76.0,0.0,235.0,27,0.8182,0.5975,59.75,1,ELEVATED
GRID_N00_E010,0,10,2025,9,2025-09-01,0,3.0,3.0,3.0,12.0,0.0,13.0,5,0.2308,0.5964,59.64,1,ELEVATED
GRID_N30_E000,30,0,2025,8,2025-08-01,0,0.0,2.0,2.0,2.0,0.2,7.0,6,0.6667,0.5962,59.62,1,ELEVATED
GRID_N10_E150,10,150,2025,4,2025-04-01,0,0.0,0.0,1.0,1.0,0.0,18.0,14,0.0,0.5958,59.58,1,ELEVATED
GRID_N20_E130,20,130,2025,9,2025-09-01,0,0.0,0.0,0.0,1.0,0.5,11.0,11,0.0,0.5955,59.55,1,ELEVATED
GRID_N30_E030,30,30,2025,6,2025-06-01,0,2.0,2.0,2.0,2.0,0.0,8.0,6,0.6667,0.5954,59.54,1,ELEVATED
GRID_N30_W070,30,-70,2025,9,2025-09-01,0,1.0,1.0,1.0,1.0,0.2,9.0,9,0.5,0.5953,59.53,1,ELEVATED
GRID_S70_E080,-70,80,2025,7,2025-07-01,0,0.0,2.0,2.0,2.0,0.0,10.0,7,0.6667,0.5951,59.51,1,ELEVATED
GRID_N50_E100,50,100,2025,7,2025-07-01,0,1.0,4.0,4.0,5.0,0.1,5.0,4,0.6667,0.5944,59.44,1,ELEVATED
GRID_N10_W160,10,-160,2025,7,2025-07-01,0,0.0,0.0,0.0,2.0,0.1,11.0,11,0.0,0.5943,59.43,1,ELEVATED
GRID_S20_W180,-20,-180,2025,11,2025-11-01,0,0.0,0.0,0.0,3.0,0.1,17.0,15,0.0,0.5937,59.37,1,ELEVATED
GRID_N30_E020,30,20,2025,4,2025-04-01,0,0.0,0.0,0.0,3.0,0.0,21.0,12,0.0,0.5924,59.24,1,ELEVATED
GRID_S30_E050,-30,50,2025,2,2025-02-01,0,0.0,0.0,0.0,0.0,0.3,15.0,15,0.0,0.5915,59.15,1,ELEVATED
GRID_N10_W030,10,-30,2025,10,2025-10-01,0,0.0,1.0,1.0,1.0,0.1,14.0,11,0.5,0.591,59.1,1,ELEVATED
GRID_S40_E020,-40,20,2025,4,2025-04-01,0,0.0,0.0,1.0,12.0,0.0,14.0,5,0.0,0.591,59.1,1,ELEVATED
GRID_S40_E140,-40,140,2025,5,2025-05-01,0,0.0,4.0,8.0,8.0,0.0,17.0,9,0.4444,0.591,59.1,1,ELEVATED
GRID_N00_E090,0,90,2025,11,2025-11-01,1,0.0,0.0,2.0,2.0,0.0,9.0,9,0.0,0.5897,58.97,1,ELEVATED
GRID_S40_E150,-40,150,2025,7,2025-07-01,0,1.0,3.0,3.0,3.0,0.0,5.0,5,0.75,0.5892,58.92,1,ELEVATED
GRID_S30_E110,-30,110,2025,3,2025-03-01,1,0.0,1.0,2.0,2.0,0.0,4.0,4,0.3333,0.589,58.9,1,ELEVATED
GRID_N10_W070,10,-70,2025,9,2025-09-01,0,1.0,1.0,2.0,2.0,0.3,10.0,10,0.3333,0.5882,58.82,1,ELEVATED
GRID_S20_E110,-20,110,2025,10,2025-10-01,0,0.0,0.0,0.0,3.0,0.0,14.0,13,0.0,0.5877,58.77,1,ELEVATED
GRID_N10_E030,10,30,2025,8,2025-08-01,0,1.0,1.0,7.0,16.0,0.0,16.0,5,0.0588,0.5867,58.67,1,ELEVATED
GRID_S70_E080,-70,80,2025,5,2025-05-01,0,2.0,2.0,2.0,2.0,0.0,10.0,7,0.6667,0.5866,58.66,1,ELEVATED
GRID_N00_W070,0,-70,2025,7,2025-07-01,1,1.0,1.0,16.0,16.0,0.0,17.0,5,0.0588,0.586,58.6,1,ELEVATED
GRID_N10_E150,10,150,2025,11,2025-11-01,0,0.0,0.0,0.0,1.0,0.4,18.0,14,0.0,0.586,58.6,1,ELEVATED
GRID_N40_E130,40,130,2025,2,2025-02-01,2,0.0,0.0,0.0,0.0,0.0,0.0,0,0.0,0.5856,58.56,1,ELEVATED
GRID_N10_W150,10,-150,2025,8,2025-08-01,0,2.0,2.0,2.0,3.0,0.2,8.0,7,0.5,0.5852,58.52,1,ELEVATED
GRID_N10_W150,10,-150,2025,9,2025-09-01,0,0.0,2.0,2.0,2.0,0.3,8.0,7,0.6667,0.585,58.5,1,ELEVATED
GRID_N50_E120,50,120,2025,8,2025-08-01,0,0.0,10.0,10.0,21.0,0.1,102.0,8,0.4545,0.5844,58.44,1,ELEVATED
GRID_N10_E090,10,90,2025,1,2025-01-01,0,0.0,0.0,0.0,1.0,0.3,15.0,14,0.0,0.5833,58.33,1,ELEVATED
GRID_N10_E070,10,70,2025,2,2025-02-01,1,0.0,0.0,0.0,0.0,0.0,8.0,8,0.0,0.583,58.3,1,ELEVATED
GRID_N00_W070,0,-70,2025,9,2025-09-01,0,0.0,2.0,8.0,17.0,0.0,18.0,6,0.1111,0.5826,58.26,1,ELEVATED
GRID_N10_W040,10,-40,2025,10,2025-10-01,0,0.0,0.0,0.0,1.0,0.2,15.0,14,0.0,0.5826,58.26,1,ELEVATED
GRID_S20_E060,-20,60,2025,11,2025-11-01,0,0.0,0.0,0.0,2.0,0.0,16.0,15,0.0,0.5826,58.26,1,ELEVATED
GRID_N20_W080,20,-80,2025,11,2025-11-01,0,1.0,3.0,3.0,3.0,0.1,10.0,9,0.75,0.5821,58.21,1,ELEVATED
GRID_S20_E090,-20,90,2025,4,2025-04-01,0,1.0,1.0,3.0,3.0,0.0,12.0,11,0.25,0.5817,58.17,1,ELEVATED
GRID_S40_E140,-40,140,2025,10,2025-10-01,0,0.0,0.0,0.0,8.0,0.0,17.0,9,0.0,0.5816,58.16,1,ELEVATED
GRID_S20_W080,-20,-80,2025,7,2025-07-01,0,0.0,1.0,1.0,1.0,0.0,9.0,8,0.5,0.5812,58.12,1,ELEVATED
GRID_S40_W070,-40,-70,2025,6,2025-06-01,0,2.0,2.0,3.0,10.0,0.0,11.0,5,0.1818,0.5811,58.11,1,ELEVATED
GRID_N60_W030,60,-30,2025,6,2025-06-01,0,0.0,1.0,1.0,4.0,0.0,8.0,7,0.2,0.581,58.1,1,ELEVATED
GRID_S10_E080,-10,80,2025,8,2025-08-01,0,1.0,1.0,1.0,1.0,0.0,8.0,8,0.5,0.5807,58.07,1,ELEVATED
GRID_N50_W100,50,-100,2025,3,2025-03-01,0,0.0,0.0,0.0,9.0,0.0,159.0,23,0.0,0.5802,58.02,1,ELEVATED
GRID_N30_E110,30,110,2025,6,2025-06-01,1,0.0,0.0,0.0,1.0,0.2,2.0,2,0.0,0.58,58.0,1,ELEVATED
GRID_N10_W040,10,-40,2025,1,2025-01-01,0,0.0,1.0,3.0,3.0,0.0,15.0,14,0.25,0.5799,57.99,1,ELEVATED
GRID_S30_W060,-30,-60,2025,10,2025-10-01,1,1.0,1.0,4.0,8.0,0.3,66.0,9,0.1111,0.5794,57.94,1,ELEVATED
GRID_N20_E130,20,130,2025,4,2025-04-01,0,0.0,0.0,0.0,2.0,0.0,11.0,11,0.0,0.5788,57.88,1,ELEVATED
GRID_S40_W070,-40,-70,2025,7,2025-07-01,0,0.0,2.0,3.0,10.0,0.0,11.0,5,0.1818,0.5777,57.77,1,ELEVATED
GRID_S30_E030,-30,30,2025,3,2025-03-01,0,1.0,1.0,7.0,13.0,0.0,17.0,9,0.0714,0.5773,57.73,1,ELEVATED
GRID_S20_E050,-20,50,2025,11,2025-11-01,0,0.0,0.0,0.0,1.0,0.0,19.0,16,0.0,0.5769,57.69,1,ELEVATED
GRID_S20_E150,-20,150,2025,1,2025-01-01,0,0.0,0.0,0.0,2.0,0.3,15.0,13,0.0,0.5769,57.69,1,ELEVATED
GRID_N10_W160,10,-160,2025,5,2025-05-01,0,0.0,0.0,1.0,3.0,0.0,11.0,11,0.0,0.5768,57.68,1,ELEVATED
GRID_S20_E090,-20,90,2025,8,2025-08-01,0,0.0,0.0,1.0,3.0,0.0,12.0,11,0.0,0.5766,57.66,1,ELEVATED
GRID_N20_E100,20,100,2025,9,2025-09-01,0,1.0,3.0,6.0,6.0,0.0,9.0,9,0.4286,0.576,57.6,1,ELEVATED
GRID_S30_E050,-30,50,2025,1,2025-01-01,0,0.0,0.0,0.0,1.0,0.1,15.0,15,0.0,0.5753,57.53,1,ELEVATED
GRID_N20_E110,20,110,2025,8,2025-08-01,0,1.0,1.0,1.0,1.0,0.3,6.0,6,0.5,0.5749,57.49,1,ELEVATED
GRID_S30_E050,-30,50,2025,10,2025-10-01,0,0.0,0.0,0.0,0.0,0.1,15.0,15,0.0,0.574,57.4,1,ELEVATED
GRID_N60_W020,60,-20,2025,9,2025-09-01,1,1.0,1.0,1.0,1.0,0.0,1.0,1,0.5,0.5734,57.34,1,ELEVATED
GRID_N10_E010,10,10,2025,5,2025-05-01,0,1.0,5.0,10.0,11.0,0.0,11.0,7,0.4167,0.5732,57.32,1,ELEVATED
GRID_N20_W160,20,-160,2025,7,2025-07-01,0,0.0,0.0,0.0,1.0,0.4,13.0,10,0.0,0.5732,57.32,1,ELEVATED
GRID_N00_W080,0,-80,2025,2,2025-02-01,0,1.0,1.0,2.0,2.0,0.1,12.0,12,0.3333,0.5731,57.31,1,ELEVATED
GRID_S20_W080,-20,-80,2025,8,2025-08-01,0,0.0,1.0,1.0,1.0,0.1,9.0,8,0.5,0.5731,57.31,1,ELEVATED
GRID_S10_E120,-10,120,2025,4,2025-04-01,0,0.0,1.0,1.0,1.0,0.0,8.0,8,0.5,0.5725,57.25,1,ELEVATED
GRID_N10_W130,10,-130,2025,3,2025-03-01,0,0.0,0.0,1.0,3.0,0.0,15.0,13,0.0,0.5694,56.94,1,ELEVATED
GRID_N10_W060,10,-60,2025,8,2025-08-01,0,0.0,0.0,0.0,1.0,0.4,10.0,10,0.0,0.5693,56.93,1,ELEVATED
GRID_S20_E030,-20,30,2025,11,2025-11-01,3,0.0,53.0,53.0,53.0,0.0,235.0,8,0.9815,0.5692,56.92,1,ELEVATED
GRID_S30_E130,-30,130,2025,3,2025-03-01,0,2.0,23.0,68.0,75.0,0.0,75.0,8,0.3026,0.567,56.7,1,ELEVATED
GRID_N00_W070,0,-70,2025,1,2025-01-01,2,0.0,0.0,0.0,0.0,0.0,1.0,1,0.0,0.5669,56.69,1,ELEVATED
GRID_N20_E070,20,70,2025,6,2025-06-01,1,0.0,0.0,0.0,3.0,0.0,3.0,1,0.0,0.5666,56.66,1,ELEVATED
GRID_S20_E150,-20,150,2025,10,2025-10-01,0,0.0,0.0,0.0,1.0,0.0,16.0,14,0.0,0.5657,56.57,1,ELEVATED
GRID_N10_E150,10,150,2025,3,2025-03-01,0,0.0,0.0,1.0,1.0,0.0,18.0,14,0.0,0.5656,56.56,1,ELEVATED
GRID_N10_W060,10,-60,2025,7,2025-07-01,0,0.0,0.0,0.0,1.0,0.2,10.0,10,0.0,0.5656,56.56,1,ELEVATED
GRID_N40_W080,40,-80,2025,5,2025-05-01,1,0.0,0.0,5.0,5.0,0.1,8.0,4,0.0,0.5648,56.48,1,ELEVATED
GRID_S20_E070,-20,70,2025,10,2025-10-01,0,0.0,0.0,0.0,1.0,0.0,14.0,14,0.0,0.5648,56.48,1,ELEVATED
GRID_N30_E140,30,140,2025,8,2025-08-01,1,0.0,0.0,0.0,1.0,0.3,4.0,2,0.0,0.5639,56.39,1,ELEVATED
GRID_N50_W010,50,-10,2025,6,2025-06-01,1,0.0,0.0,0.0,0.0,0.1,3.0,3,0.0,0.5637,56.37,1,ELEVATED
GRID_S10_W080,-10,-80,2025,2,2025-02-01,0,0.0,0.0,1.0,1.0,0.1,15.0,15,0.0,0.5628,56.28,1,ELEVATED
GRID_S50_E170,-50,170,2025,7,2025-07-01,0,1.0,2.0,2.0,2.0,0.0,6.0,5,0.6667,0.5627,56.27,1,ELEVATED
GRID_N50_W160,50,-160,2025,4,2025-04-01,0,0.0,0.0,0.0,7.0,0.0,12.0,7,0.0,0.5622,56.22,1,ELEVATED
GRID_N00_E140,0,140,2025,11,2025-11-01,1,0.0,0.0,0.0,0.0,0.0,9.0,8,0.0,0.562,56.2,1,ELEVATED
GRID_N10_W160,10,-160,2025,3,2025-03-01,0,0.0,1.0,2.0,3.0,0.0,11.0,11,0.25,0.562,56.2,1,ELEVATED
GRID_N10_W040,10,-40,2025,3,2025-03-01,0,0.0,0.0,3.0,3.0,0.0,15.0,14,0.0,0.5616,56.16,1,ELEVATED
GRID_N20_E100,20,100,2025,11,2025-11-01,0,2.0,3.0,6.0,8.0,0.0,11.0,10,0.3333,0.5611,56.11,1,ELEVATED
GRID_N00_E130,0,130,2025,10,2025-10-01,0,1.0,1.0,1.0,1.0,0.1,9.0,9,0.5,0.5609,56.09,1,ELEVATED
GRID_N10_W070,10,-70,2025,11,2025-11-01,0,1.0,2.0,3.0,3.0,0.0,11.0,11,0.5,0.5606,56.06,1,ELEVATED
GRID_N00_E030,0,30,2025,6,2025-06-01,0,2.0,8.0,59.0,63.0,0.0,64.0,9,0.125,0.5605,56.05,1,ELEVATED
GRID_N50_W120,50,-120,2025,10,2025-10-01,0,0.0,2.0,20.0,20.0,0.1,112.0,23,0.0952,0.5603,56.03,1,ELEVATED
GRID_S20_E110,-20,110,2025,11,2025-11-01,0,0.0,0.0,0.0,3.0,0.0,14.0,13,0.0,0.56,56.0,1,ELEVATED
GRID_N10_W130,10,-130,2025,2,2025-02-01,0,0.0,1.0,3.0,3.0,0.0,15.0,13,0.25,0.5598,55.98,1,ELEVATED
GRID_N50_W120,50,-120,2025,1,2025-01-01,0,0.0,0.0,41.0,44.0,0.0,92.0,19,0.0,0.5593,55.93,1,ELEVATED
GRID_S30_E110,-30,110,2025,1,2025-01-01,1,0.0,1.0,1.0,1.0,0.0,3.0,3,0.5,0.559,55.9,1,ELEVATED
GRID_N30_E000,30,0,2025,5,2025-05-01,1,0.0,0.0,0.0,0.0,0.0,5.0,4,0.0,0.5584,55.84,1,ELEVATED
GRID_S10_W080,-10,-80,2025,1,2025-01-01,0,0.0,0.0,1.0,1.0,0.2,15.0,15,0.0,0.5578,55.78,1,ELEVATED
GRID_S10_E120,-10,120,2025,2,2025-02-01,1,0.0,0.0,0.0,0.0,0.0,7.0,7,0.0,0.5572,55.72,1,ELEVATED
GRID_N40_E150,40,150,2025,6,2025-06-01,0,0.0,0.0,0.0,0.0,0.1,11.0,10,0.0,0.5568,55.68,1,ELEVATED
GRID_S40_E140,-40,140,2025,8,2025-08-01,0,0.0,0.0,4.0,8.0,0.0,17.0,9,0.0,0.5564,55.64,1,ELEVATED
GRID_S60_W040,-60,-40,2025,5,2025-05-01,0,1.0,1.0,1.0,1.0,0.5,22.0,7,0.5,0.5564,55.64,1,ELEVATED
GRID_N60_W170,60,-170,2025,5,2025-05-01,0,0.0,0.0,0.0,8.0,0.2,10.0,4,0.0,0.5561,55.61,1,ELEVATED
GRID_N10_W160,10,-160,2025,9,2025-09-01,0,0.0,0.0,0.0,2.0,0.2,11.0,11,0.0,0.5557,55.57,1,ELEVATED
GRID_S40_E170,-40,170,2025,11,2025-11-01,0,1.0,2.0,3.0,4.0,0.1,10.0,10,0.4,0.5556,55.56,1,ELEVATED
GRID_N40_W090,40,-90,2025,10,2025-10-01,0,1.0,1.0,10.0,20.0,0.1,53.0,9,0.0476,0.5553,55.53,1,ELEVATED
GRID_N10_E040,10,40,2025,10,2025-10-01,0,1.0,3.0,3.0,3.0,0.0,8.0,7,0.75,0.5552,55.52,1,ELEVATED
GRID_N10_W020,10,-20,2025,3,2025-03-01,0,3.0,11.0,11.0,11.0,0.0,13.0,5,0.9167,0.5541,55.41,1,ELEVATED
GRID_S40_E140,-40,140,2025,11,2025-11-01,0,0.0,0.0,0.0,8.0,0.0,17.0,9,0.0,0.5538,55.38,1,ELEVATED
GRID_N30_E030,30,30,2025,9,2025-09-01,0,0.0,5.0,7.0,7.0,0.0,13.0,7,0.625,0.5535,55.35,1,ELEVATED
GRID_S10_E120,-10,120,2025,3,2025-03-01,0,1.0,1.0,1.0,1.0,0.1,8.0,8,0.5,0.5535,55.35,1,ELEVATED
GRID_S30_E110,-30,110,2025,11,2025-11-01,1,0.0,0.0,2.0,4.0,0.0,7.0,6,0.0,0.5526,55.26,1,ELEVATED
GRID_N40_E150,40,150,2025,7,2025-07-01,0,0.0,0.0,0.0,0.0,0.1,11.0,10,0.0,0.5524,55.24,1,ELEVATED
GRID_N40_W080,40,-80,2025,7,2025-07-01,0,0.0,1.0,1.0,6.0,0.1,9.0,5,0.1429,0.5523,55.23,1,ELEVATED
GRID_N10_W160,10,-160,2025,4,2025-04-01,0,0.0,0.0,1.0,3.0,0.0,11.0,11,0.0,0.5521,55.21,1,ELEVATED
GRID_N10_W030,10,-30,2025,11,2025-11-01,0,0.0,1.0,1.0,1.0,0.0,14.0,11,0.5,0.5514,55.14,1,ELEVATED
GRID_S40_E130,-40,130,2025,5,2025-05-01,0,0.0,2.0,2.0,2.0,0.0,7.0,5,0.6667,0.5512,55.12,1,ELEVATED
GRID_N00_W070,0,-70,2025,4,2025-04-01,0,6.0,15.0,15.0,15.0,0.0,16.0,4,0.9375,0.5507,55.07,1,ELEVATED
GRID_N30_W070,30,-70,2025,10,2025-10-01,0,0.0,1.0,1.0,1.0,0.1,9.0,9,0.5,0.5505,55.05,1,ELEVATED
GRID_S10_E080,-10,80,2025,9,2025-09-01,0,0.0,1.0,1.0,1.0,0.0,8.0,8,0.5,0.5505,55.05,1,ELEVATED
GRID_N10_E030,10,30,2025,6,2025-06-01,0,0.0,3.0,9.0,15.0,0.0,15.0,4,0.1875,0.5495,54.95,1,ELEVATED
GRID_S30_W070,-30,-70,2025,4,2025-04-01,0,1.0,3.0,3.0,5.0,0.0,7.0,6,0.5,0.5477,54.77,1,ELEVATED
GRID_N20_E150,20,150,2025,7,2025-07-01,0,0.0,0.0,0.0,1.0,0.3,8.0,8,0.0,0.5473,54.73,1,ELEVATED
GRID_N00_E000,0,0,2025,8,2025-08-01,0,0.0,2.0,2.0,7.0,0.0,9.0,5,0.25,0.5468,54.68,1,ELEVATED
GRID_N00_W070,0,-70,2025,5,2025-05-01,0,0.0,13.0,15.0,15.0,0.0,16.0,4,0.8125,0.5467,54.67,1,ELEVATED
GRID_N10_W060,10,-60,2025,6,2025-06-01,0,0.0,0.0,0.0,1.0,0.0,10.0,10,0.0,0.5461,54.61,1,ELEVATED
GRID_S20_E090,-20,90,2025,9,2025-09-01,0,0.0,0.0,1.0,3.0,0.0,12.0,11,0.0,0.5458,54.58,1,ELEVATED
GRID_N00_E100,0,100,2025,7,2025-07-01,1,0.0,0.0,0.0,0.0,0.0,3.0,3,0.0,0.5452,54.52,1,ELEVATED
GRID_N40_E150,40,150,2025,5,2025-05-01,0,0.0,0.0,0.0,0.0,0.1,11.0,10,0.0,0.5448,54.48,1,ELEVATED
GRID_N40_W080,40,-80,2025,6,2025-06-01,0,1.0,1.0,1.0,6.0,0.0,9.0,5,0.1429,0.5443,54.43,1,ELEVATED
GRID_N40_E150,40,150,2025,8,2025-08-01,0,0.0,0.0,0.0,0.0,0.2,11.0,10,0.0,0.5442,54.42,1,ELEVATED
GRID_N60_W160,60,-160,2025,9,2025-09-01,0,0.0,31.0,31.0,31.0,0.0,82.0,10,0.9688,0.5439,54.39,1,ELEVATED
GRID_N30_E030,30,30,2025,10,2025-10-01,0,0.0,5.0,7.0,7.0,0.2,13.0,7,0.625,0.5436,54.36,1,ELEVATED
GRID_N50_W160,50,-160,2025,3,2025-03-01,0,0.0,0.0,0.0,7.0,0.1,12.0,7,0.0,0.5435,54.35,1,ELEVATED
GRID_N10_W130,10,-130,2025,1,2025-01-01,0,0.0,1.0,3.0,3.0,0.0,15.0,13,0.25,0.5428,54.28,1,ELEVATED
GRID_N50_E010,50,10,2025,4,2025-04-01,1,0.0,0.0,0.0,0.0,0.0,4.0,4,0.0,0.5424,54.24,1,ELEVATED
GRID_S30_E150,-30,150,2025,8,2025-08-01,0,0.0,0.0,2.0,4.0,0.1,10.0,9,0.0,0.5418,54.18,1,ELEVATED
GRID_N60_W120,60,-120,2025,2,2025-02-01,0,0.0,0.0,12.0,26.0,0.0,26.0,3,0.0,0.5407,54.07,1,ELEVATED
GRID_N10_E020,10,20,2025,7,2025-07-01,1,0.0,0.0,1.0,2.0,0.0,2.0,2,0.0,0.5406,54.06,1,ELEVATED
GRID_N20_W070,20,-70,2025,8,2025-08-01,1,0.0,0.0,0.0,0.0,0.0,4.0,4,0.0,0.5403,54.03,1,ELEVATED
GRID_N30_E020,30,20,2025,3,2025-03-01,0,0.0,0.0,1.0,3.0,0.0,21.0,12,0.0,0.5396,53.96,1,ELEVATED
GRID_N00_E090,0,90,2025,9,2025-09-01,0,0.0,1.0,2.0,2.0,0.0,9.0,9,0.3333,0.5394,53.94,1,ELEVATED
GRID_N20_E120,20,120,2025,2,2025-02-01,0,0.0,0.0,2.0,2.0,0.0,18.0,14,0.0,0.5394,53.94,1,ELEVATED
GRID_N20_E150,20,150,2025,8,2025-08-01,0,0.0,0.0,0.0,1.0,0.4,8.0,8,0.0,0.5391,53.91,1,ELEVATED
GRID_N40_E030,40,30,2025,10,2025-10-01,0,1.0,3.0,5.0,5.0,0.2,13.0,8,0.5,0.5391,53.91,1,ELEVATED
GRID_N50_E020,50,20,2025,9,2025-09-01,0,1.0,3.0,3.0,3.0,0.0,8.0,5,0.75,0.5387,53.87,1,ELEVATED
GRID_S20_E150,-20,150,2025,11,2025-11-01,0,0.0,0.0,0.0,1.0,0.0,16.0,14,0.0,0.5376,53.76,1,ELEVATED
GRID_S40_W060,-40,-60,2025,6,2025-06-01,1,0.0,0.0,0.0,0.0,0.1,3.0,3,0.0,0.5374,53.74,1,ELEVATED
GRID_S20_E070,-20,70,2025,11,2025-11-01,0,0.0,0.0,0.0,1.0,0.0,14.0,14,0.0,0.5367,53.67,1,ELEVATED
GRID_N30_E120,30,120,2025,6,2025-06-01,0,0.0,4.0,4.0,4.0,0.0,5.0,2,0.8,0.5359,53.59,1,ELEVATED
GRID_N60_W150,60,-150,2025,11,2025-11-01,0,0.0,1.0,32.0,35.0,0.0,113.0,21,0.0278,0.5359,53.59,1,ELEVATED
GRID_S40_E170,-40,170,2025,1,2025-01-01,1,0.0,0.0,0.0,1.0,0.0,6.0,6,0.0,0.5359,53.59,1,ELEVATED
GRID_N10_W050,10,-50,2025,6,2025-06-01,0,0.0,0.0,0.0,1.0,0.2,12.0,9,0.0,0.5355,53.55,1,ELEVATED
GRID_S60_W040,-60,-40,2025,11,2025-11-01,0,1.0,5.0,7.0,8.0,0.0,29.0,11,0.5556,0.5349,53.49,1,ELEVATED
GRID_S30_E110,-30,110,2025,8,2025-08-01,0,0.0,2.0,3.0,5.0,0.0,7.0,6,0.3333,0.5347,53.47,1,ELEVATED
GRID_N20_W060,20,-60,2025,10,2025-10-01,0,1.0,1.0,1.0,1.0,0.2,8.0,8,0.5,0.5346,53.46,1,ELEVATED
GRID_S20_E090,-20,90,2025,10,2025-10-01,0,0.0,0.0,0.0,3.0,0.0,12.0,11,0.0,0.5345,53.45,1,ELEVATED
GRID_N10_W160,10,-160,2025,2,2025-02-01,0,0.0,1.0,2.0,3.0,0.0,11.0,11,0.25,0.5343,53.43,1,ELEVATED
GRID_N20_E120,20,120,2025,1,2025-01-01,0,0.0,0.0,2.0,2.0,0.1,18.0,14,0.0,0.5343,53.43,1,ELEVATED
GRID_N10_W060,10,-60,2025,5,2025-05-01,0,0.0,0.0,0.0,1.0,0.0,10.0,10,0.0,0.534,53.4,1,ELEVATED
GRID_S30_E050,-30,50,2025,11,2025-11-01,0,0.0,0.0,0.0,0.0,0.0,15.0,15,0.0,0.534,53.4,1,ELEVATED
GRID_N10_W040,10,-40,2025,2,2025-02-01,0,0.0,0.0,3.0,3.0,0.0,15.0,14,0.0,0.5338,53.38,1,ELEVATED
GRID_N00_E010,0,10,2025,4,2025-04-01,0,0.0,8.0,9.0,9.0,0.0,10.0,4,0.8,0.5335,53.35,1,ELEVATED
GRID_N40_E020,40,20,2025,3,2025-03-01,0,0.0,0.0,0.0,6.0,0.1,12.0,7,0.0,0.533,53.3,1,ELEVATED
GRID_N40_W010,40,-10,2025,3,2025-03-01,0,0.0,0.0,9.0,9.0,0.2,29.0,13,0.0,0.5323,53.23,1,ELEVATED
GRID_N40_W090,40,-90,2025,7,2025-07-01,0,0.0,9.0,18.0,20.0,0.1,52.0,8,0.4286,0.5318,53.18,1,ELEVATED
GRID_N00_E070,0,70,2025,10,2025-10-01,1,0.0,0.0,0.0,1.0,0.2,4.0,4,0.0,0.5317,53.17,1,ELEVATED
GRID_N40_W090,40,-90,2025,9,2025-09-01,1,0.0,0.0,18.0,19.0,0.0,52.0,8,0.0,0.5316,53.16,1,ELEVATED
GRID_S40_E140,-40,140,2025,7,2025-07-01,0,0.0,0.0,6.0,8.0,0.0,17.0,9,0.0,0.5314,53.14,1,ELEVATED
GRID_S30_E110,-30,110,2025,7,2025-07-01,0,2.0,2.0,4.0,5.0,0.0,7.0,6,0.3333,0.5313,53.13,1,ELEVATED
GRID_S10_W040,-10,-40,2025,11,2025-11-01,1,0.0,1.0,1.0,1.0,0.1,2.0,2,0.5,0.5312,53.12,1,ELEVATED
GRID_S40_E120,-40,120,2025,1,2025-01-01,1,1.0,1.0,1.0,1.0,0.0,2.0,2,0.5,0.5311,53.11,1,ELEVATED
GRID_S50_W080,-50,-80,2025,4,2025-04-01,0,0.0,2.0,2.0,2.0,0.0,8.0,6,0.6667,0.5306,53.06,1,ELEVATED
GRID_N60_E110,60,110,2025,8,2025-08-01,0,0.0,0.0,0.0,7.0,0.7,15.0,2,0.0,0.5303,53.03,1,ELEVATED
GRID_N20_W160,20,-160,2025,6,2025-06-01,0,0.0,0.0,0.0,1.0,0.0,13.0,10,0.0,0.5298,52.98,1,ELEVATED
GRID_S10_E030,-10,30,2025,10,2025-10-01,0,3.0,18.0,21.0,23.0,0.2,93.0,12,0.75,0.5292,52.92,1,ELEVATED
GRID_N40_E070,40,70,2025,6,2025-06-01,1,0.0,0.0,0.0,1.0,0.0,1.0,1,0.0,0.5291,52.91,1,ELEVATED
GRID_N60_W030,60,-30,2025,9,2025-09-01,0,0.0,1.0,2.0,4.0,0.0,9.0,8,0.2,0.5289,52.89,1,ELEVATED
GRID_N20_W160,20,-160,2025,8,2025-08-01,0,0.0,0.0,0.0,0.0,0.4,13.0,10,0.0,0.5287,52.87,1,ELEVATED
GRID_S10_E080,-10,80,2025,10,2025-10-01,0,0.0,1.0,1.0,1.0,0.1,8.0,8,0.5,0.5285,52.85,1,ELEVATED
GRID_N00_W010,0,-10,2025,5,2025-05-01,1,0.0,2.0,22.0,22.0,0.0,22.0,3,0.087,0.5284,52.84,1,ELEVATED
GRID_N30_E120,30,120,2025,10,2025-10-01,0,1.0,4.0,4.0,8.0,0.0,9.0,5,0.4444,0.5282,52.82,1,ELEVATED
GRID_N50_W100,50,-100,2025,10,2025-10-01,0,0.0,52.0,76.0,76.0,0.0,235.0,27,0.6753,0.5278,52.78,1,ELEVATED
GRID_S40_E170,-40,170,2025,4,2025-04-01,0,0.0,1.0,1.0,2.0,0.0,7.0,7,0.3333,0.5263,52.63,1,ELEVATED
GRID_N00_E010,0,10,2025,3,2025-03-01,0,4.0,9.0,9.0,9.0,0.0,10.0,4,0.9,0.5262,52.62,1,ELEVATED
GRID_S40_E130,-40,130,2025,4,2025-04-01,0,0.0,2.0,2.0,2.0,0.0,7.0,5,0.6667,0.5262,52.62,1,ELEVATED
GRID_N30_E120,30,120,2025,7,2025-07-01,1,0.0,0.0,4.0,4.0,0.0,5.0,2,0.0,0.5259,52.59,1,ELEVATED
GRID_N20_E130,20,130,2025,3,2025-03-01,0,0.0,0.0,1.0,2.0,0.0,11.0,11,0.0,0.5257,52.57,1,ELEVATED
GRID_N10_E020,10,20,2025,2,2025-02-01,1,0.0,1.0,1.0,1.0,0.0,1.0,1,0.5,0.5256,52.56,1,ELEVATED
GRID_N50_W130,50,-130,2025,10,2025-10-01,1,1.0,8.0,21.0,21.0,0.0,175.0,20,0.3636,0.5254,52.54,1,ELEVATED
GRID_N60_W150,60,-150,2025,10,2025-10-01,0,0.0,5.0,35.0,35.0,0.0,113.0,21,0.1389,0.5249,52.49,1,ELEVATED
GRID_S20_E080,-20,80,2025,7,2025-07-01,0,0.0,0.0,1.0,1.0,0.0,10.0,10,0.0,0.5245,52.45,1,ELEVATED
GRID_N30_E120,30,120,2025,5,2025-05-01,0,0.0,4.0,4.0,4.0,0.0,5.0,2,0.8,0.5238,52.38,1,ELEVATED
GRID_N50_E010,50,10,2025,5,2025-05-01,0,1.0,1.0,1.0,1.0,0.0,5.0,5,0.5,0.5238,52.38,1,ELEVATED
GRID_S50_W080,-50,-80,2025,11,2025-11-01,1,0.0,0.0,0.0,2.0,0.0,8.0,6,0.0,0.5236,52.36,1,ELEVATED
GRID_N40_W010,40,-10,2025,1,2025-01-01,0,0.0,0.0,9.0,9.0,0.5,29.0,13,0.0,0.5234,52.34,1,ELEVATED
GRID_N60_W030,60,-30,2025,5,2025-05-01,0,1.0,1.0,3.0,4.0,0.0,8.0,7,0.2,0.5234,52.34,1,ELEVATED
GRID_S20_E040,-20,40,2025,2,2025-02-01,0,0.0,3.0,7.0,7.0,0.0,14.0,10,0.375,0.5229,52.29,1,ELEVATED
GRID_N10_W050,10,-50,2025,8,2025-08-01,0,0.0,0.0,0.0,1.0,0.3,12.0,9,0.0,0.5228,52.28,1,ELEVATED
GRID_N50_E100,50,100,2025,8,2025-08-01,0,0.0,3.0,4.0,4.0,0.0,5.0,4,0.6,0.5218,52.18,1,ELEVATED
GRID_N00_E130,0,130,2025,11,2025-11-01,0,0.0,1.0,1.0,1.0,0.0,9.0,9,0.5,0.5212,52.12,1,ELEVATED
GRID_S60_W040,-60,-40,2025,6,2025-06-01,0,0.0,1.0,1.0,1.0,0.1,22.0,7,0.5,0.521,52.1,1,ELEVATED
GRID_N10_W080,10,-80,2025,2,2025-02-01,0,0.0,1.0,1.0,1.0,0.0,11.0,9,0.5,0.5202,52.02,1,ELEVATED
GRID_N00_E150,0,150,2025,7,2025-07-01,0,0.0,0.0,0.0,0.0,0.1,9.0,9,0.0,0.52,52.0,1,ELEVATED
GRID_N40_W080,40,-80,2025,8,2025-08-01,0,0.0,1.0,1.0,6.0,0.0,9.0,5,0.1429,0.52,52.0,1,ELEVATED
GRID_N30_E000,30,0,2025,11,2025-11-01,0,2.0,4.0,6.0,6.0,0.1,11.0,8,0.5714,0.5196,51.96,1,ELEVATED
GRID_N10_W050,10,-50,2025,7,2025-07-01,0,0.0,0.0,0.0,1.0,0.1,12.0,9,0.0,0.519,51.9,1,ELEVATED
GRID_N20_W110,20,-110,2025,10,2025-10-01,0,0.0,0.0,20.0,24.0,0.0,33.0,11,0.0,0.5188,51.88,1,ELEVATED
GRID_S20_E090,-20,90,2025,11,2025-11-01,0,0.0,0.0,0.0,3.0,0.1,12.0,11,0.0,0.5183,51.83,1,ELEVATED
GRID_N20_W110,20,-110,2025,9,2025-09-01,0,0.0,1.0,22.0,24.0,0.0,33.0,11,0.04,0.5178,51.78,1,ELEVATED
GRID_N20_W160,20,-160,2025,5,2025-05-01,0,0.0,0.0,0.0,1.0,0.0,13.0,10,0.0,0.5176,51.76,1,ELEVATED
GRID_N50_E010,50,10,2025,11,2025-11-01,0,1.0,3.0,6.0,7.0,0.0,11.0,9,0.375,0.5176,51.76,1,ELEVATED
GRID_N40_E110,40,110,2025,6,2025-06-01,0,1.0,2.0,2.0,5.0,0.0,5.0,3,0.3333,0.5173,51.73,1,ELEVATED
GRID_N50_E000,50,0,2025,10,2025-10-01,0,2.0,6.0,8.0,8.0,0.0,9.0,6,0.6667,0.5168,51.68,1,ELEVATED
GRID_N10_W160,10,-160,2025,1,2025-01-01,0,1.0,1.0,2.0,3.0,0.0,11.0,11,0.25,0.5167,51.67,1,ELEVATED
GRID_N20_E160,20,160,2025,9,2025-09-01,1,0.0,0.0,0.0,0.0,0.1,3.0,3,0.0,0.5162,51.62,1,ELEVATED
GRID_S30_E140,-30,140,2025,3,2025-03-01,0,2.0,31.0,59.0,62.0,0.0,62.0,7,0.4921,0.5159,51.59,1,ELEVATED
GRID_N20_E150,20,150,2025,6,2025-06-01,0,0.0,0.0,0.0,1.0,0.0,8.0,8,0.0,0.5157,51.57,1,ELEVATED
GRID_S10_E060,-10,60,2025,8,2025-08-01,1,0.0,0.0,0.0,0.0,0.0,4.0,3,0.0,0.5156,51.56,1,ELEVATED
GRID_N10_W150,10,-150,2025,10,2025-10-01,0,0.0,2.0,2.0,2.0,0.0,8.0,7,0.6667,0.5153,51.53,1,ELEVATED
GRID_S60_W040,-60,-40,2025,4,2025-04-01,1,0.0,0.0,0.0,0.0,0.0,21.0,6,0.0,0.5149,51.49,1,ELEVATED
GRID_N10_W030,10,-30,2025,6,2025-06-01,0,0.0,0.0,0.0,0.0,0.0,13.0,10,0.0,0.5147,51.47,1,ELEVATED
GRID_S40_E010,-40,10,2025,5,2025-05-01,0,0.0,3.0,3.0,3.0,0.0,4.0,3,0.75,0.5145,51.45,1,ELEVATED
GRID_N40_E150,40,150,2025,9,2025-09-01,0,0.0,0.0,0.0,0.0,0.2,11.0,10,0.0,0.5131,51.31,1,ELEVATED
GRID_N60_E100,60,100,2025,7,2025-07-01,0,0.0,0.0,0.0,6.0,0.6,6.0,1,0.0,0.5128,51.28,1,ELEVATED
GRID_N00_E150,0,150,2025,6,2025-06-01,0,0.0,0.0,0.0,0.0,0.0,9.0,9,0.0,0.5123,51.23,1,ELEVATED
GRID_N00_E150,0,150,2025,5,2025-05-01,0,0.0,0.0,0.0,0.0,0.1,9.0,9,0.0,0.5122,51.22,1,ELEVATED
GRID_N00_E000,0,0,2025,3,2025-03-01,0,0.0,5.0,5.0,5.0,0.0,7.0,4,0.8333,0.5121,51.21,1,ELEVATED
GRID_S10_E130,-10,130,2025,5,2025-05-01,1,0.0,0.0,0.0,0.0,0.0,2.0,2,0.0,0.5118,51.18,1,ELEVATED
GRID_S50_W080,-50,-80,2025,3,2025-03-01,0,0.0,2.0,2.0,2.0,0.1,8.0,6,0.6667,0.5118,51.18,1,ELEVATED
GRID_S40_E010,-40,10,2025,11,2025-11-01,1,0.0,0.0,1.0,4.0,0.0,5.0,4,0.0,0.5117,51.17,1,ELEVATED
GRID_N10_W030,10,-30,2025,7,2025-07-01,0,0.0,0.0,0.0,0.0,0.0,13.0,10,0.0,0.5102,51.02,1,ELEVATED
GRID_N30_W070,30,-70,2025,11,2025-11-01,0,0.0,1.0,1.0,1.0,0.0,9.0,9,0.5,0.5102,51.02,1,ELEVATED
GRID_N60_W170,60,-170,2025,7,2025-07-01,0,1.0,1.0,1.0,1.0,0.1,11.0,5,0.5,0.5102,51.02,1,ELEVATED
GRID_N40_E120,40,120,2025,6,2025-06-01,0,1.0,2.0,2.0,2.0,0.0,2.0,2,0.6667,0.5097,50.97,1,ELEVATED
GRID_S40_E120,-40,120,2025,3,2025-03-01,0,1.0,3.0,3.0,3.0,0.1,4.0,4,0.75,0.5095,50.95,1,ELEVATED
GRID_N10_W060,10,-60,2025,4,2025-04-01,0,0.0,0.0,0.0,1.0,0.0,10.0,10,0.0,0.5089,50.89,1,ELEVATED
GRID_N20_E110,20,110,2025,9,2025-09-01,0,0.0,1.0,1.0,1.0,0.0,6.0,6,0.5,0.5084,50.84,1,ELEVATED
GRID_N50_W120,50,-120,2025,11,2025-11-01,0,0.0,1.0,20.0,20.0,0.0,112.0,23,0.0476,0.5078,50.78,1,ELEVATED
GRID_N40_E150,40,150,2025,4,2025-04-01,0,0.0,0.0,0.0,0.0,0.0,11.0,10,0.0,0.5076,50.76,1,ELEVATED
GRID_N60_W170,60,-170,2025,4,2025-04-01,0,0.0,0.0,0.0,8.0,0.0,10.0,4,0.0,0.507,50.7,1,ELEVATED
GRID_S50_W080,-50,-80,2025,2,2025-02-01,0,2.0,2.0,2.0,2.0,0.3,8.0,6,0.6667,0.5069,50.69,1,ELEVATED
GRID_N20_W060,20,-60,2025,11,2025-11-01,0,0.0,1.0,1.0,1.0,0.2,8.0,8,0.5,0.5068,50.68,1,ELEVATED
GRID_N10_W040,10,-40,2025,11,2025-11-01,0,0.0,0.0,0.0,0.0,0.0,15.0,14,0.0,0.5062,50.62,1,ELEVATED
GRID_N40_E040,40,40,2025,8,2025-08-01,0,1.0,1.0,1.0,3.0,0.1,6.0,5,0.25,0.5059,50.59,1,ELEVATED
GRID_N00_E090,0,90,2025,10,2025-10-01,0,0.0,1.0,2.0,2.0,0.0,9.0,9,0.3333,0.5053,50.53,1,ELEVATED
GRID_N50_E020,50,20,2025,10,2025-10-01,0,0.0,3.0,3.0,3.0,0.0,8.0,5,0.75,0.5051,50.51,1,ELEVATED
GRID_N60_E140,60,140,2025,2,2025-02-01,0,0.0,0.0,9.0,20.0,0.0,20.0,3,0.0,0.5048,50.48,1,ELEVATED
GRID_N20_W160,20,-160,2025,4,2025-04-01,0,0.0,0.0,0.0,1.0,0.1,13.0,10,0.0,0.5045,50.45,1,ELEVATED
GRID_S20_E080,-20,80,2025,8,2025-08-01,0,0.0,0.0,1.0,1.0,0.0,10.0,10,0.0,0.5042,50.42,1,ELEVATED
GRID_N50_W010,50,-10,2025,7,2025-07-01,0,1.0,1.0,1.0,1.0,0.0,4.0,4,0.5,0.5036,50.36,1,ELEVATED
GRID_S30_E110,-30,110,2025,9,2025-09-01,0,0.0,2.0,3.0,5.0,0.0,7.0,6,0.3333,0.5036,50.36,1,ELEVATED
GRID_N20_E150,20,150,2025,5,2025-05-01,0,0.0,0.0,0.0,1.0,0.0,8.0,8,0.0,0.5035,50.35,1,ELEVATED
GRID_N50_W160,50,-160,2025,2,2025-02-01,0,0.0,0.0,0.0,7.0,0.0,12.0,7,0.0,0.5035,50.35,1,ELEVATED
GRID_S50_E170,-50,170,2025,4,2025-04-01,1,0.0,0.0,0.0,0.0,0.0,4.0,3,0.0,0.5035,50.35,1,ELEVATED
GRID_N10_W080,10,-80,2025,1,2025-01-01,0,0.0,1.0,1.0,1.0,0.0,11.0,9,0.5,0.5031,50.31,1,ELEVATED
GRID_N10_W030,10,-30,2025,5,2025-05-01,0,0.0,0.0,0.0,0.0,0.0,13.0,10,0.0,0.5025,50.25,1,ELEVATED
GRID_N60_W120,60,-120,2025,10,2025-10-01,0,1.0,15.0,16.0,16.0,0.0,42.0,7,0.8824,0.5024,50.24,1,ELEVATED
GRID_N10_W060,10,-60,2025,9,2025-09-01,0,0.0,0.0,0.0,0.0,0.3,10.0,10,0.0,0.5019,50.19,1,ELEVATED
GRID_S30_E120,-30,120,2025,2,2025-02-01,0,8.0,10.0,12.0,13.0,0.0,13.0,5,0.7143,0.5015,50.15,1,ELEVATED
GRID_N60_E150,60,150,2025,5,2025-05-01,0,0.0,0.0,0.0,9.0,0.0,9.0,1,0.0,0.5012,50.12,1,ELEVATED
GRID_N10_W020,10,-20,2025,4,2025-04-01,0,0.0,7.0,11.0,11.0,0.0,13.0,5,0.5833,0.5011,50.11,1,ELEVATED
GRID_S40_E150,-40,150,2025,9,2025-09-01,0,2.0,3.0,5.0,5.0,0.0,7.0,6,0.5,0.5008,50.08,1,ELEVATED
GRID_S30_W070,-30,-70,2025,6,2025-06-01,0,0.0,1.0,3.0,5.0,0.0,7.0,6,0.1667,0.5005,50.05,1,ELEVATED
GRID_S40_E010,-40,10,2025,4,2025-04-01,0,2.0,3.0,3.0,3.0,0.1,4.0,3,0.75,0.5005,50.05,1,ELEVATED
GRID_N00_E000,0,0,2025,4,2025-04-01,0,0.0,4.0,5.0,5.0,0.0,7.0,4,0.6667,0.5004,50.04,1,ELEVATED
GRID_N00_E150,0,150,2025,4,2025-04-01,0,0.0,0.0,0.0,0.0,0.2,9.0,9,0.0,0.4992,49.92,0,ELEVATED
GRID_N10_W050,10,-50,2025,5,2025-05-01,0,0.0,0.0,0.0,1.0,0.0,12.0,9,0.0,0.4991,49.91,0,ELEVATED
GRID_N20_E100,20,100,2025,3,2025-03-01,1,0.0,0.0,0.0,0.0,0.1,3.0,3,0.0,0.4985,49.85,0,ELEVATED
GRID_N30_W070,30,-70,2025,6,2025-06-01,0,0.0,0.0,0.0,0.0,0.2,8.0,8,0.0,0.4975,49.75,0,ELEVATED
GRID_N00_W010,0,-10,2025,3,2025-03-01,0,2.0,22.0,22.0,22.0,0.0,22.0,3,0.9565,0.4974,49.74,0,ELEVATED
GRID_N50_E100,50,100,2025,4,2025-04-01,1,0.0,0.0,0.0,1.0,0.0,1.0,1,0.0,0.497,49.7,0,ELEVATED
GRID_S30_E120,-30,120,2025,3,2025-03-01,0,0.0,8.0,12.0,13.0,0.0,13.0,5,0.5714,0.4968,49.68,0,ELEVATED
GRID_N30_E120,30,120,2025,4,2025-04-01,0,4.0,4.0,4.0,4.0,0.0,5.0,2,0.8,0.4966,49.66,0,ELEVATED
GRID_N50_E060,50,60,2025,4,2025-04-01,1,0.0,0.0,1.0,1.0,0.0,2.0,2,0.0,0.4966,49.66,0,ELEVATED
GRID_S40_E170,-40,170,2025,3,2025-03-01,0,0.0,1.0,1.0,2.0,0.0,7.0,7,0.3333,0.4953,49.53,0,ELEVATED
GRID_N40_E040,40,40,2025,11,2025-11-01,0,1.0,3.0,4.0,4.0,0.0,9.0,7,0.6,0.4948,49.48,0,ELEVATED
GRID_N60_W030,60,-30,2025,10,2025-10-01,0,0.0,1.0,2.0,4.0,0.0,9.0,8,0.2,0.4948,49.48,0,ELEVATED
GRID_S40_E130,-40,130,2025,3,2025-03-01,0,2.0,2.0,2.0,2.0,0.0,7.0,5,0.6667,0.4942,49.42,0,ELEVATED
GRID_N00_E140,0,140,2025,5,2025-05-01,0,0.0,0.0,0.0,0.0,0.2,9.0,8,0.0,0.494,49.4,0,ELEVATED
GRID_N60_E150,60,150,2025,8,2025-08-01,0,4.0,4.0,4.0,4.0,0.0,13.0,2,0.8,0.4934,49.34,0,ELEVATED
GRID_N10_E160,10,160,2025,8,2025-08-01,0,0.0,0.0,0.0,0.0,0.5,9.0,7,0.0,0.4926,49.26,0,ELEVATED
GRID_N40_W010,40,-10,2025,2,2025-02-01,0,0.0,0.0,9.0,9.0,0.1,29.0,13,0.0,0.4922,49.22,0,ELEVATED
GRID_S30_E110,-30,110,2025,4,2025-04-01,0,1.0,2.0,3.0,3.0,0.0,5.0,5,0.5,0.4921,49.21,0,ELEVATED
GRID_N60_W140,60,-140,2025,8,2025-08-01,1,0.0,0.0,0.0,0.0,0.0,2.0,2,0.0,0.4915,49.15,0,ELEVATED
GRID_S10_E120,-10,120,2025,7,2025-07-01,0,0.0,0.0,1.0,1.0,0.1,8.0,8,0.0,0.4905,49.05,0,ELEVATED
GRID_S40_E140,-40,140,2025,6,2025-06-01,0,0.0,0.0,8.0,8.0,0.0,17.0,9,0.0,0.4903,49.03,0,ELEVATED
GRID_N00_E140,0,140,2025,7,2025-07-01,0,0.0,0.0,0.0,0.0,0.1,9.0,8,0.0,0.4897,48.97,0,ELEVATED
GRID_S40_E020,-40,20,2025,3,2025-03-01,0,0.0,1.0,5.0,12.0,0.0,14.0,5,0.0769,0.4897,48.97,0,ELEVATED
GRID_N20_E130,20,130,2025,10,2025-10-01,0,0.0,0.0,0.0,0.0,0.1,11.0,11,0.0,0.4895,48.95,0,ELEVATED
GRID_N30_E020,30,20,2025,2,2025-02-01,0,0.0,0.0,2.0,3.0,0.0,21.0,12,0.0,0.4889,48.89,0,ELEVATED
GRID_S30_E110,-30,110,2025,5,2025-05-01,0,0.0,1.0,2.0,3.0,0.1,5.0,5,0.25,0.4888,48.88,0,ELEVATED
GRID_N40_E070,40,70,2025,8,2025-08-01,0,1.0,2.0,2.0,3.0,0.0,3.0,3,0.5,0.4886,48.86,0,ELEVATED
GRID_N50_E000,50,0,2025,5,2025-05-01,1,0.0,0.0,0.0,0.0,0.0,1.0,1,0.0,0.4884,48.84,0,ELEVATED
GRID_S30_W070,-30,-70,2025,5,2025-05-01,0,0.0,1.0,3.0,5.0,0.0,7.0,6,0.1667,0.4883,48.83,0,ELEVATED
GRID_N00_E000,0,0,2025,7,2025-07-01,0,0.0,2.0,6.0,7.0,0.1,9.0,5,0.25,0.4882,48.82,0,ELEVATED
GRID_N00_E150,0,150,2025,8,2025-08-01,0,0.0,0.0,0.0,0.0,0.0,9.0,9,0.0,0.4875,48.75,0,ELEVATED
GRID_N20_E060,20,60,2025,10,2025-10-01,1,0.0,0.0,0.0,0.0,0.0,4.0,4,0.0,0.4869,48.69,0,ELEVATED
GRID_N50_W160,50,-160,2025,1,2025-01-01,0,0.0,0.0,0.0,7.0,0.0,12.0,7,0.0,0.4863,48.63,0,ELEVATED
GRID_N20_E080,20,80,2025,8,2025-08-01,0,2.0,3.0,4.0,4.0,0.0,4.0,3,0.6,0.4855,48.55,0,ELEVATED
GRID_N10_W160,10,-160,2025,10,2025-10-01,0,0.0,0.0,0.0,1.0,0.1,11.0,11,0.0,0.4851,48.51,0,ELEVATED
GRID_S20_E080,-20,80,2025,9,2025-09-01,0,0.0,0.0,1.0,1.0,0.1,10.0,10,0.0,0.485,48.5,0,ELEVATED
GRID_S50_E170,-50,170,2025,5,2025-05-01,0,1.0,1.0,1.0,1.0,0.0,5.0,4,0.5,0.4848,48.48,0,ELEVATED
GRID_N00_E130,0,130,2025,6,2025-06-01,0,0.0,0.0,0.0,0.0,0.0,8.0,8,0.0,0.4844,48.44,0,ELEVATED
GRID_N00_E130,0,130,2025,5,2025-05-01,0,0.0,0.0,0.0,0.0,0.1,8.0,8,0.0,0.4843,48.43,0,ELEVATED
GRID_N40_E100,40,100,2025,8,2025-08-01,1,0.0,0.0,1.0,1.0,0.0,1.0,1,0.0,0.4843,48.43,0,ELEVATED
GRID_N30_E140,30,140,2025,10,2025-10-01,0,2.0,3.0,3.0,3.0,0.0,7.0,4,0.75,0.4842,48.42,0,ELEVATED
GRID_N30_E120,30,120,2025,11,2025-11-01,0,0.0,3.0,4.0,8.0,0.1,9.0,5,0.3333,0.484,48.4,0,ELEVATED
GRID_N50_W010,50,-10,2025,8,2025-08-01,0,0.0,1.0,1.0,1.0,0.0,4.0,4,0.5,0.4837,48.37,0,ELEVATED
GRID_N30_E110,30,110,2025,7,2025-07-01,0,1.0,1.0,1.0,1.0,0.0,3.0,3,0.5,0.4836,48.36,0,ELEVATED
GRID_N40_W080,40,-80,2025,2,2025-02-01,0,0.0,5.0,5.0,5.0,0.0,8.0,4,0.8333,0.4833,48.33,0,ELEVATED
GRID_N40_E030,40,30,2025,5,2025-05-01,0,0.0,0.0,0.0,4.0,0.0,8.0,5,0.0,0.483,48.3,0,ELEVATED
GRID_S10_E120,-10,120,2025,6,2025-06-01,0,0.0,0.0,1.0,1.0,0.0,8.0,8,0.0,0.4828,48.28,0,ELEVATED
GRID_N50_W090,50,-90,2025,7,2025-07-01,0,0.0,1.0,1.0,1.0,0.1,3.0,3,0.5,0.4827,48.27,0,ELEVATED
GRID_N00_E000,0,0,2025,2,2025-02-01,0,4.0,5.0,5.0,5.0,0.0,7.0,4,0.8333,0.4821,48.21,0,ELEVATED
GRID_N00_E140,0,140,2025,6,2025-06-01,0,0.0,0.0,0.0,0.0,0.0,9.0,8,0.0,0.4821,48.21,0,ELEVATED
GRID_S40_E150,-40,150,2025,4,2025-04-01,1,0.0,0.0,0.0,0.0,0.0,2.0,2,0.0,0.4812,48.12,0,ELEVATED
GRID_N00_E100,0,100,2025,8,2025-08-01,0,1.0,1.0,1.0,1.0,0.0,4.0,4,0.5,0.4811,48.11,0,ELEVATED
GRID_N50_W090,50,-90,2025,4,2025-04-01,1,0.0,0.0,0.0,0.0,0.0,2.0,2,0.0,0.4811,48.11,0,ELEVATED
GRID_N30_W070,30,-70,2025,7,2025-07-01,0,0.0,0.0,0.0,0.0,0.1,8.0,8,0.0,0.481,48.1,0,ELEVATED
GRID_N20_W080,20,-80,2025,5,2025-05-01,0,0.0,0.0,0.0,1.0,0.2,7.0,7,0.0,0.4804,48.04,0,ELEVATED
GRID_S10_E130,-10,130,2025,6,2025-06-01,0,1.0,1.0,1.0,1.0,0.0,3.0,3,0.5,0.4801,48.01,0,ELEVATED
GRID_S50_E140,-50,140,2025,5,2025-05-01,0,0.0,4.0,4.0,4.0,0.0,4.0,1,0.8,0.48,48.0,0,ELEVATED
GRID_N00_E130,0,130,2025,7,2025-07-01,0,0.0,0.0,0.0,0.0,0.0,8.0,8,0.0,0.4799,47.99,0,ELEVATED
GRID_N40_W060,40,-60,2025,8,2025-08-01,1,0.0,0.0,0.0,0.0,0.1,1.0,1,0.0,0.4799,47.99,0,ELEVATED
GRID_S10_E070,-10,70,2025,10,2025-10-01,1,0.0,0.0,0.0,1.0,0.0,3.0,3,0.0,0.479,47.9,0,ELEVATED
GRID_N20_E090,20,90,2025,8,2025-08-01,0,1.0,3.0,32.0,32.0,0.2,35.0,8,0.0909,0.4787,47.87,0,ELEVATED
GRID_S40_E170,-40,170,2025,5,2025-05-01,0,0.0,0.0,1.0,2.0,0.1,7.0,7,0.0,0.4785,47.85,0,ELEVATED
GRID_N20_E150,20,150,2025,4,2025-04-01,0,0.0,0.0,0.0,1.0,0.0,8.0,8,0.0,0.4783,47.83,0,ELEVATED
GRID_N40_W080,40,-80,2025,1,2025-01-01,0,0.0,5.0,5.0,5.0,0.1,8.0,4,0.8333,0.4782,47.82,0,ELEVATED
GRID_N60_W170,60,-170,2025,8,2025-08-01,0,0.0,1.0,1.0,1.0,0.0,11.0,5,0.5,0.4782,47.82,0,ELEVATED
GRID_N10_W060,10,-60,2025,3,2025-03-01,0,0.0,0.0,0.0,1.0,0.0,10.0,10,0.0,0.4779,47.79,0,ELEVATED
GRID_N20_W070,20,-70,2025,9,2025-09-01,0,1.0,1.0,1.0,1.0,0.1,5.0,5,0.5,0.4774,47.74,0,ELEVATED
GRID_N10_W030,10,-30,2025,4,2025-04-01,0,0.0,0.0,0.0,0.0,0.0,13.0,10,0.0,0.4773,47.73,0,ELEVATED
GRID_S20_E100,-20,100,2025,6,2025-06-01,0,0.0,0.0,2.0,2.0,0.0,9.0,8,0.0,0.4771,47.71,0,ELEVATED
GRID_S40_W060,-40,-60,2025,7,2025-07-01,0,1.0,1.0,1.0,1.0,0.0,4.0,4,0.5,0.4771,47.71,0,ELEVATED
GRID_S10_E060,-10,60,2025,10,2025-10-01,0,1.0,2.0,2.0,2.0,0.0,6.0,5,0.6667,0.477,47.7,0,ELEVATED
GRID_N40_E150,40,150,2025,3,2025-03-01,0,0.0,0.0,0.0,0.0,0.0,11.0,10,0.0,0.4767,47.67,0,ELEVATED
GRID_N60_E130,60,130,2025,9,2025-09-01,0,1.0,2.0,2.0,2.0,0.0,24.0,5,0.6667,0.4764,47.64,0,ELEVATED
GRID_S10_E130,-10,130,2025,7,2025-07-01,0,0.0,1.0,1.0,1.0,0.0,3.0,3,0.5,0.4762,47.62,0,ELEVATED
GRID_N60_E150,60,150,2025,4,2025-04-01,0,0.0,0.0,0.0,9.0,0.0,9.0,1,0.0,0.4761,47.61,0,ELEVATED
GRID_N60_W170,60,-170,2025,3,2025-03-01,0,0.0,0.0,0.0,8.0,0.0,10.0,4,0.0,0.476,47.6,0,ELEVATED
GRID_N30_E070,30,70,2025,9,2025-09-01,0,2.0,4.0,6.0,6.0,0.0,6.0,4,0.5714,0.4752,47.52,0,ELEVATED
GRID_N30_E060,30,60,2025,6,2025-06-01,1,0.0,0.0,0.0,0.0,0.0,0.0,0,0.0,0.4751,47.51,0,ELEVATED
GRID_N50_W090,50,-90,2025,6,2025-06-01,0,0.0,1.0,1.0,1.0,0.0,3.0,3,0.5,0.4751,47.51,0,ELEVATED
GRID_N20_E130,20,130,2025,2,2025-02-01,0,0.0,0.0,2.0,2.0,0.0,11.0,11,0.0,0.4749,47.49,0,ELEVATED
GRID_N20_E110,20,110,2025,10,2025-10-01,0,0.0,1.0,1.0,1.0,0.0,6.0,6,0.5,0.4743,47.43,0,ELEVATED
GRID_N10_W050,10,-50,2025,4,2025-04-01,0,0.0,0.0,0.0,1.0,0.0,12.0,9,0.0,0.474,47.4,0,ELEVATED
GRID_S30_E150,-30,150,2025,3,2025-03-01,0,0.0,0.0,1.0,3.0,0.1,8.0,8,0.0,0.4737,47.37,0,ELEVATED
GRID_N50_W010,50,-10,2025,11,2025-11-01,1,0.0,0.0,1.0,1.0,0.1,4.0,4,0.0,0.4733,47.33,0,ELEVATED
GRID_N30_W070,30,-70,2025,5,2025-05-01,0,0.0,0.0,0.0,0.0,0.1,8.0,8,0.0,0.4732,47.32,0,ELEVATED
GRID_N50_E030,50,30,2025,7,2025-07-01,1,0.0,0.0,0.0,0.0,0.0,0.0,0,0.0,0.4727,47.27,0,ELEVATED
GRID_S20_E100,-20,100,2025,7,2025-07-01,0,0.0,0.0,2.0,2.0,0.0,9.0,8,0.0,0.4727,47.27,0,ELEVATED
GRID_S40_E020,-40,20,2025,9,2025-09-01,0,0.0,0.0,0.0,5.0,0.4,14.0,5,0.0,0.4724,47.24,0,ELEVATED
GRID_S40_W070,-40,-70,2025,1,2025-01-01,1,0.0,2.0,7.0,7.0,0.0,8.0,3,0.25,0.4715,47.15,0,ELEVATED
GRID_N50_E060,50,60,2025,6,2025-06-01,0,0.0,1.0,1.0,2.0,0.0,3.0,3,0.3333,0.471,47.1,0,ELEVATED
GRID_N40_E110,40,110,2025,7,2025-07-01,0,0.0,1.0,2.0,5.0,0.0,5.0,3,0.1667,0.4708,47.08,0,ELEVATED
GRID_N10_E020,10,20,2025,9,2025-09-01,0,1.0,2.0,2.0,4.0,0.0,4.0,4,0.4,0.4707,47.07,0,ELEVATED
GRID_N50_E060,50,60,2025,5,2025-05-01,0,1.0,1.0,1.0,2.0,0.1,3.0,3,0.3333,0.4704,47.04,0,ELEVATED
GRID_N40_E130,40,130,2025,5,2025-05-01,0,0.0,2.0,2.0,2.0,0.0,2.0,1,0.6667,0.4696,46.96,0,ELEVATED
GRID_N20_W080,20,-80,2025,6,2025-06-01,0,0.0,0.0,0.0,1.0,0.0,7.0,7,0.0,0.4685,46.85,0,ELEVATED
GRID_N00_E150,0,150,2025,9,2025-09-01,0,0.0,0.0,0.0,0.0,0.1,9.0,9,0.0,0.4684,46.84,0,ELEVATED
GRID_N20_E050,20,50,2025,7,2025-07-01,1,0.0,0.0,0.0,0.0,0.0,0.0,0,0.0,0.4673,46.73,0,ELEVATED
GRID_N40_E150,40,150,2025,10,2025-10-01,0,0.0,0.0,0.0,0.0,0.1,11.0,10,0.0,0.4669,46.69,0,ELEVATED
GRID_S40_E170,-40,170,2025,2,2025-02-01,0,1.0,1.0,1.0,2.0,0.0,7.0,7,0.3333,0.4669,46.69,0,ELEVATED
GRID_N00_W070,0,-70,2025,8,2025-08-01,0,1.0,2.0,15.0,17.0,0.1,18.0,6,0.1111,0.4667,46.67,0,ELEVATED
GRID_S20_E100,-20,100,2025,9,2025-09-01,0,0.0,0.0,0.0,2.0,0.0,9.0,8,0.0,0.4667,46.67,0,ELEVATED
GRID_N50_E060,50,60,2025,7,2025-07-01,0,0.0,1.0,1.0,2.0,0.0,3.0,3,0.3333,0.4665,46.65,0,ELEVATED
GRID_S30_W070,-30,-70,2025,8,2025-08-01,0,0.0,0.0,1.0,4.0,0.1,7.0,6,0.0,0.4661,46.61,0,ELEVATED
GRID_N60_W030,60,-30,2025,2,2025-02-01,0,0.0,2.0,3.0,3.0,0.0,7.0,6,0.5,0.4657,46.57,0,ELEVATED
GRID_S30_W070,-30,-70,2025,7,2025-07-01,0,0.0,0.0,3.0,5.0,0.1,7.0,6,0.0,0.4655,46.55,0,ELEVATED
GRID_S40_E120,-40,120,2025,4,2025-04-01,0,0.0,2.0,3.0,3.0,0.0,4.0,4,0.5,0.465,46.5,0,ELEVATED
GRID_N60_E150,60,150,2025,9,2025-09-01,0,0.0,4.0,4.0,4.0,0.0,13.0,2,0.8,0.4642,46.42,0,ELEVATED
GRID_N20_W080,20,-80,2025,7,2025-07-01,0,0.0,0.0,0.0,1.0,0.0,7.0,7,0.0,0.464,46.4,0,ELEVATED
GRID_N00_E000,0,0,2025,9,2025-09-01,0,0.0,0.0,2.0,7.0,0.1,9.0,5,0.0,0.4638,46.38,0,ELEVATED
GRID_N30_E110,30,110,2025,8,2025-08-01,0,0.0,1.0,1.0,1.0,0.0,3.0,3,0.5,0.4638,46.38,0,ELEVATED
GRID_S10_E080,-10,80,2025,5,2025-05-01,0,0.0,0.0,0.0,0.0,0.2,7.0,7,0.0,0.4633,46.33,0,ELEVATED
GRID_N50_W090,50,-90,2025,5,2025-05-01,0,1.0,1.0,1.0,1.0,0.0,3.0,3,0.5,0.4624,46.24,0,ELEVATED
GRID_N60_W030,60,-30,2025,11,2025-11-01,0,0.0,0.0,1.0,4.0,0.2,9.0,8,0.0,0.4623,46.23,0,ELEVATED
GRID_S40_E020,-40,20,2025,11,2025-11-01,1,0.0,0.0,0.0,1.0,0.0,14.0,5,0.0,0.462,46.2,0,ELEVATED
GRID_N20_W160,20,-160,2025,3,2025-03-01,0,0.0,0.0,0.0,1.0,0.0,13.0,10,0.0,0.4616,46.16,0,ELEVATED
GRID_S20_E080,-20,80,2025,10,2025-10-01,0,0.0,0.0,0.0,1.0,0.0,10.0,10,0.0,0.4616,46.16,0,ELEVATED
GRID_S10_E060,-10,60,2025,11,2025-11-01,0,0.0,2.0,2.0,2.0,0.1,6.0,5,0.6667,0.4612,46.12,0,ELEVATED
GRID_N20_W080,20,-80,2025,1,2025-01-01,0,0.0,1.0,1.0,1.0,0.0,7.0,7,0.5,0.4598,45.98,0,ELEVATED
GRID_N00_E130,0,130,2025,8,2025-08-01,0,0.0,0.0,0.0,0.0,0.0,8.0,8,0.0,0.4596,45.96,0,ELEVATED
GRID_N10_W140,10,-140,2025,8,2025-08-01,0,0.0,0.0,0.0,0.0,0.4,7.0,7,0.0,0.4595,45.95,0,ELEVATED
GRID_N00_E130,0,130,2025,4,2025-04-01,0,0.0,0.0,0.0,0.0,0.1,8.0,8,0.0,0.4592,45.92,0,ELEVATED
GRID_S10_W070,-10,-70,2025,2,2025-02-01,0,0.0,0.0,16.0,27.0,0.0,27.0,3,0.0,0.4586,45.86,0,ELEVATED
GRID_S10_W050,-10,-50,2025,11,2025-11-01,0,2.0,43.0,45.0,48.0,0.3,113.0,9,0.8776,0.4583,45.83,0,ELEVATED
GRID_S50_E170,-50,170,2025,8,2025-08-01,0,0.0,1.0,2.0,2.0,0.0,6.0,5,0.3333,0.4582,45.82,0,ELEVATED
GRID_S10_E120,-10,120,2025,8,2025-08-01,0,0.0,0.0,1.0,1.0,0.0,8.0,8,0.0,0.4581,45.81,0,ELEVATED
GRID_N40_E030,40,30,2025,4,2025-04-01,0,0.0,0.0,0.0,4.0,0.0,8.0,5,0.0,0.458,45.8,0,ELEVATED
GRID_N40_E070,40,70,2025,9,2025-09-01,0,0.0,2.0,2.0,3.0,0.0,3.0,3,0.5,0.4579,45.79,0,ELEVATED
GRID_N20_E130,20,130,2025,1,2025-01-01,0,0.0,0.0,2.0,2.0,0.0,11.0,11,0.0,0.4578,45.78,0,ELEVATED
GRID_S30_E150,-30,150,2025,1,2025-01-01,0,0.0,1.0,2.0,3.0,0.0,8.0,8,0.25,0.4576,45.76,0,ELEVATED
GRID_N20_E090,20,90,2025,2,2025-02-01,1,0.0,0.0,0.0,0.0,0.0,3.0,3,0.0,0.4575,45.75,0,ELEVATED
GRID_S10_W040,-10,-40,2025,8,2025-08-01,1,0.0,0.0,0.0,0.0,0.0,1.0,1,0.0,0.4575,45.75,0,ELEVATED
GRID_N00_E140,0,140,2025,8,2025-08-01,0,0.0,0.0,0.0,0.0,0.0,9.0,8,0.0,0.4573,45.73,0,ELEVATED
GRID_S40_W060,-40,-60,2025,8,2025-08-01,0,0.0,1.0,1.0,1.0,0.0,4.0,4,0.5,0.4573,45.73,0,ELEVATED
GRID_N10_E160,10,160,2025,6,2025-06-01,0,0.0,0.0,0.0,0.0,0.0,9.0,7,0.0,0.4571,45.71,0,ELEVATED
GRID_N00_E000,0,0,2025,6,2025-06-01,0,2.0,2.0,7.0,7.0,0.0,9.0,5,0.25,0.4569,45.69,0,ELEVATED
GRID_N00_E140,0,140,2025,4,2025-04-01,0,0.0,0.0,0.0,0.0,0.1,9.0,8,0.0,0.4569,45.69,0,ELEVATED
GRID_N30_E140,30,140,2025,11,2025-11-01,0,0.0,3.0,3.0,3.0,0.0,7.0,4,0.75,0.4569,45.69,0,ELEVATED
GRID_N00_E010,0,10,2025,5,2025-05-01,0,0.0,4.0,9.0,9.0,0.0,10.0,4,0.4,0.4562,45.62,0,ELEVATED
GRID_N00_E150,0,150,2025,3,2025-03-01,0,0.0,0.0,0.0,0.0,0.1,9.0,9,0.0,0.4562,45.62,0,ELEVATED
GRID_S10_E130,-10,130,2025,8,2025-08-01,0,0.0,1.0,1.0,1.0,0.0,3.0,3,0.5,0.4559,45.59,0,ELEVATED
GRID_N20_W080,20,-80,2025,8,2025-08-01,0,0.0,0.0,0.0,1.0,0.1,7.0,7,0.0,0.4558,45.58,0,ELEVATED
GRID_N40_E150,40,150,2025,1,2025-01-01,0,0.0,0.0,0.0,0.0,0.2,11.0,10,0.0,0.4558,45.58,0,ELEVATED
GRID_N10_W070,10,-70,2025,4,2025-04-01,0,0.0,0.0,0.0,0.0,0.2,8.0,8,0.0,0.4554,45.54,0,ELEVATED
GRID_N20_E080,20,80,2025,9,2025-09-01,0,0.0,3.0,4.0,4.0,0.0,4.0,3,0.6,0.4554,45.54,0,ELEVATED
GRID_S40_W070,-40,-70,2025,4,2025-04-01,0,0.0,1.0,3.0,8.0,0.0,9.0,4,0.1111,0.4552,45.52,0,ELEVATED
GRID_S50_E140,-50,140,2025,4,2025-04-01,0,0.0,4.0,4.0,4.0,0.0,4.0,1,0.8,0.455,45.5,0,ELEVATED
GRID_S40_E170,-40,170,2025,6,2025-06-01,0,0.0,0.0,1.0,1.0,0.0,7.0,7,0.0,0.4541,45.41,0,ELEVATED
GRID_N00_E040,0,40,2025,5,2025-05-01,1,0.0,0.0,0.0,0.0,0.0,0.0,0,0.0,0.4538,45.38,0,ELEVATED
GRID_N60_W130,60,-130,2025,9,2025-09-01,0,6.0,10.0,10.0,10.0,0.0,47.0,5,0.9091,0.4535,45.35,0,ELEVATED
GRID_N00_W060,0,-60,2025,11,2025-11-01,1,0.0,0.0,0.0,1.0,0.1,3.0,3,0.0,0.4534,45.34,0,ELEVATED
GRID_N30_W050,30,-50,2025,5,2025-05-01,0,0.0,0.0,0.0,0.0,0.0,11.0,8,0.0,0.4534,45.34,0,ELEVATED
GRID_N50_E130,50,130,2025,7,2025-07-01,0,0.0,0.0,0.0,5.0,0.3,24.0,3,0.0,0.4529,45.29,0,ELEVATED
GRID_N10_E160,10,160,2025,7,2025-07-01,0,0.0,0.0,0.0,0.0,0.0,9.0,7,0.0,0.4526,45.26,0,ELEVATED
GRID_N50_W010,50,-10,2025,9,2025-09-01,0,0.0,1.0,1.0,1.0,0.0,4.0,4,0.5,0.4526,45.26,0,ELEVATED
GRID_S10_W070,-10,-70,2025,9,2025-09-01,0,5.0,5.0,5.0,7.0,0.2,32.0,4,0.625,0.4526,45.26,0,ELEVATED
GRID_N40_W080,40,-80,2025,9,2025-09-01,0,0.0,0.0,1.0,6.0,0.0,9.0,5,0.0,0.4524,45.24,0,ELEVATED
GRID_S20_E100,-20,100,2025,8,2025-08-01,0,0.0,0.0,2.0,2.0,0.0,9.0,8,0.0,0.4524,45.24,0,ELEVATED
GRID_N40_E050,40,50,2025,8,2025-08-01,1,0.0,0.0,0.0,0.0,0.0,0.0,0,0.0,0.4519,45.19,0,ELEVATED
GRID_N10_W080,10,-80,2025,4,2025-04-01,0,0.0,0.0,1.0,1.0,0.0,11.0,9,0.0,0.4518,45.18,0,ELEVATED
GRID_S10_E080,-10,80,2025,6,2025-06-01,0,0.0,0.0,0.0,0.0,0.0,7.0,7,0.0,0.4514,45.14,0,ELEVATED
GRID_N00_E100,0,100,2025,9,2025-09-01,0,0.0,1.0,1.0,1.0,0.0,4.0,4,0.5,0.4505,45.05,0,ELEVATED
GRID_N40_E110,40,110,2025,8,2025-08-01,0,0.0,1.0,2.0,5.0,0.0,5.0,3,0.1667,0.4505,45.05,0,ELEVATED
GRID_N60_W020,60,-20,2025,8,2025-08-01,1,0.0,0.0,0.0,0.0,0.0,0.0,0,0.0,0.4504,45.04,0,ELEVATED
GRID_N40_W080,40,-80,2025,11,2025-11-01,0,0.0,0.0,1.0,6.0,0.5,9.0,5,0.0,0.4503,45.03,0,ELEVATED
GRID_N50_E120,50,120,2025,10,2025-10-01,0,0.0,0.0,10.0,19.0,0.9,102.0,8,0.0,0.45,45.0,0,ELEVATED
GRID_N70_E140,70,140,2025,6,2025-06-01,0,0.0,0.0,0.0,4.0,0.1,4.0,2,0.0,0.4497,44.97,0,ELEVATED
GRID_S10_E120,-10,120,2025,9,2025-09-01,0,0.0,0.0,0.0,1.0,0.0,8.0,8,0.0,0.4497,44.97,0,ELEVATED
GRID_N20_W160,20,-160,2025,9,2025-09-01,0,0.0,0.0,0.0,0.0,0.0,13.0,10,0.0,0.4493,44.93,0,ELEVATED
GRID_N10_E030,10,30,2025,5,2025-05-01,0,0.0,6.0,15.0,15.0,0.0,15.0,4,0.375,0.4492,44.92,0,ELEVATED
GRID_N20_E130,20,130,2025,11,2025-11-01,0,0.0,0.0,0.0,0.0,0.0,11.0,11,0.0,0.4492,44.92,0,ELEVATED
GRID_N30_E020,30,20,2025,1,2025-01-01,0,0.0,0.0,3.0,3.0,0.0,21.0,12,0.0,0.4491,44.91,0,ELEVATED
GRID_N40_E150,40,150,2025,2,2025-02-01,0,0.0,0.0,0.0,0.0,0.0,11.0,10,0.0,0.4488,44.88,0,ELEVATED
GRID_N60_W030,60,-30,2025,1,2025-01-01,0,0.0,2.0,3.0,3.0,0.0,7.0,6,0.5,0.4486,44.86,0,ELEVATED
GRID_N10_W140,10,-140,2025,6,2025-06-01,0,0.0,0.0,0.0,0.0,0.1,7.0,7,0.0,0.4482,44.82,0,ELEVATED
GRID_N60_W170,60,-170,2025,2,2025-02-01,0,0.0,0.0,0.0,8.0,0.0,10.0,4,0.0,0.4482,44.82,0,ELEVATED
GRID_N00_W120,0,-120,2025,9,2025-09-01,1,0.0,0.0,0.0,0.0,0.0,2.0,2,0.0,0.4476,44.76,0,ELEVATED
GRID_N20_E150,20,150,2025,3,2025-03-01,0,0.0,0.0,0.0,1.0,0.0,8.0,8,0.0,0.4475,44.75,0,ELEVATED
GRID_N20_E150,20,150,2025,9,2025-09-01,0,0.0,0.0,0.0,0.0,0.1,8.0,8,0.0,0.4473,44.73,0,ELEVATED
GRID_N60_W170,60,-170,2025,9,2025-09-01,0,0.0,1.0,1.0,1.0,0.0,11.0,5,0.5,0.4472,44.72,0,ELEVATED
GRID_N10_W030,10,-30,2025,3,2025-03-01,0,0.0,0.0,0.0,0.0,0.0,13.0,10,0.0,0.4466,44.66,0,ELEVATED
GRID_N20_W060,20,-60,2025,6,2025-06-01,0,0.0,0.0,0.0,0.0,0.0,7.0,7,0.0,0.4459,44.59,0,ELEVATED
GRID_N40_E010,40,10,2025,3,2025-03-01,0,0.0,0.0,0.0,0.0,0.2,15.0,9,0.0,0.4459,44.59,0,ELEVATED
GRID_N20_W060,20,-60,2025,8,2025-08-01,0,0.0,0.0,0.0,0.0,0.2,7.0,7,0.0,0.4453,44.53,0,ELEVATED
GRID_N60_E150,60,150,2025,3,2025-03-01,0,0.0,0.0,0.0,9.0,0.0,9.0,1,0.0,0.4453,44.53,0,ELEVATED
GRID_N10_E160,10,160,2025,5,2025-05-01,0,0.0,0.0,0.0,0.0,0.0,9.0,7,0.0,0.445,44.5,0,ELEVATED
GRID_N60_E100,60,100,2025,6,2025-06-01,0,0.0,0.0,0.0,6.0,0.0,6.0,1,0.0,0.4449,44.49,0,ELEVATED
GRID_N70_E140,70,140,2025,7,2025-07-01,0,0.0,0.0,0.0,3.0,0.3,4.0,2,0.0,0.4449,44.49,0,ELEVATED
GRID_S70_E030,-70,30,2025,5,2025-05-01,0,0.0,1.0,1.0,1.0,0.0,3.0,3,0.5,0.4449,44.49,0,ELEVATED
GRID_N40_E130,40,130,2025,4,2025-04-01,0,0.0,2.0,2.0,2.0,0.0,2.0,1,0.6667,0.4446,44.46,0,ELEVATED
GRID_N00_E110,0,110,2025,9,2025-09-01,1,0.0,0.0,1.0,1.0,0.0,1.0,1,0.0,0.4444,44.44,0,ELEVATED
GRID_N30_E040,30,40,2025,10,2025-10-01,0,2.0,2.0,2.0,2.0,0.1,4.0,3,0.6667,0.4444,44.44,0,ELEVATED
GRID_N20_W070,20,-70,2025,10,2025-10-01,0,0.0,1.0,1.0,1.0,0.1,5.0,5,0.5,0.444,44.4,0,ELEVATED
GRID_N40_E100,40,100,2025,4,2025-04-01,1,0.0,0.0,0.0,0.0,0.0,0.0,0,0.0,0.444,44.4,0,ELEVATED
GRID_N10_W060,10,-60,2025,10,2025-10-01,0,0.0,0.0,0.0,0.0,0.1,10.0,10,0.0,0.4437,44.37,0,ELEVATED
GRID_N40_E120,40,120,2025,11,2025-11-01,1,0.0,0.0,1.0,2.0,0.0,2.0,2,0.0,0.4433,44.33,0,ELEVATED
GRID_N60_E130,60,130,2025,10,2025-10-01,0,0.0,2.0,2.0,2.0,0.0,24.0,5,0.6667,0.443,44.3,0,ELEVATED
GRID_N20_E070,20,70,2025,7,2025-07-01,0,1.0,1.0,1.0,4.0,0.0,4.0,2,0.2,0.4425,44.25,0,ELEVATED
GRID_N50_W110,50,-110,2025,9,2025-09-01,0,8.0,101.0,130.0,130.0,0.0,211.0,16,0.771,0.4423,44.23,0,ELEVATED
GRID_S20_W040,-20,-40,2025,5,2025-05-01,1,0.0,0.0,0.0,0.0,0.0,0.0,0,0.0,0.4418,44.18,0,ELEVATED
GRID_N00_E090,0,90,2025,4,2025-04-01,0,0.0,0.0,0.0,0.0,0.2,7.0,7,0.0,0.4417,44.17,0,ELEVATED
GRID_N20_W060,20,-60,2025,7,2025-07-01,0,0.0,0.0,0.0,0.0,0.0,7.0,7,0.0,0.4415,44.15,0,ELEVATED
GRID_N60_W110,60,-110,2025,7,2025-07-01,0,0.0,0.0,0.0,5.0,0.1,5.0,2,0.0,0.4414,44.14,0,ELEVATED
GRID_S20_E080,-20,80,2025,2,2025-02-01,0,0.0,0.0,0.0,0.0,0.3,9.0,9,0.0,0.4412,44.12,0,ELEVATED
GRID_N10_W020,10,-20,2025,5,2025-05-01,0,0.0,3.0,11.0,11.0,0.0,13.0,5,0.25,0.441,44.1,0,ELEVATED
GRID_N30_W050,30,-50,2025,4,2025-04-01,0,0.0,0.0,0.0,0.0,0.1,11.0,8,0.0,0.4405,44.05,0,ELEVATED
GRID_N20_W160,20,-160,2025,10,2025-10-01,0,0.0,0.0,0.0,0.0,0.2,13.0,10,0.0,0.4395,43.95,0,ELEVATED
GRID_N40_E110,40,110,2025,3,2025-03-01,1,0.0,0.0,3.0,3.0,0.0,3.0,1,0.0,0.4391,43.91,0,ELEVATED
GRID_N10_E100,10,100,2025,1,2025-01-01,1,0.0,0.0,0.0,0.0,0.0,3.0,3,0.0,0.439,43.9,0,ELEVATED
GRID_N40_E150,40,150,2025,11,2025-11-01,0,0.0,0.0,0.0,0.0,0.1,11.0,10,0.0,0.4388,43.88,0,ELEVATED
GRID_N40_E100,40,100,2025,6,2025-06-01,0,0.0,1.0,1.0,1.0,0.0,1.0,1,0.5,0.4381,43.81,0,ELEVATED
GRID_N10_W010,10,-10,2025,3,2025-03-01,0,1.0,10.0,20.0,20.0,0.0,20.0,5,0.4762,0.4378,43.78,0,ELEVATED
GRID_S40_E150,-40,150,2025,10,2025-10-01,0,0.0,2.0,5.0,5.0,0.1,7.0,6,0.3333,0.4375,43.75,0,ELEVATED
GRID_N20_E080,20,80,2025,4,2025-04-01,1,0.0,0.0,0.0,0.0,0.0,0.0,0,0.0,0.4374,43.74,0,ELEVATED
GRID_N10_E020,10,20,2025,10,2025-10-01,0,0.0,2.0,2.0,4.0,0.0,4.0,4,0.4,0.4373,43.73,0,ELEVATED
GRID_N30_W070,30,-70,2025,4,2025-04-01,0,0.0,0.0,0.0,0.0,0.0,8.0,8,0.0,0.4363,43.63,0,ELEVATED
GRID_N60_E120,60,120,2025,8,2025-08-01,0,0.0,0.0,0.0,5.0,0.5,31.0,3,0.0,0.4359,43.59,0,ELEVATED
GRID_N00_E110,0,110,2025,4,2025-04-01,1,0.0,0.0,0.0,0.0,0.0,0.0,0,0.0,0.4353,43.53,0,ELEVATED
GRID_S40_W070,-40,-70,2025,10,2025-10-01,0,0.0,1.0,3.0,6.0,0.2,12.0,6,0.1429,0.4347,43.47,0,ELEVATED
GRID_N00_E150,0,150,2025,10,2025-10-01,0,0.0,0.0,0.0,0.0,0.1,9.0,9,0.0,0.4346,43.46,0,ELEVATED
GRID_N20_W060,20,-60,2025,5,2025-05-01,0,0.0,0.0,0.0,0.0,0.0,7.0,7,0.0,0.4339,43.39,0,ELEVATED
GRID_N10_W150,10,-150,2025,6,2025-06-01,0,0.0,0.0,0.0,1.0,0.0,6.0,6,0.0,0.4338,43.38,0,ELEVATED
GRID_N20_W160,20,-160,2025,2,2025-02-01,0,0.0,0.0,0.0,1.0,0.0,13.0,10,0.0,0.4338,43.38,0,ELEVATED
GRID_N60_W110,60,-110,2025,6,2025-06-01,0,0.0,0.0,0.0,5.0,0.0,5.0,2,0.0,0.4338,43.38,0,ELEVATED
GRID_N40_E100,40,100,2025,7,2025-07-01,0,0.0,1.0,1.0,1.0,0.0,1.0,1,0.5,0.4337,43.37,0,ELEVATED
GRID_S20_E080,-20,80,2025,11,2025-11-01,0,0.0,0.0,0.0,1.0,0.0,10.0,10,0.0,0.4336,43.36,0,ELEVATED
GRID_N10_W080,10,-80,2025,3,2025-03-01,0,0.0,0.0,1.0,1.0,0.1,11.0,9,0.0,0.4332,43.32,0,ELEVATED
GRID_N30_E110,30,110,2025,9,2025-09-01,0,0.0,1.0,1.0,1.0,0.0,3.0,3,0.5,0.4329,43.29,0,ELEVATED
GRID_N60_E100,60,100,2025,5,2025-05-01,0,0.0,0.0,0.0,6.0,0.0,6.0,1,0.0,0.4329,43.29,0,ELEVATED
GRID_S20_E100,-20,100,2025,10,2025-10-01,0,0.0,0.0,0.0,2.0,0.0,9.0,8,0.0,0.4329,43.29,0,ELEVATED
GRID_S80_W050,-80,-50,2025,5,2025-05-01,0,0.0,1.0,1.0,1.0,0.0,4.0,3,0.5,0.4321,43.21,0,ELEVATED
GRID_N10_W140,10,-140,2025,7,2025-07-01,0,0.0,0.0,0.0,0.0,0.0,7.0,7,0.0,0.4319,43.19,0,ELEVATED
GRID_N60_W170,60,-170,2025,1,2025-01-01,0,0.0,0.0,0.0,8.0,0.0,10.0,4,0.0,0.4312,43.12,0,ELEVATED
GRID_N10_E030,10,30,2025,1,2025-01-01,0,3.0,9.0,9.0,9.0,0.0,9.0,2,0.9,0.4308,43.08,0,ELEVATED
GRID_N60_E150,60,150,2025,10,2025-10-01,0,0.0,4.0,4.0,4.0,0.0,13.0,2,0.8,0.4304,43.04,0,ELEVATED
GRID_N00_E110,0,110,2025,6,2025-06-01,0,0.0,1.0,1.0,1.0,0.0,1.0,1,0.5,0.4294,42.94,0,ELEVATED
GRID_N50_W170,50,-170,2025,6,2025-06-01,0,0.0,0.0,0.0,0.0,0.1,6.0,6,0.0,0.4293,42.93,0,ELEVATED
GRID_N60_W140,60,-140,2025,9,2025-09-01,0,1.0,1.0,1.0,1.0,0.1,3.0,3,0.5,0.4289,42.89,0,ELEVATED
GRID_N00_E150,0,150,2025,2,2025-02-01,0,0.0,0.0,0.0,0.0,0.1,9.0,9,0.0,0.4286,42.86,0,ELEVATED
GRID_N00_E080,0,80,2025,6,2025-06-01,0,0.0,0.0,0.0,0.0,0.0,6.0,6,0.0,0.428,42.8,0,ELEVATED
GRID_S10_E120,-10,120,2025,10,2025-10-01,0,0.0,0.0,0.0,1.0,0.1,8.0,8,0.0,0.428,42.8,0,ELEVATED
GRID_N00_E080,0,80,2025,5,2025-05-01,0,0.0,0.0,0.0,0.0,0.1,6.0,6,0.0,0.4279,42.79,0,ELEVATED
GRID_N30_W050,30,-50,2025,10,2025-10-01,0,0.0,0.0,1.0,1.0,0.2,12.0,9,0.0,0.4279,42.79,0,ELEVATED
GRID_N40_E040,40,40,2025,6,2025-06-01,0,0.0,0.0,0.0,2.0,0.0,5.0,4,0.0,0.4278,42.78,0,ELEVATED
GRID_N40_E040,40,40,2025,5,2025-05-01,0,0.0,0.0,0.0,2.0,0.1,5.0,4,0.0,0.4277,42.77,0,ELEVATED
GRID_N10_W060,10,-60,2025,2,2025-02-01,0,0.0,0.0,1.0,1.0,0.0,10.0,10,0.0,0.4276,42.76,0,ELEVATED
GRID_S50_E170,-50,170,2025,9,2025-09-01,0,0.0,1.0,2.0,2.0,0.0,6.0,5,0.3333,0.4274,42.74,0,ELEVATED
GRID_N30_E060,30,60,2025,7,2025-07-01,0,1.0,1.0,1.0,1.0,0.0,1.0,1,0.5,0.4272,42.72,0,ELEVATED
GRID_N50_W140,50,-140,2025,5,2025-05-01,0,0.0,0.0,0.0,1.0,0.2,6.0,5,0.0,0.4272,42.72,0,ELEVATED
GRID_S40_E120,-40,120,2025,5,2025-05-01,0,0.0,1.0,3.0,3.0,0.0,4.0,4,0.25,0.4268,42.68,0,ELEVATED
GRID_N20_E160,20,160,2025,10,2025-10-01,0,1.0,1.0,1.0,1.0,0.0,4.0,4,0.5,0.4266,42.66,0,ELEVATED
GRID_N00_E140,0,140,2025,9,2025-09-01,0,0.0,0.0,0.0,0.0,0.0,9.0,8,0.0,0.4265,42.65,0,ELEVATED
GRID_S10_E080,-10,80,2025,4,2025-04-01,0,0.0,0.0,0.0,0.0,0.1,7.0,7,0.0,0.4265,42.65,0,ELEVATED
GRID_S40_W060,-40,-60,2025,9,2025-09-01,0,0.0,1.0,1.0,1.0,0.0,4.0,4,0.5,0.4265,42.65,0,ELEVATED
GRID_N00_E140,0,140,2025,3,2025-03-01,0,0.0,0.0,0.0,0.0,0.1,9.0,8,0.0,0.4264,42.64,0,ELEVATED
GRID_N70_E140,70,140,2025,5,2025-05-01,0,0.0,0.0,0.0,4.0,0.0,4.0,2,0.0,0.4258,42.58,0,ELEVATED
GRID_S10_E010,-10,10,2025,11,2025-11-01,2,0.0,47.0,63.0,64.0,0.0,229.0,10,0.7231,0.4258,42.58,0,ELEVATED
GRID_N40_E100,40,100,2025,5,2025-05-01,0,1.0,1.0,1.0,1.0,0.0,1.0,1,0.5,0.4256,42.56,0,ELEVATED
GRID_N10_E020,10,20,2025,3,2025-03-01,0,1.0,2.0,2.0,2.0,0.0,2.0,2,0.6667,0.4255,42.55,0,ELEVATED
GRID_N40_E020,40,20,2025,2,2025-02-01,0,0.0,0.0,3.0,6.0,0.0,12.0,7,0.0,0.4252,42.52,0,ELEVATED
GRID_N00_E110,0,110,2025,7,2025-07-01,0,0.0,1.0,1.0,1.0,0.0,1.0,1,0.5,0.4251,42.51,0,ELEVATED
GRID_N10_E000,10,0,2025,3,2025-03-01,0,1.0,16.0,32.0,32.0,0.0,32.0,5,0.4848,0.4251,42.51,0,ELEVATED
GRID_N10_W140,10,-140,2025,5,2025-05-01,0,0.0,0.0,0.0,0.0,0.0,7.0,7,0.0,0.4243,42.43,0,ELEVATED
GRID_N50_W160,50,-160,2025,7,2025-07-01,0,0.0,0.0,0.0,0.0,0.0,12.0,7,0.0,0.4238,42.38,0,ELEVATED
GRID_N00_E080,0,80,2025,7,2025-07-01,0,0.0,0.0,0.0,0.0,0.0,6.0,6,0.0,0.4237,42.37,0,ELEVATED
GRID_N00_E070,0,70,2025,11,2025-11-01,0,1.0,1.0,1.0,1.0,0.1,5.0,5,0.5,0.4234,42.34,0,ELEVATED
GRID_N10_E030,10,30,2025,4,2025-04-01,0,3.0,6.0,15.0,15.0,0.0,15.0,4,0.375,0.423,42.3,0,ELEVATED
GRID_N20_E070,20,70,2025,8,2025-08-01,0,0.0,1.0,1.0,4.0,0.0,4.0,2,0.2,0.423,42.3,0,ELEVATED
GRID_N60_E160,60,160,2025,6,2025-06-01,0,0.0,0.0,0.0,3.0,0.3,3.0,1,0.0,0.423,42.3,0,ELEVATED
GRID_N00_E040,0,40,2025,6,2025-06-01,0,1.0,1.0,1.0,1.0,0.0,1.0,1,0.5,0.4227,42.27,0,ELEVATED
GRID_N50_E110,50,110,2025,8,2025-08-01,0,0.0,138.0,176.0,184.0,0.5,267.0,8,0.7459,0.4226,42.26,0,ELEVATED
GRID_S50_E140,-50,140,2025,3,2025-03-01,0,4.0,4.0,4.0,4.0,0.0,4.0,1,0.8,0.4225,42.25,0,ELEVATED
GRID_N50_E170,50,170,2025,6,2025-06-01,0,0.0,0.0,0.0,0.0,0.0,5.0,5,0.0,0.4224,42.24,0,ELEVATED
GRID_S30_E030,-30,30,2025,1,2025-01-01,0,0.0,3.0,12.0,12.0,0.1,16.0,8,0.2308,0.4223,42.23,0,ELEVATED
GRID_N10_W150,10,-150,2025,5,2025-05-01,0,0.0,0.0,0.0,1.0,0.0,6.0,6,0.0,0.4219,42.19,0,ELEVATED
GRID_N60_W110,60,-110,2025,5,2025-05-01,0,0.0,0.0,0.0,5.0,0.0,5.0,2,0.0,0.4219,42.19,0,ELEVATED
GRID_N20_E110,20,110,2025,6,2025-06-01,0,0.0,0.0,0.0,0.0,0.1,5.0,5,0.0,0.4217,42.17,0,ELEVATED
GRID_N40_E120,40,120,2025,7,2025-07-01,0,0.0,1.0,2.0,2.0,0.0,2.0,2,0.3333,0.4213,42.13,0,ELEVATED
GRID_N30_W010,30,-10,2025,3,2025-03-01,0,0.0,0.0,0.0,0.0,0.0,14.0,9,0.0,0.4211,42.11,0,ELEVATED
GRID_N10_W050,10,-50,2025,3,2025-03-01,0,0.0,0.0,1.0,1.0,0.0,12.0,9,0.0,0.4209,42.09,0,ELEVATED
GRID_N10_E160,10,160,2025,4,2025-04-01,0,0.0,0.0,0.0,0.0,0.0,9.0,7,0.0,0.4203,42.03,0,ELEVATED
GRID_S70_E030,-70,30,2025,4,2025-04-01,0,0.0,1.0,1.0,1.0,0.0,3.0,3,0.5,0.4202,42.02,0,ELEVATED
GRID_S30_E110,-30,110,2025,10,2025-10-01,0,0.0,0.0,2.0,5.0,0.1,7.0,6,0.0,0.4197,41.97,0,ELEVATED
GRID_S50_W080,-50,-80,2025,8,2025-08-01,0,0.0,0.0,0.0,2.0,0.0,8.0,6,0.0,0.4193,41.93,0,ELEVATED
GRID_N10_W030,10,-30,2025,2,2025-02-01,0,0.0,0.0,0.0,0.0,0.0,13.0,10,0.0,0.4191,41.91,0,ELEVATED
GRID_N20_E080,20,80,2025,5,2025-05-01,0,1.0,1.0,1.0,1.0,0.0,1.0,1,0.5,0.4191,41.91,0,ELEVATED
GRID_N00_E040,0,40,2025,7,2025-07-01,0,0.0,1.0,1.0,1.0,0.0,1.0,1,0.5,0.4188,41.88,0,ELEVATED
GRID_N40_W080,40,-80,2025,10,2025-10-01,0,0.0,0.0,1.0,6.0,0.0,9.0,5,0.0,0.4188,41.88,0,ELEVATED
GRID_S20_W080,-20,-80,2025,4,2025-04-01,0,0.0,0.0,0.0,1.0,0.0,8.0,7,0.0,0.4188,41.88,0,ELEVATED
GRID_N00_E000,0,0,2025,10,2025-10-01,0,0.0,0.0,2.0,7.0,0.0,9.0,5,0.0,0.4182,41.82,0,ELEVATED
GRID_N50_E170,50,170,2025,7,2025-07-01,0,0.0,0.0,0.0,0.0,0.0,5.0,5,0.0,0.4181,41.81,0,ELEVATED
GRID_N60_E150,60,150,2025,2,2025-02-01,0,0.0,0.0,0.0,9.0,0.0,9.0,1,0.0,0.4178,41.78,0,ELEVATED
GRID_N00_E110,0,110,2025,5,2025-05-01,0,1.0,1.0,1.0,1.0,0.0,1.0,1,0.5,0.417,41.7,0,ELEVATED
GRID_S20_E100,-20,100,2025,11,2025-11-01,0,0.0,0.0,0.0,2.0,0.1,9.0,8,0.0,0.417,41.7,0,ELEVATED
GRID_N50_W100,50,-100,2025,2,2025-02-01,0,0.0,0.0,6.0,9.0,0.0,159.0,23,0.0,0.4169,41.69,0,ELEVATED
GRID_N00_E130,0,130,2025,3,2025-03-01,0,0.0,0.0,0.0,0.0,0.0,8.0,8,0.0,0.4168,41.68,0,ELEVATED
GRID_N00_E140,0,140,2025,10,2025-10-01,0,0.0,0.0,0.0,0.0,0.2,9.0,8,0.0,0.4168,41.68,0,ELEVATED
GRID_N60_E130,60,130,2025,1,2025-01-01,0,0.0,0.0,14.0,22.0,0.0,22.0,3,0.0,0.4163,41.63,0,ELEVATED
GRID_N20_W070,20,-70,2025,11,2025-11-01,0,0.0,1.0,1.0,1.0,0.1,5.0,5,0.5,0.4161,41.61,0,ELEVATED
GRID_S60_W040,-60,-40,2025,2,2025-02-01,0,0.0,0.0,0.0,2.0,0.9,21.0,6,0.0,0.4159,41.59,0,ELEVATED
GRID_N20_E060,20,60,2025,6,2025-06-01,0,0.0,0.0,0.0,1.0,0.1,4.0,4,0.0,0.4158,41.58,0,ELEVATED
GRID_N20_W110,20,-110,2025,1,2025-01-01,0,0.0,0.0,0.0,5.0,0.0,9.0,6,0.0,0.4156,41.56,0,ELEVATED
GRID_N20_E060,20,60,2025,11,2025-11-01,0,1.0,1.0,1.0,1.0,0.0,5.0,5,0.5,0.4155,41.55,0,ELEVATED
GRID_N40_E120,40,120,2025,3,2025-03-01,1,0.0,0.0,0.0,0.0,0.0,0.0,0,0.0,0.4155,41.55,0,ELEVATED
GRID_S30_E160,-30,160,2025,5,2025-05-01,0,0.0,1.0,1.0,1.0,0.0,1.0,1,0.5,0.4149,41.49,0,ELEVATED
GRID_N10_E160,10,160,2025,9,2025-09-01,0,0.0,0.0,0.0,0.0,0.1,9.0,7,0.0,0.4138,41.38,0,ELEVATED
GRID_N40_E130,40,130,2025,3,2025-03-01,0,2.0,2.0,2.0,2.0,0.0,2.0,1,0.6667,0.4133,41.33,0,ELEVATED
GRID_N50_W170,50,-170,2025,7,2025-07-01,0,0.0,0.0,0.0,0.0,0.0,6.0,6,0.0,0.4132,41.32,0,ELEVATED
GRID_N00_E130,0,130,2025,2,2025-02-01,0,0.0,0.0,0.0,0.0,0.2,8.0,8,0.0,0.4131,41.31,0,ELEVATED
GRID_N10_E100,10,100,2025,2,2025-02-01,0,1.0,1.0,1.0,1.0,0.0,4.0,4,0.5,0.4129,41.29,0,ELEVATED
GRID_S30_W070,-30,-70,2025,2,2025-02-01,0,2.0,2.0,3.0,4.0,0.0,6.0,5,0.4,0.4129,41.29,0,ELEVATED
GRID_N50_E120,50,120,2025,9,2025-09-01,0,0.0,0.0,10.0,20.0,0.1,102.0,8,0.0,0.4128,41.28,0,ELEVATED
GRID_N60_W020,60,-20,2025,10,2025-10-01,0,1.0,2.0,2.0,2.0,0.0,2.0,2,0.6667,0.4124,41.24,0,ELEVATED
GRID_N60_E110,60,110,2025,2,2025-02-01,0,0.0,0.0,7.0,15.0,0.0,15.0,2,0.0,0.4123,41.23,0,ELEVATED
GRID_S30_E150,-30,150,2025,2,2025-02-01,0,0.0,0.0,2.0,3.0,0.0,8.0,8,0.0,0.4117,41.17,0,ELEVATED
GRID_N20_E160,20,160,2025,11,2025-11-01,0,0.0,1.0,1.0,1.0,0.1,4.0,4,0.5,0.4112,41.12,0,ELEVATED
GRID_N10_W060,10,-60,2025,1,2025-01-01,0,0.0,0.0,1.0,1.0,0.0,10.0,10,0.0,0.4109,41.09,0,ELEVATED
GRID_N50_W140,50,-140,2025,7,2025-07-01,0,0.0,0.0,0.0,0.0,0.2,6.0,5,0.0,0.4108,41.08,0,ELEVATED
GRID_S20_W040,-20,-40,2025,6,2025-06-01,0,1.0,1.0,1.0,1.0,0.0,1.0,1,0.5,0.4108,41.08,0,ELEVATED
GRID_N50_E170,50,170,2025,5,2025-05-01,0,0.0,0.0,0.0,0.0,0.0,5.0,5,0.0,0.4106,41.06,0,ELEVATED
GRID_N60_W110,60,-110,2025,9,2025-09-01,0,1.0,1.0,1.0,1.0,0.0,6.0,3,0.5,0.4104,41.04,0,ELEVATED
GRID_S40_E010,-40,10,2025,7,2025-07-01,0,1.0,1.0,4.0,4.0,0.0,5.0,4,0.2,0.4102,41.02,0,ELEVATED
GRID_N50_E170,50,170,2025,8,2025-08-01,0,0.0,0.0,0.0,0.0,0.1,5.0,5,0.0,0.4101,41.01,0,ELEVATED
GRID_S70_E020,-70,20,2025,6,2025-06-01,0,0.0,0.0,0.0,0.0,0.3,7.0,5,0.0,0.4096,40.96,0,ELEVATED
GRID_N50_E030,50,30,2025,8,2025-08-01,0,1.0,1.0,1.0,1.0,0.0,1.0,1,0.5,0.4095,40.95,0,ELEVATED
GRID_N20_W060,20,-60,2025,4,2025-04-01,0,0.0,0.0,0.0,0.0,0.0,7.0,7,0.0,0.4093,40.93,0,ELEVATED
GRID_N20_W080,20,-80,2025,4,2025-04-01,0,0.0,0.0,1.0,1.0,0.0,7.0,7,0.0,0.4093,40.93,0,ELEVATED
GRID_N10_E040,10,40,2025,5,2025-05-01,0,0.0,0.0,0.0,1.0,0.2,5.0,4,0.0,0.4084,40.84,0,ELEVATED
GRID_N60_E100,60,100,2025,4,2025-04-01,0,0.0,0.0,0.0,6.0,0.0,6.0,1,0.0,0.4084,40.84,0,ELEVATED
GRID_N30_E060,30,60,2025,8,2025-08-01,0,0.0,1.0,1.0,1.0,0.0,1.0,1,0.5,0.4079,40.79,0,ELEVATED
GRID_S80_W050,-80,-50,2025,4,2025-04-01,0,0.0,1.0,1.0,1.0,0.0,4.0,3,0.5,0.4075,40.75,0,ELEVATED
GRID_N10_W010,10,-10,2025,5,2025-05-01,0,0.0,1.0,19.0,20.0,0.0,20.0,5,0.0476,0.4072,40.72,0,ELEVATED
GRID_S20_W040,-20,-40,2025,7,2025-07-01,0,0.0,1.0,1.0,1.0,0.0,1.0,1,0.5,0.407,40.7,0,ELEVATED
GRID_N00_E150,0,150,2025,11,2025-11-01,0,0.0,0.0,0.0,0.0,0.1,9.0,9,0.0,0.4069,40.69,0,ELEVATED
GRID_S70_E080,-70,80,2025,8,2025-08-01,0,0.0,0.0,2.0,2.0,0.0,10.0,7,0.0,0.4068,40.68,0,ELEVATED
GRID_N20_W160,20,-160,2025,1,2025-01-01,0,0.0,0.0,1.0,1.0,0.1,13.0,10,0.0,0.4067,40.67,0,ELEVATED
GRID_N30_E070,30,70,2025,10,2025-10-01,0,0.0,3.0,6.0,6.0,0.0,6.0,4,0.4286,0.4066,40.66,0,ELEVATED
GRID_S50_W080,-50,-80,2025,7,2025-07-01,0,0.0,0.0,2.0,2.0,0.1,8.0,6,0.0,0.4065,40.65,0,ELEVATED
GRID_N30_W070,30,-70,2025,3,2025-03-01,0,0.0,0.0,0.0,0.0,0.0,8.0,8,0.0,0.4061,40.61,0,ELEVATED
GRID_N50_W170,50,-170,2025,5,2025-05-01,0,0.0,0.0,0.0,0.0,0.0,6.0,6,0.0,0.4057,40.57,0,ELEVATED
GRID_N40_E030,40,30,2025,3,2025-03-01,0,0.0,0.0,1.0,4.0,0.0,8.0,5,0.0,0.4053,40.53,0,ELEVATED
GRID_N50_W170,50,-170,2025,8,2025-08-01,0,0.0,0.0,0.0,0.0,0.1,6.0,6,0.0,0.4052,40.52,0,ELEVATED
GRID_S30_E040,-30,40,2025,4,2025-04-01,0,0.0,1.0,1.0,1.0,0.0,2.0,2,0.5,0.4052,40.52,0,ELEVATED
GRID_N50_E000,50,0,2025,11,2025-11-01,0,0.0,3.0,8.0,8.0,0.0,9.0,6,0.3333,0.4051,40.51,0,ELEVATED
GRID_S70_E030,-70,30,2025,2,2025-02-01,1,0.0,0.0,0.0,0.0,0.0,2.0,2,0.0,0.405,40.5,0,ELEVATED
GRID_N10_W060,10,-60,2025,11,2025-11-01,0,0.0,0.0,0.0,0.0,0.0,10.0,10,0.0,0.4042,40.42,0,ELEVATED
GRID_N20_E050,20,50,2025,8,2025-08-01,0,1.0,1.0,1.0,1.0,0.0,1.0,1,0.5,0.4042,40.42,0,ELEVATED
GRID_N50_W160,50,-160,2025,8,2025-08-01,0,0.0,0.0,0.0,0.0,0.0,12.0,7,0.0,0.404,40.4,0,ELEVATED
GRID_N00_E080,0,80,2025,8,2025-08-01,0,0.0,0.0,0.0,0.0,0.0,6.0,6,0.0,0.4039,40.39,0,ELEVATED
GRID_S20_W080,-20,-80,2025,9,2025-09-01,0,0.0,0.0,1.0,1.0,0.0,9.0,8,0.0,0.4039,40.39,0,ELEVATED
GRID_N20_E060,20,60,2025,8,2025-08-01,0,0.0,0.0,0.0,1.0,0.2,4.0,4,0.0,0.4035,40.35,0,ELEVATED
GRID_N40_E030,40,30,2025,11,2025-11-01,0,0.0,1.0,5.0,5.0,0.0,13.0,8,0.1667,0.4031,40.31,0,ELEVATED
GRID_N40_E120,40,120,2025,4,2025-04-01,0,1.0,1.0,1.0,1.0,0.0,1.0,1,0.5,0.403,40.3,0,ELEVATED
GRID_N40_E110,40,110,2025,10,2025-10-01,0,0.0,0.0,1.0,5.0,0.3,5.0,3,0.0,0.4026,40.26,0,ELEVATED
GRID_N10_W030,10,-30,2025,1,2025-01-01,0,0.0,0.0,0.0,0.0,0.0,13.0,10,0.0,0.4025,40.25,0,ELEVATED
GRID_N20_E150,20,150,2025,10,2025-10-01,0,0.0,0.0,0.0,0.0,0.0,8.0,8,0.0,0.4021,40.21,0,ELEVATED
GRID_N60_W030,60,-30,2025,3,2025-03-01,0,0.0,0.0,2.0,3.0,0.1,7.0,6,0.0,0.4021,40.21,0,ELEVATED
GRID_N10_E000,10,0,2025,4,2025-04-01,0,0.0,9.0,32.0,32.0,0.0,32.0,5,0.2727,0.402,40.2,0,ELEVATED
GRID_S10_W070,-10,-70,2025,10,2025-10-01,0,0.0,5.0,5.0,5.0,0.0,32.0,4,0.8333,0.4018,40.18,0,ELEVATED
GRID_S20_W070,-20,-70,2025,10,2025-10-01,0,4.0,11.0,12.0,20.0,0.8,174.0,12,0.5238,0.4017,40.17,0,ELEVATED
GRID_N40_E120,40,120,2025,8,2025-08-01,0,0.0,1.0,2.0,2.0,0.0,2.0,2,0.3333,0.4016,40.16,0,ELEVATED
GRID_N10_W070,10,-70,2025,3,2025-03-01,0,0.0,0.0,0.0,0.0,0.0,8.0,8,0.0,0.4014,40.14,0,ELEVATED
GRID_N70_E140,70,140,2025,4,2025-04-01,0,0.0,0.0,0.0,4.0,0.0,4.0,2,0.0,0.4014,40.14,0,ELEVATED
GRID_N60_E150,60,150,2025,1,2025-01-01,0,0.0,0.0,0.0,9.0,0.0,9.0,1,0.0,0.4012,40.12,0,ELEVATED
GRID_S20_E080,-20,80,2025,1,2025-01-01,0,0.0,0.0,0.0,0.0,0.1,9.0,9,0.0,0.401,40.1,0,ELEVATED
GRID_S10_E040,-10,40,2025,10,2025-10-01,1,0.0,0.0,0.0,0.0,0.0,1.0,1,0.0,0.4007,40.07,0,ELEVATED
GRID_S20_W080,-20,-80,2025,3,2025-03-01,0,0.0,0.0,0.0,1.0,0.1,8.0,7,0.0,0.4006,40.06,0,ELEVATED
GRID_S80_W170,-80,-170,2025,8,2025-08-01,0,2.0,2.0,2.0,2.0,0.0,2.0,1,0.6667,0.4005,40.05,0,ELEVATED
GRID_N00_E070,0,70,2025,6,2025-06-01,0,0.0,0.0,0.0,1.0,0.0,4.0,4,0.0,0.4003,40.03,0,ELEVATED
GRID_N00_E150,0,150,2025,1,2025-01-01,0,0.0,0.0,0.0,0.0,0.0,9.0,9,0.0,0.4002,40.02,0,ELEVATED
GRID_S30_W070,-30,-70,2025,10,2025-10-01,0,0.0,0.0,0.0,3.0,0.1,7.0,6,0.0,0.4002,40.02,0,ELEVATED
GRID_N60_W120,60,-120,2025,11,2025-11-01,0,0.0,10.0,16.0,16.0,0.0,42.0,7,0.5882,0.4,40.0,0,ELEVATED
GRID_N10_W140,10,-140,2025,4,2025-04-01,0,0.0,0.0,0.0,0.0,0.0,7.0,7,0.0,0.3999,39.99,0,MODERATE
GRID_N20_E060,20,60,2025,7,2025-07-01,0,0.0,0.0,0.0,1.0,0.0,4.0,4,0.0,0.3998,39.98,0,MODERATE
GRID_S30_W070,-30,-70,2025,9,2025-09-01,0,0.0,0.0,1.0,3.0,0.0,7.0,6,0.0,0.3995,39.95,0,MODERATE
GRID_N00_W090,0,-90,2025,9,2025-09-01,1,0.0,0.0,0.0,0.0,0.0,0.0,0,0.0,0.3993,39.93,0,MODERATE
GRID_S50_W080,-50,-80,2025,6,2025-06-01,0,0.0,0.0,2.0,2.0,0.0,8.0,6,0.0,0.3992,39.92,0,MODERATE
GRID_N00_E040,0,40,2025,8,2025-08-01,0,0.0,1.0,1.0,1.0,0.0,1.0,1,0.5,0.3991,39.91,0,MODERATE
GRID_N00_W060,0,-60,2025,6,2025-06-01,0,0.0,0.0,0.0,2.0,0.1,3.0,3,0.0,0.399,39.9,0,MODERATE
GRID_N30_W050,30,-50,2025,3,2025-03-01,0,0.0,0.0,0.0,0.0,0.0,11.0,8,0.0,0.3986,39.86,0,MODERATE
GRID_N20_W020,20,-20,2025,6,2025-06-01,0,0.0,0.0,0.0,0.0,0.0,5.0,5,0.0,0.3985,39.85,0,MODERATE
GRID_N10_E060,10,60,2025,6,2025-06-01,0,0.0,0.0,0.0,0.0,0.2,5.0,4,0.0,0.3982,39.82,0,MODERATE
GRID_N20_E110,20,110,2025,5,2025-05-01,0,0.0,0.0,0.0,0.0,0.0,5.0,5,0.0,0.3982,39.82,0,MODERATE
GRID_S10_E090,-10,90,2025,6,2025-06-01,0,0.0,0.0,0.0,0.0,0.0,6.0,5,0.0,0.3981,39.81,0,MODERATE
GRID_N00_W060,0,-60,2025,1,2025-01-01,0,0.0,2.0,2.0,2.0,0.0,3.0,3,0.6667,0.398,39.8,0,MODERATE
GRID_N20_E150,20,150,2025,2,2025-02-01,0,0.0,0.0,1.0,1.0,0.0,8.0,8,0.0,0.398,39.8,0,MODERATE
GRID_S10_E090,-10,90,2025,5,2025-05-01,0,0.0,0.0,0.0,0.0,0.1,6.0,5,0.0,0.398,39.8,0,MODERATE
GRID_N10_E020,10,20,2025,5,2025-05-01,0,0.0,1.0,2.0,2.0,0.0,2.0,2,0.3333,0.3979,39.79,0,MODERATE
GRID_S30_W180,-30,-180,2025,6,2025-06-01,0,0.0,0.0,0.0,0.0,0.0,6.0,6,0.0,0.3978,39.78,0,MODERATE
GRID_S80_W030,-80,-30,2025,5,2025-05-01,0,0.0,0.0,0.0,1.0,0.1,5.0,5,0.0,0.3978,39.78,0,MODERATE
GRID_N10_W150,10,-150,2025,4,2025-04-01,0,0.0,0.0,0.0,1.0,0.0,6.0,6,0.0,0.3976,39.76,0,MODERATE
GRID_N60_W110,60,-110,2025,4,2025-04-01,0,0.0,0.0,0.0,5.0,0.0,5.0,2,0.0,0.3976,39.76,0,MODERATE
GRID_S80_W030,-80,-30,2025,4,2025-04-01,0,0.0,0.0,0.0,2.0,0.1,5.0,5,0.0,0.3972,39.72,0,MODERATE
GRID_N10_E040,10,40,2025,6,2025-06-01,0,0.0,0.0,0.0,1.0,0.0,5.0,4,0.0,0.3969,39.69,0,MODERATE
GRID_S40_E120,-40,120,2025,8,2025-08-01,0,0.0,0.0,1.0,3.0,0.0,4.0,4,0.0,0.3968,39.68,0,MODERATE
GRID_N20_E070,20,70,2025,2,2025-02-01,0,0.0,3.0,3.0,3.0,0.0,3.0,1,0.75,0.3965,39.65,0,MODERATE
GRID_N00_E160,0,160,2025,6,2025-06-01,0,0.0,0.0,0.0,0.0,0.1,4.0,4,0.0,0.3962,39.62,0,MODERATE
GRID_N00_E070,0,70,2025,7,2025-07-01,0,0.0,0.0,0.0,1.0,0.0,4.0,4,0.0,0.396,39.6,0,MODERATE
GRID_N40_E010,40,10,2025,2,2025-02-01,0,0.0,0.0,0.0,0.0,0.0,15.0,9,0.0,0.3951,39.51,0,MODERATE
GRID_S40_E130,-40,130,2025,6,2025-06-01,0,0.0,0.0,2.0,2.0,0.0,7.0,5,0.0,0.395,39.5,0,MODERATE
GRID_S40_E120,-40,120,2025,7,2025-07-01,0,0.0,0.0,2.0,3.0,0.0,4.0,4,0.0,0.3945,39.45,0,MODERATE
GRID_N40_W060,40,-60,2025,9,2025-09-01,0,1.0,1.0,1.0,1.0,0.0,2.0,2,0.5,0.3943,39.43,0,MODERATE
GRID_N20_W020,20,-20,2025,7,2025-07-01,0,0.0,0.0,0.0,0.0,0.0,5.0,5,0.0,0.3942,39.42,0,MODERATE
GRID_N30_W010,30,-10,2025,2,2025-02-01,0,0.0,0.0,0.0,0.0,0.0,14.0,9,0.0,0.3941,39.41,0,MODERATE
GRID_N10_W050,10,-50,2025,2,2025-02-01,0,0.0,0.0,1.0,1.0,0.0,12.0,9,0.0,0.3938,39.38,0,MODERATE
GRID_S10_E090,-10,90,2025,7,2025-07-01,0,0.0,0.0,0.0,0.0,0.0,6.0,5,0.0,0.3938,39.38,0,MODERATE
GRID_N10_W140,10,-140,2025,9,2025-09-01,0,0.0,0.0,0.0,0.0,0.1,7.0,7,0.0,0.3936,39.36,0,MODERATE
GRID_S30_W180,-30,-180,2025,7,2025-07-01,0,0.0,0.0,0.0,0.0,0.0,6.0,6,0.0,0.3935,39.35,0,MODERATE
GRID_N50_W170,50,-170,2025,4,2025-04-01,0,0.0,0.0,0.0,0.0,0.1,6.0,6,0.0,0.3932,39.32,0,MODERATE
GRID_S20_W040,-20,-40,2025,10,2025-10-01,1,0.0,0.0,1.0,1.0,0.0,1.0,1,0.0,0.3931,39.31,0,MODERATE
GRID_N20_E070,20,70,2025,9,2025-09-01,0,0.0,1.0,1.0,4.0,0.0,4.0,2,0.2,0.3928,39.28,0,MODERATE
GRID_N10_E160,10,160,2025,10,2025-10-01,0,0.0,0.0,0.0,0.0,0.2,9.0,7,0.0,0.3926,39.26,0,MODERATE
GRID_S80_W050,-80,-50,2025,2,2025-02-01,1,0.0,0.0,0.0,0.0,0.0,3.0,2,0.0,0.3925,39.25,0,MODERATE
GRID_N20_E060,20,60,2025,5,2025-05-01,0,0.0,0.0,0.0,1.0,0.0,4.0,4,0.0,0.3924,39.24,0,MODERATE
GRID_N00_E070,0,70,2025,1,2025-01-01,0,0.0,1.0,1.0,1.0,0.0,4.0,4,0.5,0.3919,39.19,0,MODERATE
GRID_N00_E080,0,80,2025,4,2025-04-01,0,0.0,0.0,0.0,0.0,0.0,6.0,6,0.0,0.3919,39.19,0,MODERATE
GRID_N50_W140,50,-140,2025,6,2025-06-01,0,0.0,0.0,0.0,0.0,0.0,6.0,5,0.0,0.3919,39.19,0,MODERATE
GRID_N40_E040,40,40,2025,4,2025-04-01,0,0.0,0.0,0.0,2.0,0.0,5.0,4,0.0,0.3917,39.17,0,MODERATE
GRID_N50_W140,50,-140,2025,8,2025-08-01,0,0.0,0.0,0.0,0.0,0.2,6.0,5,0.0,0.3913,39.13,0,MODERATE
GRID_S40_E010,-40,10,2025,8,2025-08-01,0,0.0,1.0,4.0,4.0,0.0,5.0,4,0.2,0.3911,39.11,0,MODERATE
GRID_N00_E000,0,0,2025,11,2025-11-01,0,0.0,0.0,2.0,7.0,0.0,9.0,5,0.0,0.3909,39.09,0,MODERATE
GRID_S30_E160,-30,160,2025,4,2025-04-01,0,0.0,1.0,1.0,1.0,0.0,1.0,1,0.5,0.3907,39.07,0,MODERATE
GRID_S40_E130,-40,130,2025,7,2025-07-01,0,0.0,0.0,2.0,2.0,0.0,7.0,5,0.0,0.3907,39.07,0,MODERATE
GRID_N10_W020,10,-20,2025,6,2025-06-01,0,0.0,0.0,11.0,11.0,0.0,13.0,5,0.0,0.3905,39.05,0,MODERATE
GRID_N10_E160,10,160,2025,3,2025-03-01,0,0.0,0.0,0.0,0.0,0.0,9.0,7,0.0,0.3904,39.04,0,MODERATE
GRID_S10_E070,-10,70,2025,11,2025-11-01,0,1.0,1.0,1.0,2.0,0.2,4.0,4,0.3333,0.3903,39.03,0,MODERATE
GRID_N50_E100,50,100,2025,9,2025-09-01,0,0.0,1.0,4.0,4.0,0.0,5.0,4,0.2,0.3901,39.01,0,MODERATE
GRID_S70_E030,-70,30,2025,3,2025-03-01,0,1.0,1.0,1.0,1.0,0.0,3.0,3,0.5,0.3899,38.99,0,MODERATE
GRID_S70_W070,-70,-70,2025,7,2025-07-01,0,0.0,0.0,0.0,0.0,0.5,8.0,4,0.0,0.3894,38.94,0,MODERATE
GRID_S50_W080,-50,-80,2025,9,2025-09-01,0,0.0,0.0,0.0,2.0,0.0,8.0,6,0.0,0.3892,38.92,0,MODERATE
GRID_S80_W050,-80,-50,2025,3,2025-03-01,0,1.0,1.0,1.0,1.0,0.1,4.0,3,0.5,0.389,38.9,0,MODERATE
GRID_S10_E120,-10,120,2025,11,2025-11-01,0,0.0,0.0,0.0,1.0,0.0,8.0,8,0.0,0.3889,38.89,0,MODERATE
GRID_S40_E120,-40,120,2025,9,2025-09-01,0,0.0,0.0,0.0,3.0,0.0,4.0,4,0.0,0.3888,38.88,0,MODERATE
GRID_N00_E070,0,70,2025,5,2025-05-01,0,0.0,0.0,0.0,1.0,0.0,4.0,4,0.0,0.3886,38.86,0,MODERATE
GRID_N20_W160,20,-160,2025,11,2025-11-01,0,0.0,0.0,0.0,0.0,0.0,13.0,10,0.0,0.3885,38.85,0,MODERATE
GRID_S70_E140,-70,140,2025,6,2025-06-01,0,0.0,0.0,0.0,0.0,0.0,6.0,5,0.0,0.3885,38.85,0,MODERATE
GRID_S70_E140,-70,140,2025,5,2025-05-01,0,0.0,0.0,0.0,0.0,0.1,6.0,5,0.0,0.3884,38.84,0,MODERATE
GRID_N40_E110,40,110,2025,1,2025-01-01,0,0.0,3.0,3.0,3.0,0.0,3.0,1,0.75,0.3883,38.83,0,MODERATE
GRID_N00_E090,0,90,2025,3,2025-03-01,0,0.0,0.0,0.0,0.0,0.0,7.0,7,0.0,0.3882,38.82,0,MODERATE
GRID_N00_E070,0,70,2025,8,2025-08-01,0,0.0,0.0,0.0,1.0,0.1,4.0,4,0.0,0.3881,38.81,0,MODERATE
GRID_N00_E140,0,140,2025,2,2025-02-01,0,0.0,0.0,0.0,0.0,0.0,9.0,8,0.0,0.3876,38.76,0,MODERATE
GRID_S50_W080,-50,-80,2025,5,2025-05-01,0,0.0,0.0,2.0,2.0,0.0,8.0,6,0.0,0.3876,38.76,0,MODERATE
GRID_N10_E000,10,0,2025,5,2025-05-01,0,0.0,1.0,31.0,32.0,0.0,32.0,5,0.0303,0.3875,38.75,0,MODERATE
GRID_S20_W040,-20,-40,2025,8,2025-08-01,0,0.0,1.0,1.0,1.0,0.0,1.0,1,0.5,0.3875,38.75,0,MODERATE
GRID_N20_W020,20,-20,2025,5,2025-05-01,0,0.0,0.0,0.0,0.0,0.0,5.0,5,0.0,0.3869,38.69,0,MODERATE
GRID_S10_E080,-10,80,2025,11,2025-11-01,0,0.0,0.0,1.0,1.0,0.2,8.0,8,0.0,0.3867,38.67,0,MODERATE
GRID_N50_E170,50,170,2025,4,2025-04-01,0,0.0,0.0,0.0,0.0,0.0,5.0,5,0.0,0.3865,38.65,0,MODERATE
GRID_N20_W020,20,-20,2025,8,2025-08-01,0,0.0,0.0,0.0,0.0,0.1,5.0,5,0.0,0.3864,38.64,0,MODERATE
GRID_S30_W180,-30,-180,2025,5,2025-05-01,0,0.0,0.0,0.0,0.0,0.0,6.0,6,0.0,0.3862,38.62,0,MODERATE
GRID_N00_E010,0,10,2025,7,2025-07-01,0,0.0,0.0,8.0,9.0,0.0,10.0,4,0.0,0.3861,38.61,0,MODERATE
GRID_N50_W160,50,-160,2025,9,2025-09-01,0,0.0,0.0,0.0,0.0,0.1,12.0,7,0.0,0.3857,38.57,0,MODERATE
GRID_N60_W020,60,-20,2025,11,2025-11-01,0,0.0,2.0,2.0,2.0,0.0,2.0,2,0.6667,0.3857,38.57,0,MODERATE
GRID_S30_E020,-30,20,2025,2,2025-02-01,0,0.0,0.0,45.0,48.0,0.0,52.0,8,0.0,0.3856,38.56,0,MODERATE
GRID_S10_E090,-10,90,2025,4,2025-04-01,0,0.0,0.0,0.0,0.0,0.2,6.0,5,0.0,0.3855,38.55,0,MODERATE
GRID_S40_E010,-40,10,2025,2,2025-02-01,1,0.0,0.0,0.0,0.0,0.0,1.0,1,0.0,0.3853,38.53,0,MODERATE
GRID_S10_E080,-10,80,2025,3,2025-03-01,0,0.0,0.0,0.0,0.0,0.0,7.0,7,0.0,0.385,38.5,0,MODERATE
GRID_S40_E130,-40,130,2025,9,2025-09-01,0,0.0,0.0,0.0,2.0,0.0,7.0,5,0.0,0.385,38.5,0,MODERATE
GRID_N10_W010,10,-10,2025,4,2025-04-01,0,0.0,3.0,20.0,20.0,0.0,20.0,5,0.1429,0.3849,38.49,0,MODERATE
GRID_N60_W140,60,-140,2025,10,2025-10-01,0,0.0,1.0,1.0,1.0,0.0,3.0,3,0.5,0.3848,38.48,0,MODERATE
GRID_S10_W040,-10,-40,2025,9,2025-09-01,0,1.0,1.0,1.0,1.0,0.0,2.0,2,0.5,0.3845,38.45,0,MODERATE
GRID_S70_E140,-70,140,2025,7,2025-07-01,0,0.0,0.0,0.0,0.0,0.0,6.0,5,0.0,0.3843,38.43,0,MODERATE
GRID_N50_W110,50,-110,2025,10,2025-10-01,0,0.0,81.0,130.0,130.0,0.1,211.0,16,0.6183,0.3838,38.38,0,MODERATE
GRID_N00_W120,0,-120,2025,10,2025-10-01,0,1.0,1.0,1.0,1.0,0.1,3.0,3,0.5,0.3837,38.37,0,MODERATE
GRID_N00_W060,0,-60,2025,7,2025-07-01,0,0.0,0.0,0.0,2.0,0.0,3.0,3,0.0,0.3832,38.32,0,MODERATE
GRID_S40_E010,-40,10,2025,9,2025-09-01,0,0.0,1.0,3.0,4.0,0.0,5.0,4,0.2,0.3831,38.31,0,MODERATE
GRID_S80_W080,-80,-80,2025,4,2025-04-01,0,0.0,1.0,1.0,1.0,0.0,2.0,2,0.5,0.383,38.3,0,MODERATE
GRID_S20_W080,-20,-80,2025,10,2025-10-01,0,0.0,0.0,1.0,1.0,0.1,9.0,8,0.0,0.3829,38.29,0,MODERATE
GRID_N00_E140,0,140,2025,1,2025-01-01,0,0.0,0.0,0.0,0.0,0.1,9.0,8,0.0,0.3828,38.28,0,MODERATE
GRID_N20_E150,20,150,2025,1,2025-01-01,0,0.0,0.0,1.0,1.0,0.0,8.0,8,0.0,0.3817,38.17,0,MODERATE
GRID_S60_W050,-60,-50,2025,4,2025-04-01,0,0.0,1.0,1.0,1.0,0.0,5.0,2,0.5,0.3811,38.11,0,MODERATE
GRID_N30_W040,30,-40,2025,2,2025-02-01,0,0.0,1.0,1.0,1.0,0.0,3.0,3,0.5,0.3808,38.08,0,MODERATE
GRID_N00_E160,0,160,2025,7,2025-07-01,0,0.0,0.0,0.0,0.0,0.0,4.0,4,0.0,0.3805,38.05,0,MODERATE
GRID_N40_W040,40,-40,2025,10,2025-10-01,1,0.0,0.0,0.0,0.0,0.0,0.0,0,0.0,0.3804,38.04,0,MODERATE
GRID_N20_E070,20,70,2025,1,2025-01-01,0,0.0,3.0,3.0,3.0,0.0,3.0,1,0.75,0.3802,38.02,0,MODERATE
GRID_N50_E030,50,30,2025,9,2025-09-01,0,0.0,1.0,1.0,1.0,0.0,1.0,1,0.5,0.3801,38.01,0,MODERATE
GRID_S80_W110,-80,-110,2025,6,2025-06-01,0,0.0,0.0,0.0,0.0,0.0,10.0,6,0.0,0.3801,38.01,0,MODERATE
GRID_N50_W140,50,-140,2025,4,2025-04-01,0,0.0,0.0,0.0,1.0,0.0,6.0,5,0.0,0.3798,37.98,0,MODERATE
GRID_N20_W060,20,-60,2025,3,2025-03-01,0,0.0,0.0,0.0,0.0,0.0,7.0,7,0.0,0.3797,37.97,0,MODERATE
GRID_N20_W080,20,-80,2025,3,2025-03-01,0,0.0,0.0,1.0,1.0,0.0,7.0,7,0.0,0.3797,37.97,0,MODERATE
GRID_S10_W100,-10,-100,2025,6,2025-06-01,0,0.0,0.0,0.0,0.0,0.2,5.0,4,0.0,0.3797,37.97,0,MODERATE
GRID_N30_W070,30,-70,2025,2,2025-02-01,0,0.0,0.0,0.0,0.0,0.0,8.0,8,0.0,0.3794,37.94,0,MODERATE
GRID_N40_W090,40,-90,2025,8,2025-08-01,0,0.0,1.0,18.0,19.0,0.0,52.0,8,0.05,0.3794,37.94,0,MODERATE
GRID_S80_W030,-80,-30,2025,3,2025-03-01,0,0.0,0.0,0.0,2.0,0.2,5.0,5,0.0,0.3793,37.93,0,MODERATE
GRID_N40_E050,40,50,2025,9,2025-09-01,0,1.0,1.0,1.0,1.0,0.0,1.0,1,0.5,0.3791,37.91,0,MODERATE
GRID_N30_W030,30,-30,2025,10,2025-10-01,1,0.0,0.0,0.0,0.0,0.0,0.0,0,0.0,0.379,37.9,0,MODERATE
GRID_N40_E110,40,110,2025,9,2025-09-01,0,0.0,0.0,2.0,5.0,0.0,5.0,3,0.0,0.3789,37.89,0,MODERATE
GRID_N40_E010,40,10,2025,1,2025-01-01,0,0.0,0.0,0.0,0.0,0.0,15.0,9,0.0,0.3788,37.88,0,MODERATE
GRID_N60_E100,60,100,2025,3,2025-03-01,0,0.0,0.0,0.0,6.0,0.0,6.0,1,0.0,0.3788,37.88,0,MODERATE
GRID_N30_W060,30,-60,2025,7,2025-07-01,0,0.0,0.0,0.0,1.0,0.1,3.0,3,0.0,0.3783,37.83,0,MODERATE
GRID_N60_W110,60,-110,2025,10,2025-10-01,0,0.0,1.0,1.0,1.0,0.0,6.0,3,0.5,0.3782,37.82,0,MODERATE
GRID_N30_E060,30,60,2025,9,2025-09-01,0,0.0,1.0,1.0,1.0,0.0,1.0,1,0.5,0.3781,37.81,0,MODERATE
GRID_N60_W130,60,-130,2025,10,2025-10-01,0,0.0,8.0,10.0,10.0,0.0,47.0,5,0.7273,0.378,37.8,0,MODERATE
GRID_N30_W010,30,-10,2025,1,2025-01-01,0,0.0,0.0,0.0,0.0,0.0,14.0,9,0.0,0.3778,37.78,0,MODERATE
GRID_N10_W050,10,-50,2025,1,2025-01-01,0,0.0,0.0,1.0,1.0,0.0,12.0,9,0.0,0.3776,37.76,0,MODERATE
GRID_N30_W050,30,-50,2025,11,2025-11-01,0,0.0,0.0,1.0,1.0,0.0,12.0,9,0.0,0.3773,37.73,0,MODERATE
GRID_S30_E110,-30,110,2025,2,2025-02-01,0,1.0,1.0,2.0,2.0,0.1,4.0,4,0.3333,0.3772,37.72,0,MODERATE
GRID_S40_E120,-40,120,2025,6,2025-06-01,0,0.0,0.0,3.0,3.0,0.0,4.0,4,0.0,0.3772,37.72,0,MODERATE
GRID_S70_E080,-70,80,2025,9,2025-09-01,0,0.0,0.0,2.0,2.0,0.0,10.0,7,0.0,0.377,37.7,0,MODERATE
GRID_N00_W050,0,-50,2025,6,2025-06-01,0,0.0,0.0,0.0,1.0,0.1,3.0,3,0.0,0.3765,37.65,0,MODERATE
GRID_N60_E160,60,160,2025,5,2025-05-01,0,0.0,0.0,0.0,3.0,0.0,3.0,1,0.0,0.3765,37.65,0,MODERATE
GRID_N60_E140,60,140,2025,1,2025-01-01,0,0.0,0.0,14.0,20.0,0.0,20.0,3,0.0,0.3763,37.63,0,MODERATE
GRID_S30_E160,-30,160,2025,2,2025-02-01,1,0.0,0.0,0.0,0.0,0.0,0.0,0,0.0,0.3759,37.59,0,MODERATE
GRID_S80_W110,-80,-110,2025,7,2025-07-01,0,0.0,0.0,0.0,0.0,0.0,10.0,6,0.0,0.3759,37.59,0,MODERATE
GRID_S30_E040,-30,40,2025,3,2025-03-01,0,0.0,1.0,1.0,1.0,0.0,2.0,2,0.5,0.3757,37.57,0,MODERATE
GRID_N20_E150,20,150,2025,11,2025-11-01,0,0.0,0.0,0.0,0.0,0.0,8.0,8,0.0,0.3752,37.52,0,MODERATE
GRID_N20_E050,20,50,2025,9,2025-09-01,0,0.0,1.0,1.0,1.0,0.0,1.0,1,0.5,0.375,37.5,0,MODERATE
GRID_S70_E020,-70,20,2025,5,2025-05-01,0,0.0,0.0,0.0,0.0,0.1,7.0,5,0.0,0.375,37.5,0,MODERATE
GRID_S10_W070,-10,-70,2025,11,2025-11-01,0,0.0,5.0,5.0,5.0,0.0,32.0,4,0.8333,0.3749,37.49,0,MODERATE
GRID_N10_W070,10,-70,2025,2,2025-02-01,0,0.0,0.0,0.0,0.0,0.0,8.0,8,0.0,0.3748,37.48,0,MODERATE
GRID_S10_E070,-10,70,2025,5,2025-05-01,0,0.0,0.0,1.0,2.0,0.1,3.0,3,0.0,0.3748,37.48,0,MODERATE
GRID_S70_E080,-70,80,2025,3,2025-03-01,0,0.0,0.0,0.0,0.0,0.3,8.0,6,0.0,0.3747,37.47,0,MODERATE
GRID_N40_E070,40,70,2025,10,2025-10-01,0,0.0,1.0,2.0,3.0,0.1,3.0,3,0.25,0.3746,37.46,0,MODERATE
GRID_N20_W020,20,-20,2025,4,2025-04-01,0,0.0,0.0,0.0,0.0,0.1,5.0,5,0.0,0.3745,37.45,0,MODERATE
GRID_S10_E090,-10,90,2025,8,2025-08-01,0,0.0,0.0,0.0,0.0,0.0,6.0,5,0.0,0.3745,37.45,0,MODERATE
GRID_S80_W030,-80,-30,2025,6,2025-06-01,0,0.0,0.0,0.0,0.0,0.0,5.0,5,0.0,0.3745,37.45,0,MODERATE
GRID_N20_E110,20,110,2025,4,2025-04-01,0,0.0,0.0,0.0,0.0,0.0,5.0,5,0.0,0.3744,37.44,0,MODERATE
GRID_S30_W180,-30,-180,2025,8,2025-08-01,0,0.0,0.0,0.0,0.0,0.0,6.0,6,0.0,0.3743,37.43,0,MODERATE
GRID_N00_E080,0,80,2025,9,2025-09-01,0,0.0,0.0,0.0,0.0,0.0,6.0,6,0.0,0.3742,37.42,0,MODERATE
GRID_N10_E020,10,20,2025,4,2025-04-01,0,0.0,1.0,2.0,2.0,0.0,2.0,2,0.3333,0.374,37.4,0,MODERATE
GRID_S30_E040,-30,40,2025,1,2025-01-01,1,0.0,0.0,0.0,0.0,0.0,1.0,1,0.0,0.374,37.4,0,MODERATE
GRID_S30_W180,-30,-180,2025,4,2025-04-01,0,0.0,0.0,0.0,0.0,0.1,6.0,6,0.0,0.3739,37.39,0,MODERATE
GRID_N00_E130,0,130,2025,1,2025-01-01,0,0.0,0.0,0.0,0.0,0.0,8.0,8,0.0,0.3737,37.37,0,MODERATE
GRID_N00_E160,0,160,2025,5,2025-05-01,0,0.0,0.0,0.0,0.0,0.0,4.0,4,0.0,0.3732,37.32,0,MODERATE
GRID_S10_E070,-10,70,2025,6,2025-06-01,0,0.0,0.0,0.0,1.0,0.0,3.0,3,0.0,0.3732,37.32,0,MODERATE
GRID_N30_W020,30,-20,2025,5,2025-05-01,0,0.0,0.0,0.0,2.0,0.1,2.0,2,0.0,0.373,37.3,0,MODERATE
GRID_S80_W180,-80,-180,2025,9,2025-09-01,1,0.0,0.0,0.0,0.0,0.0,0.0,0,0.0,0.373,37.3,0,MODERATE
GRID_N30_W040,30,-40,2025,6,2025-06-01,0,0.0,0.0,0.0,1.0,0.0,3.0,3,0.0,0.3729,37.29,0,MODERATE
GRID_S70_W060,-70,-60,2025,5,2025-05-01,0,0.0,0.0,0.0,1.0,0.1,4.0,4,0.0,0.3727,37.27,0,MODERATE
GRID_N30_W050,30,-50,2025,2,2025-02-01,0,0.0,0.0,0.0,0.0,0.0,11.0,8,0.0,0.372,37.2,0,MODERATE
GRID_N70_E140,70,140,2025,3,2025-03-01,0,0.0,0.0,0.0,4.0,0.0,4.0,2,0.0,0.372,37.2,0,MODERATE
GRID_S80_W170,-80,-170,2025,9,2025-09-01,0,0.0,2.0,2.0,2.0,0.0,2.0,1,0.6667,0.3719,37.19,0,MODERATE
GRID_S40_E130,-40,130,2025,8,2025-08-01,0,0.0,0.0,2.0,2.0,0.0,7.0,5,0.0,0.3715,37.15,0,MODERATE
GRID_N10_E060,10,60,2025,7,2025-07-01,0,0.0,0.0,0.0,0.0,0.0,5.0,4,0.0,0.3711,37.11,0,MODERATE
GRID_N30_W060,30,-60,2025,6,2025-06-01,0,0.0,0.0,0.0,1.0,0.0,3.0,3,0.0,0.3711,37.11,0,MODERATE
GRID_S70_E020,-70,20,2025,7,2025-07-01,0,0.0,0.0,0.0,0.0,0.0,7.0,5,0.0,0.3709,37.09,0,MODERATE
GRID_N10_E070,10,70,2025,1,2025-01-01,0,0.0,0.0,0.0,0.0,0.0,8.0,8,0.0,0.3708,37.08,0,MODERATE
GRID_N10_W140,10,-140,2025,3,2025-03-01,0,0.0,0.0,0.0,0.0,0.0,7.0,7,0.0,0.3706,37.06,0,MODERATE
GRID_N10_E170,10,170,2025,7,2025-07-01,0,0.0,0.0,0.0,0.0,0.1,3.0,3,0.0,0.3704,37.04,0,MODERATE
GRID_S80_W030,-80,-30,2025,7,2025-07-01,0,0.0,0.0,0.0,0.0,0.0,5.0,5,0.0,0.3704,37.04,0,MODERATE
GRID_N40_E100,40,100,2025,9,2025-09-01,0,1.0,1.0,2.0,2.0,0.0,2.0,2,0.3333,0.3698,36.98,0,MODERATE
GRID_S20_W170,-20,-170,2025,2,2025-02-01,0,0.0,0.0,0.0,3.0,0.4,6.0,4,0.0,0.3698,36.98,0,MODERATE
GRID_N00_W100,0,-100,2025,7,2025-07-01,0,0.0,0.0,0.0,0.0,0.1,4.0,4,0.0,0.3695,36.95,0,MODERATE
GRID_N20_W070,20,-70,2025,6,2025-06-01,0,0.0,0.0,0.0,0.0,0.0,4.0,4,0.0,0.3694,36.94,0,MODERATE
GRID_N20_W070,20,-70,2025,5,2025-05-01,0,0.0,0.0,0.0,0.0,0.1,4.0,4,0.0,0.3693,36.93,0,MODERATE
GRID_S10_E070,-10,70,2025,7,2025-07-01,0,0.0,0.0,0.0,1.0,0.0,3.0,3,0.0,0.369,36.9,0,MODERATE
GRID_N50_E170,50,170,2025,9,2025-09-01,0,0.0,0.0,0.0,0.0,0.0,5.0,5,0.0,0.3689,36.89,0,MODERATE
GRID_N00_E010,0,10,2025,6,2025-06-01,0,0.0,0.0,9.0,9.0,0.0,10.0,4,0.0,0.3688,36.88,0,MODERATE
GRID_N20_E060,20,60,2025,4,2025-04-01,0,0.0,0.0,0.0,1.0,0.0,4.0,4,0.0,0.3687,36.87,0,MODERATE
GRID_N30_W040,30,-40,2025,7,2025-07-01,0,0.0,0.0,0.0,1.0,0.0,3.0,3,0.0,0.3687,36.87,0,MODERATE
GRID_N50_E170,50,170,2025,3,2025-03-01,0,0.0,0.0,0.0,0.0,0.1,5.0,5,0.0,0.3687,36.87,0,MODERATE
GRID_N50_W070,50,-70,2025,6,2025-06-01,0,0.0,0.0,0.0,2.0,0.2,2.0,1,0.0,0.3686,36.86,0,MODERATE
GRID_S80_W110,-80,-110,2025,5,2025-05-01,0,0.0,0.0,0.0,0.0,0.0,10.0,6,0.0,0.3686,36.86,0,MODERATE
GRID_N20_W020,20,-20,2025,9,2025-09-01,0,0.0,0.0,0.0,0.0,0.2,5.0,5,0.0,0.3684,36.84,0,MODERATE
GRID_N10_W150,10,-150,2025,3,2025-03-01,0,0.0,0.0,0.0,1.0,0.0,6.0,6,0.0,0.3683,36.83,0,MODERATE
GRID_N50_E070,50,70,2025,1,2025-01-01,0,0.0,2.0,2.0,2.0,0.0,2.0,1,0.6667,0.3683,36.83,0,MODERATE
GRID_N60_W110,60,-110,2025,3,2025-03-01,0,0.0,0.0,0.0,5.0,0.0,5.0,2,0.0,0.3683,36.83,0,MODERATE
GRID_S80_W110,-80,-110,2025,4,2025-04-01,0,0.0,0.0,0.0,0.0,0.2,10.0,6,0.0,0.3677,36.77,0,MODERATE
GRID_S20_W080,-20,-80,2025,11,2025-11-01,0,0.0,0.0,1.0,1.0,0.2,9.0,8,0.0,0.3676,36.76,0,MODERATE
GRID_N30_E030,30,30,2025,4,2025-04-01,0,0.0,0.0,0.0,0.0,0.0,6.0,5,0.0,0.3668,36.68,0,MODERATE
GRID_S50_W070,-50,-70,2025,4,2025-04-01,0,0.0,1.0,1.0,1.0,0.0,1.0,1,0.5,0.3662,36.62,0,MODERATE
GRID_N20_W070,20,-70,2025,7,2025-07-01,0,0.0,0.0,0.0,0.0,0.0,4.0,4,0.0,0.3653,36.53,0,MODERATE
GRID_S70_E140,-70,140,2025,8,2025-08-01,0,0.0,0.0,0.0,0.0,0.0,6.0,5,0.0,0.3652,36.52,0,MODERATE
GRID_N20_E160,20,160,2025,6,2025-06-01,0,0.0,0.0,0.0,0.0,0.0,3.0,3,0.0,0.3648,36.48,0,MODERATE
GRID_N30_E150,30,150,2025,6,2025-06-01,0,0.0,0.0,0.0,1.0,0.0,2.0,2,0.0,0.3648,36.48,0,MODERATE
GRID_N50_E020,50,20,2025,5,2025-05-01,0,0.0,0.0,0.0,0.0,0.2,5.0,3,0.0,0.3648,36.48,0,MODERATE
GRID_S10_E060,-10,60,2025,7,2025-07-01,0,0.0,0.0,0.0,0.0,0.2,4.0,3,0.0,0.3648,36.48,0,MODERATE
GRID_N30_W040,30,-40,2025,1,2025-01-01,0,0.0,1.0,1.0,1.0,0.0,3.0,3,0.5,0.3647,36.47,0,MODERATE
GRID_N50_E060,50,60,2025,8,2025-08-01,0,0.0,0.0,1.0,2.0,0.0,3.0,3,0.0,0.3645,36.45,0,MODERATE
GRID_S10_E070,-10,70,2025,2,2025-02-01,0,0.0,1.0,1.0,2.0,0.0,3.0,3,0.3333,0.3644,36.44,0,MODERATE
GRID_N50_E090,50,90,2025,6,2025-06-01,0,0.0,0.0,0.0,1.0,0.0,2.0,2,0.0,0.3642,36.42,0,MODERATE
GRID_N50_W170,50,-170,2025,9,2025-09-01,0,0.0,0.0,0.0,0.0,0.0,6.0,6,0.0,0.3642,36.42,0,MODERATE
GRID_N00_W010,0,-10,2025,4,2025-04-01,0,0.0,7.0,22.0,22.0,0.0,22.0,3,0.3043,0.3641,36.41,0,MODERATE
GRID_N00_W060,0,-60,2025,8,2025-08-01,0,0.0,0.0,0.0,2.0,0.0,3.0,3,0.0,0.3641,36.41,0,MODERATE
GRID_N10_E160,10,160,2025,2,2025-02-01,0,0.0,0.0,0.0,0.0,0.0,9.0,7,0.0,0.3641,36.41,0,MODERATE
GRID_N50_E090,50,90,2025,5,2025-05-01,0,0.0,0.0,0.0,1.0,0.1,2.0,2,0.0,0.3641,36.41,0,MODERATE
GRID_S70_E060,-70,60,2025,10,2025-10-01,1,0.0,0.0,0.0,0.0,0.0,0.0,0,0.0,0.364,36.4,0,MODERATE
GRID_N10_E060,10,60,2025,5,2025-05-01,0,0.0,0.0,0.0,0.0,0.0,5.0,4,0.0,0.3639,36.39,0,MODERATE
GRID_N10_E170,10,170,2025,6,2025-06-01,0,0.0,0.0,0.0,0.0,0.0,3.0,3,0.0,0.3634,36.34,0,MODERATE
GRID_N30_W070,30,-70,2025,1,2025-01-01,0,0.0,0.0,0.0,0.0,0.0,8.0,8,0.0,0.3634,36.34,0,MODERATE
GRID_N00_E080,0,80,2025,3,2025-03-01,0,0.0,0.0,0.0,0.0,0.0,6.0,6,0.0,0.3628,36.28,0,MODERATE
GRID_S20_W080,-20,-80,2025,2,2025-02-01,0,0.0,0.0,0.0,1.0,0.0,8.0,7,0.0,0.3627,36.27,0,MODERATE
GRID_N40_W060,40,-60,2025,10,2025-10-01,0,0.0,1.0,1.0,1.0,0.0,2.0,2,0.5,0.3626,36.26,0,MODERATE
GRID_N00_W100,0,-100,2025,6,2025-06-01,0,0.0,0.0,0.0,0.0,0.0,4.0,4,0.0,0.3624,36.24,0,MODERATE
GRID_N00_W100,0,-100,2025,5,2025-05-01,0,0.0,0.0,0.0,0.0,0.1,4.0,4,0.0,0.3623,36.23,0,MODERATE
GRID_S30_W070,-30,-70,2025,11,2025-11-01,0,0.0,0.0,0.0,3.0,0.0,7.0,6,0.0,0.3621,36.21,0,MODERATE
GRID_N00_E090,0,90,2025,2,2025-02-01,0,0.0,0.0,0.0,0.0,0.0,7.0,7,0.0,0.3619,36.19,0,MODERATE
GRID_N10_E040,10,40,2025,4,2025-04-01,0,0.0,0.0,0.0,1.0,0.0,5.0,4,0.0,0.3617,36.17,0,MODERATE
GRID_N00_E160,0,160,2025,8,2025-08-01,0,0.0,0.0,0.0,0.0,0.0,4.0,4,0.0,0.3615,36.15,0,MODERATE
GRID_N10_W140,10,-140,2025,10,2025-10-01,0,0.0,0.0,0.0,0.0,0.1,7.0,7,0.0,0.3615,36.15,0,MODERATE
GRID_S80_W110,-80,-110,2025,3,2025-03-01,0,0.0,0.0,0.0,0.0,0.4,10.0,6,0.0,0.3614,36.14,0,MODERATE
GRID_N00_W010,0,-10,2025,6,2025-06-01,0,1.0,1.0,23.0,23.0,0.0,23.0,4,0.0417,0.3612,36.12,0,MODERATE
GRID_S30_E160,-30,160,2025,3,2025-03-01,0,1.0,1.0,1.0,1.0,0.0,1.0,1,0.5,0.3612,36.12,0,MODERATE
GRID_S70_E080,-70,80,2025,11,2025-11-01,0,0.0,0.0,0.0,2.0,0.0,10.0,7,0.0,0.3612,36.12,0,MODERATE
GRID_N00_W050,0,-50,2025,7,2025-07-01,0,0.0,0.0,0.0,0.0,0.2,3.0,3,0.0,0.3607,36.07,0,MODERATE
GRID_N20_E160,20,160,2025,7,2025-07-01,0,0.0,0.0,0.0,0.0,0.0,3.0,3,0.0,0.3606,36.06,0,MODERATE
GRID_N30_E150,30,150,2025,7,2025-07-01,0,0.0,0.0,0.0,1.0,0.0,2.0,2,0.0,0.3606,36.06,0,MODERATE
GRID_S30_E040,-30,40,2025,2,2025-02-01,0,1.0,1.0,1.0,1.0,0.1,2.0,2,0.5,0.3604,36.04,0,MODERATE
GRID_S70_E080,-70,80,2025,2,2025-02-01,0,0.0,0.0,0.0,1.0,0.2,8.0,6,0.0,0.3602,36.02,0,MODERATE
GRID_S80_W130,-80,-130,2025,6,2025-06-01,0,0.0,0.0,0.0,2.0,0.0,4.0,3,0.0,0.3602,36.02,0,MODERATE
GRID_N50_E090,50,90,2025,7,2025-07-01,0,0.0,0.0,0.0,1.0,0.0,2.0,2,0.0,0.36,36.0,0,MODERATE
GRID_N30_W060,30,-60,2025,5,2025-05-01,0,0.0,0.0,0.0,1.0,0.0,3.0,3,0.0,0.3598,35.98,0,MODERATE
GRID_S80_W130,-80,-130,2025,8,2025-08-01,0,0.0,0.0,0.0,2.0,0.2,4.0,3,0.0,0.3596,35.96,0,MODERATE
GRID_N10_E160,10,160,2025,1,2025-01-01,0,0.0,0.0,0.0,0.0,0.1,9.0,7,0.0,0.3594,35.94,0,MODERATE
GRID_N10_W070,10,-70,2025,1,2025-01-01,0,0.0,0.0,0.0,0.0,0.0,8.0,8,0.0,0.3589,35.89,0,MODERATE
GRID_S10_E080,-10,80,2025,2,2025-02-01,0,0.0,0.0,0.0,0.0,0.0,7.0,7,0.0,0.3588,35.88,0,MODERATE
GRID_N60_W140,60,-140,2025,11,2025-11-01,0,0.0,1.0,1.0,1.0,0.0,3.0,3,0.5,0.3583,35.83,0,MODERATE
GRID_N50_E070,50,70,2025,6,2025-06-01,0,0.0,0.0,0.0,2.0,0.0,2.0,1,0.0,0.3581,35.81,0,MODERATE
GRID_S10_E160,-10,160,2025,6,2025-06-01,0,0.0,0.0,0.0,0.0,0.0,3.0,3,0.0,0.358,35.8,0,MODERATE
GRID_N30_E140,30,140,2025,6,2025-06-01,0,0.0,0.0,0.0,1.0,0.0,4.0,2,0.0,0.3579,35.79,0,MODERATE
GRID_S10_E120,-10,120,2025,1,2025-01-01,0,0.0,0.0,0.0,0.0,0.1,7.0,7,0.0,0.3575,35.75,0,MODERATE
GRID_S50_W080,-50,-80,2025,10,2025-10-01,0,0.0,0.0,0.0,2.0,0.0,8.0,6,0.0,0.3572,35.72,0,MODERATE
GRID_S80_W110,-80,-110,2025,8,2025-08-01,0,0.0,0.0,0.0,0.0,0.0,10.0,6,0.0,0.3569,35.69,0,MODERATE
GRID_S40_E120,-40,120,2025,10,2025-10-01,0,0.0,0.0,0.0,3.0,0.0,4.0,4,0.0,0.3568,35.68,0,MODERATE
GRID_N30_E150,30,150,2025,1,2025-01-01,0,0.0,1.0,1.0,1.0,0.0,2.0,2,0.5,0.3567,35.67,0,MODERATE
GRID_S70_E080,-70,80,2025,10,2025-10-01,0,0.0,0.0,2.0,2.0,0.1,10.0,7,0.0,0.3565,35.65,0,MODERATE
GRID_N30_W050,30,-50,2025,1,2025-01-01,0,0.0,0.0,0.0,0.0,0.0,11.0,8,0.0,0.3561,35.61,0,MODERATE
GRID_S80_W130,-80,-130,2025,7,2025-07-01,0,0.0,0.0,0.0,2.0,0.0,4.0,3,0.0,0.356,35.6,0,MODERATE
GRID_N00_E100,0,100,2025,6,2025-06-01,0,0.0,0.0,0.0,0.0,0.0,3.0,3,0.0,0.3552,35.52,0,MODERATE
GRID_N00_W060,0,-60,2025,5,2025-05-01,0,0.0,0.0,1.0,2.0,0.0,3.0,3,0.0,0.3548,35.48,0,MODERATE
GRID_S10_E080,-10,80,2025,1,2025-01-01,0,0.0,0.0,0.0,0.0,0.1,7.0,7,0.0,0.3542,35.42,0,MODERATE
GRID_S80_W080,-80,-80,2025,3,2025-03-01,0,0.0,1.0,1.0,1.0,0.0,2.0,2,0.5,0.3542,35.42,0,MODERATE
GRID_N00_W050,0,-50,2025,5,2025-05-01,0,0.0,0.0,0.0,1.0,0.0,3.0,3,0.0,0.354,35.4,0,MODERATE
GRID_N50_E070,50,70,2025,7,2025-07-01,0,0.0,0.0,0.0,2.0,0.0,2.0,1,0.0,0.354,35.4,0,MODERATE
GRID_N40_E110,40,110,2025,4,2025-04-01,0,1.0,1.0,4.0,4.0,0.0,4.0,2,0.2,0.3539,35.39,0,MODERATE
GRID_N50_W160,50,-160,2025,10,2025-10-01,0,0.0,0.0,0.0,0.0,0.1,12.0,7,0.0,0.3539,35.39,0,MODERATE
GRID_S10_E160,-10,160,2025,7,2025-07-01,0,0.0,0.0,0.0,0.0,0.0,3.0,3,0.0,0.3539,35.39,0,MODERATE
GRID_N30_E140,30,140,2025,7,2025-07-01,0,0.0,0.0,0.0,1.0,0.0,4.0,2,0.0,0.3538,35.38,0,MODERATE
GRID_N20_W060,20,-60,2025,2,2025-02-01,0,0.0,0.0,0.0,0.0,0.0,7.0,7,0.0,0.3537,35.37,0,MODERATE
GRID_N20_W080,20,-80,2025,2,2025-02-01,0,0.0,0.0,1.0,1.0,0.0,7.0,7,0.0,0.3537,35.37,0,MODERATE
GRID_N50_E020,50,20,2025,6,2025-06-01,0,0.0,0.0,0.0,0.0,0.0,5.0,3,0.0,0.3537,35.37,0,MODERATE
GRID_S20_W060,-20,-60,2025,1,2025-01-01,0,0.0,21.0,282.0,300.0,0.0,300.0,7,0.0698,0.3537,35.37,0,MODERATE
GRID_N50_E060,50,60,2025,1,2025-01-01,0,0.0,1.0,1.0,1.0,0.0,2.0,2,0.5,0.3536,35.36,0,MODERATE
GRID_S70_E140,-70,140,2025,4,2025-04-01,0,0.0,0.0,0.0,0.0,0.0,6.0,5,0.0,0.3536,35.36,0,MODERATE
GRID_N20_E160,20,160,2025,5,2025-05-01,0,0.0,0.0,0.0,0.0,0.0,3.0,3,0.0,0.3535,35.35,0,MODERATE
GRID_N30_E150,30,150,2025,5,2025-05-01,0,0.0,0.0,0.0,1.0,0.0,2.0,2,0.0,0.3535,35.35,0,MODERATE
GRID_N50_E020,50,20,2025,11,2025-11-01,0,0.0,1.0,3.0,3.0,0.0,8.0,5,0.25,0.3535,35.35,0,MODERATE
GRID_S40_E020,-40,20,2025,2,2025-02-01,0,0.0,1.0,11.0,12.0,0.2,14.0,5,0.0769,0.3535,35.35,0,MODERATE
GRID_S30_W050,-30,-50,2025,10,2025-10-01,0,0.0,0.0,0.0,5.0,0.5,35.0,4,0.0,0.3534,35.34,0,MODERATE
GRID_N60_E160,60,160,2025,4,2025-04-01,0,0.0,0.0,0.0,3.0,0.0,3.0,1,0.0,0.3532,35.32,0,MODERATE
GRID_S40_E130,-40,130,2025,10,2025-10-01,0,0.0,0.0,0.0,2.0,0.0,7.0,5,0.0,0.3532,35.32,0,MODERATE
GRID_S10_W040,-10,-40,2025,10,2025-10-01,0,0.0,1.0,1.0,1.0,0.0,2.0,2,0.5,0.3531,35.31,0,MODERATE
GRID_S10_W100,-10,-100,2025,7,2025-07-01,0,0.0,0.0,0.0,0.0,0.0,5.0,4,0.0,0.3531,35.31,0,MODERATE
GRID_N20_E160,20,160,2025,8,2025-08-01,0,0.0,0.0,0.0,0.0,0.1,3.0,3,0.0,0.353,35.3,0,MODERATE
GRID_N50_W170,50,-170,2025,3,2025-03-01,0,0.0,0.0,0.0,0.0,0.0,6.0,6,0.0,0.3529,35.29,0,MODERATE
GRID_N60_E100,60,100,2025,2,2025-02-01,0,0.0,0.0,0.0,6.0,0.0,6.0,1,0.0,0.3528,35.28,0,MODERATE
GRID_N50_E090,50,90,2025,8,2025-08-01,0,0.0,0.0,0.0,1.0,0.1,2.0,2,0.0,0.3525,35.25,0,MODERATE
GRID_S80_W080,-80,-80,2025,1,2025-01-01,1,0.0,0.0,0.0,0.0,0.0,1.0,1,0.0,0.3525,35.25,0,MODERATE
GRID_N10_E060,10,60,2025,8,2025-08-01,0,0.0,0.0,0.0,0.0,0.0,5.0,4,0.0,0.3523,35.23,0,MODERATE
GRID_S60_W050,-60,-50,2025,3,2025-03-01,0,0.0,1.0,1.0,1.0,0.0,5.0,2,0.5,0.3523,35.23,0,MODERATE
GRID_N10_E170,10,170,2025,5,2025-05-01,0,0.0,0.0,0.0,0.0,0.0,3.0,3,0.0,0.3522,35.22,0,MODERATE
GRID_S70_E020,-70,20,2025,8,2025-08-01,0,0.0,0.0,0.0,0.0,0.0,7.0,5,0.0,0.3521,35.21,0,MODERATE
GRID_N60_W110,60,-110,2025,11,2025-11-01,0,0.0,1.0,1.0,1.0,0.0,6.0,3,0.5,0.3519,35.19,0,MODERATE
GRID_N10_E170,10,170,2025,8,2025-08-01,0,0.0,0.0,0.0,0.0,0.1,3.0,3,0.0,0.3517,35.17,0,MODERATE
GRID_S80_W030,-80,-30,2025,8,2025-08-01,0,0.0,0.0,0.0,0.0,0.0,5.0,5,0.0,0.3516,35.16,0,MODERATE
GRID_N50_W140,50,-140,2025,3,2025-03-01,0,0.0,0.0,0.0,1.0,0.0,6.0,5,0.0,0.3511,35.11,0,MODERATE
GRID_N00_W100,0,-100,2025,8,2025-08-01,0,0.0,0.0,0.0,0.0,0.1,4.0,4,0.0,0.3507,35.07,0,MODERATE
GRID_S60_W050,-60,-50,2025,1,2025-01-01,1,0.0,0.0,0.0,0.0,0.0,4.0,1,0.0,0.3507,35.07,0,MODERATE
GRID_N30_W020,30,-20,2025,6,2025-06-01,0,0.0,0.0,0.0,1.0,0.0,2.0,2,0.0,0.3504,35.04,0,MODERATE
GRID_S10_E070,-10,70,2025,8,2025-08-01,0,0.0,0.0,0.0,1.0,0.0,3.0,3,0.0,0.3503,35.03,0,MODERATE
GRID_N30_E110,30,110,2025,5,2025-05-01,0,0.0,0.0,0.0,1.0,0.0,2.0,2,0.0,0.3502,35.02,0,MODERATE
GRID_S70_W060,-70,-60,2025,6,2025-06-01,0,0.0,0.0,0.0,0.0,0.0,4.0,4,0.0,0.3501,35.01,0,MODERATE
GRID_N00_E160,0,160,2025,4,2025-04-01,0,0.0,0.0,0.0,0.0,0.0,4.0,4,0.0,0.35,35.0,0,MODERATE
GRID_N30_W040,30,-40,2025,8,2025-08-01,0,0.0,0.0,0.0,1.0,0.0,3.0,3,0.0,0.3499,34.99,0,MODERATE
GRID_S70_W060,-70,-60,2025,4,2025-04-01,0,0.0,0.0,0.0,1.0,0.1,4.0,4,0.0,0.3495,34.95,0,MODERATE
GRID_N30_E100,30,100,2025,6,2025-06-01,0,0.0,0.0,0.0,0.0,0.1,2.0,2,0.0,0.3491,34.91,0,MODERATE
GRID_S80_W130,-80,-130,2025,5,2025-05-01,0,0.0,0.0,0.0,2.0,0.0,4.0,3,0.0,0.349,34.9,0,MODERATE
GRID_S10_E070,-10,70,2025,1,2025-01-01,0,0.0,1.0,1.0,2.0,0.0,3.0,3,0.3333,0.3486,34.86,0,MODERATE
GRID_N50_E030,50,30,2025,10,2025-10-01,0,0.0,1.0,1.0,1.0,0.0,1.0,1,0.5,0.3485,34.85,0,MODERATE
GRID_N30_W060,30,-60,2025,8,2025-08-01,0,0.0,0.0,0.0,1.0,0.0,3.0,3,0.0,0.3483,34.83,0,MODERATE
GRID_N60_E010,60,10,2025,6,2025-06-01,0,0.0,0.0,0.0,0.0,0.1,2.0,2,0.0,0.3482,34.82,0,MODERATE
GRID_N40_E050,40,50,2025,10,2025-10-01,0,0.0,1.0,1.0,1.0,0.0,1.0,1,0.5,0.3479,34.79,0,MODERATE
GRID_N00_E070,0,70,2025,9,2025-09-01,0,0.0,0.0,0.0,1.0,0.0,4.0,4,0.0,0.3478,34.78,0,MODERATE
GRID_S70_E140,-70,140,2025,3,2025-03-01,0,0.0,0.0,0.0,0.0,0.2,6.0,5,0.0,0.3475,34.75,0,MODERATE
GRID_N60_E000,60,0,2025,6,2025-06-01,0,0.0,0.0,0.0,0.0,0.1,2.0,2,0.0,0.3474,34.74,0,MODERATE
GRID_S10_E050,-10,50,2025,5,2025-05-01,0,0.0,0.0,0.0,1.0,0.1,2.0,2,0.0,0.3473,34.73,0,MODERATE
GRID_S20_W080,-20,-80,2025,1,2025-01-01,0,0.0,0.0,0.0,1.0,0.0,8.0,7,0.0,0.347,34.7,0,MODERATE
GRID_N50_E070,50,70,2025,5,2025-05-01,0,0.0,0.0,0.0,2.0,0.0,2.0,1,0.0,0.3469,34.69,0,MODERATE
GRID_S10_E160,-10,160,2025,5,2025-05-01,0,0.0,0.0,0.0,0.0,0.0,3.0,3,0.0,0.3469,34.69,0,MODERATE
GRID_N30_E140,30,140,2025,5,2025-05-01,0,0.0,0.0,0.0,1.0,0.0,4.0,2,0.0,0.3468,34.68,0,MODERATE
GRID_S10_E060,-10,60,2025,6,2025-06-01,0,0.0,0.0,0.0,0.0,0.0,4.0,3,0.0,0.3467,34.67,0,MODERATE
GRID_N00_W120,0,-120,2025,11,2025-11-01,0,0.0,1.0,1.0,1.0,0.0,3.0,3,0.5,0.3466,34.66,0,MODERATE
GRID_N50_W130,50,-130,2025,1,2025-01-01,0,0.0,0.0,26.0,33.0,0.0,154.0,16,0.0,0.3465,34.65,0,MODERATE
GRID_N30_W020,30,-20,2025,7,2025-07-01,0,0.0,0.0,0.0,1.0,0.0,2.0,2,0.0,0.3464,34.64,0,MODERATE
GRID_S40_E010,-40,10,2025,10,2025-10-01,0,0.0,0.0,1.0,4.0,0.0,5.0,4,0.0,0.3463,34.63,0,MODERATE
GRID_N00_E090,0,90,2025,1,2025-01-01,0,0.0,0.0,0.0,0.0,0.0,7.0,7,0.0,0.3462,34.62,0,MODERATE
GRID_N70_E140,70,140,2025,2,2025-02-01,0,0.0,0.0,0.0,4.0,0.0,4.0,2,0.0,0.3462,34.62,0,MODERATE
GRID_S20_W170,-20,-170,2025,6,2025-06-01,0,0.0,0.0,0.0,0.0,0.0,6.0,4,0.0,0.3461,34.61,0,MODERATE
GRID_N50_W010,50,-10,2025,5,2025-05-01,0,0.0,0.0,0.0,0.0,0.0,3.0,3,0.0,0.346,34.6,0,MODERATE
GRID_S10_W100,-10,-100,2025,5,2025-05-01,0,0.0,0.0,0.0,0.0,0.0,5.0,4,0.0,0.346,34.6,0,MODERATE
GRID_S70_W060,-70,-60,2025,7,2025-07-01,0,0.0,0.0,0.0,0.0,0.0,4.0,4,0.0,0.346,34.6,0,MODERATE
GRID_N20_E110,20,110,2025,3,2025-03-01,0,0.0,0.0,0.0,0.0,0.0,5.0,5,0.0,0.3459,34.59,0,MODERATE
GRID_N30_E070,30,70,2025,11,2025-11-01,0,0.0,2.0,6.0,6.0,0.0,6.0,4,0.2857,0.3457,34.57,0,MODERATE
GRID_S10_E090,-10,90,2025,9,2025-09-01,0,0.0,0.0,0.0,0.0,0.0,6.0,5,0.0,0.3457,34.57,0,MODERATE
GRID_S80_W050,-80,-50,2025,6,2025-06-01,0,0.0,0.0,1.0,1.0,0.2,4.0,3,0.0,0.3457,34.57,0,MODERATE
GRID_N50_W080,50,-80,2025,6,2025-06-01,0,0.0,0.0,0.0,2.0,0.0,2.0,1,0.0,0.3455,34.55,0,MODERATE
GRID_S30_W180,-30,-180,2025,9,2025-09-01,0,0.0,0.0,0.0,0.0,0.0,6.0,6,0.0,0.3455,34.55,0,MODERATE
GRID_S30_W180,-30,-180,2025,3,2025-03-01,0,0.0,0.0,0.0,0.0,0.1,6.0,6,0.0,0.3454,34.54,0,MODERATE
GRID_S80_W060,-80,-60,2025,5,2025-05-01,0,0.0,0.0,0.0,0.0,0.4,7.0,3,0.0,0.3453,34.53,0,MODERATE
GRID_N50_W080,50,-80,2025,8,2025-08-01,0,0.0,0.0,0.0,2.0,0.2,2.0,1,0.0,0.3449,34.49,0,MODERATE
GRID_N10_W140,10,-140,2025,2,2025-02-01,0,0.0,0.0,0.0,0.0,0.0,7.0,7,0.0,0.3448,34.48,0,MODERATE
GRID_S70_E080,-70,80,2025,1,2025-01-01,0,0.0,0.0,0.0,1.0,0.2,8.0,6,0.0,0.3446,34.46,0,MODERATE
GRID_N40_E020,40,20,2025,1,2025-01-01,0,0.0,0.0,6.0,6.0,0.0,12.0,7,0.0,0.3444,34.44,0,MODERATE
GRID_N00_E070,0,70,2025,4,2025-04-01,0,0.0,0.0,1.0,1.0,0.0,4.0,4,0.0,0.3441,34.41,0,MODERATE
GRID_N00_E100,0,100,2025,5,2025-05-01,0,0.0,0.0,0.0,0.0,0.0,3.0,3,0.0,0.3441,34.41,0,MODERATE
GRID_N50_W170,50,-170,2025,10,2025-10-01,0,0.0,0.0,0.0,0.0,0.1,6.0,6,0.0,0.344,34.4,0,MODERATE
GRID_N10_E160,10,160,2025,11,2025-11-01,0,0.0,0.0,0.0,0.0,0.0,9.0,7,0.0,0.3437,34.37,0,MODERATE
GRID_N20_E050,20,50,2025,10,2025-10-01,0,0.0,1.0,1.0,1.0,0.0,1.0,1,0.5,0.3435,34.35,0,MODERATE
GRID_N50_E170,50,170,2025,2,2025-02-01,0,0.0,0.0,0.0,0.0,0.1,5.0,5,0.0,0.343,34.3,0,MODERATE
GRID_N00_E080,0,80,2025,10,2025-10-01,0,0.0,0.0,0.0,0.0,0.0,6.0,6,0.0,0.3428,34.28,0,MODERATE
GRID_S20_E100,-20,100,2025,1,2025-01-01,0,0.0,0.0,0.0,0.0,0.0,7.0,7,0.0,0.3426,34.26,0,MODERATE
GRID_N30_E170,30,170,2025,6,2025-06-01,0,0.0,0.0,0.0,1.0,0.0,1.0,1,0.0,0.3425,34.25,0,MODERATE
GRID_S30_E020,-30,20,2025,1,2025-01-01,0,0.0,3.0,47.0,48.0,0.0,52.0,8,0.0612,0.3425,34.25,0,MODERATE
GRID_N30_E150,30,150,2025,8,2025-08-01,0,0.0,0.0,0.0,1.0,0.0,2.0,2,0.0,0.3421,34.21,0,MODERATE
GRID_S20_W170,-20,-170,2025,7,2025-07-01,0,0.0,0.0,0.0,0.0,0.0,6.0,4,0.0,0.3421,34.21,0,MODERATE
GRID_S30_W050,-30,-50,2025,11,2025-11-01,1,0.0,0.0,0.0,0.0,0.0,35.0,4,0.0,0.3417,34.17,0,MODERATE
GRID_N50_W080,50,-80,2025,7,2025-07-01,0,0.0,0.0,0.0,2.0,0.0,2.0,1,0.0,0.3415,34.15,0,MODERATE
GRID_N10_E060,10,60,2025,4,2025-04-01,0,0.0,0.0,0.0,0.0,0.0,5.0,4,0.0,0.341,34.1,0,MODERATE
GRID_N10_W180,10,-180,2025,7,2025-07-01,0,0.0,0.0,0.0,0.0,0.1,3.0,3,0.0,0.341,34.1,0,MODERATE
GRID_N60_W130,60,-130,2025,2,2025-02-01,0,0.0,0.0,30.0,37.0,0.0,37.0,2,0.0,0.341,34.1,0,MODERATE
GRID_N30_W040,30,-40,2025,5,2025-05-01,0,0.0,0.0,1.0,1.0,0.0,3.0,3,0.0,0.3408,34.08,0,MODERATE
GRID_S70_E020,-70,20,2025,4,2025-04-01,0,0.0,0.0,0.0,0.0,0.0,7.0,5,0.0,0.3407,34.07,0,MODERATE
GRID_S10_E070,-10,70,2025,4,2025-04-01,0,0.0,0.0,1.0,2.0,0.0,3.0,3,0.0,0.3406,34.06,0,MODERATE
GRID_N50_W090,50,-90,2025,8,2025-08-01,0,0.0,0.0,1.0,1.0,0.1,3.0,3,0.0,0.3405,34.05,0,MODERATE
GRID_S80_W170,-80,-170,2025,10,2025-10-01,0,0.0,2.0,2.0,2.0,0.0,2.0,1,0.6667,0.3405,34.05,0,MODERATE
GRID_N30_E000,30,0,2025,4,2025-04-01,0,0.0,0.0,0.0,0.0,0.0,5.0,4,0.0,0.3404,34.04,0,MODERATE
GRID_N20_E060,20,60,2025,3,2025-03-01,0,0.0,0.0,0.0,1.0,0.0,4.0,4,0.0,0.3403,34.03,0,MODERATE
GRID_N20_E060,20,60,2025,9,2025-09-01,0,0.0,0.0,0.0,0.0,0.1,4.0,4,0.0,0.3401,34.01,0,MODERATE
GRID_N50_W140,50,-140,2025,9,2025-09-01,0,0.0,0.0,0.0,0.0,0.0,6.0,5,0.0,0.3399,33.99,0,MODERATE
GRID_S80_W110,-80,-110,2025,9,2025-09-01,0,0.0,0.0,0.0,0.0,0.1,10.0,6,0.0,0.3396,33.96,0,MODERATE
GRID_N60_E120,60,120,2025,1,2025-01-01,0,0.0,0.0,26.0,31.0,0.0,31.0,3,0.0,0.3393,33.93,0,MODERATE
GRID_N50_W130,50,-130,2025,11,2025-11-01,0,1.0,9.0,22.0,22.0,0.0,176.0,21,0.3913,0.3392,33.92,0,MODERATE
GRID_N40_E100,40,100,2025,10,2025-10-01,0,0.0,1.0,2.0,2.0,0.0,2.0,2,0.3333,0.339,33.9,0,MODERATE
GRID_N30_W020,30,-20,2025,4,2025-04-01,0,0.0,0.0,0.0,2.0,0.0,2.0,2,0.0,0.3389,33.89,0,MODERATE
GRID_N30_W020,30,-20,2025,8,2025-08-01,0,0.0,0.0,0.0,1.0,0.1,2.0,2,0.0,0.3389,33.89,0,MODERATE
GRID_N30_E030,30,30,2025,3,2025-03-01,0,0.0,0.0,0.0,0.0,0.0,6.0,5,0.0,0.3385,33.85,0,MODERATE
GRID_N30_E170,30,170,2025,7,2025-07-01,0,0.0,0.0,0.0,1.0,0.0,1.0,1,0.0,0.3385,33.85,0,MODERATE
GRID_S40_E130,-40,130,2025,11,2025-11-01,0,0.0,0.0,0.0,2.0,0.1,7.0,5,0.0,0.3384,33.84,0,MODERATE
GRID_N20_W060,20,-60,2025,1,2025-01-01,0,0.0,0.0,0.0,0.0,0.0,7.0,7,0.0,0.3382,33.82,0,MODERATE
GRID_S50_W070,-50,-70,2025,3,2025-03-01,0,0.0,1.0,1.0,1.0,0.0,1.0,1,0.5,0.338,33.8,0,MODERATE
GRID_N50_E170,50,170,2025,10,2025-10-01,0,0.0,0.0,0.0,0.0,0.0,5.0,5,0.0,0.3377,33.77,0,MODERATE
GRID_S70_W070,-70,-70,2025,6,2025-06-01,0,0.0,0.0,0.0,0.0,0.0,8.0,4,0.0,0.3376,33.76,0,MODERATE
GRID_N00_E080,0,80,2025,2,2025-02-01,0,0.0,0.0,0.0,0.0,0.0,6.0,6,0.0,0.3373,33.73,0,MODERATE
GRID_S70_E070,-70,70,2025,6,2025-06-01,0,0.0,0.0,0.0,0.0,0.0,3.0,3,0.0,0.3373,33.73,0,MODERATE
GRID_S80_W130,-80,-130,2025,4,2025-04-01,0,0.0,0.0,0.0,2.0,0.1,4.0,3,0.0,0.3372,33.72,0,MODERATE
GRID_N30_W060,30,-60,2025,4,2025-04-01,0,0.0,0.0,0.0,1.0,0.0,3.0,3,0.0,0.337,33.7,0,MODERATE
GRID_N40_W060,40,-60,2025,11,2025-11-01,0,0.0,1.0,1.0,1.0,0.0,2.0,2,0.5,0.3368,33.68,0,MODERATE
GRID_N50_W100,50,-100,2025,1,2025-01-01,0,0.0,0.0,9.0,9.0,0.0,159.0,23,0.0,0.3368,33.68,0,MODERATE
GRID_S70_E140,-70,140,2025,9,2025-09-01,0,0.0,0.0,0.0,0.0,0.0,6.0,5,0.0,0.3367,33.67,0,MODERATE
GRID_S50_W070,-50,-70,2025,1,2025-01-01,1,0.0,0.0,0.0,0.0,0.0,0.0,0,0.0,0.3364,33.64,0,MODERATE
GRID_N50_E060,50,60,2025,9,2025-09-01,0,0.0,0.0,1.0,2.0,0.0,3.0,3,0.0,0.3361,33.61,0,MODERATE
GRID_N00_W060,0,-60,2025,9,2025-09-01,0,0.0,0.0,0.0,2.0,0.0,3.0,3,0.0,0.3357,33.57,0,MODERATE
GRID_S10_E060,-10,60,2025,5,2025-05-01,0,0.0,0.0,0.0,0.0,0.0,4.0,3,0.0,0.3357,33.57,0,MODERATE
GRID_N50_E070,50,70,2025,8,2025-08-01,0,0.0,0.0,0.0,2.0,0.0,2.0,1,0.0,0.3356,33.56,0,MODERATE
GRID_N60_E130,60,130,2025,11,2025-11-01,0,0.0,1.0,2.0,2.0,0.0,24.0,5,0.3333,0.3356,33.56,0,MODERATE
GRID_S70_E030,-70,30,2025,6,2025-06-01,0,0.0,0.0,1.0,1.0,0.0,3.0,3,0.0,0.3356,33.56,0,MODERATE
GRID_N00_W120,0,-120,2025,5,2025-05-01,0,0.0,0.0,0.0,1.0,0.1,2.0,2,0.0,0.3355,33.55,0,MODERATE
GRID_S10_E160,-10,160,2025,8,2025-08-01,0,0.0,0.0,0.0,0.0,0.0,3.0,3,0.0,0.3355,33.55,0,MODERATE
GRID_N20_W070,20,-70,2025,4,2025-04-01,0,0.0,0.0,0.0,0.0,0.0,4.0,4,0.0,0.3354,33.54,0,MODERATE
GRID_N40_W080,40,-80,2025,4,2025-04-01,0,0.0,0.0,5.0,5.0,0.0,8.0,4,0.0,0.3354,33.54,0,MODERATE
GRID_N50_W070,50,-70,2025,5,2025-05-01,0,0.0,0.0,0.0,2.0,0.0,2.0,1,0.0,0.3354,33.54,0,MODERATE
GRID_N50_W100,50,-100,2025,11,2025-11-01,0,0.0,3.0,76.0,76.0,0.0,235.0,27,0.039,0.3353,33.53,0,MODERATE
GRID_S20_W170,-20,-170,2025,5,2025-05-01,0,0.0,0.0,0.0,0.0,0.0,6.0,4,0.0,0.3352,33.52,0,MODERATE
GRID_N20_W020,20,-20,2025,3,2025-03-01,0,0.0,0.0,0.0,0.0,0.0,5.0,5,0.0,0.3351,33.51,0,MODERATE
GRID_N00_W060,0,-60,2025,2,2025-02-01,0,0.0,1.0,2.0,2.0,0.0,3.0,3,0.3333,0.335,33.5,0,MODERATE
GRID_S10_E090,-10,90,2025,3,2025-03-01,0,0.0,0.0,0.0,0.0,0.0,6.0,5,0.0,0.3347,33.47,0,MODERATE
GRID_S10_W100,-10,-100,2025,8,2025-08-01,0,0.0,0.0,0.0,0.0,0.0,5.0,4,0.0,0.3347,33.47,0,MODERATE
GRID_N50_W080,50,-80,2025,5,2025-05-01,0,0.0,0.0,0.0,2.0,0.0,2.0,1,0.0,0.3346,33.46,0,MODERATE
GRID_N10_W180,10,-180,2025,6,2025-06-01,0,0.0,0.0,0.0,0.0,0.0,3.0,3,0.0,0.3342,33.42,0,MODERATE
GRID_N30_E100,30,100,2025,7,2025-07-01,0,0.0,0.0,0.0,0.0,0.0,2.0,2,0.0,0.3342,33.42,0,MODERATE
GRID_N40_E100,40,100,2025,11,2025-11-01,0,0.0,1.0,1.0,2.0,0.0,2.0,2,0.3333,0.334,33.4,0,MODERATE
GRID_S10_E040,-10,40,2025,11,2025-11-01,0,1.0,1.0,1.0,1.0,0.0,2.0,2,0.5,0.3337,33.37,0,MODERATE
GRID_N10_E040,10,40,2025,3,2025-03-01,0,0.0,0.0,0.0,1.0,0.0,5.0,4,0.0,0.3336,33.36,0,MODERATE
GRID_N60_E010,60,10,2025,7,2025-07-01,0,0.0,0.0,0.0,0.0,0.0,2.0,2,0.0,0.3333,33.33,0,MODERATE
GRID_S70_E070,-70,70,2025,7,2025-07-01,0,0.0,0.0,0.0,0.0,0.0,3.0,3,0.0,0.3333,33.33,0,MODERATE
GRID_N00_E160,0,160,2025,9,2025-09-01,0,0.0,0.0,0.0,0.0,0.0,4.0,4,0.0,0.3332,33.32,0,MODERATE
GRID_N30_E040,30,40,2025,6,2025-06-01,0,0.0,0.0,0.0,0.0,0.0,2.0,2,0.0,0.3332,33.32,0,MODERATE
GRID_N00_E160,0,160,2025,3,2025-03-01,0,0.0,0.0,0.0,0.0,0.1,4.0,4,0.0,0.333,33.3,0,MODERATE
GRID_N60_E000,60,0,2025,7,2025-07-01,0,0.0,0.0,0.0,0.0,0.0,2.0,2,0.0,0.3325,33.25,0,MODERATE
GRID_S60_W040,-60,-40,2025,1,2025-01-01,0,0.0,0.0,0.0,2.0,0.3,21.0,6,0.0,0.3321,33.21,0,MODERATE
GRID_S70_E040,-70,40,2025,6,2025-06-01,0,0.0,0.0,0.0,0.0,0.0,4.0,3,0.0,0.332,33.2,0,MODERATE
GRID_N60_W140,60,-140,2025,7,2025-07-01,0,0.0,0.0,0.0,0.0,0.1,2.0,2,0.0,0.3318,33.18,0,MODERATE
GRID_N30_E170,30,170,2025,5,2025-05-01,0,0.0,0.0,0.0,1.0,0.0,1.0,1,0.0,0.3316,33.16,0,MODERATE
GRID_S60_W050,-60,-50,2025,5,2025-05-01,0,0.0,0.0,1.0,1.0,0.4,5.0,2,0.0,0.3316,33.16,0,MODERATE
GRID_S70_E030,-70,30,2025,7,2025-07-01,0,0.0,0.0,1.0,1.0,0.0,3.0,3,0.0,0.3316,33.16,0,MODERATE
GRID_S80_W030,-80,-30,2025,2,2025-02-01,0,0.0,0.0,0.0,2.0,0.0,5.0,5,0.0,0.3315,33.15,0,MODERATE
GRID_N00_W050,0,-50,2025,4,2025-04-01,0,0.0,0.0,0.0,1.0,0.0,3.0,3,0.0,0.3313,33.13,0,MODERATE
GRID_S60_W030,-60,-30,2025,6,2025-06-01,0,0.0,0.0,0.0,0.0,0.0,3.0,3,0.0,0.3313,33.13,0,MODERATE
GRID_N30_E170,30,170,2025,8,2025-08-01,0,0.0,0.0,0.0,1.0,0.1,1.0,1,0.0,0.3312,33.12,0,MODERATE
GRID_S40_E120,-40,120,2025,11,2025-11-01,0,0.0,0.0,0.0,3.0,0.0,4.0,4,0.0,0.3312,33.12,0,MODERATE
GRID_N30_W060,30,-60,2025,9,2025-09-01,0,0.0,0.0,0.0,1.0,0.1,3.0,3,0.0,0.3311,33.11,0,MODERATE
GRID_S30_W180,-30,-180,2025,2,2025-02-01,0,0.0,0.0,0.0,0.0,0.2,6.0,6,0.0,0.3311,33.11,0,MODERATE
GRID_N20_E160,20,160,2025,4,2025-04-01,0,0.0,0.0,0.0,0.0,0.0,3.0,3,0.0,0.3309,33.09,0,MODERATE
GRID_N00_E110,0,110,2025,10,2025-10-01,0,1.0,1.0,2.0,2.0,0.0,2.0,2,0.3333,0.3307,33.07,0,MODERATE
GRID_N10_E020,10,20,2025,6,2025-06-01,0,0.0,0.0,2.0,2.0,0.0,2.0,2,0.0,0.3305,33.05,0,MODERATE
GRID_N50_E090,50,90,2025,4,2025-04-01,0,0.0,0.0,0.0,1.0,0.0,2.0,2,0.0,0.3303,33.03,0,MODERATE
GRID_N60_W160,60,-160,2025,10,2025-10-01,0,0.0,8.0,31.0,31.0,0.0,82.0,10,0.25,0.3299,32.99,0,MODERATE
GRID_S50_E140,-50,140,2025,9,2025-09-01,0,0.0,0.0,0.0,4.0,0.0,4.0,1,0.0,0.3299,32.99,0,MODERATE
GRID_N10_E170,10,170,2025,4,2025-04-01,0,0.0,0.0,0.0,0.0,0.0,3.0,3,0.0,0.3295,32.95,0,MODERATE
GRID_N10_W140,10,-140,2025,1,2025-01-01,0,0.0,0.0,0.0,0.0,0.0,7.0,7,0.0,0.3295,32.95,0,MODERATE
GRID_N50_E130,50,130,2025,8,2025-08-01,0,0.0,0.0,0.0,2.0,0.0,24.0,3,0.0,0.3295,32.95,0,MODERATE
GRID_N30_E040,30,40,2025,7,2025-07-01,0,0.0,0.0,0.0,0.0,0.0,2.0,2,0.0,0.3293,32.93,0,MODERATE
GRID_S20_E030,-20,30,2025,10,2025-10-01,0,14.0,53.0,53.0,63.0,1.0,235.0,8,0.8281,0.3293,32.93,0,MODERATE
GRID_N40_E070,40,70,2025,1,2025-01-01,0,0.0,1.0,1.0,1.0,0.0,1.0,1,0.5,0.3287,32.87,0,MODERATE
GRID_N00_W100,0,-100,2025,4,2025-04-01,0,0.0,0.0,0.0,0.0,0.0,4.0,4,0.0,0.3286,32.86,0,MODERATE
GRID_S10_W100,-10,-100,2025,3,2025-03-01,0,0.0,0.0,0.0,1.0,0.1,5.0,4,0.0,0.3286,32.86,0,MODERATE
GRID_S80_W080,-80,-80,2025,2,2025-02-01,0,1.0,1.0,1.0,1.0,0.0,2.0,2,0.5,0.3286,32.86,0,MODERATE
GRID_N50_W160,50,-160,2025,11,2025-11-01,0,0.0,0.0,0.0,0.0,0.1,12.0,7,0.0,0.3284,32.84,0,MODERATE
GRID_S70_E040,-70,40,2025,7,2025-07-01,0,0.0,0.0,0.0,0.0,0.0,4.0,3,0.0,0.328,32.8,0,MODERATE
GRID_S70_W060,-70,-60,2025,8,2025-08-01,0,0.0,0.0,0.0,0.0,0.0,4.0,4,0.0,0.3278,32.78,0,MODERATE
GRID_N50_W170,50,-170,2025,2,2025-02-01,0,0.0,0.0,0.0,0.0,0.0,6.0,6,0.0,0.3277,32.77,0,MODERATE
GRID_N00_E050,0,50,2025,6,2025-06-01,0,0.0,0.0,0.0,0.0,0.0,2.0,2,0.0,0.3276,32.76,0,MODERATE
GRID_N30_E110,30,110,2025,4,2025-04-01,0,0.0,0.0,0.0,1.0,0.0,2.0,2,0.0,0.3276,32.76,0,MODERATE
GRID_N00_E050,0,50,2025,5,2025-05-01,0,0.0,0.0,0.0,0.0,0.1,2.0,2,0.0,0.3275,32.75,0,MODERATE
GRID_N30_E100,30,100,2025,5,2025-05-01,0,0.0,0.0,0.0,0.0,0.0,2.0,2,0.0,0.3273,32.73,0,MODERATE
GRID_S60_W030,-60,-30,2025,7,2025-07-01,0,0.0,0.0,0.0,0.0,0.0,3.0,3,0.0,0.3273,32.73,0,MODERATE
GRID_S10_E090,-10,90,2025,1,2025-01-01,0,0.0,0.0,0.0,1.0,0.1,6.0,5,0.0,0.3272,32.72,0,MODERATE
GRID_N40_E140,40,140,2025,7,2025-07-01,0,0.0,0.0,0.0,0.0,0.1,1.0,1,0.0,0.3271,32.71,0,MODERATE
GRID_S50_E170,-50,170,2025,10,2025-10-01,0,0.0,0.0,2.0,2.0,0.1,6.0,5,0.0,0.3271,32.71,0,MODERATE
GRID_S80_W030,-80,-30,2025,1,2025-01-01,0,0.0,0.0,0.0,2.0,0.1,5.0,5,0.0,0.327,32.7,0,MODERATE
GRID_N30_E100,30,100,2025,8,2025-08-01,0,0.0,0.0,0.0,0.0,0.1,2.0,2,0.0,0.3268,32.68,0,MODERATE
GRID_S70_W070,-70,-70,2025,5,2025-05-01,0,0.0,0.0,0.0,0.0,0.0,8.0,4,0.0,0.3268,32.68,0,MODERATE
GRID_S60_W050,-60,-50,2025,2,2025-02-01,0,1.0,1.0,1.0,1.0,0.0,5.0,2,0.5,0.3267,32.67,0,MODERATE
GRID_N60_E010,60,10,2025,5,2025-05-01,0,0.0,0.0,0.0,0.0,0.0,2.0,2,0.0,0.3265,32.65,0,MODERATE
GRID_S70_E070,-70,70,2025,5,2025-05-01,0,0.0,0.0,0.0,0.0,0.0,3.0,3,0.0,0.3265,32.65,0,MODERATE
GRID_N00_E110,0,110,2025,11,2025-11-01,0,0.0,1.0,1.0,2.0,0.0,2.0,2,0.3333,0.3262,32.62,0,MODERATE
GRID_N50_W140,50,-140,2025,2,2025-02-01,0,0.0,0.0,0.0,1.0,0.0,6.0,5,0.0,0.326,32.6,0,MODERATE
GRID_N20_E110,20,110,2025,11,2025-11-01,0,0.0,0.0,1.0,1.0,0.0,6.0,6,0.0,0.3259,32.59,0,MODERATE
GRID_N40_E070,40,70,2025,5,2025-05-01,0,0.0,0.0,0.0,1.0,0.0,1.0,1,0.0,0.3257,32.57,0,MODERATE
GRID_N60_E000,60,0,2025,5,2025-05-01,0,0.0,0.0,0.0,0.0,0.0,2.0,2,0.0,0.3257,32.57,0,MODERATE
GRID_N60_E160,60,160,2025,3,2025-03-01,0,0.0,0.0,0.0,3.0,0.0,3.0,1,0.0,0.3255,32.55,0,MODERATE
GRID_S10_E050,-10,50,2025,6,2025-06-01,0,0.0,0.0,0.0,0.0,0.0,2.0,2,0.0,0.3254,32.54,0,MODERATE
GRID_N20_E170,20,170,2025,7,2025-07-01,0,0.0,0.0,0.0,0.0,0.1,1.0,1,0.0,0.3253,32.53,0,MODERATE
GRID_N60_W140,60,-140,2025,6,2025-06-01,0,0.0,0.0,0.0,0.0,0.0,2.0,2,0.0,0.3251,32.51,0,MODERATE
GRID_N10_W140,10,-140,2025,11,2025-11-01,0,0.0,0.0,0.0,0.0,0.0,7.0,7,0.0,0.325,32.5,0,MODERATE
GRID_S70_E010,-70,10,2025,6,2025-06-01,0,0.0,0.0,0.0,0.0,0.2,4.0,2,0.0,0.325,32.5,0,MODERATE
GRID_N10_W150,10,-150,2025,11,2025-11-01,0,0.0,0.0,2.0,2.0,0.0,8.0,7,0.0,0.3245,32.45,0,MODERATE
GRID_N10_E060,10,60,2025,9,2025-09-01,0,0.0,0.0,0.0,0.0,0.0,5.0,4,0.0,0.3244,32.44,0,MODERATE
GRID_N30_E140,30,140,2025,4,2025-04-01,0,0.0,0.0,0.0,1.0,0.0,4.0,2,0.0,0.3244,32.44,0,MODERATE
GRID_S10_E160,-10,160,2025,4,2025-04-01,0,0.0,0.0,0.0,0.0,0.0,3.0,3,0.0,0.3244,32.44,0,MODERATE
GRID_S70_E020,-70,20,2025,9,2025-09-01,0,0.0,0.0,0.0,0.0,0.0,7.0,5,0.0,0.3241,32.41,0,MODERATE
GRID_S20_W170,-20,-170,2025,8,2025-08-01,0,0.0,0.0,0.0,0.0,0.0,6.0,4,0.0,0.324,32.4,0,MODERATE
GRID_S70_E020,-70,20,2025,3,2025-03-01,0,0.0,0.0,0.0,0.0,0.1,7.0,5,0.0,0.324,32.4,0,MODERATE
GRID_N20_W050,20,-50,2025,6,2025-06-01,0,0.0,0.0,0.0,0.0,0.0,2.0,2,0.0,0.3238,32.38,0,MODERATE
GRID_N00_E050,0,50,2025,7,2025-07-01,0,0.0,0.0,0.0,0.0,0.0,2.0,2,0.0,0.3237,32.37,0,MODERATE
GRID_N10_E170,10,170,2025,9,2025-09-01,0,0.0,0.0,0.0,0.0,0.1,3.0,3,0.0,0.3237,32.37,0,MODERATE
GRID_N50_W010,50,-10,2025,4,2025-04-01,0,0.0,0.0,0.0,0.0,0.0,3.0,3,0.0,0.3236,32.36,0,MODERATE
GRID_S10_W100,-10,-100,2025,4,2025-04-01,0,0.0,0.0,0.0,0.0,0.0,5.0,4,0.0,0.3236,32.36,0,MODERATE
GRID_S80_W030,-80,-30,2025,9,2025-09-01,0,0.0,0.0,0.0,0.0,0.0,5.0,5,0.0,0.3236,32.36,0,MODERATE
GRID_N10_W180,10,-180,2025,5,2025-05-01,0,0.0,0.0,0.0,0.0,0.0,3.0,3,0.0,0.3234,32.34,0,MODERATE
GRID_S30_W060,-30,-60,2025,11,2025-11-01,0,1.0,2.0,5.0,6.0,0.0,67.0,10,0.2857,0.3233,32.33,0,MODERATE
GRID_S10_E040,-10,40,2025,5,2025-05-01,0,0.0,0.0,0.0,1.0,0.1,1.0,1,0.0,0.3232,32.32,0,MODERATE
GRID_N10_W180,10,-180,2025,8,2025-08-01,0,0.0,0.0,0.0,0.0,0.1,3.0,3,0.0,0.323,32.3,0,MODERATE
GRID_N40_E050,40,50,2025,11,2025-11-01,0,0.0,1.0,1.0,1.0,0.0,1.0,1,0.5,0.3226,32.26,0,MODERATE
GRID_N60_E030,60,30,2025,7,2025-07-01,0,0.0,0.0,0.0,0.0,0.1,1.0,1,0.0,0.3226,32.26,0,MODERATE
GRID_N30_E040,30,40,2025,5,2025-05-01,0,0.0,0.0,0.0,0.0,0.0,2.0,2,0.0,0.3225,32.25,0,MODERATE
GRID_N10_W150,10,-150,2025,2,2025-02-01,0,0.0,0.0,1.0,1.0,0.0,6.0,6,0.0,0.3224,32.24,0,MODERATE
GRID_S10_E070,-10,70,2025,9,2025-09-01,0,0.0,0.0,0.0,1.0,0.0,3.0,3,0.0,0.3224,32.24,0,MODERATE
GRID_S40_W060,-40,-60,2025,5,2025-05-01,0,0.0,0.0,0.0,0.0,0.0,3.0,3,0.0,0.3224,32.24,0,MODERATE
GRID_N70_E140,70,140,2025,8,2025-08-01,0,0.0,0.0,0.0,0.0,0.0,4.0,2,0.0,0.3223,32.23,0,MODERATE
GRID_N00_E080,0,80,2025,1,2025-01-01,0,0.0,0.0,0.0,0.0,0.0,6.0,6,0.0,0.3221,32.21,0,MODERATE
GRID_N30_W040,30,-40,2025,9,2025-09-01,0,0.0,0.0,0.0,1.0,0.0,3.0,3,0.0,0.3221,32.21,0,MODERATE
GRID_S30_E040,-30,40,2025,6,2025-06-01,0,0.0,0.0,1.0,1.0,0.0,2.0,2,0.0,0.322,32.2,0,MODERATE
GRID_S70_W060,-70,-60,2025,3,2025-03-01,0,0.0,0.0,0.0,1.0,0.1,4.0,4,0.0,0.3219,32.19,0,MODERATE
GRID_N00_E100,0,100,2025,4,2025-04-01,0,0.0,0.0,0.0,0.0,0.0,3.0,3,0.0,0.3218,32.18,0,MODERATE
GRID_N40_E040,40,40,2025,3,2025-03-01,0,0.0,0.0,2.0,2.0,0.0,5.0,4,0.0,0.3216,32.16,0,MODERATE
GRID_S20_W170,-20,-170,2025,1,2025-01-01,0,0.0,0.0,0.0,3.0,0.1,6.0,4,0.0,0.3216,32.16,0,MODERATE
GRID_S10_E050,-10,50,2025,7,2025-07-01,0,0.0,0.0,0.0,0.0,0.0,2.0,2,0.0,0.3215,32.15,0,MODERATE
GRID_N00_W030,0,-30,2025,6,2025-06-01,0,0.0,0.0,0.0,0.0,0.0,2.0,2,0.0,0.3212,32.12,0,MODERATE
GRID_S10_W060,-10,-60,2025,10,2025-10-01,0,1.0,8.0,8.0,11.0,0.0,98.0,7,0.6667,0.3212,32.12,0,MODERATE
GRID_S70_E040,-70,40,2025,5,2025-05-01,0,0.0,0.0,0.0,0.0,0.0,4.0,3,0.0,0.3212,32.12,0,MODERATE
GRID_N20_W020,20,-20,2025,2,2025-02-01,0,0.0,0.0,0.0,0.0,0.1,5.0,5,0.0,0.3211,32.11,0,MODERATE
GRID_N00_E170,0,170,2025,7,2025-07-01,0,0.0,0.0,0.0,0.0,0.1,1.0,1,0.0,0.321,32.1,0,MODERATE
GRID_N50_E010,50,10,2025,3,2025-03-01,0,0.0,0.0,0.0,0.0,0.0,4.0,4,0.0,0.321,32.1,0,MODERATE
GRID_S10_W050,-10,-50,2025,2,2025-02-01,0,0.0,3.0,64.0,68.0,0.0,68.0,5,0.0435,0.321,32.1,0,MODERATE
GRID_N20_E110,20,110,2025,2,2025-02-01,0,0.0,0.0,0.0,0.0,0.0,5.0,5,0.0,0.3209,32.09,0,MODERATE
GRID_N00_W050,0,-50,2025,8,2025-08-01,0,0.0,0.0,0.0,0.0,0.0,3.0,3,0.0,0.3207,32.07,0,MODERATE
GRID_N50_W150,50,-150,2025,5,2025-05-01,0,0.0,0.0,0.0,1.0,0.1,1.0,1,0.0,0.3207,32.07,0,MODERATE
GRID_S60_W030,-60,-30,2025,5,2025-05-01,0,0.0,0.0,0.0,0.0,0.0,3.0,3,0.0,0.3206,32.06,0,MODERATE
GRID_N40_E140,40,140,2025,6,2025-06-01,0,0.0,0.0,0.0,0.0,0.0,1.0,1,0.0,0.3205,32.05,0,MODERATE
GRID_N50_E020,50,20,2025,4,2025-04-01,0,0.0,0.0,0.0,0.0,0.0,5.0,3,0.0,0.3203,32.03,0,MODERATE
GRID_S30_E040,-30,40,2025,8,2025-08-01,0,0.0,0.0,0.0,1.0,0.0,2.0,2,0.0,0.3202,32.02,0,MODERATE
GRID_S80_W050,-80,-50,2025,7,2025-07-01,0,0.0,0.0,1.0,1.0,0.0,4.0,3,0.0,0.3202,32.02,0,MODERATE
GRID_N40_E130,40,130,2025,6,2025-06-01,0,0.0,0.0,2.0,2.0,0.0,2.0,1,0.0,0.32,32.0,0,MODERATE
GRID_N20_W050,20,-50,2025,7,2025-07-01,0,0.0,0.0,0.0,0.0,0.0,2.0,2,0.0,0.3199,31.99,0,MODERATE
GRID_N50_W180,50,-180,2025,6,2025-06-01,0,0.0,0.0,0.0,0.0,0.0,2.0,2,0.0,0.3198,31.98,0,MODERATE
GRID_S40_W070,-40,-70,2025,3,2025-03-01,0,0.0,1.0,8.0,8.0,0.0,9.0,4,0.1111,0.3188,31.88,0,MODERATE
GRID_N20_E170,20,170,2025,6,2025-06-01,0,0.0,0.0,0.0,0.0,0.0,1.0,1,0.0,0.3186,31.86,0,MODERATE
GRID_N30_W040,30,-40,2025,4,2025-04-01,0,0.0,0.0,1.0,1.0,0.0,3.0,3,0.0,0.3185,31.85,0,MODERATE
GRID_N20_W120,20,-120,2025,6,2025-06-01,0,0.0,0.0,0.0,0.0,0.0,2.0,2,0.0,0.3182,31.82,0,MODERATE
GRID_S30_E040,-30,40,2025,7,2025-07-01,0,0.0,0.0,1.0,1.0,0.0,2.0,2,0.0,0.3181,31.81,0,MODERATE
GRID_S80_W070,-80,-70,2025,6,2025-06-01,0,0.0,0.0,0.0,0.0,0.0,5.0,3,0.0,0.3181,31.81,0,MODERATE
GRID_N10_E020,10,20,2025,1,2025-01-01,0,1.0,1.0,1.0,1.0,0.0,1.0,1,0.5,0.3179,31.79,0,MODERATE
GRID_S10_W100,-10,-100,2025,9,2025-09-01,0,0.0,0.0,0.0,0.0,0.1,5.0,4,0.0,0.3179,31.79,0,MODERATE
GRID_N20_W120,20,-120,2025,8,2025-08-01,0,0.0,0.0,0.0,0.0,0.2,2.0,2,0.0,0.3176,31.76,0,MODERATE
GRID_N00_W030,0,-30,2025,7,2025-07-01,0,0.0,0.0,0.0,0.0,0.0,2.0,2,0.0,0.3173,31.73,0,MODERATE
GRID_N50_E170,50,170,2025,1,2025-01-01,0,0.0,0.0,0.0,0.0,0.0,5.0,5,0.0,0.3172,31.72,0,MODERATE
GRID_N10_E040,10,40,2025,1,2025-01-01,0,0.0,0.0,1.0,2.0,0.2,5.0,4,0.0,0.3168,31.68,0,MODERATE
GRID_N60_E160,60,160,2025,7,2025-07-01,0,0.0,0.0,0.0,0.0,0.0,3.0,1,0.0,0.3168,31.68,0,MODERATE
GRID_N00_E070,0,70,2025,3,2025-03-01,0,0.0,0.0,1.0,1.0,0.0,4.0,4,0.0,0.3167,31.67,0,MODERATE
GRID_N40_E030,40,30,2025,2,2025-02-01,0,0.0,0.0,4.0,4.0,0.0,8.0,5,0.0,0.3167,31.67,0,MODERATE
GRID_N50_E060,50,60,2025,10,2025-10-01,0,0.0,0.0,1.0,2.0,0.1,3.0,3,0.0,0.3167,31.67,0,MODERATE
GRID_S70_E020,-70,20,2025,1,2025-01-01,0,0.0,0.0,0.0,1.0,0.2,7.0,5,0.0,0.3166,31.66,0,MODERATE
GRID_N00_W060,0,-60,2025,10,2025-10-01,0,0.0,0.0,0.0,2.0,0.1,3.0,3,0.0,0.3163,31.63,0,MODERATE
GRID_N40_E130,40,130,2025,7,2025-07-01,0,0.0,0.0,2.0,2.0,0.0,2.0,1,0.0,0.3161,31.61,0,MODERATE
GRID_N20_W020,20,-20,2025,10,2025-10-01,0,0.0,0.0,0.0,0.0,0.0,5.0,5,0.0,0.3159,31.59,0,MODERATE
GRID_N50_W180,50,-180,2025,7,2025-07-01,0,0.0,0.0,0.0,0.0,0.0,2.0,2,0.0,0.3159,31.59,0,MODERATE
GRID_N60_E030,60,30,2025,6,2025-06-01,0,0.0,0.0,0.0,0.0,0.0,1.0,1,0.0,0.3159,31.59,0,MODERATE
GRID_S70_W070,-70,-70,2025,8,2025-08-01,0,0.0,0.0,0.0,0.0,0.0,8.0,4,0.0,0.3158,31.58,0,MODERATE
GRID_N10_E060,10,60,2025,10,2025-10-01,0,0.0,0.0,0.0,0.0,0.2,5.0,4,0.0,0.3157,31.57,0,MODERATE
GRID_N40_E080,40,80,2025,6,2025-06-01,0,0.0,0.0,0.0,0.0,0.0,1.0,1,0.0,0.3157,31.57,0,MODERATE
GRID_N60_E010,60,10,2025,8,2025-08-01,0,0.0,0.0,0.0,0.0,0.0,2.0,2,0.0,0.3155,31.55,0,MODERATE
GRID_S10_E090,-10,90,2025,10,2025-10-01,0,0.0,0.0,0.0,0.0,0.0,6.0,5,0.0,0.3155,31.55,0,MODERATE
GRID_S70_E070,-70,70,2025,8,2025-08-01,0,0.0,0.0,0.0,0.0,0.0,3.0,3,0.0,0.3154,31.54,0,MODERATE
GRID_S30_W180,-30,-180,2025,10,2025-10-01,0,0.0,0.0,0.0,0.0,0.0,6.0,6,0.0,0.3153,31.53,0,MODERATE
GRID_N60_E010,60,10,2025,4,2025-04-01,0,0.0,0.0,0.0,0.0,0.1,2.0,2,0.0,0.3151,31.51,0,MODERATE
GRID_N20_E070,20,70,2025,10,2025-10-01,0,0.0,0.0,1.0,4.0,0.0,4.0,2,0.0,0.315,31.5,0,MODERATE
GRID_N40_W040,40,-40,2025,11,2025-11-01,0,1.0,1.0,1.0,1.0,0.0,1.0,1,0.5,0.315,31.5,0,MODERATE
GRID_N60_E000,60,0,2025,8,2025-08-01,0,0.0,0.0,0.0,0.0,0.0,2.0,2,0.0,0.3147,31.47,0,MODERATE
GRID_S70_E110,-70,110,2025,6,2025-06-01,0,0.0,0.0,0.0,0.0,0.0,3.0,2,0.0,0.3147,31.47,0,MODERATE
GRID_S80_W110,-80,-110,2025,2,2025-02-01,0,0.0,0.0,0.0,0.0,0.2,10.0,6,0.0,0.3147,31.47,0,MODERATE
GRID_N50_E040,50,40,2025,6,2025-06-01,0,0.0,0.0,0.0,0.0,0.0,1.0,1,0.0,0.3146,31.46,0,MODERATE
GRID_N30_E150,30,150,2025,9,2025-09-01,0,0.0,0.0,0.0,1.0,0.0,2.0,2,0.0,0.3145,31.45,0,MODERATE
GRID_N60_W140,60,-140,2025,5,2025-05-01,0,0.0,0.0,0.0,0.0,0.0,2.0,2,0.0,0.3145,31.45,0,MODERATE
GRID_S20_W070,-20,-70,2025,11,2025-11-01,1,0.0,7.0,11.0,12.0,0.0,174.0,12,0.5385,0.3145,31.45,0,MODERATE
GRID_N00_E170,0,170,2025,6,2025-06-01,0,0.0,0.0,0.0,0.0,0.0,1.0,1,0.0,0.3144,31.44,0,MODERATE
GRID_N20_W120,20,-120,2025,7,2025-07-01,0,0.0,0.0,0.0,0.0,0.0,2.0,2,0.0,0.3143,31.43,0,MODERATE
GRID_N60_E000,60,0,2025,4,2025-04-01,0,0.0,0.0,0.0,0.0,0.1,2.0,2,0.0,0.3143,31.43,0,MODERATE
GRID_S10_E050,-10,50,2025,4,2025-04-01,0,0.0,0.0,0.0,1.0,0.0,2.0,2,0.0,0.3143,31.43,0,MODERATE
GRID_S80_W070,-80,-70,2025,7,2025-07-01,0,0.0,0.0,0.0,0.0,0.0,5.0,3,0.0,0.3143,31.43,0,MODERATE
GRID_N00_W120,0,-120,2025,6,2025-06-01,0,0.0,0.0,0.0,0.0,0.0,2.0,2,0.0,0.314,31.4,0,MODERATE
GRID_N30_E030,30,30,2025,2,2025-02-01,0,0.0,0.0,0.0,0.0,0.0,6.0,5,0.0,0.3139,31.39,0,MODERATE
GRID_N00_E160,0,160,2025,10,2025-10-01,0,0.0,0.0,0.0,0.0,0.1,4.0,4,0.0,0.3138,31.38,0,MODERATE
GRID_S70_E030,-70,30,2025,8,2025-08-01,0,0.0,0.0,1.0,1.0,0.0,3.0,3,0.0,0.3138,31.38,0,MODERATE
GRID_N10_E060,10,60,2025,3,2025-03-01,0,0.0,0.0,0.0,0.0,0.0,5.0,4,0.0,0.3137,31.37,0,MODERATE
GRID_N30_W030,30,-30,2025,11,2025-11-01,0,1.0,1.0,1.0,1.0,0.0,1.0,1,0.5,0.3137,31.37,0,MODERATE
GRID_S10_E060,-10,60,2025,4,2025-04-01,0,0.0,0.0,0.0,0.0,0.0,4.0,3,0.0,0.3137,31.37,0,MODERATE
GRID_N30_W040,30,-40,2025,10,2025-10-01,0,0.0,0.0,0.0,1.0,0.2,3.0,3,0.0,0.3134,31.34,0,MODERATE
GRID_N50_W070,50,-70,2025,4,2025-04-01,0,0.0,0.0,0.0,2.0,0.0,2.0,1,0.0,0.3133,31.33,0,MODERATE
GRID_S10_E070,-10,70,2025,3,2025-03-01,0,0.0,0.0,1.0,2.0,0.0,3.0,3,0.0,0.3133,31.33,0,MODERATE
GRID_S80_W060,-80,-60,2025,6,2025-06-01,0,0.0,0.0,0.0,0.0,0.0,7.0,3,0.0,0.3133,31.33,0,MODERATE
GRID_N20_W050,20,-50,2025,5,2025-05-01,0,0.0,0.0,0.0,0.0,0.0,2.0,2,0.0,0.3132,31.32,0,MODERATE
GRID_N30_E000,30,0,2025,3,2025-03-01,0,0.0,0.0,0.0,0.0,0.0,5.0,4,0.0,0.3132,31.32,0,MODERATE
GRID_S20_W170,-20,-170,2025,4,2025-04-01,0,0.0,0.0,0.0,0.0,0.0,6.0,4,0.0,0.3131,31.31,0,MODERATE
GRID_S50_W070,-50,-70,2025,2,2025-02-01,0,1.0,1.0,1.0,1.0,0.0,1.0,1,0.5,0.313,31.3,0,MODERATE
GRID_N50_E170,50,170,2025,11,2025-11-01,0,0.0,0.0,0.0,0.0,0.0,5.0,5,0.0,0.3128,31.28,0,MODERATE
GRID_N50_W170,50,-170,2025,1,2025-01-01,0,0.0,0.0,0.0,0.0,0.0,6.0,6,0.0,0.3128,31.28,0,MODERATE
GRID_N50_E100,50,100,2025,10,2025-10-01,0,0.0,0.0,4.0,4.0,0.0,5.0,4,0.0,0.3126,31.26,0,MODERATE
GRID_N50_W080,50,-80,2025,4,2025-04-01,0,0.0,0.0,0.0,2.0,0.0,2.0,1,0.0,0.3125,31.25,0,MODERATE
GRID_N00_W100,0,-100,2025,9,2025-09-01,0,0.0,0.0,0.0,0.0,0.0,4.0,4,0.0,0.3123,31.23,0,MODERATE
GRID_S10_E030,-10,30,2025,1,2025-01-01,0,0.0,2.0,68.0,70.0,0.0,72.0,7,0.0282,0.3123,31.23,0,MODERATE
GRID_S10_E170,-10,170,2025,6,2025-06-01,0,0.0,0.0,0.0,0.0,0.0,1.0,1,0.0,0.3123,31.23,0,MODERATE
GRID_N00_W060,0,-60,2025,4,2025-04-01,0,0.0,0.0,2.0,2.0,0.0,3.0,3,0.0,0.3122,31.22,0,MODERATE
GRID_N10_W170,10,-170,2025,6,2025-06-01,0,0.0,0.0,0.0,0.0,0.0,2.0,2,0.0,0.3121,31.21,0,MODERATE
GRID_S70_E140,-70,140,2025,2,2025-02-01,0,0.0,0.0,0.0,0.0,0.1,6.0,5,0.0,0.312,31.2,0,MODERATE
GRID_N40_E080,40,80,2025,7,2025-07-01,0,0.0,0.0,0.0,0.0,0.0,1.0,1,0.0,0.3118,31.18,0,MODERATE
GRID_N30_W020,30,-20,2025,3,2025-03-01,0,0.0,0.0,0.0,2.0,0.0,2.0,2,0.0,0.3117,31.17,0,MODERATE
GRID_S50_E170,-50,170,2025,11,2025-11-01,0,0.0,0.0,1.0,2.0,0.0,6.0,5,0.0,0.3117,31.17,0,MODERATE
GRID_N30_E040,30,40,2025,8,2025-08-01,0,0.0,0.0,0.0,0.0,0.0,2.0,2,0.0,0.3115,31.15,0,MODERATE
GRID_S30_E040,-30,40,2025,5,2025-05-01,0,0.0,0.0,1.0,1.0,0.0,2.0,2,0.0,0.3114,31.14,0,MODERATE
GRID_N50_W140,50,-140,2025,1,2025-01-01,0,0.0,0.0,0.0,1.0,0.0,6.0,5,0.0,0.3111,31.11,0,MODERATE
GRID_S40_W060,-40,-60,2025,4,2025-04-01,0,0.0,0.0,0.0,0.0,0.1,3.0,3,0.0,0.3111,31.11,0,MODERATE
GRID_N30_E150,30,150,2025,4,2025-04-01,0,0.0,0.0,1.0,1.0,0.0,2.0,2,0.0,0.311,31.1,0,MODERATE
GRID_N40_E130,40,130,2025,9,2025-09-01,0,0.0,0.0,0.0,2.0,0.0,2.0,1,0.0,0.3109,31.09,0,MODERATE
GRID_S30_W060,-30,-60,2025,1,2025-01-01,0,0.0,3.0,57.0,61.0,0.0,61.0,5,0.0484,0.3109,31.09,0,MODERATE
GRID_S70_E110,-70,110,2025,7,2025-07-01,0,0.0,0.0,0.0,0.0,0.0,3.0,2,0.0,0.3109,31.09,0,MODERATE
GRID_N50_E040,50,40,2025,7,2025-07-01,0,0.0,0.0,0.0,0.0,0.0,1.0,1,0.0,0.3108,31.08,0,MODERATE
GRID_N00_W030,0,-30,2025,5,2025-05-01,0,0.0,0.0,0.0,0.0,0.0,2.0,2,0.0,0.3106,31.06,0,MODERATE
GRID_N60_W130,60,-130,2025,11,2025-11-01,0,0.0,6.0,10.0,10.0,0.0,47.0,5,0.5455,0.3104,31.04,0,MODERATE
GRID_S10_E090,-10,90,2025,2,2025-02-01,0,0.0,0.0,0.0,0.0,0.0,6.0,5,0.0,0.3103,31.03,0,MODERATE
GRID_S70_E040,-70,40,2025,8,2025-08-01,0,0.0,0.0,0.0,0.0,0.0,4.0,3,0.0,0.3103,31.03,0,MODERATE
GRID_S70_E090,-70,90,2025,6,2025-06-01,0,0.0,0.0,0.0,0.0,0.0,4.0,2,0.0,0.3103,31.03,0,MODERATE
GRID_N00_W120,0,-120,2025,7,2025-07-01,0,0.0,0.0,0.0,0.0,0.0,2.0,2,0.0,0.3102,31.02,0,MODERATE
GRID_S10_W060,-10,-60,2025,11,2025-11-01,0,0.0,7.0,8.0,11.0,0.3,98.0,7,0.5833,0.31,31.0,0,MODERATE
GRID_N40_E140,40,140,2025,5,2025-05-01,0,0.0,0.0,0.0,0.0,0.0,1.0,1,0.0,0.3099,30.99,0,MODERATE
GRID_N50_W140,50,-140,2025,10,2025-10-01,0,0.0,0.0,0.0,0.0,0.0,6.0,5,0.0,0.3099,30.99,0,MODERATE
GRID_S10_E130,-10,130,2025,4,2025-04-01,0,0.0,0.0,0.0,0.0,0.1,2.0,2,0.0,0.3099,30.99,0,MODERATE
GRID_S70_E040,-70,40,2025,4,2025-04-01,0,0.0,0.0,0.0,0.0,0.1,4.0,3,0.0,0.3099,30.99,0,MODERATE
GRID_N30_E170,30,170,2025,4,2025-04-01,0,0.0,0.0,0.0,1.0,0.0,1.0,1,0.0,0.3097,30.97,0,MODERATE
GRID_S60_W030,-60,-30,2025,8,2025-08-01,0,0.0,0.0,0.0,0.0,0.0,3.0,3,0.0,0.3097,30.97,0,MODERATE
GRID_N60_W050,60,-50,2025,6,2025-06-01,0,0.0,0.0,0.0,0.0,0.0,1.0,1,0.0,0.3096,30.96,0,MODERATE
GRID_S80_W060,-80,-60,2025,7,2025-07-01,0,0.0,0.0,0.0,0.0,0.0,7.0,3,0.0,0.3095,30.95,0,MODERATE
GRID_N50_W180,50,-180,2025,5,2025-05-01,0,0.0,0.0,0.0,0.0,0.0,2.0,2,0.0,0.3093,30.93,0,MODERATE
GRID_S60_W030,-60,-30,2025,4,2025-04-01,0,0.0,0.0,0.0,0.0,0.1,3.0,3,0.0,0.3093,30.93,0,MODERATE
GRID_N10_E040,10,40,2025,2,2025-02-01,0,0.0,0.0,0.0,1.0,0.0,5.0,4,0.0,0.3092,30.92,0,MODERATE
GRID_S30_E160,-30,160,2025,6,2025-06-01,0,0.0,0.0,1.0,1.0,0.0,1.0,1,0.0,0.3089,30.89,0,MODERATE
GRID_N60_W060,60,-60,2025,6,2025-06-01,0,0.0,0.0,0.0,0.0,0.0,1.0,1,0.0,0.3088,30.88,0,MODERATE
GRID_S10_E170,-10,170,2025,7,2025-07-01,0,0.0,0.0,0.0,0.0,0.0,1.0,1,0.0,0.3085,30.85,0,MODERATE
GRID_N40_W080,40,-80,2025,3,2025-03-01,0,0.0,0.0,5.0,5.0,0.0,8.0,4,0.0,0.3084,30.84,0,MODERATE
GRID_N50_W170,50,-170,2025,11,2025-11-01,0,0.0,0.0,0.0,0.0,0.0,6.0,6,0.0,0.3084,30.84,0,MODERATE
GRID_N10_W170,10,-170,2025,7,2025-07-01,0,0.0,0.0,0.0,0.0,0.0,2.0,2,0.0,0.3083,30.83,0,MODERATE
GRID_N20_W070,20,-70,2025,3,2025-03-01,0,0.0,0.0,0.0,0.0,0.0,4.0,4,0.0,0.3083,30.83,0,MODERATE
GRID_N50_E070,50,70,2025,9,2025-09-01,0,0.0,0.0,0.0,2.0,0.0,2.0,1,0.0,0.3083,30.83,0,MODERATE
GRID_S10_E160,-10,160,2025,9,2025-09-01,0,0.0,0.0,0.0,0.0,0.0,3.0,3,0.0,0.3083,30.83,0,MODERATE
GRID_N20_E170,20,170,2025,5,2025-05-01,0,0.0,0.0,0.0,0.0,0.0,1.0,1,0.0,0.3081,30.81,0,MODERATE
GRID_S10_E160,-10,160,2025,3,2025-03-01,0,0.0,0.0,0.0,0.0,0.1,3.0,3,0.0,0.3081,30.81,0,MODERATE
GRID_S30_E170,-30,170,2025,6,2025-06-01,0,0.0,0.0,0.0,0.0,0.0,1.0,1,0.0,0.3081,30.81,0,MODERATE
GRID_N50_E100,50,100,2025,11,2025-11-01,0,0.0,0.0,3.0,4.0,0.0,5.0,4,0.0,0.3078,30.78,0,MODERATE
GRID_N20_W120,20,-120,2025,5,2025-05-01,0,0.0,0.0,0.0,0.0,0.0,2.0,2,0.0,0.3077,30.77,0,MODERATE
GRID_S70_E140,-70,140,2025,1,2025-01-01,0,0.0,0.0,0.0,0.0,0.2,6.0,5,0.0,0.3077,30.77,0,MODERATE
GRID_N10_W150,10,-150,2025,1,2025-01-01,0,0.0,0.0,1.0,1.0,0.0,6.0,6,0.0,0.3076,30.76,0,MODERATE
GRID_S80_W070,-80,-70,2025,5,2025-05-01,0,0.0,0.0,0.0,0.0,0.0,5.0,3,0.0,0.3076,30.76,0,MODERATE
GRID_S10_E130,-10,130,2025,9,2025-09-01,0,0.0,0.0,1.0,1.0,0.0,3.0,3,0.0,0.3075,30.75,0,MODERATE
GRID_N10_E050,10,50,2025,6,2025-06-01,0,0.0,0.0,0.0,0.0,0.0,1.0,1,0.0,0.3071,30.71,0,MODERATE
GRID_N40_W030,40,-30,2025,6,2025-06-01,0,0.0,0.0,0.0,0.0,0.0,1.0,1,0.0,0.307,30.7,0,MODERATE
GRID_N40_W030,40,-30,2025,5,2025-05-01,0,0.0,0.0,0.0,0.0,0.1,1.0,1,0.0,0.3069,30.69,0,MODERATE
GRID_S70_E140,-70,140,2025,10,2025-10-01,0,0.0,0.0,0.0,0.0,0.0,6.0,5,0.0,0.3069,30.69,0,MODERATE
GRID_S20_W160,-20,-160,2025,6,2025-06-01,0,0.0,0.0,0.0,0.0,0.0,2.0,2,0.0,0.3067,30.67,0,MODERATE
GRID_S70_E030,-70,30,2025,9,2025-09-01,0,0.0,0.0,0.0,1.0,0.0,3.0,3,0.0,0.3066,30.66,0,MODERATE
GRID_S70_E090,-70,90,2025,7,2025-07-01,0,0.0,0.0,0.0,0.0,0.0,4.0,2,0.0,0.3065,30.65,0,MODERATE
GRID_N20_E110,20,110,2025,1,2025-01-01,0,0.0,0.0,0.0,0.0,0.0,5.0,5,0.0,0.3062,30.62,0,MODERATE
GRID_N00_E050,0,50,2025,8,2025-08-01,0,0.0,0.0,0.0,0.0,0.0,2.0,2,0.0,0.3061,30.61,0,MODERATE
GRID_N30_E150,30,150,2025,10,2025-10-01,0,0.0,0.0,0.0,1.0,0.2,2.0,2,0.0,0.306,30.6,0,MODERATE
GRID_N00_E060,0,60,2025,6,2025-06-01,0,0.0,0.0,0.0,0.0,0.0,1.0,1,0.0,0.3058,30.58,0,MODERATE
GRID_N60_W050,60,-50,2025,7,2025-07-01,0,0.0,0.0,0.0,0.0,0.0,1.0,1,0.0,0.3058,30.58,0,MODERATE
GRID_N50_W110,50,-110,2025,1,2025-01-01,0,0.0,0.0,29.0,29.0,0.0,81.0,12,0.0,0.3057,30.57,0,MODERATE
GRID_S30_W180,-30,-180,2025,1,2025-01-01,0,0.0,0.0,0.0,0.0,0.1,6.0,6,0.0,0.3057,30.57,0,MODERATE
GRID_N30_E100,30,100,2025,4,2025-04-01,0,0.0,0.0,0.0,0.0,0.0,2.0,2,0.0,0.3055,30.55,0,MODERATE
GRID_N60_E030,60,30,2025,5,2025-05-01,0,0.0,0.0,0.0,0.0,0.0,1.0,1,0.0,0.3055,30.55,0,MODERATE
GRID_N40_E080,40,80,2025,5,2025-05-01,0,0.0,0.0,0.0,0.0,0.0,1.0,1,0.0,0.3052,30.52,0,MODERATE
GRID_S80_W020,-80,-20,2025,6,2025-06-01,0,0.0,0.0,0.0,0.0,0.0,2.0,2,0.0,0.3052,30.52,0,MODERATE
GRID_S30_E160,-30,160,2025,7,2025-07-01,0,0.0,0.0,1.0,1.0,0.0,1.0,1,0.0,0.3051,30.51,0,MODERATE
GRID_N60_W060,60,-60,2025,7,2025-07-01,0,0.0,0.0,0.0,0.0,0.0,1.0,1,0.0,0.305,30.5,0,MODERATE
GRID_S70_W070,-70,-70,2025,4,2025-04-01,0,0.0,0.0,0.0,0.0,0.0,8.0,4,0.0,0.305,30.5,0,MODERATE
GRID_N40_E080,40,80,2025,8,2025-08-01,0,0.0,0.0,0.0,0.0,0.1,1.0,1,0.0,0.3048,30.48,0,MODERATE
GRID_N40_W060,40,-60,2025,6,2025-06-01,0,0.0,0.0,0.0,0.0,0.0,1.0,1,0.0,0.3047,30.47,0,MODERATE
GRID_S70_E070,-70,70,2025,4,2025-04-01,0,0.0,0.0,0.0,0.0,0.0,3.0,3,0.0,0.3047,30.47,0,MODERATE
GRID_S60_W080,-60,-80,2025,6,2025-06-01,0,0.0,0.0,0.0,0.0,0.0,2.0,2,0.0,0.3046,30.46,0,MODERATE
GRID_N00_W050,0,-50,2025,3,2025-03-01,0,0.0,0.0,0.0,1.0,0.0,3.0,3,0.0,0.3044,30.44,0,MODERATE
GRID_S30_E170,-30,170,2025,7,2025-07-01,0,0.0,0.0,0.0,0.0,0.0,1.0,1,0.0,0.3043,30.43,0,MODERATE
GRID_S70_E110,-70,110,2025,5,2025-05-01,0,0.0,0.0,0.0,0.0,0.0,3.0,2,0.0,0.3043,30.43,0,MODERATE
GRID_N50_E040,50,40,2025,5,2025-05-01,0,0.0,0.0,0.0,0.0,0.0,1.0,1,0.0,0.3042,30.42,0,MODERATE
GRID_N20_E160,20,160,2025,3,2025-03-01,0,0.0,0.0,0.0,0.0,0.0,3.0,3,0.0,0.3041,30.41,0,MODERATE
GRID_N00_E170,0,170,2025,5,2025-05-01,0,0.0,0.0,0.0,0.0,0.0,1.0,1,0.0,0.304,30.4,0,MODERATE
GRID_S10_E050,-10,50,2025,8,2025-08-01,0,0.0,0.0,0.0,0.0,0.0,2.0,2,0.0,0.304,30.4,0,MODERATE
GRID_S80_W120,-80,-120,2025,7,2025-07-01,0,0.0,0.0,0.0,0.0,0.1,2.0,2,0.0,0.3039,30.39,0,MODERATE
GRID_N50_E090,50,90,2025,3,2025-03-01,0,0.0,0.0,0.0,1.0,0.0,2.0,2,0.0,0.3035,30.35,0,MODERATE
GRID_N10_E050,10,50,2025,7,2025-07-01,0,0.0,0.0,0.0,0.0,0.0,1.0,1,0.0,0.3033,30.33,0,MODERATE
GRID_S80_W180,-80,-180,2025,10,2025-10-01,0,1.0,1.0,1.0,1.0,0.0,1.0,1,0.5,0.3033,30.33,0,MODERATE
GRID_N40_W030,40,-30,2025,7,2025-07-01,0,0.0,0.0,0.0,0.0,0.0,1.0,1,0.0,0.3032,30.32,0,MODERATE
GRID_S50_E160,-50,160,2025,6,2025-06-01,0,0.0,0.0,0.0,0.0,0.0,1.0,1,0.0,0.3032,30.32,0,MODERATE
GRID_N00_W120,0,-120,2025,4,2025-04-01,0,0.0,0.0,0.0,1.0,0.0,2.0,2,0.0,0.3031,30.31,0,MODERATE
GRID_N20_W030,20,-30,2025,6,2025-06-01,0,0.0,0.0,0.0,0.0,0.0,1.0,1,0.0,0.3029,30.29,0,MODERATE
GRID_S20_W160,-20,-160,2025,7,2025-07-01,0,0.0,0.0,0.0,0.0,0.0,2.0,2,0.0,0.3029,30.29,0,MODERATE
GRID_N10_E170,10,170,2025,3,2025-03-01,0,0.0,0.0,0.0,0.0,0.0,3.0,3,0.0,0.3028,30.28,0,MODERATE
GRID_N50_W090,50,-90,2025,9,2025-09-01,0,0.0,0.0,1.0,1.0,0.0,3.0,3,0.0,0.3027,30.27,0,MODERATE
GRID_S40_E020,-40,20,2025,10,2025-10-01,0,0.0,0.0,0.0,1.0,0.0,14.0,5,0.0,0.3027,30.27,0,MODERATE
GRID_S80_W050,-80,-50,2025,8,2025-08-01,0,0.0,0.0,1.0,1.0,0.0,4.0,3,0.0,0.3027,30.27,0,MODERATE
GRID_N20_W050,20,-50,2025,8,2025-08-01,0,0.0,0.0,0.0,0.0,0.0,2.0,2,0.0,0.3025,30.25,0,MODERATE
GRID_N50_E130,50,130,2025,9,2025-09-01,0,0.0,0.0,0.0,2.0,0.0,24.0,3,0.0,0.3025,30.25,0,MODERATE
GRID_S10_E040,-10,40,2025,6,2025-06-01,0,0.0,0.0,0.0,0.0,0.0,1.0,1,0.0,0.3022,30.22,0,MODERATE
GRID_N20_W040,20,-40,2025,6,2025-06-01,0,0.0,0.0,0.0,0.0,0.0,1.0,1,0.0,0.3021,30.21,0,MODERATE
GRID_N50_W010,50,-10,2025,10,2025-10-01,0,0.0,0.0,1.0,1.0,0.0,4.0,4,0.0,0.3021,30.21,0,MODERATE
GRID_S80_W080,-80,-80,2025,6,2025-06-01,0,0.0,0.0,1.0,1.0,0.0,2.0,2,0.0,0.3021,30.21,0,MODERATE
GRID_N00_E060,0,60,2025,7,2025-07-01,0,0.0,0.0,0.0,0.0,0.0,1.0,1,0.0,0.302,30.2,0,MODERATE
GRID_N40_E030,40,30,2025,1,2025-01-01,0,0.0,0.0,4.0,4.0,0.0,8.0,5,0.0,0.302,30.2,0,MODERATE
GRID_N00_W100,0,-100,2025,3,2025-03-01,0,0.0,0.0,0.0,0.0,0.0,4.0,4,0.0,0.3019,30.19,0,MODERATE
GRID_S10_E170,-10,170,2025,5,2025-05-01,0,0.0,0.0,0.0,0.0,0.0,1.0,1,0.0,0.3019,30.19,0,MODERATE
GRID_N10_W170,10,-170,2025,5,2025-05-01,0,0.0,0.0,0.0,0.0,0.0,2.0,2,0.0,0.3018,30.18,0,MODERATE
GRID_N10_W180,10,-180,2025,4,2025-04-01,0,0.0,0.0,0.0,0.0,0.0,3.0,3,0.0,0.3018,30.18,0,MODERATE
GRID_S10_E090,-10,90,2025,11,2025-11-01,0,0.0,0.0,0.0,0.0,0.1,6.0,5,0.0,0.3016,30.16,0,MODERATE
GRID_S80_W020,-80,-20,2025,7,2025-07-01,0,0.0,0.0,0.0,0.0,0.0,2.0,2,0.0,0.3014,30.14,0,MODERATE
GRID_N60_E160,60,160,2025,2,2025-02-01,0,0.0,0.0,0.0,3.0,0.0,3.0,1,0.0,0.3013,30.13,0,MODERATE
GRID_N30_E040,30,40,2025,4,2025-04-01,0,0.0,0.0,0.0,0.0,0.0,2.0,2,0.0,0.3009,30.09,0,MODERATE
GRID_N30_E110,30,110,2025,3,2025-03-01,0,0.0,0.0,0.0,1.0,0.0,2.0,2,0.0,0.3009,30.09,0,MODERATE
GRID_N40_W060,40,-60,2025,7,2025-07-01,0,0.0,0.0,0.0,0.0,0.0,1.0,1,0.0,0.3009,30.09,0,MODERATE
GRID_S60_W080,-60,-80,2025,7,2025-07-01,0,0.0,0.0,0.0,0.0,0.0,2.0,2,0.0,0.3009,30.09,0,MODERATE
GRID_S70_W060,-70,-60,2025,9,2025-09-01,0,0.0,0.0,0.0,0.0,0.0,4.0,4,0.0,0.3009,30.09,0,MODERATE
GRID_S50_E140,-50,140,2025,10,2025-10-01,0,0.0,0.0,0.0,4.0,0.0,4.0,1,0.0,0.3004,30.04,0,MODERATE
GRID_S60_W050,-60,-50,2025,6,2025-06-01,0,0.0,0.0,1.0,1.0,0.0,5.0,2,0.0,0.3003,30.03,0,MODERATE
GRID_S70_E010,-70,10,2025,7,2025-07-01,0,0.0,0.0,0.0,0.0,0.0,4.0,2,0.0,0.3003,30.03,0,MODERATE
GRID_S80_W080,-80,-80,2025,8,2025-08-01,0,0.0,0.0,0.0,1.0,0.0,2.0,2,0.0,0.3003,30.03,0,MODERATE
GRID_S70_E060,-70,60,2025,11,2025-11-01,0,1.0,1.0,1.0,1.0,0.0,1.0,1,0.5,0.3,30.0,0,MODERATE
GRID_S70_E090,-70,90,2025,5,2025-05-01,0,0.0,0.0,0.0,0.0,0.0,4.0,2,0.0,0.3,30.0,0,MODERATE
GRID_N00_W030,0,-30,2025,8,2025-08-01,0,0.0,0.0,0.0,0.0,0.0,2.0,2,0.0,0.2999,29.99,0,MODERATE
GRID_N50_E070,50,70,2025,10,2025-10-01,0,0.0,0.0,0.0,2.0,0.2,2.0,1,0.0,0.2999,29.99,0,MODERATE
GRID_N50_W150,50,-150,2025,6,2025-06-01,0,0.0,0.0,0.0,0.0,0.0,1.0,1,0.0,0.2998,29.98,0,MODERATE
GRID_S80_W130,-80,-130,2025,3,2025-03-01,0,0.0,0.0,0.0,2.0,0.0,4.0,3,0.0,0.2998,29.98,0,MODERATE
GRID_N00_W020,0,-20,2025,6,2025-06-01,0,0.0,0.0,0.0,0.0,0.0,1.0,1,0.0,0.2996,29.96,0,MODERATE
GRID_N30_E000,30,0,2025,2,2025-02-01,0,0.0,0.0,0.0,0.0,0.1,5.0,4,0.0,0.2996,29.96,0,MODERATE
GRID_S30_E060,-30,60,2025,6,2025-06-01,0,0.0,0.0,0.0,0.0,0.0,1.0,1,0.0,0.2996,29.96,0,MODERATE
GRID_S50_E140,-50,140,2025,6,2025-06-01,0,0.0,0.0,4.0,4.0,0.0,4.0,1,0.0,0.2996,29.96,0,MODERATE
GRID_N20_E070,20,70,2025,5,2025-05-01,0,0.0,0.0,3.0,3.0,0.0,3.0,1,0.0,0.2995,29.95,0,MODERATE
GRID_N50_W070,50,-70,2025,7,2025-07-01,0,0.0,0.0,0.0,0.0,0.0,2.0,1,0.0,0.2995,29.95,0,MODERATE
GRID_S50_E160,-50,160,2025,7,2025-07-01,0,0.0,0.0,0.0,0.0,0.0,1.0,1,0.0,0.2995,29.95,0,MODERATE
GRID_N60_E160,60,160,2025,8,2025-08-01,0,0.0,0.0,0.0,0.0,0.0,3.0,1,0.0,0.2994,29.94,0,MODERATE
GRID_S80_W110,-80,-110,2025,10,2025-10-01,0,0.0,0.0,0.0,0.0,0.0,10.0,6,0.0,0.2994,29.94,0,MODERATE
GRID_N30_E030,30,30,2025,1,2025-01-01,0,0.0,0.0,0.0,0.0,0.0,6.0,5,0.0,0.2993,29.93,0,MODERATE
GRID_N60_W050,60,-50,2025,5,2025-05-01,0,0.0,0.0,0.0,0.0,0.0,1.0,1,0.0,0.2993,29.93,0,MODERATE
GRID_N40_E140,40,140,2025,8,2025-08-01,0,0.0,0.0,0.0,0.0,0.0,1.0,1,0.0,0.2992,29.92,0,MODERATE
GRID_N20_W030,20,-30,2025,7,2025-07-01,0,0.0,0.0,0.0,0.0,0.0,1.0,1,0.0,0.2991,29.91,0,MODERATE
GRID_S70_E070,-70,70,2025,9,2025-09-01,0,0.0,0.0,0.0,0.0,0.1,3.0,3,0.0,0.2991,29.91,0,MODERATE
GRID_N40_E130,40,130,2025,8,2025-08-01,0,0.0,0.0,2.0,2.0,0.0,2.0,1,0.0,0.2988,29.88,0,MODERATE
GRID_N60_W050,60,-50,2025,8,2025-08-01,0,0.0,0.0,0.0,0.0,0.1,1.0,1,0.0,0.2988,29.88,0,MODERATE
GRID_N50_W180,50,-180,2025,8,2025-08-01,0,0.0,0.0,0.0,0.0,0.0,2.0,2,0.0,0.2986,29.86,0,MODERATE
GRID_S60_W050,-60,-50,2025,8,2025-08-01,0,0.0,0.0,0.0,1.0,0.0,5.0,2,0.0,0.2986,29.86,0,MODERATE
GRID_N60_W060,60,-60,2025,5,2025-05-01,0,0.0,0.0,0.0,0.0,0.0,1.0,1,0.0,0.2985,29.85,0,MODERATE
GRID_N00_E160,0,160,2025,2,2025-02-01,0,0.0,0.0,0.0,0.0,0.0,4.0,4,0.0,0.2984,29.84,0,MODERATE
GRID_N20_W040,20,-40,2025,7,2025-07-01,0,0.0,0.0,0.0,0.0,0.0,1.0,1,0.0,0.2984,29.84,0,MODERATE
GRID_S10_E040,-10,40,2025,7,2025-07-01,0,0.0,0.0,0.0,0.0,0.0,1.0,1,0.0,0.2984,29.84,0,MODERATE
GRID_S70_E150,-70,150,2025,6,2025-06-01,0,0.0,0.0,0.0,0.0,0.0,1.0,1,0.0,0.2984,29.84,0,MODERATE
GRID_S80_W080,-80,-80,2025,7,2025-07-01,0,0.0,0.0,1.0,1.0,0.0,2.0,2,0.0,0.2983,29.83,0,MODERATE
GRID_N60_W060,60,-60,2025,8,2025-08-01,0,0.0,0.0,0.0,0.0,0.1,1.0,1,0.0,0.2981,29.81,0,MODERATE
GRID_S30_E170,-30,170,2025,5,2025-05-01,0,0.0,0.0,0.0,0.0,0.0,1.0,1,0.0,0.2978,29.78,0,MODERATE
GRID_N40_E040,40,40,2025,2,2025-02-01,0,0.0,0.0,2.0,2.0,0.0,5.0,4,0.0,0.2976,29.76,0,MODERATE
GRID_N00_W130,0,-130,2025,7,2025-07-01,0,0.0,0.0,0.0,0.0,0.1,1.0,1,0.0,0.2975,29.75,0,MODERATE
GRID_N20_E170,20,170,2025,8,2025-08-01,0,0.0,0.0,0.0,0.0,0.0,1.0,1,0.0,0.2975,29.75,0,MODERATE
GRID_N60_W170,60,-170,2025,10,2025-10-01,0,0.0,0.0,1.0,1.0,0.0,11.0,5,0.0,0.2975,29.75,0,MODERATE
GRID_S80_W120,-80,-120,2025,6,2025-06-01,0,0.0,0.0,0.0,0.0,0.0,2.0,2,0.0,0.2975,29.75,0,MODERATE
GRID_S60_W040,-60,-40,2025,3,2025-03-01,0,0.0,0.0,0.0,0.0,0.0,21.0,6,0.0,0.2974,29.74,0,MODERATE
GRID_S20_W170,-20,-170,2025,9,2025-09-01,0,0.0,0.0,0.0,0.0,0.0,6.0,4,0.0,0.2973,29.73,0,MODERATE
GRID_N50_W010,50,-10,2025,3,2025-03-01,0,0.0,0.0,0.0,0.0,0.0,3.0,3,0.0,0.2971,29.71,0,MODERATE
GRID_N50_E010,50,10,2025,2,2025-02-01,0,0.0,0.0,0.0,0.0,0.0,4.0,4,0.0,0.297,29.7,0,MODERATE
GRID_S80_W070,-80,-70,2025,8,2025-08-01,0,0.0,0.0,0.0,0.0,0.0,5.0,3,0.0,0.297,29.7,0,MODERATE
GRID_S40_E020,-40,20,2025,1,2025-01-01,0,1.0,1.0,12.0,12.0,0.0,14.0,5,0.0769,0.2969,29.69,0,MODERATE
GRID_N10_E050,10,50,2025,5,2025-05-01,0,0.0,0.0,0.0,0.0,0.0,1.0,1,0.0,0.2968,29.68,0,MODERATE
GRID_S60_W050,-60,-50,2025,7,2025-07-01,0,0.0,0.0,1.0,1.0,0.0,5.0,2,0.0,0.2966,29.66,0,MODERATE
GRID_N40_E120,40,120,2025,9,2025-09-01,0,0.0,0.0,2.0,2.0,0.0,2.0,2,0.0,0.2964,29.64,0,MODERATE
GRID_S20_W160,-20,-160,2025,5,2025-05-01,0,0.0,0.0,0.0,0.0,0.0,2.0,2,0.0,0.2964,29.64,0,MODERATE
GRID_N10_W180,10,-180,2025,9,2025-09-01,0,0.0,0.0,0.0,0.0,0.1,3.0,3,0.0,0.2963,29.63,0,MODERATE
GRID_N20_E060,20,60,2025,2,2025-02-01,0,0.0,0.0,1.0,1.0,0.0,4.0,4,0.0,0.2963,29.63,0,MODERATE
GRID_N20_W020,20,-20,2025,1,2025-01-01,0,0.0,0.0,0.0,0.0,0.0,5.0,5,0.0,0.2961,29.61,0,MODERATE
GRID_N50_W150,50,-150,2025,7,2025-07-01,0,0.0,0.0,0.0,0.0,0.0,1.0,1,0.0,0.296,29.6,0,MODERATE
GRID_S10_W040,-10,-40,2025,6,2025-06-01,0,0.0,0.0,0.0,0.0,0.0,1.0,1,0.0,0.296,29.6,0,MODERATE
GRID_S30_E060,-30,60,2025,7,2025-07-01,0,0.0,0.0,0.0,0.0,0.0,1.0,1,0.0,0.2959,29.59,0,MODERATE
GRID_S50_E140,-50,140,2025,7,2025-07-01,0,0.0,0.0,4.0,4.0,0.0,4.0,1,0.0,0.2959,29.59,0,MODERATE
GRID_N00_W020,0,-20,2025,7,2025-07-01,0,0.0,0.0,0.0,0.0,0.0,1.0,1,0.0,0.2958,29.58,0,MODERATE
GRID_S30_E010,-30,10,2025,6,2025-06-01,0,0.0,0.0,0.0,0.0,0.0,1.0,1,0.0,0.2958,29.58,0,MODERATE
GRID_N70_E140,70,140,2025,9,2025-09-01,0,0.0,0.0,0.0,0.0,0.0,4.0,2,0.0,0.2957,29.57,0,MODERATE
GRID_S80_W050,-80,-50,2025,9,2025-09-01,0,0.0,0.0,0.0,1.0,0.0,4.0,3,0.0,0.2957,29.57,0,MODERATE
GRID_N00_E050,0,50,2025,4,2025-04-01,0,0.0,0.0,0.0,0.0,0.0,2.0,2,0.0,0.2955,29.55,0,MODERATE
GRID_N00_E060,0,60,2025,5,2025-05-01,0,0.0,0.0,0.0,0.0,0.0,1.0,1,0.0,0.2955,29.55,0,MODERATE
GRID_N00_E100,0,100,2025,3,2025-03-01,0,0.0,0.0,0.0,0.0,0.0,3.0,3,0.0,0.2953,29.53,0,MODERATE
GRID_N60_E030,60,30,2025,8,2025-08-01,0,0.0,0.0,0.0,0.0,0.0,1.0,1,0.0,0.2949,29.49,0,MODERATE
GRID_S70_E020,-70,20,2025,10,2025-10-01,0,0.0,0.0,0.0,0.0,0.0,7.0,5,0.0,0.2949,29.49,0,MODERATE
GRID_S80_W020,-80,-20,2025,5,2025-05-01,0,0.0,0.0,0.0,0.0,0.0,2.0,2,0.0,0.2949,29.49,0,MODERATE
GRID_S50_E170,-50,170,2025,2,2025-02-01,0,0.0,0.0,0.0,0.0,0.3,4.0,3,0.0,0.2947,29.47,0,MODERATE
GRID_S40_W070,-40,-70,2025,2,2025-02-01,0,1.0,1.0,8.0,8.0,0.0,9.0,4,0.1111,0.2946,29.46,0,MODERATE
GRID_S70_E150,-70,150,2025,7,2025-07-01,0,0.0,0.0,0.0,0.0,0.0,1.0,1,0.0,0.2946,29.46,0,MODERATE
GRID_N40_W060,40,-60,2025,5,2025-05-01,0,0.0,0.0,0.0,0.0,0.0,1.0,1,0.0,0.2945,29.45,0,MODERATE
GRID_S80_W020,-80,-20,2025,8,2025-08-01,0,0.0,0.0,0.0,0.0,0.1,2.0,2,0.0,0.2945,29.45,0,MODERATE
GRID_S80_W030,-80,-30,2025,10,2025-10-01,0,0.0,0.0,0.0,0.0,0.0,5.0,5,0.0,0.2945,29.45,0,MODERATE
GRID_S60_W080,-60,-80,2025,5,2025-05-01,0,0.0,0.0,0.0,0.0,0.0,2.0,2,0.0,0.2944,29.44,0,MODERATE
GRID_S10_W100,-10,-100,2025,2,2025-02-01,0,0.0,0.0,0.0,1.0,0.0,5.0,4,0.0,0.2943,29.43,0,MODERATE
GRID_S60_E070,-60,70,2025,6,2025-06-01,0,0.0,0.0,0.0,0.0,0.0,1.0,1,0.0,0.2943,29.43,0,MODERATE
GRID_N00_W050,0,-50,2025,9,2025-09-01,0,0.0,0.0,0.0,0.0,0.0,3.0,3,0.0,0.2941,29.41,0,MODERATE
GRID_N50_E130,50,130,2025,10,2025-10-01,0,0.0,0.0,0.0,2.0,0.2,24.0,3,0.0,0.2941,29.41,0,MODERATE
GRID_S70_E130,-70,130,2025,6,2025-06-01,0,0.0,0.0,0.0,0.0,0.0,2.0,1,0.0,0.2941,29.41,0,MODERATE
GRID_N00_W030,0,-30,2025,9,2025-09-01,0,0.0,0.0,0.0,0.0,0.2,2.0,2,0.0,0.294,29.4,0,MODERATE
GRID_N50_E020,50,20,2025,3,2025-03-01,0,0.0,0.0,0.0,0.0,0.0,5.0,3,0.0,0.294,29.4,0,MODERATE
GRID_S60_W080,-60,-80,2025,8,2025-08-01,0,0.0,0.0,0.0,0.0,0.1,2.0,2,0.0,0.294,29.4,0,MODERATE
GRID_S70_E010,-70,10,2025,5,2025-05-01,0,0.0,0.0,0.0,0.0,0.0,4.0,2,0.0,0.2939,29.39,0,MODERATE
GRID_S70_E110,-70,110,2025,8,2025-08-01,0,0.0,0.0,0.0,0.0,0.0,3.0,2,0.0,0.2937,29.37,0,MODERATE
GRID_N50_E040,50,40,2025,8,2025-08-01,0,0.0,0.0,0.0,0.0,0.0,1.0,1,0.0,0.2936,29.36,0,MODERATE
GRID_S30_E040,-30,40,2025,9,2025-09-01,0,0.0,0.0,0.0,1.0,0.0,2.0,2,0.0,0.2936,29.36,0,MODERATE
GRID_N00_E170,0,170,2025,8,2025-08-01,0,0.0,0.0,0.0,0.0,0.0,1.0,1,0.0,0.2934,29.34,0,MODERATE
GRID_S70_E110,-70,110,2025,4,2025-04-01,0,0.0,0.0,0.0,0.0,0.1,3.0,2,0.0,0.2933,29.33,0,MODERATE
GRID_N50_E040,50,40,2025,4,2025-04-01,0,0.0,0.0,0.0,0.0,0.1,1.0,1,0.0,0.2932,29.32,0,MODERATE
GRID_N50_E090,50,90,2025,9,2025-09-01,0,0.0,0.0,0.0,0.0,0.0,2.0,2,0.0,0.2932,29.32,0,MODERATE
GRID_N60_W140,60,-140,2025,4,2025-04-01,0,0.0,0.0,0.0,0.0,0.0,2.0,2,0.0,0.2932,29.32,0,MODERATE
GRID_N00_E070,0,70,2025,2,2025-02-01,0,0.0,0.0,1.0,1.0,0.0,4.0,4,0.0,0.293,29.3,0,MODERATE
GRID_N00_W120,0,-120,2025,8,2025-08-01,0,0.0,0.0,0.0,0.0,0.0,2.0,2,0.0,0.293,29.3,0,MODERATE
GRID_S50_E160,-50,160,2025,5,2025-05-01,0,0.0,0.0,0.0,0.0,0.0,1.0,1,0.0,0.293,29.3,0,MODERATE
GRID_N00_W110,0,-110,2025,6,2025-06-01,0,0.0,0.0,0.0,0.0,0.0,1.0,1,0.0,0.2927,29.27,0,MODERATE
GRID_N20_W030,20,-30,2025,5,2025-05-01,0,0.0,0.0,0.0,0.0,0.0,1.0,1,0.0,0.2927,29.27,0,MODERATE
GRID_S80_W060,-80,-60,2025,8,2025-08-01,0,0.0,0.0,0.0,0.0,0.0,7.0,3,0.0,0.2924,29.24,0,MODERATE
GRID_N30_W040,30,-40,2025,3,2025-03-01,0,0.0,0.0,1.0,1.0,0.0,3.0,3,0.0,0.2923,29.23,0,MODERATE
GRID_S10_W040,-10,-40,2025,7,2025-07-01,0,0.0,0.0,0.0,0.0,0.0,1.0,1,0.0,0.2923,29.23,0,MODERATE
GRID_S30_E010,-30,10,2025,7,2025-07-01,0,0.0,0.0,0.0,0.0,0.0,1.0,1,0.0,0.2921,29.21,0,MODERATE
GRID_N20_W050,20,-50,2025,4,2025-04-01,0,0.0,0.0,0.0,0.0,0.0,2.0,2,0.0,0.292,29.2,0,MODERATE
GRID_N20_W020,20,-20,2025,11,2025-11-01,0,0.0,0.0,0.0,0.0,0.0,5.0,5,0.0,0.2919,29.19,0,MODERATE
GRID_N20_W040,20,-40,2025,5,2025-05-01,0,0.0,0.0,0.0,0.0,0.0,1.0,1,0.0,0.2919,29.19,0,MODERATE
GRID_S80_W080,-80,-80,2025,5,2025-05-01,0,0.0,0.0,1.0,1.0,0.0,2.0,2,0.0,0.2919,29.19,0,MODERATE
GRID_N50_E030,50,30,2025,6,2025-06-01,0,0.0,0.0,0.0,0.0,0.0,0.0,0,0.0,0.2918,29.18,0,MODERATE
GRID_S10_E040,-10,40,2025,4,2025-04-01,0,0.0,0.0,0.0,1.0,0.0,1.0,1,0.0,0.2915,29.15,0,MODERATE
GRID_S10_E170,-10,170,2025,8,2025-08-01,0,0.0,0.0,0.0,0.0,0.0,1.0,1,0.0,0.2914,29.14,0,MODERATE
GRID_N40_E050,40,50,2025,6,2025-06-01,0,0.0,0.0,0.0,0.0,0.0,0.0,0,0.0,0.2913,29.13,0,MODERATE
GRID_S30_W180,-30,-180,2025,11,2025-11-01,0,0.0,0.0,0.0,0.0,0.0,6.0,6,0.0,0.2913,29.13,0,MODERATE
GRID_N00_W130,0,-130,2025,6,2025-06-01,0,0.0,0.0,0.0,0.0,0.0,1.0,1,0.0,0.2912,29.12,0,MODERATE
GRID_N10_W170,10,-170,2025,8,2025-08-01,0,0.0,0.0,0.0,0.0,0.0,2.0,2,0.0,0.2912,29.12,0,MODERATE
GRID_N30_W060,30,-60,2025,3,2025-03-01,0,0.0,0.0,1.0,1.0,0.0,3.0,3,0.0,0.2907,29.07,0,MODERATE
GRID_S70_E050,-70,50,2025,6,2025-06-01,0,0.0,0.0,0.0,0.0,0.0,1.0,1,0.0,0.2907,29.07,0,MODERATE
GRID_S60_E070,-60,70,2025,7,2025-07-01,0,0.0,0.0,0.0,0.0,0.0,1.0,1,0.0,0.2906,29.06,0,MODERATE
GRID_S20_W040,-20,-40,2025,11,2025-11-01,0,1.0,1.0,2.0,2.0,0.0,2.0,2,0.3333,0.2904,29.04,0,MODERATE
GRID_S70_E130,-70,130,2025,7,2025-07-01,0,0.0,0.0,0.0,0.0,0.0,2.0,1,0.0,0.2904,29.04,0,MODERATE
GRID_N00_E110,0,110,2025,8,2025-08-01,0,0.0,0.0,1.0,1.0,0.0,1.0,1,0.0,0.2903,29.03,0,MODERATE
GRID_N50_E000,50,0,2025,4,2025-04-01,0,0.0,0.0,0.0,0.0,0.1,1.0,1,0.0,0.2902,29.02,0,MODERATE
GRID_N10_E060,10,60,2025,2,2025-02-01,0,0.0,0.0,0.0,0.0,0.0,5.0,4,0.0,0.2901,29.01,0,MODERATE
GRID_S10_W100,-10,-100,2025,1,2025-01-01,0,0.0,0.0,0.0,1.0,0.1,5.0,4,0.0,0.2901,29.01,0,MODERATE
GRID_N60_W020,60,-20,2025,6,2025-06-01,0,0.0,0.0,0.0,0.0,0.0,0.0,0,0.0,0.29,29.0,0,MODERATE
GRID_N00_E160,0,160,2025,11,2025-11-01,0,0.0,0.0,0.0,0.0,0.1,4.0,4,0.0,0.2899,28.99,0,MODERATE
GRID_N30_E100,30,100,2025,9,2025-09-01,0,0.0,0.0,0.0,0.0,0.0,2.0,2,0.0,0.2899,28.99,0,MODERATE
GRID_S70_E020,-70,20,2025,2,2025-02-01,0,0.0,0.0,0.0,0.0,0.0,7.0,5,0.0,0.2899,28.99,0,MODERATE
GRID_S10_E160,-10,160,2025,10,2025-10-01,0,0.0,0.0,0.0,0.0,0.1,3.0,3,0.0,0.2898,28.98,0,MODERATE
GRID_N00_W030,0,-30,2025,4,2025-04-01,0,0.0,0.0,0.0,0.0,0.0,2.0,2,0.0,0.2895,28.95,0,MODERATE
GRID_S30_E060,-30,60,2025,5,2025-05-01,0,0.0,0.0,0.0,0.0,0.0,1.0,1,0.0,0.2895,28.95,0,MODERATE
GRID_S70_E090,-70,90,2025,8,2025-08-01,0,0.0,0.0,0.0,0.0,0.0,4.0,2,0.0,0.2895,28.95,0,MODERATE
GRID_N00_W020,0,-20,2025,5,2025-05-01,0,0.0,0.0,0.0,0.0,0.0,1.0,1,0.0,0.2894,28.94,0,MODERATE
GRID_S70_W070,-70,-70,2025,9,2025-09-01,0,0.0,0.0,0.0,0.0,0.0,8.0,4,0.0,0.2894,28.94,0,MODERATE
GRID_N50_W150,50,-150,2025,4,2025-04-01,0,0.0,0.0,0.0,1.0,0.0,1.0,1,0.0,0.2892,28.92,0,MODERATE
GRID_N60_E010,60,10,2025,9,2025-09-01,0,0.0,0.0,0.0,0.0,0.0,2.0,2,0.0,0.2891,28.91,0,MODERATE
GRID_S70_E090,-70,90,2025,4,2025-04-01,0,0.0,0.0,0.0,0.0,0.1,4.0,2,0.0,0.2891,28.91,0,MODERATE
GRID_N00_W020,0,-20,2025,8,2025-08-01,0,0.0,0.0,0.0,0.0,0.1,1.0,1,0.0,0.289,28.9,0,MODERATE
GRID_N00_W110,0,-110,2025,7,2025-07-01,0,0.0,0.0,0.0,0.0,0.0,1.0,1,0.0,0.289,28.9,0,MODERATE
GRID_S70_E070,-70,70,2025,3,2025-03-01,0,0.0,0.0,0.0,0.0,0.1,3.0,3,0.0,0.289,28.9,0,MODERATE
GRID_S30_W080,-30,-80,2025,6,2025-06-01,0,0.0,0.0,0.0,0.0,0.0,1.0,1,0.0,0.2889,28.89,0,MODERATE
GRID_N40_E140,40,140,2025,4,2025-04-01,0,0.0,0.0,0.0,0.0,0.0,1.0,1,0.0,0.2888,28.88,0,MODERATE
GRID_N60_E000,60,0,2025,9,2025-09-01,0,0.0,0.0,0.0,0.0,0.0,2.0,2,0.0,0.2884,28.84,0,MODERATE
GRID_S10_E050,-10,50,2025,3,2025-03-01,0,0.0,0.0,0.0,1.0,0.0,2.0,2,0.0,0.2883,28.83,0,MODERATE
GRID_N50_W180,50,-180,2025,4,2025-04-01,0,0.0,0.0,0.0,0.0,0.0,2.0,2,0.0,0.2882,28.82,0,MODERATE
GRID_S70_E150,-70,150,2025,5,2025-05-01,0,0.0,0.0,0.0,0.0,0.0,1.0,1,0.0,0.2882,28.82,0,MODERATE
GRID_S30_E160,-30,160,2025,8,2025-08-01,0,0.0,0.0,1.0,1.0,0.0,1.0,1,0.0,0.2881,28.81,0,MODERATE
GRID_S50_E170,-50,170,2025,3,2025-03-01,0,0.0,0.0,0.0,0.0,0.0,4.0,3,0.0,0.2879,28.79,0,MODERATE
GRID_S70_W060,-70,-60,2025,2,2025-02-01,0,0.0,0.0,0.0,1.0,0.0,4.0,4,0.0,0.2879,28.79,0,MODERATE
GRID_N40_E050,40,50,2025,7,2025-07-01,0,0.0,0.0,0.0,0.0,0.0,0.0,0,0.0,0.2876,28.76,0,MODERATE
GRID_S10_E060,-10,60,2025,3,2025-03-01,0,0.0,0.0,0.0,0.0,0.0,4.0,3,0.0,0.2876,28.76,0,MODERATE
GRID_N00_W180,0,-180,2025,6,2025-06-01,0,0.0,0.0,0.0,0.0,0.0,1.0,1,0.0,0.2874,28.74,0,MODERATE
GRID_S30_E170,-30,170,2025,8,2025-08-01,0,0.0,0.0,0.0,0.0,0.0,1.0,1,0.0,0.2874,28.74,0,MODERATE
GRID_S80_W120,-80,-120,2025,5,2025-05-01,0,0.0,0.0,0.0,0.0,0.0,2.0,2,0.0,0.2874,28.74,0,MODERATE
GRID_N20_E050,20,50,2025,6,2025-06-01,0,0.0,0.0,0.0,0.0,0.0,0.0,0,0.0,0.2873,28.73,0,MODERATE
GRID_N50_W070,50,-70,2025,3,2025-03-01,0,0.0,0.0,0.0,2.0,0.0,2.0,1,0.0,0.2873,28.73,0,MODERATE
GRID_S50_W070,-50,-70,2025,6,2025-06-01,0,0.0,0.0,1.0,1.0,0.0,1.0,1,0.0,0.2872,28.72,0,MODERATE
GRID_N20_E170,20,170,2025,4,2025-04-01,0,0.0,0.0,0.0,0.0,0.0,1.0,1,0.0,0.2871,28.71,0,MODERATE
GRID_N60_E160,60,160,2025,1,2025-01-01,0,0.0,0.0,0.0,3.0,0.0,3.0,1,0.0,0.2871,28.71,0,MODERATE
GRID_S20_W170,-20,-170,2025,3,2025-03-01,0,0.0,0.0,0.0,0.0,0.0,6.0,4,0.0,0.2871,28.71,0,MODERATE
GRID_S70_E050,-70,50,2025,7,2025-07-01,0,0.0,0.0,0.0,0.0,0.0,1.0,1,0.0,0.2871,28.71,0,MODERATE
GRID_N40_E120,40,120,2025,10,2025-10-01,0,0.0,0.0,1.0,2.0,0.0,2.0,2,0.0,0.287,28.7,0,MODERATE
GRID_S70_E000,-70,0,2025,6,2025-06-01,0,0.0,0.0,0.0,0.0,0.0,1.0,1,0.0,0.287,28.7,0,MODERATE
GRID_N60_E100,60,100,2025,8,2025-08-01,0,0.0,0.0,0.0,0.0,0.0,6.0,1,0.0,0.2868,28.68,0,MODERATE
GRID_N20_W120,20,-120,2025,4,2025-04-01,0,0.0,0.0,0.0,0.0,0.0,2.0,2,0.0,0.2867,28.67,0,MODERATE
GRID_N50_W080,50,-80,2025,3,2025-03-01,0,0.0,0.0,0.0,2.0,0.0,2.0,1,0.0,0.2866,28.66,0,MODERATE
GRID_S80_W070,-80,-70,2025,4,2025-04-01,0,0.0,0.0,0.0,0.0,0.0,5.0,3,0.0,0.2866,28.66,0,MODERATE
GRID_N20_W050,20,-50,2025,9,2025-09-01,0,0.0,0.0,0.0,0.0,0.1,2.0,2,0.0,0.2865,28.65,0,MODERATE
GRID_S70_E100,-70,100,2025,6,2025-06-01,0,0.0,0.0,0.0,0.0,0.0,4.0,1,0.0,0.2865,28.65,0,MODERATE
GRID_N10_E050,10,50,2025,8,2025-08-01,0,0.0,0.0,0.0,0.0,0.0,1.0,1,0.0,0.2863,28.63,0,MODERATE
GRID_N40_W030,40,-30,2025,8,2025-08-01,0,0.0,0.0,0.0,0.0,0.0,1.0,1,0.0,0.2863,28.63,0,MODERATE
GRID_N60_W020,60,-20,2025,7,2025-07-01,0,0.0,0.0,0.0,0.0,0.0,0.0,0,0.0,0.2863,28.63,0,MODERATE
GRID_N00_W060,0,-60,2025,3,2025-03-01,0,0.0,0.0,2.0,2.0,0.0,3.0,3,0.0,0.2862,28.62,0,MODERATE
GRID_N50_W140,50,-140,2025,11,2025-11-01,0,0.0,0.0,0.0,0.0,0.0,6.0,5,0.0,0.2862,28.62,0,MODERATE
GRID_S40_W090,-40,-90,2025,6,2025-06-01,0,0.0,0.0,0.0,0.0,0.0,1.0,1,0.0,0.2862,28.62,0,MODERATE
GRID_S40_W090,-40,-90,2025,5,2025-05-01,0,0.0,0.0,0.0,0.0,0.1,1.0,1,0.0,0.2861,28.61,0,MODERATE
GRID_S20_W160,-20,-160,2025,8,2025-08-01,0,0.0,0.0,0.0,0.0,0.0,2.0,2,0.0,0.286,28.6,0,MODERATE
GRID_N50_E070,50,70,2025,4,2025-04-01,0,0.0,0.0,2.0,2.0,0.0,2.0,1,0.0,0.2859,28.59,0,MODERATE
GRID_S10_W040,-10,-40,2025,5,2025-05-01,0,0.0,0.0,0.0,0.0,0.0,1.0,1,0.0,0.2859,28.59,0,MODERATE
GRID_S80_W110,-80,-110,2025,11,2025-11-01,0,0.0,0.0,0.0,0.0,0.1,10.0,6,0.0,0.2859,28.59,0,MODERATE
GRID_S30_E010,-30,10,2025,5,2025-05-01,0,0.0,0.0,0.0,0.0,0.0,1.0,1,0.0,0.2857,28.57,0,MODERATE
GRID_N30_E110,30,110,2025,10,2025-10-01,0,0.0,0.0,1.0,1.0,0.0,3.0,3,0.0,0.2856,28.56,0,MODERATE
GRID_S50_W070,-50,-70,2025,8,2025-08-01,0,0.0,0.0,0.0,1.0,0.0,1.0,1,0.0,0.2855,28.55,0,MODERATE
GRID_S30_W080,-30,-80,2025,7,2025-07-01,0,0.0,0.0,0.0,0.0,0.0,1.0,1,0.0,0.2853,28.53,0,MODERATE
GRID_N00_E060,0,60,2025,8,2025-08-01,0,0.0,0.0,0.0,0.0,0.0,1.0,1,0.0,0.2851,28.51,0,MODERATE
GRID_N30_E150,30,150,2025,3,2025-03-01,0,0.0,0.0,1.0,1.0,0.0,2.0,2,0.0,0.2851,28.51,0,MODERATE
GRID_N20_W070,20,-70,2025,2,2025-02-01,0,0.0,0.0,0.0,0.0,0.0,4.0,4,0.0,0.285,28.5,0,MODERATE
GRID_N40_E070,40,70,2025,4,2025-04-01,0,0.0,0.0,1.0,1.0,0.0,1.0,1,0.0,0.285,28.5,0,MODERATE
GRID_N10_E170,10,170,2025,10,2025-10-01,0,0.0,0.0,0.0,0.0,0.0,3.0,3,0.0,0.2846,28.46,0,MODERATE
GRID_N40_W040,40,-40,2025,6,2025-06-01,0,0.0,0.0,0.0,0.0,0.0,0.0,0,0.0,0.2845,28.45,0,MODERATE
GRID_N60_E030,60,30,2025,4,2025-04-01,0,0.0,0.0,0.0,0.0,0.0,1.0,1,0.0,0.2845,28.45,0,MODERATE
GRID_N40_E080,40,80,2025,4,2025-04-01,0,0.0,0.0,0.0,0.0,0.0,1.0,1,0.0,0.2843,28.43,0,MODERATE
GRID_N00_E160,0,160,2025,1,2025-01-01,0,0.0,0.0,0.0,0.0,0.0,4.0,4,0.0,0.2842,28.42,0,MODERATE
GRID_S60_E070,-60,70,2025,5,2025-05-01,0,0.0,0.0,0.0,0.0,0.0,1.0,1,0.0,0.2842,28.42,0,MODERATE
GRID_S70_E040,-70,40,2025,9,2025-09-01,0,0.0,0.0,0.0,0.0,0.0,4.0,3,0.0,0.2842,28.42,0,MODERATE
GRID_S80_W010,-80,-10,2025,6,2025-06-01,0,0.0,0.0,0.0,0.0,0.0,1.0,1,0.0,0.2842,28.42,0,MODERATE
GRID_S10_E130,-10,130,2025,3,2025-03-01,0,0.0,0.0,0.0,0.0,0.1,2.0,2,0.0,0.2841,28.41,0,MODERATE
GRID_S70_E040,-70,40,2025,3,2025-03-01,0,0.0,0.0,0.0,0.0,0.1,4.0,3,0.0,0.2841,28.41,0,MODERATE
GRID_S70_E130,-70,130,2025,5,2025-05-01,0,0.0,0.0,0.0,0.0,0.0,2.0,1,0.0,0.2841,28.41,0,MODERATE
GRID_N50_W010,50,-10,2025,2,2025-02-01,0,0.0,0.0,0.0,0.0,0.1,3.0,3,0.0,0.284,28.4,0,MODERATE
GRID_N30_E170,30,170,2025,3,2025-03-01,0,0.0,0.0,0.0,1.0,0.0,1.0,1,0.0,0.2839,28.39,0,MODERATE
GRID_N00_W180,0,-180,2025,7,2025-07-01,0,0.0,0.0,0.0,0.0,0.0,1.0,1,0.0,0.2838,28.38,0,MODERATE
GRID_N00_W100,0,-100,2025,10,2025-10-01,0,0.0,0.0,0.0,0.0,0.0,4.0,4,0.0,0.2837,28.37,0,MODERATE
GRID_S60_W030,-60,-30,2025,9,2025-09-01,0,0.0,0.0,0.0,0.0,0.0,3.0,3,0.0,0.2836,28.36,0,MODERATE
GRID_S70_E090,-70,90,2025,3,2025-03-01,0,0.0,0.0,0.0,0.0,0.3,4.0,2,0.0,0.2836,28.36,0,MODERATE
GRID_N40_E040,40,40,2025,1,2025-01-01,0,0.0,0.0,2.0,2.0,0.0,5.0,4,0.0,0.2835,28.35,0,MODERATE
GRID_S50_W070,-50,-70,2025,7,2025-07-01,0,0.0,0.0,1.0,1.0,0.0,1.0,1,0.0,0.2835,28.35,0,MODERATE
GRID_S70_E010,-70,10,2025,8,2025-08-01,0,0.0,0.0,0.0,0.0,0.0,4.0,2,0.0,0.2835,28.35,0,MODERATE
GRID_N30_W030,30,-30,2025,6,2025-06-01,0,0.0,0.0,0.0,0.0,0.0,0.0,0,0.0,0.2833,28.33,0,MODERATE
GRID_S70_E000,-70,0,2025,7,2025-07-01,0,0.0,0.0,0.0,0.0,0.0,1.0,1,0.0,0.2833,28.33,0,MODERATE
GRID_S70_E140,-70,140,2025,11,2025-11-01,0,0.0,0.0,0.0,0.0,0.0,6.0,5,0.0,0.2833,28.33,0,MODERATE
GRID_S70_W050,-70,-50,2025,6,2025-06-01,0,0.0,0.0,0.0,0.0,0.0,1.0,1,0.0,0.2832,28.32,0,MODERATE
GRID_N00_E170,0,170,2025,4,2025-04-01,0,0.0,0.0,0.0,0.0,0.0,1.0,1,0.0,0.2831,28.31,0,MODERATE
GRID_N50_E010,50,10,2025,1,2025-01-01,0,0.0,0.0,0.0,0.0,0.0,4.0,4,0.0,0.2829,28.29,0,MODERATE
GRID_S70_E100,-70,100,2025,7,2025-07-01,0,0.0,0.0,0.0,0.0,0.0,4.0,1,0.0,0.2829,28.29,0,MODERATE
GRID_N00_W110,0,-110,2025,5,2025-05-01,0,0.0,0.0,0.0,0.0,0.0,1.0,1,0.0,0.2827,28.27,0,MODERATE
GRID_N50_W070,50,-70,2025,8,2025-08-01,0,0.0,0.0,0.0,0.0,0.0,2.0,1,0.0,0.2827,28.27,0,MODERATE
GRID_S50_E160,-50,160,2025,8,2025-08-01,0,0.0,0.0,0.0,0.0,0.0,1.0,1,0.0,0.2827,28.27,0,MODERATE
GRID_N50_E100,50,100,2025,3,2025-03-01,0,0.0,0.0,0.0,1.0,0.0,1.0,1,0.0,0.2826,28.26,0,MODERATE
GRID_S40_W090,-40,-90,2025,7,2025-07-01,0,0.0,0.0,0.0,0.0,0.0,1.0,1,0.0,0.2825,28.25,0,MODERATE
GRID_N40_E130,40,130,2025,10,2025-10-01,0,0.0,0.0,0.0,2.0,0.0,2.0,1,0.0,0.2824,28.24,0,MODERATE
GRID_N50_E060,50,60,2025,3,2025-03-01,0,0.0,0.0,1.0,1.0,0.0,2.0,2,0.0,0.2824,28.24,0,MODERATE
GRID_N20_W030,20,-30,2025,8,2025-08-01,0,0.0,0.0,0.0,0.0,0.0,1.0,1,0.0,0.2823,28.23,0,MODERATE
GRID_N20_E060,20,60,2025,1,2025-01-01,0,0.0,0.0,1.0,1.0,0.0,4.0,4,0.0,0.2822,28.22,0,MODERATE
GRID_S30_W170,-30,-170,2025,6,2025-06-01,0,0.0,0.0,0.0,0.0,0.0,1.0,1,0.0,0.2822,28.22,0,MODERATE
GRID_S80_W060,-80,-60,2025,4,2025-04-01,0,0.0,0.0,0.0,0.0,0.0,7.0,3,0.0,0.2821,28.21,0,MODERATE
GRID_S80_W040,-80,-40,2025,6,2025-06-01,0,0.0,0.0,0.0,0.0,0.0,1.0,1,0.0,0.282,28.2,0,MODERATE
GRID_N10_E060,10,60,2025,11,2025-11-01,0,0.0,0.0,0.0,0.0,0.1,5.0,4,0.0,0.2818,28.18,0,MODERATE
GRID_N50_E030,50,30,2025,5,2025-05-01,0,0.0,0.0,0.0,0.0,0.0,0.0,0,0.0,0.2818,28.18,0,MODERATE
GRID_N20_W040,20,-40,2025,8,2025-08-01,0,0.0,0.0,0.0,0.0,0.0,1.0,1,0.0,0.2816,28.16,0,MODERATE
GRID_S10_E040,-10,40,2025,8,2025-08-01,0,0.0,0.0,0.0,0.0,0.0,1.0,1,0.0,0.2816,28.16,0,MODERATE
GRID_N40_E050,40,50,2025,5,2025-05-01,0,0.0,0.0,0.0,0.0,0.0,0.0,0,0.0,0.2813,28.13,0,MODERATE
GRID_N00_W050,0,-50,2025,2,2025-02-01,0,0.0,0.0,0.0,1.0,0.0,3.0,3,0.0,0.2812,28.12,0,MODERATE
GRID_N00_W130,0,-130,2025,5,2025-05-01,0,0.0,0.0,0.0,0.0,0.0,1.0,1,0.0,0.2812,28.12,0,MODERATE
GRID_N50_E060,50,60,2025,11,2025-11-01,0,0.0,0.0,0.0,1.0,0.0,3.0,3,0.0,0.2812,28.12,0,MODERATE
GRID_S30_E160,-30,160,2025,9,2025-09-01,0,0.0,0.0,0.0,1.0,0.0,1.0,1,0.0,0.2812,28.12,0,MODERATE
GRID_S40_E130,-40,130,2025,1,2025-01-01,0,0.0,0.0,0.0,0.0,0.1,5.0,4,0.0,0.2812,28.12,0,MODERATE
GRID_S10_E170,-10,170,2025,4,2025-04-01,0,0.0,0.0,0.0,0.0,0.0,1.0,1,0.0,0.2811,28.11,0,MODERATE
GRID_S80_W070,-80,-70,2025,3,2025-03-01,0,0.0,0.0,0.0,0.0,0.2,5.0,3,0.0,0.2811,28.11,0,MODERATE
GRID_N10_W170,10,-170,2025,4,2025-04-01,0,0.0,0.0,0.0,0.0,0.0,2.0,2,0.0,0.281,28.1,0,MODERATE
GRID_N20_E160,20,160,2025,2,2025-02-01,0,0.0,0.0,0.0,0.0,0.0,3.0,3,0.0,0.2809,28.09,0,MODERATE
GRID_N30_W020,30,-20,2025,9,2025-09-01,0,0.0,0.0,0.0,0.0,0.0,2.0,2,0.0,0.2809,28.09,0,MODERATE
GRID_N40_W040,40,-40,2025,7,2025-07-01,0,0.0,0.0,0.0,0.0,0.0,0.0,0,0.0,0.2809,28.09,0,MODERATE
GRID_S70_E050,-70,50,2025,5,2025-05-01,0,0.0,0.0,0.0,0.0,0.0,1.0,1,0.0,0.2808,28.08,0,MODERATE
GRID_S80_W010,-80,-10,2025,7,2025-07-01,0,0.0,0.0,0.0,0.0,0.0,1.0,1,0.0,0.2806,28.06,0,MODERATE
GRID_S40_W060,-40,-60,2025,10,2025-10-01,0,0.0,0.0,1.0,1.0,0.0,4.0,4,0.0,0.2803,28.03,0,MODERATE
GRID_S80_W180,-80,-180,2025,11,2025-11-01,0,0.0,1.0,1.0,1.0,0.0,1.0,1,0.5,0.2803,28.03,0,MODERATE
GRID_N00_E050,0,50,2025,9,2025-09-01,0,0.0,0.0,0.0,0.0,0.0,2.0,2,0.0,0.2802,28.02,0,MODERATE
GRID_S80_W110,-80,-110,2025,1,2025-01-01,0,0.0,0.0,0.0,0.0,0.0,10.0,6,0.0,0.2802,28.02,0,MODERATE
GRID_N30_E060,30,60,2025,5,2025-05-01,0,0.0,0.0,0.0,0.0,0.0,0.0,0,0.0,0.2801,28.01,0,MODERATE
GRID_N60_W020,60,-20,2025,5,2025-05-01,0,0.0,0.0,0.0,0.0,0.0,0.0,0,0.0,0.28,28.0,0,MODERATE
GRID_N30_E100,30,100,2025,3,2025-03-01,0,0.0,0.0,0.0,0.0,0.0,2.0,2,0.0,0.2799,27.99,0,MODERATE
GRID_N30_W030,30,-30,2025,7,2025-07-01,0,0.0,0.0,0.0,0.0,0.0,0.0,0,0.0,0.2797,27.97,0,MODERATE
GRID_N30_W040,30,-40,2025,11,2025-11-01,0,0.0,0.0,0.0,1.0,0.1,3.0,3,0.0,0.2797,27.97,0,MODERATE
GRID_N10_E170,10,170,2025,2,2025-02-01,0,0.0,0.0,0.0,0.0,0.0,3.0,3,0.0,0.2796,27.96,0,MODERATE
GRID_S70_W050,-70,-50,2025,7,2025-07-01,0,0.0,0.0,0.0,0.0,0.0,1.0,1,0.0,0.2796,27.96,0,MODERATE
GRID_N50_W150,50,-150,2025,8,2025-08-01,0,0.0,0.0,0.0,0.0,0.0,1.0,1,0.0,0.2794,27.94,0,MODERATE
GRID_S70_W070,-70,-70,2025,3,2025-03-01,0,0.0,0.0,0.0,0.0,0.0,8.0,4,0.0,0.2794,27.94,0,MODERATE
GRID_N40_E110,40,110,2025,11,2025-11-01,0,0.0,0.0,1.0,2.0,0.0,5.0,3,0.0,0.2792,27.92,0,MODERATE
GRID_N60_E010,60,10,2025,3,2025-03-01,0,0.0,0.0,0.0,0.0,0.0,2.0,2,0.0,0.2792,27.92,0,MODERATE
GRID_S30_E060,-30,60,2025,8,2025-08-01,0,0.0,0.0,0.0,0.0,0.0,1.0,1,0.0,0.2792,27.92,0,MODERATE
GRID_S50_E140,-50,140,2025,8,2025-08-01,0,0.0,0.0,4.0,4.0,0.0,4.0,1,0.0,0.2792,27.92,0,MODERATE
GRID_N30_E140,30,140,2025,3,2025-03-01,0,0.0,0.0,1.0,1.0,0.0,4.0,2,0.0,0.2791,27.91,0,MODERATE
GRID_S10_E130,-10,130,2025,10,2025-10-01,0,0.0,0.0,1.0,1.0,0.0,3.0,3,0.0,0.2791,27.91,0,MODERATE
GRID_S10_W100,-10,-100,2025,10,2025-10-01,0,0.0,0.0,0.0,0.0,0.0,5.0,4,0.0,0.2791,27.91,0,MODERATE
GRID_S30_W080,-30,-80,2025,5,2025-05-01,0,0.0,0.0,0.0,0.0,0.0,1.0,1,0.0,0.279,27.9,0,MODERATE
GRID_N00_W100,0,-100,2025,2,2025-02-01,0,0.0,0.0,0.0,0.0,0.0,4.0,4,0.0,0.2788,27.88,0,MODERATE
GRID_N20_E070,20,70,2025,4,2025-04-01,0,0.0,0.0,3.0,3.0,0.0,3.0,1,0.0,0.2788,27.88,0,MODERATE
GRID_N60_W050,60,-50,2025,4,2025-04-01,0,0.0,0.0,0.0,0.0,0.0,1.0,1,0.0,0.2786,27.86,0,MODERATE
GRID_S30_W170,-30,-170,2025,7,2025-07-01,0,0.0,0.0,0.0,0.0,0.0,1.0,1,0.0,0.2786,27.86,0,MODERATE
GRID_N60_E000,60,0,2025,3,2025-03-01,0,0.0,0.0,0.0,0.0,0.0,2.0,2,0.0,0.2784,27.84,0,MODERATE
GRID_S80_W040,-80,-40,2025,7,2025-07-01,0,0.0,0.0,0.0,0.0,0.0,1.0,1,0.0,0.2784,27.84,0,MODERATE
GRID_S10_E050,-10,50,2025,9,2025-09-01,0,0.0,0.0,0.0,0.0,0.0,2.0,2,0.0,0.2783,27.83,0,MODERATE
GRID_S70_E030,-70,30,2025,10,2025-10-01,0,0.0,0.0,0.0,1.0,0.0,3.0,3,0.0,0.2783,27.83,0,MODERATE
GRID_S70_E150,-70,150,2025,8,2025-08-01,0,0.0,0.0,0.0,0.0,0.0,1.0,1,0.0,0.278,27.8,0,MODERATE
GRID_N30_E110,30,110,2025,2,2025-02-01,0,0.0,0.0,0.0,1.0,0.0,2.0,2,0.0,0.2779,27.79,0,MODERATE
GRID_N60_W060,60,-60,2025,4,2025-04-01,0,0.0,0.0,0.0,0.0,0.0,1.0,1,0.0,0.2779,27.79,0,MODERATE
GRID_S70_E110,-70,110,2025,3,2025-03-01,0,0.0,0.0,0.0,0.0,0.2,3.0,2,0.0,0.2779,27.79,0,MODERATE
GRID_S70_E010,-70,10,2025,9,2025-09-01,0,0.0,0.0,0.0,0.0,0.2,4.0,2,0.0,0.2778,27.78,0,MODERATE
GRID_N00_W120,0,-120,2025,3,2025-03-01,0,0.0,0.0,0.0,1.0,0.0,2.0,2,0.0,0.2776,27.76,0,MODERATE
GRID_N00_W180,0,-180,2025,5,2025-05-01,0,0.0,0.0,0.0,0.0,0.0,1.0,1,0.0,0.2775,27.75,0,MODERATE
GRID_N20_E050,20,50,2025,5,2025-05-01,0,0.0,0.0,0.0,0.0,0.0,0.0,0,0.0,0.2774,27.74,0,MODERATE
GRID_S50_W070,-50,-70,2025,5,2025-05-01,0,0.0,0.0,1.0,1.0,0.0,1.0,1,0.0,0.2773,27.73,0,MODERATE
GRID_S30_E170,-30,170,2025,4,2025-04-01,0,0.0,0.0,0.0,0.0,0.0,1.0,1,0.0,0.2772,27.72,0,MODERATE
GRID_S50_E140,-50,140,2025,11,2025-11-01,0,0.0,0.0,0.0,4.0,0.0,4.0,1,0.0,0.2771,27.71,0,MODERATE
GRID_S70_E000,-70,0,2025,5,2025-05-01,0,0.0,0.0,0.0,0.0,0.0,1.0,1,0.0,0.2771,27.71,0,MODERATE
GRID_S80_W120,-80,-120,2025,8,2025-08-01,0,0.0,0.0,0.0,0.0,0.0,2.0,2,0.0,0.2771,27.71,0,MODERATE
GRID_S70_E100,-70,100,2025,5,2025-05-01,0,0.0,0.0,0.0,0.0,0.0,4.0,1,0.0,0.2767,27.67,0,MODERATE
GRID_N10_W180,10,-180,2025,3,2025-03-01,0,0.0,0.0,0.0,0.0,0.0,3.0,3,0.0,0.2764,27.64,0,MODERATE
GRID_N20_E100,20,100,2025,2,2025-02-01,0,0.0,0.0,0.0,0.0,0.0,3.0,3,0.0,0.2764,27.64,0,MODERATE
GRID_N10_E050,10,50,2025,4,2025-04-01,0,0.0,0.0,0.0,0.0,0.0,1.0,1,0.0,0.2762,27.62,0,MODERATE
GRID_N10_E060,10,60,2025,1,2025-01-01,0,0.0,0.0,0.0,0.0,0.0,5.0,4,0.0,0.2762,27.62,0,MODERATE
GRID_N40_W030,40,-30,2025,4,2025-04-01,0,0.0,0.0,0.0,0.0,0.0,1.0,1,0.0,0.2762,27.62,0,MODERATE
GRID_S20_W160,-20,-160,2025,4,2025-04-01,0,0.0,0.0,0.0,0.0,0.0,2.0,2,0.0,0.2759,27.59,0,MODERATE
GRID_N30_E000,30,0,2025,1,2025-01-01,0,0.0,0.0,0.0,0.0,0.0,5.0,4,0.0,0.2756,27.56,0,MODERATE
GRID_N30_E040,30,40,2025,3,2025-03-01,0,0.0,0.0,0.0,0.0,0.0,2.0,2,0.0,0.2755,27.55,0,MODERATE
GRID_S30_E010,-30,10,2025,8,2025-08-01,0,0.0,0.0,0.0,0.0,0.0,1.0,1,0.0,0.2755,27.55,0,MODERATE
GRID_N60_E140,60,140,2025,9,2025-09-01,0,0.0,0.0,0.0,0.0,0.0,20.0,3,0.0,0.2754,27.54,0,MODERATE
GRID_S40_W060,-40,-60,2025,3,2025-03-01,0,0.0,0.0,0.0,0.0,0.0,3.0,3,0.0,0.2754,27.54,0,MODERATE
GRID_N00_E060,0,60,2025,4,2025-04-01,0,0.0,0.0,0.0,0.0,0.0,1.0,1,0.0,0.275,27.5,0,MODERATE
GRID_S10_E160,-10,160,2025,2,2025-02-01,0,0.0,0.0,0.0,0.0,0.0,3.0,3,0.0,0.275,27.5,0,MODERATE
GRID_S80_W080,-80,-80,2025,9,2025-09-01,0,0.0,0.0,0.0,1.0,0.0,2.0,2,0.0,0.2748,27.48,0,MODERATE
GRID_N00_W100,0,-100,2025,1,2025-01-01,0,0.0,0.0,0.0,0.0,0.1,4.0,4,0.0,0.2747,27.47,0,MODERATE
GRID_N40_W040,40,-40,2025,5,2025-05-01,0,0.0,0.0,0.0,0.0,0.0,0.0,0,0.0,0.2747,27.47,0,MODERATE
GRID_N50_W090,50,-90,2025,10,2025-10-01,0,0.0,0.0,1.0,1.0,0.0,3.0,3,0.0,0.2747,27.47,0,MODERATE
GRID_S80_W140,-80,-140,2025,6,2025-06-01,0,0.0,0.0,0.0,0.0,0.0,1.0,1,0.0,0.2746,27.46,0,MODERATE
GRID_N60_W170,60,-170,2025,11,2025-11-01,0,0.0,0.0,1.0,1.0,0.0,11.0,5,0.0,0.2744,27.44,0,MODERATE
GRID_S80_W010,-80,-10,2025,5,2025-05-01,0,0.0,0.0,0.0,0.0,0.0,1.0,1,0.0,0.2744,27.44,0,MODERATE
GRID_S80_W020,-80,-20,2025,4,2025-04-01,0,0.0,0.0,0.0,0.0,0.0,2.0,2,0.0,0.2744,27.44,0,MODERATE
GRID_S60_E070,-60,70,2025,8,2025-08-01,0,0.0,0.0,0.0,0.0,0.0,1.0,1,0.0,0.2741,27.41,0,MODERATE
GRID_N40_W060,40,-60,2025,4,2025-04-01,0,0.0,0.0,0.0,0.0,0.0,1.0,1,0.0,0.274,27.4,0,MODERATE
GRID_S40_E030,-40,30,2025,6,2025-06-01,0,0.0,0.0,0.0,0.0,0.0,0.0,0,0.0,0.274,27.4,0,MODERATE
GRID_S70_W060,-70,-60,2025,1,2025-01-01,0,0.0,0.0,0.0,1.0,0.0,4.0,4,0.0,0.274,27.4,0,MODERATE
GRID_S80_W010,-80,-10,2025,8,2025-08-01,0,0.0,0.0,0.0,0.0,0.1,1.0,1,0.0,0.274,27.4,0,MODERATE
GRID_N30_E170,30,170,2025,9,2025-09-01,0,0.0,0.0,0.0,0.0,0.0,1.0,1,0.0,0.2739,27.39,0,MODERATE
GRID_N60_E160,60,160,2025,9,2025-09-01,0,0.0,0.0,0.0,0.0,0.0,3.0,1,0.0,0.2739,27.39,0,MODERATE
GRID_S60_W080,-60,-80,2025,4,2025-04-01,0,0.0,0.0,0.0,0.0,0.0,2.0,2,0.0,0.2739,27.39,0,MODERATE
GRID_S70_E130,-70,130,2025,8,2025-08-01,0,0.0,0.0,0.0,0.0,0.0,2.0,1,0.0,0.2739,27.39,0,MODERATE
GRID_N40_E140,40,140,2025,9,2025-09-01,0,0.0,0.0,0.0,0.0,0.0,1.0,1,0.0,0.2737,27.37,0,MODERATE
GRID_S60_W030,-60,-30,2025,3,2025-03-01,0,0.0,0.0,0.0,0.0,0.0,3.0,3,0.0,0.2737,27.37,0,MODERATE
GRID_N30_W030,30,-30,2025,5,2025-05-01,0,0.0,0.0,0.0,0.0,0.0,0.0,0,0.0,0.2735,27.35,0,MODERATE
GRID_S70_E010,-70,10,2025,4,2025-04-01,0,0.0,0.0,0.0,0.0,0.0,4.0,2,0.0,0.2734,27.34,0,MODERATE
GRID_S70_W050,-70,-50,2025,5,2025-05-01,0,0.0,0.0,0.0,0.0,0.0,1.0,1,0.0,0.2734,27.34,0,MODERATE
GRID_N70_E140,70,140,2025,1,2025-01-01,0,0.0,0.0,3.0,4.0,0.0,4.0,2,0.0,0.2733,27.33,0,MODERATE
GRID_S80_W160,-80,-160,2025,6,2025-06-01,0,0.0,0.0,0.0,0.0,0.0,1.0,1,0.0,0.2732,27.32,0,MODERATE
GRID_N50_W180,50,-180,2025,9,2025-09-01,0,0.0,0.0,0.0,0.0,0.0,2.0,2,0.0,0.2731,27.31,0,MODERATE
GRID_S60_W050,-60,-50,2025,9,2025-09-01,0,0.0,0.0,0.0,1.0,0.0,5.0,2,0.0,0.2731,27.31,0,MODERATE
GRID_N00_W090,0,-90,2025,6,2025-06-01,0,0.0,0.0,0.0,0.0,0.0,0.0,0,0.0,0.273,27.3,0,MODERATE
GRID_S70_W060,-70,-60,2025,10,2025-10-01,0,0.0,0.0,0.0,0.0,0.0,4.0,4,0.0,0.273,27.3,0,MODERATE
GRID_S20_E010,-20,10,2025,11,2025-11-01,2,0.0,23.0,37.0,37.0,0.0,221.0,7,0.6053,0.2727,27.27,0,MODERATE
GRID_N00_E100,0,100,2025,2,2025-02-01,0,0.0,0.0,0.0,0.0,0.0,3.0,3,0.0,0.2726,27.26,0,MODERATE
GRID_N00_W110,0,-110,2025,8,2025-08-01,0,0.0,0.0,0.0,0.0,0.0,1.0,1,0.0,0.2726,27.26,0,MODERATE
GRID_S50_E160,-50,160,2025,4,2025-04-01,0,0.0,0.0,0.0,0.0,0.0,1.0,1,0.0,0.2726,27.26,0,MODERATE
GRID_S30_W170,-30,-170,2025,5,2025-05-01,0,0.0,0.0,0.0,0.0,0.0,1.0,1,0.0,0.2724,27.24,0,MODERATE
GRID_N20_W030,20,-30,2025,4,2025-04-01,0,0.0,0.0,0.0,0.0,0.0,1.0,1,0.0,0.2723,27.23,0,MODERATE
GRID_S80_W040,-80,-40,2025,5,2025-05-01,0,0.0,0.0,0.0,0.0,0.0,1.0,1,0.0,0.2722,27.22,0,MODERATE
GRID_N20_E170,20,170,2025,9,2025-09-01,0,0.0,0.0,0.0,0.0,0.0,1.0,1,0.0,0.272,27.2,0,MODERATE
GRID_S70_E020,-70,20,2025,11,2025-11-01,0,0.0,0.0,0.0,0.0,0.0,7.0,5,0.0,0.2719,27.19,0,MODERATE
GRID_N20_W040,20,-40,2025,4,2025-04-01,0,0.0,0.0,0.0,0.0,0.0,1.0,1,0.0,0.2716,27.16,0,MODERATE
GRID_N20_W120,20,-120,2025,9,2025-09-01,0,0.0,0.0,0.0,0.0,0.0,2.0,2,0.0,0.2716,27.16,0,MODERATE
GRID_N30_W060,30,-60,2025,10,2025-10-01,0,0.0,0.0,0.0,0.0,0.0,3.0,3,0.0,0.2716,27.16,0,MODERATE
GRID_S80_W070,-80,-70,2025,9,2025-09-01,0,0.0,0.0,0.0,0.0,0.0,5.0,3,0.0,0.2716,27.16,0,MODERATE
GRID_S80_W030,-80,-30,2025,11,2025-11-01,0,0.0,0.0,0.0,0.0,0.0,5.0,5,0.0,0.2714,27.14,0,MODERATE
GRID_N50_E020,50,20,2025,2,2025-02-01,0,0.0,0.0,0.0,0.0,0.0,5.0,3,0.0,0.2713,27.13,0,MODERATE
GRID_S70_E070,-70,70,2025,10,2025-10-01,0,0.0,0.0,0.0,0.0,0.1,3.0,3,0.0,0.2713,27.13,0,MODERATE
GRID_N20_W070,20,-70,2025,1,2025-01-01,0,0.0,0.0,0.0,0.0,0.0,4.0,4,0.0,0.2712,27.12,0,MODERATE
GRID_N00_W130,0,-130,2025,8,2025-08-01,0,0.0,0.0,0.0,0.0,0.0,1.0,1,0.0,0.2711,27.11,0,MODERATE
GRID_S80_W140,-80,-140,2025,7,2025-07-01,0,0.0,0.0,0.0,0.0,0.0,1.0,1,0.0,0.2711,27.11,0,MODERATE
GRID_S70_E050,-70,50,2025,8,2025-08-01,0,0.0,0.0,0.0,0.0,0.0,1.0,1,0.0,0.2707,27.07,0,MODERATE
GRID_S70_E100,-70,100,2025,3,2025-03-01,0,0.0,0.0,0.0,0.0,0.4,4.0,1,0.0,0.2705,27.05,0,MODERATE
GRID_N00_E050,0,50,2025,3,2025-03-01,0,0.0,0.0,0.0,0.0,0.0,2.0,2,0.0,0.2704,27.04,0,MODERATE
GRID_S40_E030,-40,30,2025,7,2025-07-01,0,0.0,0.0,0.0,0.0,0.0,0.0,0,0.0,0.2704,27.04,0,MODERATE
GRID_S70_E060,-70,60,2025,6,2025-06-01,0,0.0,0.0,0.0,0.0,0.0,0.0,0,0.0,0.2704,27.04,0,MODERATE
GRID_N50_W090,50,-90,2025,11,2025-11-01,0,0.0,0.0,0.0,1.0,0.0,3.0,3,0.0,0.2703,27.03,0,MODERATE
GRID_S40_E150,-40,150,2025,3,2025-03-01,0,0.0,0.0,0.0,0.0,0.0,2.0,2,0.0,0.27,27.0,0,MODERATE
GRID_N50_W090,50,-90,2025,3,2025-03-01,0,0.0,0.0,0.0,0.0,0.0,2.0,2,0.0,0.2699,26.99,0,MODERATE
GRID_N30_W020,30,-20,2025,2,2025-02-01,0,0.0,0.0,1.0,2.0,0.0,2.0,2,0.0,0.2698,26.98,0,MODERATE
GRID_S80_W130,-80,-130,2025,9,2025-09-01,0,0.0,0.0,0.0,0.0,0.0,4.0,3,0.0,0.2698,26.98,0,MODERATE
GRID_N60_E030,60,30,2025,9,2025-09-01,0,0.0,0.0,0.0,0.0,0.0,1.0,1,0.0,0.2696,26.96,0,MODERATE
GRID_S80_W160,-80,-160,2025,7,2025-07-01,0,0.0,0.0,0.0,0.0,0.0,1.0,1,0.0,0.2696,26.96,0,MODERATE
GRID_S20_W170,-20,-170,2025,10,2025-10-01,0,0.0,0.0,0.0,0.0,0.0,6.0,4,0.0,0.2695,26.95,0,MODERATE
GRID_N00_W090,0,-90,2025,7,2025-07-01,0,0.0,0.0,0.0,0.0,0.0,0.0,0,0.0,0.2694,26.94,0,MODERATE
GRID_N40_E080,40,80,2025,9,2025-09-01,0,0.0,0.0,0.0,0.0,0.0,1.0,1,0.0,0.2693,26.93,0,MODERATE
GRID_N00_W020,0,-20,2025,4,2025-04-01,0,0.0,0.0,0.0,0.0,0.0,1.0,1,0.0,0.2692,26.92,0,MODERATE
GRID_S30_E060,-30,60,2025,4,2025-04-01,0,0.0,0.0,0.0,0.0,0.0,1.0,1,0.0,0.2692,26.92,0,MODERATE
GRID_S30_W080,-30,-80,2025,8,2025-08-01,0,0.0,0.0,0.0,0.0,0.0,1.0,1,0.0,0.269,26.9,0,MODERATE
GRID_N00_E100,0,100,2025,1,2025-01-01,0,0.0,0.0,0.0,0.0,0.1,3.0,3,0.0,0.2686,26.86,0,MODERATE
GRID_N50_E040,50,40,2025,9,2025-09-01,0,0.0,0.0,0.0,0.0,0.0,1.0,1,0.0,0.2684,26.84,0,MODERATE
GRID_S70_E110,-70,110,2025,9,2025-09-01,0,0.0,0.0,0.0,0.0,0.0,3.0,2,0.0,0.2684,26.84,0,MODERATE
GRID_N00_E170,0,170,2025,9,2025-09-01,0,0.0,0.0,0.0,0.0,0.0,1.0,1,0.0,0.2682,26.82,0,MODERATE
GRID_N30_W060,30,-60,2025,2,2025-02-01,0,0.0,0.0,1.0,1.0,0.0,3.0,3,0.0,0.2682,26.82,0,MODERATE
GRID_N60_W140,60,-140,2025,3,2025-03-01,0,0.0,0.0,0.0,0.0,0.0,2.0,2,0.0,0.2682,26.82,0,MODERATE
GRID_N70_E140,70,140,2025,10,2025-10-01,0,0.0,0.0,0.0,0.0,0.0,4.0,2,0.0,0.268,26.8,0,MODERATE
GRID_S70_E150,-70,150,2025,4,2025-04-01,0,0.0,0.0,0.0,0.0,0.0,1.0,1,0.0,0.268,26.8,0,MODERATE
GRID_S80_W050,-80,-50,2025,10,2025-10-01,0,0.0,0.0,0.0,1.0,0.0,4.0,3,0.0,0.268,26.8,0,MODERATE
GRID_N00_W050,0,-50,2025,1,2025-01-01,0,0.0,0.0,0.0,1.0,0.0,3.0,3,0.0,0.2676,26.76,0,MODERATE
GRID_N00_W180,0,-180,2025,8,2025-08-01,0,0.0,0.0,0.0,0.0,0.0,1.0,1,0.0,0.2675,26.75,0,MODERATE
GRID_N50_E020,50,20,2025,1,2025-01-01,0,0.0,0.0,0.0,0.0,0.1,5.0,3,0.0,0.2673,26.73,0,MODERATE
GRID_N20_E160,20,160,2025,1,2025-01-01,0,0.0,0.0,0.0,0.0,0.0,3.0,3,0.0,0.2672,26.72,0,MODERATE
GRID_S80_W060,-80,-60,2025,9,2025-09-01,0,0.0,0.0,0.0,0.0,0.0,7.0,3,0.0,0.2672,26.72,0,MODERATE
GRID_S80_W120,-80,-120,2025,4,2025-04-01,0,0.0,0.0,0.0,0.0,0.0,2.0,2,0.0,0.2672,26.72,0,MODERATE
GRID_N20_W030,20,-30,2025,9,2025-09-01,0,0.0,0.0,0.0,0.0,0.1,1.0,1,0.0,0.2671,26.71,0,MODERATE
GRID_S70_E000,-70,0,2025,8,2025-08-01,0,0.0,0.0,0.0,0.0,0.0,1.0,1,0.0,0.2671,26.71,0,MODERATE
GRID_N20_W050,20,-50,2025,3,2025-03-01,0,0.0,0.0,0.0,0.0,0.0,2.0,2,0.0,0.267,26.7,0,MODERATE
GRID_S10_E160,-10,160,2025,11,2025-11-01,0,0.0,0.0,0.0,0.0,0.1,3.0,3,0.0,0.267,26.7,0,MODERATE
GRID_S20_W050,-20,-50,2025,11,2025-11-01,0,1.0,96.0,99.0,99.0,0.0,174.0,8,0.96,0.2669,26.69,0,MODERATE
GRID_S70_E060,-70,60,2025,7,2025-07-01,0,0.0,0.0,0.0,0.0,0.0,0.0,0,0.0,0.2669,26.69,0,MODERATE
GRID_S70_E100,-70,100,2025,8,2025-08-01,0,0.0,0.0,0.0,0.0,0.0,4.0,1,0.0,0.2667,26.67,0,MODERATE
GRID_S10_E040,-10,40,2025,3,2025-03-01,0,0.0,0.0,0.0,1.0,0.0,1.0,1,0.0,0.2666,26.66,0,MODERATE
GRID_N00_W050,0,-50,2025,10,2025-10-01,0,0.0,0.0,0.0,0.0,0.0,3.0,3,0.0,0.2665,26.65,0,MODERATE
GRID_S10_E170,-10,170,2025,9,2025-09-01,0,0.0,0.0,0.0,0.0,0.0,1.0,1,0.0,0.2663,26.63,0,MODERATE
GRID_S40_W090,-40,-90,2025,8,2025-08-01,0,0.0,0.0,0.0,0.0,0.0,1.0,1,0.0,0.2663,26.63,0,MODERATE
GRID_N10_W170,10,-170,2025,9,2025-09-01,0,0.0,0.0,0.0,0.0,0.0,2.0,2,0.0,0.2661,26.61,0,MODERATE
GRID_S30_E040,-30,40,2025,10,2025-10-01,0,0.0,0.0,0.0,1.0,0.0,2.0,2,0.0,0.2661,26.61,0,MODERATE
GRID_N10_E170,10,170,2025,1,2025-01-01,0,0.0,0.0,0.0,0.0,0.0,3.0,3,0.0,0.266,26.6,0,MODERATE
GRID_N60_W110,60,-110,2025,2,2025-02-01,0,0.0,0.0,4.0,5.0,0.0,5.0,2,0.0,0.2658,26.58,0,MODERATE
GRID_S10_E050,-10,50,2025,2,2025-02-01,0,0.0,0.0,0.0,1.0,0.0,2.0,2,0.0,0.2658,26.58,0,MODERATE
GRID_S10_W040,-10,-40,2025,4,2025-04-01,0,0.0,0.0,0.0,0.0,0.0,1.0,1,0.0,0.2658,26.58,0,MODERATE
GRID_N50_E090,50,90,2025,10,2025-10-01,0,0.0,0.0,0.0,0.0,0.0,2.0,2,0.0,0.2657,26.57,0,MODERATE
GRID_S30_E010,-30,10,2025,4,2025-04-01,0,0.0,0.0,0.0,0.0,0.0,1.0,1,0.0,0.2656,26.56,0,MODERATE
GRID_S30_W050,-30,-50,2025,2,2025-02-01,0,0.0,0.0,34.0,35.0,0.0,35.0,4,0.0,0.2654,26.54,0,MODERATE
GRID_S10_E060,-10,60,2025,2,2025-02-01,0,0.0,0.0,0.0,0.0,0.0,4.0,3,0.0,0.2652,26.52,0,MODERATE
GRID_S80_W140,-80,-140,2025,5,2025-05-01,0,0.0,0.0,0.0,0.0,0.0,1.0,1,0.0,0.265,26.5,0,MODERATE
GRID_N50_W070,50,-70,2025,2,2025-02-01,0,0.0,0.0,0.0,2.0,0.0,2.0,1,0.0,0.2649,26.49,0,MODERATE
GRID_N00_W030,0,-30,2025,3,2025-03-01,0,0.0,0.0,0.0,0.0,0.0,2.0,2,0.0,0.2647,26.47,0,MODERATE
GRID_N40_W040,40,-40,2025,8,2025-08-01,0,0.0,0.0,0.0,0.0,0.0,0.0,0,0.0,0.2647,26.47,0,MODERATE
GRID_S20_W070,-20,-70,2025,1,2025-01-01,0,0.0,8.0,156.0,160.0,0.0,162.0,8,0.0497,0.2645,26.45,0,MODERATE
GRID_S70_E090,-70,90,2025,9,2025-09-01,0,0.0,0.0,0.0,0.0,0.0,4.0,2,0.0,0.2645,26.45,0,MODERATE
GRID_N50_W150,50,-150,2025,3,2025-03-01,0,0.0,0.0,0.0,1.0,0.0,1.0,1,0.0,0.2644,26.44,0,MODERATE
GRID_S40_E030,-40,30,2025,5,2025-05-01,0,0.0,0.0,0.0,0.0,0.0,0.0,0,0.0,0.2644,26.44,0,MODERATE
GRID_N30_E110,30,110,2025,1,2025-01-01,0,0.0,0.0,0.0,1.0,0.0,2.0,2,0.0,0.2643,26.43,0,MODERATE
GRID_S60_E070,-60,70,2025,4,2025-04-01,0,0.0,0.0,0.0,0.0,0.0,1.0,1,0.0,0.2642,26.42,0,MODERATE
GRID_N40_E140,40,140,2025,3,2025-03-01,0,0.0,0.0,0.0,0.0,0.0,1.0,1,0.0,0.2641,26.41,0,MODERATE
GRID_S70_E130,-70,130,2025,4,2025-04-01,0,0.0,0.0,0.0,0.0,0.0,2.0,1,0.0,0.2641,26.41,0,MODERATE
GRID_N60_W050,60,-50,2025,9,2025-09-01,0,0.0,0.0,0.0,0.0,0.0,1.0,1,0.0,0.2638,26.38,0,MODERATE
GRID_S80_W160,-80,-160,2025,5,2025-05-01,0,0.0,0.0,0.0,0.0,0.0,1.0,1,0.0,0.2636,26.36,0,MODERATE
GRID_N30_W030,30,-30,2025,8,2025-08-01,0,0.0,0.0,0.0,0.0,0.0,0.0,0,0.0,0.2635,26.35,0,MODERATE
GRID_S70_W050,-70,-50,2025,8,2025-08-01,0,0.0,0.0,0.0,0.0,0.0,1.0,1,0.0,0.2635,26.35,0,MODERATE
GRID_N00_W090,0,-90,2025,5,2025-05-01,0,0.0,0.0,0.0,0.0,0.0,0.0,0,0.0,0.2634,26.34,0,MODERATE
GRID_N40_E070,40,70,2025,11,2025-11-01,0,0.0,0.0,2.0,2.0,0.0,3.0,3,0.0,0.2634,26.34,0,MODERATE
GRID_N50_W180,50,-180,2025,3,2025-03-01,0,0.0,0.0,0.0,0.0,0.0,2.0,2,0.0,0.2634,26.34,0,MODERATE
GRID_N60_W060,60,-60,2025,9,2025-09-01,0,0.0,0.0,0.0,0.0,0.0,1.0,1,0.0,0.2631,26.31,0,MODERATE
GRID_N30_E110,30,110,2025,11,2025-11-01,0,0.0,0.0,1.0,1.0,0.0,3.0,3,0.0,0.263,26.3,0,MODERATE
GRID_S60_W070,-60,-70,2025,6,2025-06-01,0,0.0,0.0,0.0,0.0,0.0,0.0,0,0.0,0.263,26.3,0,MODERATE
GRID_N20_E100,20,100,2025,1,2025-01-01,0,0.0,0.0,0.0,0.0,0.0,3.0,3,0.0,0.2629,26.29,0,MODERATE
GRID_N60_E110,60,110,2025,9,2025-09-01,0,0.0,0.0,0.0,0.0,0.0,15.0,2,0.0,0.2629,26.29,0,MODERATE
GRID_S40_W060,-40,-60,2025,2,2025-02-01,0,0.0,0.0,0.0,0.0,0.1,3.0,3,0.0,0.2629,26.29,0,MODERATE
GRID_N30_E150,30,150,2025,2,2025-02-01,0,0.0,0.0,1.0,1.0,0.0,2.0,2,0.0,0.2628,26.28,0,MODERATE
GRID_S70_W070,-70,-70,2025,1,2025-01-01,0,0.0,0.0,0.0,0.0,0.2,8.0,4,0.0,0.2628,26.28,0,MODERATE
GRID_N00_W110,0,-110,2025,4,2025-04-01,0,0.0,0.0,0.0,0.0,0.0,1.0,1,0.0,0.2627,26.27,0,MODERATE
GRID_N30_E100,30,100,2025,10,2025-10-01,0,0.0,0.0,0.0,0.0,0.0,2.0,2,0.0,0.2626,26.26,0,MODERATE
GRID_S30_E170,-30,170,2025,9,2025-09-01,0,0.0,0.0,0.0,0.0,0.0,1.0,1,0.0,0.2625,26.25,0,MODERATE
GRID_S30_W050,-30,-50,2025,1,2025-01-01,0,0.0,5.0,35.0,35.0,0.0,35.0,4,0.1389,0.2625,26.25,0,MODERATE
GRID_S30_W170,-30,-170,2025,8,2025-08-01,0,0.0,0.0,0.0,0.0,0.0,1.0,1,0.0,0.2625,26.25,0,MODERATE
GRID_N20_E170,20,170,2025,3,2025-03-01,0,0.0,0.0,0.0,0.0,0.0,1.0,1,0.0,0.2624,26.24,0,MODERATE
GRID_N50_E090,50,90,2025,2,2025-02-01,0,0.0,0.0,1.0,1.0,0.0,2.0,2,0.0,0.2623,26.23,0,MODERATE
GRID_S30_E170,-30,170,2025,3,2025-03-01,0,0.0,0.0,0.0,0.0,0.1,1.0,1,0.0,0.2623,26.23,0,MODERATE
GRID_S80_W040,-80,-40,2025,8,2025-08-01,0,0.0,0.0,0.0,0.0,0.0,1.0,1,0.0,0.2623,26.23,0,MODERATE
GRID_N20_E090,20,90,2025,1,2025-01-01,0,0.0,0.0,0.0,0.0,0.0,3.0,3,0.0,0.2622,26.22,0,MODERATE
GRID_N10_E170,10,170,2025,11,2025-11-01,0,0.0,0.0,0.0,0.0,0.0,3.0,3,0.0,0.2621,26.21,0,MODERATE
GRID_N20_W120,20,-120,2025,3,2025-03-01,0,0.0,0.0,0.0,0.0,0.0,2.0,2,0.0,0.2621,26.21,0,MODERATE
GRID_S70_W070,-70,-70,2025,10,2025-10-01,0,0.0,0.0,0.0,0.0,0.0,8.0,4,0.0,0.2621,26.21,0,MODERATE
GRID_N60_E100,60,100,2025,9,2025-09-01,0,0.0,0.0,0.0,0.0,0.0,6.0,1,0.0,0.262,26.2,0,MODERATE
GRID_N50_E030,50,30,2025,4,2025-04-01,0,0.0,0.0,0.0,0.0,0.0,0.0,0,0.0,0.2619,26.19,0,MODERATE
GRID_N60_E010,60,10,2025,10,2025-10-01,0,0.0,0.0,0.0,0.0,0.0,2.0,2,0.0,0.2619,26.19,0,MODERATE
GRID_N10_E050,10,50,2025,9,2025-09-01,0,0.0,0.0,0.0,0.0,0.0,1.0,1,0.0,0.2615,26.15,0,MODERATE
GRID_N40_W030,40,-30,2025,9,2025-09-01,0,0.0,0.0,0.0,0.0,0.0,1.0,1,0.0,0.2615,26.15,0,MODERATE
GRID_S10_E160,-10,160,2025,1,2025-01-01,0,0.0,0.0,0.0,0.0,0.0,3.0,3,0.0,0.2615,26.15,0,MODERATE
GRID_N40_E050,40,50,2025,4,2025-04-01,0,0.0,0.0,0.0,0.0,0.0,0.0,0,0.0,0.2614,26.14,0,MODERATE
GRID_N00_W130,0,-130,2025,4,2025-04-01,0,0.0,0.0,0.0,0.0,0.0,1.0,1,0.0,0.2613,26.13,0,MODERATE
GRID_N50_E070,50,70,2025,3,2025-03-01,0,0.0,0.0,2.0,2.0,0.0,2.0,1,0.0,0.2613,26.13,0,MODERATE
GRID_N00_W100,0,-100,2025,11,2025-11-01,0,0.0,0.0,0.0,0.0,0.0,4.0,4,0.0,0.2612,26.12,0,MODERATE
GRID_N60_E000,60,0,2025,10,2025-10-01,0,0.0,0.0,0.0,0.0,0.0,2.0,2,0.0,0.2612,26.12,0,MODERATE
GRID_S20_W160,-20,-160,2025,9,2025-09-01,0,0.0,0.0,0.0,0.0,0.0,2.0,2,0.0,0.2612,26.12,0,MODERATE
GRID_N30_E070,30,70,2025,4,2025-04-01,0,0.0,0.0,0.0,0.0,0.0,0.0,0,0.0,0.2609,26.09,0,MODERATE
GRID_S70_E050,-70,50,2025,4,2025-04-01,0,0.0,0.0,0.0,0.0,0.0,1.0,1,0.0,0.2609,26.09,0,MODERATE
GRID_S70_E060,-70,60,2025,5,2025-05-01,0,0.0,0.0,0.0,0.0,0.0,0.0,0,0.0,0.2609,26.09,0,MODERATE
GRID_N50_W010,50,-10,2025,1,2025-01-01,0,0.0,0.0,0.0,0.0,0.0,3.0,3,0.0,0.2608,26.08,0,MODERATE
GRID_S50_W070,-50,-70,2025,9,2025-09-01,0,0.0,0.0,0.0,1.0,0.0,1.0,1,0.0,0.2607,26.07,0,MODERATE
GRID_N40_E070,40,70,2025,3,2025-03-01,0,0.0,0.0,1.0,1.0,0.0,1.0,1,0.0,0.2605,26.05,0,MODERATE
GRID_N50_E100,50,100,2025,2,2025-02-01,0,0.0,0.0,0.0,1.0,0.0,1.0,1,0.0,0.2604,26.04,0,MODERATE
GRID_N00_E040,0,40,2025,9,2025-09-01,0,0.0,0.0,1.0,1.0,0.0,1.0,1,0.0,0.2603,26.03,0,MODERATE
GRID_N00_E060,0,60,2025,9,2025-09-01,0,0.0,0.0,0.0,0.0,0.0,1.0,1,0.0,0.2603,26.03,0,MODERATE
GRID_N30_E060,30,60,2025,4,2025-04-01,0,0.0,0.0,0.0,0.0,0.0,0.0,0,0.0,0.2602,26.02,0,MODERATE
GRID_N50_E060,50,60,2025,2,2025-02-01,0,0.0,0.0,1.0,1.0,0.0,2.0,2,0.0,0.2602,26.02,0,MODERATE
GRID_N60_W020,60,-20,2025,4,2025-04-01,0,0.0,0.0,0.0,0.0,0.0,0.0,0,0.0,0.2602,26.02,0,MODERATE
GRID_S70_W060,-70,-60,2025,11,2025-11-01,0,0.0,0.0,0.0,0.0,0.1,4.0,4,0.0,0.2602,26.02,0,MODERATE
GRID_N40_E130,40,130,2025,11,2025-11-01,0,0.0,0.0,0.0,2.0,0.0,2.0,1,0.0,0.26,26.0,0,MODERATE
GRID_N60_E030,60,30,2025,3,2025-03-01,0,0.0,0.0,0.0,0.0,0.0,1.0,1,0.0,0.26,26.0,0,MODERATE
GRID_N40_E080,40,80,2025,3,2025-03-01,0,0.0,0.0,0.0,0.0,0.0,1.0,1,0.0,0.2598,25.98,0,MODERATE
GRID_S80_W020,-80,-20,2025,9,2025-09-01,0,0.0,0.0,0.0,0.0,0.0,2.0,2,0.0,0.2598,25.98,0,MODERATE
GRID_S60_W070,-60,-70,2025,7,2025-07-01,0,0.0,0.0,0.0,0.0,0.0,0.0,0,0.0,0.2595,25.95,0,MODERATE
GRID_S60_W080,-60,-80,2025,9,2025-09-01,0,0.0,0.0,0.0,0.0,0.0,2.0,2,0.0,0.2593,25.93,0,MODERATE
GRID_N10_W180,10,-180,2025,10,2025-10-01,0,0.0,0.0,0.0,0.0,0.0,3.0,3,0.0,0.2592,25.92,0,MODERATE
GRID_S30_W080,-30,-80,2025,4,2025-04-01,0,0.0,0.0,0.0,0.0,0.0,1.0,1,0.0,0.2592,25.92,0,MODERATE
GRID_S60_W080,-60,-80,2025,3,2025-03-01,0,0.0,0.0,0.0,0.0,0.1,2.0,2,0.0,0.2592,25.92,0,MODERATE
GRID_N30_W060,30,-60,2025,11,2025-11-01,0,0.0,0.0,0.0,0.0,0.1,3.0,3,0.0,0.2589,25.89,0,MODERATE
GRID_N50_E040,50,40,2025,3,2025-03-01,0,0.0,0.0,0.0,0.0,0.0,1.0,1,0.0,0.2589,25.89,0,MODERATE
GRID_S70_E130,-70,130,2025,3,2025-03-01,0,0.0,0.0,0.0,0.0,0.2,2.0,1,0.0,0.2588,25.88,0,MODERATE
GRID_N00_E170,0,170,2025,3,2025-03-01,0,0.0,0.0,0.0,0.0,0.0,1.0,1,0.0,0.2587,25.87,0,MODERATE
GRID_S20_W050,-20,-50,2025,2,2025-02-01,0,0.0,0.0,72.0,75.0,0.0,75.0,4,0.0,0.2585,25.85,0,MODERATE
GRID_N50_W070,50,-70,2025,9,2025-09-01,0,0.0,0.0,0.0,0.0,0.0,2.0,1,0.0,0.258,25.8,0,MODERATE
GRID_S10_E010,-10,10,2025,1,2025-01-01,0,0.0,0.0,156.0,165.0,0.0,165.0,4,0.0,0.258,25.8,0,MODERATE
GRID_S40_W060,-40,-60,2025,11,2025-11-01,0,0.0,0.0,1.0,1.0,0.0,4.0,4,0.0,0.258,25.8,0,MODERATE
GRID_S50_E160,-50,160,2025,9,2025-09-01,0,0.0,0.0,0.0,0.0,0.0,1.0,1,0.0,0.258,25.8,0,MODERATE
GRID_N30_E100,30,100,2025,2,2025-02-01,0,0.0,0.0,0.0,0.0,0.0,2.0,2,0.0,0.2579,25.79,0,MODERATE
GRID_S70_E040,-70,40,2025,1,2025-01-01,0,0.0,0.0,0.0,0.0,0.2,4.0,3,0.0,0.2579,25.79,0,MODERATE
GRID_N00_W180,0,-180,2025,4,2025-04-01,0,0.0,0.0,0.0,0.0,0.0,1.0,1,0.0,0.2578,25.78,0,MODERATE
GRID_N20_E050,20,50,2025,4,2025-04-01,0,0.0,0.0,0.0,0.0,0.0,0.0,0,0.0,0.2577,25.77,0,MODERATE
GRID_S80_W060,-80,-60,2025,3,2025-03-01,0,0.0,0.0,0.0,0.0,0.0,7.0,3,0.0,0.2577,25.77,0,MODERATE
GRID_S60_W030,-60,-30,2025,1,2025-01-01,0,0.0,0.0,0.0,0.0,0.2,3.0,3,0.0,0.2574,25.74,0,MODERATE
GRID_S70_E000,-70,0,2025,4,2025-04-01,0,0.0,0.0,0.0,0.0,0.0,1.0,1,0.0,0.2574,25.74,0,MODERATE
GRID_S70_W070,-70,-70,2025,2,2025-02-01,0,0.0,0.0,0.0,0.0,0.0,8.0,4,0.0,0.2574,25.74,0,MODERATE
GRID_N50_W080,50,-80,2025,9,2025-09-01,0,0.0,0.0,0.0,0.0,0.0,2.0,1,0.0,0.2573,25.73,0,MODERATE
GRID_N60_E010,60,10,2025,2,2025-02-01,0,0.0,0.0,0.0,0.0,0.0,2.0,2,0.0,0.2572,25.72,0,MODERATE
GRID_S70_E040,-70,40,2025,10,2025-10-01,0,0.0,0.0,0.0,0.0,0.0,4.0,3,0.0,0.2572,25.72,0,MODERATE
GRID_N30_E140,30,140,2025,2,2025-02-01,0,0.0,0.0,1.0,1.0,0.0,4.0,2,0.0,0.2571,25.71,0,MODERATE
GRID_S70_E070,-70,70,2025,2,2025-02-01,0,0.0,0.0,0.0,0.0,0.0,3.0,3,0.0,0.2571,25.71,0,MODERATE
GRID_N20_W040,20,-40,2025,9,2025-09-01,0,0.0,0.0,0.0,0.0,0.0,1.0,1,0.0,0.257,25.7,0,MODERATE
GRID_S10_E040,-10,40,2025,9,2025-09-01,0,0.0,0.0,0.0,0.0,0.0,1.0,1,0.0,0.257,25.7,0,MODERATE
GRID_S70_E100,-70,100,2025,4,2025-04-01,0,0.0,0.0,0.0,0.0,0.0,4.0,1,0.0,0.257,25.7,0,MODERATE
GRID_S10_E130,-10,130,2025,11,2025-11-01,0,0.0,0.0,1.0,1.0,0.0,3.0,3,0.0,0.2569,25.69,0,MODERATE
GRID_S10_W100,-10,-100,2025,11,2025-11-01,0,0.0,0.0,0.0,0.0,0.0,5.0,4,0.0,0.2569,25.69,0,MODERATE
GRID_S10_E170,-10,170,2025,3,2025-03-01,0,0.0,0.0,0.0,0.0,0.0,1.0,1,0.0,0.2568,25.68,0,MODERATE
GRID_N10_W170,10,-170,2025,3,2025-03-01,0,0.0,0.0,0.0,0.0,0.0,2.0,2,0.0,0.2567,25.67,0,MODERATE
GRID_S60_W030,-60,-30,2025,10,2025-10-01,0,0.0,0.0,0.0,0.0,0.0,3.0,3,0.0,0.2567,25.67,0,MODERATE
GRID_S40_W090,-40,-90,2025,4,2025-04-01,0,0.0,0.0,0.0,0.0,0.0,1.0,1,0.0,0.2566,25.66,0,MODERATE
GRID_N30_W020,30,-20,2025,1,2025-01-01,0,0.0,0.0,1.0,2.0,0.0,2.0,2,0.0,0.2565,25.65,0,MODERATE
GRID_N60_E000,60,0,2025,2,2025-02-01,0,0.0,0.0,0.0,0.0,0.0,2.0,2,0.0,0.2565,25.65,0,MODERATE
GRID_S70_E030,-70,30,2025,11,2025-11-01,0,0.0,0.0,0.0,1.0,0.0,3.0,3,0.0,0.2561,25.61,0,MODERATE
GRID_N50_E000,50,0,2025,3,2025-03-01,0,0.0,0.0,0.0,0.0,0.0,1.0,1,0.0,0.256,25.6,0,MODERATE
GRID_N50_W180,50,-180,2025,10,2025-10-01,0,0.0,0.0,0.0,0.0,0.1,2.0,2,0.0,0.2559,25.59,0,MODERATE
GRID_N00_W120,0,-120,2025,2,2025-02-01,0,0.0,0.0,0.0,1.0,0.0,2.0,2,0.0,0.2557,25.57,0,MODERATE
GRID_S80_W140,-80,-140,2025,8,2025-08-01,0,0.0,0.0,0.0,0.0,0.0,1.0,1,0.0,0.2553,25.53,0,MODERATE
GRID_N40_W040,40,-40,2025,4,2025-04-01,0,0.0,0.0,0.0,0.0,0.0,0.0,0,0.0,0.2551,25.51,0,MODERATE
GRID_N30_W060,30,-60,2025,1,2025-01-01,0,0.0,0.0,1.0,1.0,0.0,3.0,3,0.0,0.2549,25.49,0,MODERATE
GRID_N50_W150,50,-150,2025,9,2025-09-01,0,0.0,0.0,0.0,0.0,0.0,1.0,1,0.0,0.2549,25.49,0,MODERATE
GRID_S80_W010,-80,-10,2025,4,2025-04-01,0,0.0,0.0,0.0,0.0,0.0,1.0,1,0.0,0.2548,25.48,0,MODERATE
GRID_N00_W020,0,-20,2025,9,2025-09-01,0,0.0,0.0,0.0,0.0,0.0,1.0,1,0.0,0.2547,25.47,0,MODERATE
GRID_S30_E060,-30,60,2025,9,2025-09-01,0,0.0,0.0,0.0,0.0,0.0,1.0,1,0.0,0.2547,25.47,0,MODERATE
GRID_S40_E030,-40,30,2025,8,2025-08-01,0,0.0,0.0,0.0,0.0,0.0,0.0,0,0.0,0.2547,25.47,0,MODERATE
GRID_N20_E070,20,70,2025,3,2025-03-01,0,0.0,0.0,3.0,3.0,0.0,3.0,1,0.0,0.2546,25.46,0,MODERATE
GRID_N10_W180,10,-180,2025,2,2025-02-01,0,0.0,0.0,0.0,0.0,0.0,3.0,3,0.0,0.2545,25.45,0,MODERATE
GRID_N60_W050,60,-50,2025,3,2025-03-01,0,0.0,0.0,0.0,0.0,0.0,1.0,1,0.0,0.2544,25.44,0,MODERATE
GRID_S30_E160,-30,160,2025,10,2025-10-01,0,0.0,0.0,0.0,1.0,0.0,1.0,1,0.0,0.2544,25.44,0,MODERATE
GRID_N30_W020,30,-20,2025,10,2025-10-01,0,0.0,0.0,0.0,0.0,0.0,2.0,2,0.0,0.2542,25.42,0,MODERATE
GRID_N30_W030,30,-30,2025,4,2025-04-01,0,0.0,0.0,0.0,0.0,0.0,0.0,0,0.0,0.2539,25.39,0,MODERATE
GRID_S70_W050,-70,-50,2025,4,2025-04-01,0,0.0,0.0,0.0,0.0,0.0,1.0,1,0.0,0.2539,25.39,0,MODERATE
GRID_S80_W160,-80,-160,2025,8,2025-08-01,0,0.0,0.0,0.0,0.0,0.0,1.0,1,0.0,0.2539,25.39,0,MODERATE
GRID_N00_W090,0,-90,2025,8,2025-08-01,0,0.0,0.0,0.0,0.0,0.0,0.0,0,0.0,0.2537,25.37,0,MODERATE
GRID_N30_E040,30,40,2025,2,2025-02-01,0,0.0,0.0,0.0,0.0,0.0,2.0,2,0.0,0.2537,25.37,0,MODERATE
GRID_N60_W060,60,-60,2025,3,2025-03-01,0,0.0,0.0,0.0,0.0,0.0,1.0,1,0.0,0.2537,25.37,0,MODERATE
GRID_S60_W070,-60,-70,2025,5,2025-05-01,0,0.0,0.0,0.0,0.0,0.0,0.0,0,0.0,0.2536,25.36,0,MODERATE
GRID_S70_E150,-70,150,2025,9,2025-09-01,0,0.0,0.0,0.0,0.0,0.0,1.0,1,0.0,0.2536,25.36,0,MODERATE
GRID_N00_E050,0,50,2025,10,2025-10-01,0,0.0,0.0,0.0,0.0,0.0,2.0,2,0.0,0.2535,25.35,0,MODERATE
GRID_S70_E150,-70,150,2025,3,2025-03-01,0,0.0,0.0,0.0,0.0,0.1,1.0,1,0.0,0.2535,25.35,0,MODERATE
GRID_N00_E040,0,40,2025,4,2025-04-01,0,0.0,0.0,0.0,0.0,0.0,0.0,0,0.0,0.2533,25.33,0,MODERATE
GRID_N60_W160,60,-160,2025,11,2025-11-01,0,0.0,0.0,31.0,31.0,0.0,82.0,10,0.0,0.253,25.3,0,MODERATE
GRID_S30_W170,-30,-170,2025,4,2025-04-01,0,0.0,0.0,0.0,0.0,0.0,1.0,1,0.0,0.2529,25.29,0,MODERATE
GRID_S80_W120,-80,-120,2025,9,2025-09-01,0,0.0,0.0,0.0,0.0,0.0,2.0,2,0.0,0.2528,25.28,0,MODERATE
GRID_S80_W040,-80,-40,2025,4,2025-04-01,0,0.0,0.0,0.0,0.0,0.0,1.0,1,0.0,0.2527,25.27,0,MODERATE
GRID_S10_E050,-10,50,2025,1,2025-01-01,0,0.0,0.0,0.0,1.0,0.0,2.0,2,0.0,0.2526,25.26,0,MODERATE
GRID_S10_E130,-10,130,2025,2,2025-02-01,0,0.0,0.0,0.0,0.0,0.0,2.0,2,0.0,0.2526,25.26,0,MODERATE
GRID_S70_E040,-70,40,2025,2,2025-02-01,0,0.0,0.0,0.0,0.0,0.0,4.0,3,0.0,0.2526,25.26,0,MODERATE
GRID_S50_E170,-50,170,2025,1,2025-01-01,0,0.0,0.0,0.0,0.0,0.0,4.0,3,0.0,0.2523,25.23,0,MODERATE
GRID_S80_W170,-80,-170,2025,6,2025-06-01,0,0.0,0.0,0.0,0.0,0.0,0.0,0,0.0,0.2522,25.22,0,MODERATE
GRID_N10_E050,10,50,2025,3,2025-03-01,0,0.0,0.0,0.0,0.0,0.0,1.0,1,0.0,0.2521,25.21,0,MODERATE
GRID_N40_W030,40,-30,2025,3,2025-03-01,0,0.0,0.0,0.0,0.0,0.0,1.0,1,0.0,0.2521,25.21,0,MODERATE
GRID_S10_E060,-10,60,2025,1,2025-01-01,0,0.0,0.0,0.0,0.0,0.0,4.0,3,0.0,0.2521,25.21,0,MODERATE
GRID_S60_W030,-60,-30,2025,2,2025-02-01,0,0.0,0.0,0.0,0.0,0.0,3.0,3,0.0,0.252,25.2,0,MODERATE
GRID_N50_W070,50,-70,2025,1,2025-01-01,0,0.0,0.0,0.0,2.0,0.0,2.0,1,0.0,0.2518,25.18,0,MODERATE
GRID_S20_W160,-20,-160,2025,3,2025-03-01,0,0.0,0.0,0.0,0.0,0.0,2.0,2,0.0,0.2518,25.18,0,MODERATE
GRID_S10_E050,-10,50,2025,10,2025-10-01,0,0.0,0.0,0.0,0.0,0.0,2.0,2,0.0,0.2516,25.16,0,MODERATE
GRID_N60_W120,60,-120,2025,1,2025-01-01,0,0.0,0.0,25.0,26.0,0.0,26.0,3,0.0,0.2515,25.15,0,MODERATE
GRID_S80_W180,-80,-180,2025,6,2025-06-01,0,0.0,0.0,0.0,0.0,0.0,0.0,0,0.0,0.2515,25.15,0,MODERATE
GRID_S30_E010,-30,10,2025,9,2025-09-01,0,0.0,0.0,0.0,0.0,0.0,1.0,1,0.0,0.2513,25.13,0,MODERATE
GRID_S70_E060,-70,60,2025,8,2025-08-01,0,0.0,0.0,0.0,0.0,0.0,0.0,0,0.0,0.2512,25.12,0,MODERATE
GRID_N00_E060,0,60,2025,3,2025-03-01,0,0.0,0.0,0.0,0.0,0.0,1.0,1,0.0,0.251,25.1,0,MODERATE
GRID_S20_W040,-20,-40,2025,9,2025-09-01,0,0.0,0.0,1.0,1.0,0.0,1.0,1,0.0,0.251,25.1,0,MODERATE
GRID_S80_W130,-80,-130,2025,2,2025-02-01,0,0.0,0.0,2.0,2.0,0.1,4.0,3,0.0,0.2508,25.08,0,MODERATE
GRID_S80_W020,-80,-20,2025,3,2025-03-01,0,0.0,0.0,0.0,0.0,0.0,2.0,2,0.0,0.2505,25.05,0,MODERATE
GRID_N20_W050,20,-50,2025,10,2025-10-01,0,0.0,0.0,0.0,0.0,0.0,2.0,2,0.0,0.2502,25.02,0,MODERATE
GRID_N40_W060,40,-60,2025,3,2025-03-01,0,0.0,0.0,0.0,0.0,0.0,1.0,1,0.0,0.25,25.0,0,MODERATE
GRID_S60_E070,-60,70,2025,9,2025-09-01,0,0.0,0.0,0.0,0.0,0.0,1.0,1,0.0,0.2499,24.99,0,MODERATE
GRID_S70_E130,-70,130,2025,9,2025-09-01,0,0.0,0.0,0.0,0.0,0.0,2.0,1,0.0,0.2498,24.98,0,MODERATE
GRID_S70_E010,-70,10,2025,3,2025-03-01,0,0.0,0.0,0.0,0.0,0.0,4.0,2,0.0,0.2495,24.95,0,MODERATE
GRID_N50_E090,50,90,2025,1,2025-01-01,0,0.0,0.0,1.0,1.0,0.0,2.0,2,0.0,0.2493,24.93,0,MODERATE
GRID_N10_W170,10,-170,2025,10,2025-10-01,0,0.0,0.0,0.0,0.0,0.1,2.0,2,0.0,0.2492,24.92,0,MODERATE
GRID_N60_E140,60,140,2025,10,2025-10-01,0,0.0,0.0,0.0,0.0,0.0,20.0,3,0.0,0.249,24.9,0,MODERATE
GRID_N00_E050,0,50,2025,2,2025-02-01,0,0.0,0.0,0.0,0.0,0.0,2.0,2,0.0,0.2489,24.89,0,MODERATE
GRID_S50_E160,-50,160,2025,3,2025-03-01,0,0.0,0.0,0.0,0.0,0.0,1.0,1,0.0,0.2487,24.87,0,MODERATE
GRID_N00_W110,0,-110,2025,9,2025-09-01,0,0.0,0.0,0.0,0.0,0.0,1.0,1,0.0,0.2485,24.85,0,MODERATE
GRID_N20_W030,20,-30,2025,3,2025-03-01,0,0.0,0.0,0.0,0.0,0.0,1.0,1,0.0,0.2485,24.85,0,MODERATE
GRID_S40_E150,-40,150,2025,2,2025-02-01,0,0.0,0.0,0.0,0.0,0.0,2.0,2,0.0,0.2485,24.85,0,MODERATE
GRID_N50_W090,50,-90,2025,2,2025-02-01,0,0.0,0.0,0.0,0.0,0.0,2.0,2,0.0,0.2484,24.84,0,MODERATE
GRID_S80_W080,-80,-80,2025,10,2025-10-01,0,0.0,0.0,0.0,1.0,0.0,2.0,2,0.0,0.2484,24.84,0,MODERATE
GRID_S80_W180,-80,-180,2025,7,2025-07-01,0,0.0,0.0,0.0,0.0,0.0,0.0,0,0.0,0.2482,24.82,0,MODERATE
GRID_N00_W030,0,-30,2025,10,2025-10-01,0,0.0,0.0,0.0,0.0,0.0,2.0,2,0.0,0.248,24.8,0,MODERATE
GRID_N20_W040,20,-40,2025,3,2025-03-01,0,0.0,0.0,0.0,0.0,0.0,1.0,1,0.0,0.2478,24.78,0,MODERATE
GRID_S20_W170,-20,-170,2025,11,2025-11-01,0,0.0,0.0,0.0,0.0,0.0,6.0,4,0.0,0.2478,24.78,0,MODERATE
GRID_N30_E170,30,170,2025,10,2025-10-01,0,0.0,0.0,0.0,0.0,0.0,1.0,1,0.0,0.2476,24.76,0,MODERATE
GRID_N60_E160,60,160,2025,10,2025-10-01,0,0.0,0.0,0.0,0.0,0.0,3.0,1,0.0,0.2476,24.76,0,MODERATE
GRID_N40_E140,40,140,2025,10,2025-10-01,0,0.0,0.0,0.0,0.0,0.0,1.0,1,0.0,0.2474,24.74,0,MODERATE
GRID_N00_W130,0,-130,2025,9,2025-09-01,0,0.0,0.0,0.0,0.0,0.0,1.0,1,0.0,0.2471,24.71,0,MODERATE
GRID_N60_W140,60,-140,2025,2,2025-02-01,0,0.0,0.0,0.0,0.0,0.0,2.0,2,0.0,0.2468,24.68,0,MODERATE
GRID_S60_W050,-60,-50,2025,10,2025-10-01,0,0.0,0.0,0.0,1.0,0.0,5.0,2,0.0,0.2468,24.68,0,MODERATE
GRID_S70_E050,-70,50,2025,9,2025-09-01,0,0.0,0.0,0.0,0.0,0.0,1.0,1,0.0,0.2467,24.67,0,MODERATE
GRID_N60_E120,60,120,2025,9,2025-09-01,0,0.0,0.0,0.0,0.0,0.0,31.0,3,0.0,0.2466,24.66,0,MODERATE
GRID_S70_E050,-70,50,2025,3,2025-03-01,0,0.0,0.0,0.0,0.0,0.1,1.0,1,0.0,0.2466,24.66,0,MODERATE
GRID_N70_E140,70,140,2025,11,2025-11-01,0,0.0,0.0,0.0,0.0,0.0,4.0,2,0.0,0.2463,24.63,0,MODERATE
GRID_S80_W050,-80,-50,2025,11,2025-11-01,0,0.0,0.0,0.0,1.0,0.0,4.0,3,0.0,0.2463,24.63,0,MODERATE
GRID_S80_W140,-80,-140,2025,4,2025-04-01,0,0.0,0.0,0.0,0.0,0.0,1.0,1,0.0,0.2459,24.59,0,MODERATE
GRID_N20_E170,20,170,2025,10,2025-10-01,0,0.0,0.0,0.0,0.0,0.0,1.0,1,0.0,0.2458,24.58,0,MODERATE
GRID_N20_W050,20,-50,2025,2,2025-02-01,0,0.0,0.0,0.0,0.0,0.0,2.0,2,0.0,0.2457,24.57,0,MODERATE
GRID_S80_W060,-80,-60,2025,2,2025-02-01,0,0.0,0.0,0.0,0.0,0.1,7.0,3,0.0,0.2457,24.57,0,MODERATE
GRID_N00_W020,0,-20,2025,3,2025-03-01,0,0.0,0.0,0.0,0.0,0.0,1.0,1,0.0,0.2455,24.55,0,MODERATE
GRID_N20_W120,20,-120,2025,10,2025-10-01,0,0.0,0.0,0.0,0.0,0.0,2.0,2,0.0,0.2455,24.55,0,MODERATE
GRID_S30_E060,-30,60,2025,3,2025-03-01,0,0.0,0.0,0.0,0.0,0.0,1.0,1,0.0,0.2455,24.55,0,MODERATE
GRID_S80_W070,-80,-70,2025,10,2025-10-01,0,0.0,0.0,0.0,0.0,0.0,5.0,3,0.0,0.2454,24.54,0,MODERATE
GRID_S40_E030,-40,30,2025,4,2025-04-01,0,0.0,0.0,0.0,0.0,0.0,0.0,0,0.0,0.2453,24.53,0,MODERATE
GRID_S10_E040,-10,40,2025,2,2025-02-01,0,0.0,0.0,0.0,1.0,0.0,1.0,1,0.0,0.2452,24.52,0,MODERATE
GRID_S30_W080,-30,-80,2025,9,2025-09-01,0,0.0,0.0,0.0,0.0,0.0,1.0,1,0.0,0.2451,24.51,0,MODERATE
GRID_N30_E100,30,100,2025,1,2025-01-01,0,0.0,0.0,0.0,0.0,0.0,2.0,2,0.0,0.245,24.5,0,MODERATE
GRID_N00_W050,0,-50,2025,11,2025-11-01,0,0.0,0.0,0.0,0.0,0.0,3.0,3,0.0,0.2449,24.49,0,MODERATE
GRID_N30_E150,30,150,2025,11,2025-11-01,0,0.0,0.0,0.0,0.0,0.0,2.0,2,0.0,0.2446,24.46,0,MODERATE
GRID_S30_E040,-30,40,2025,11,2025-11-01,0,0.0,0.0,0.0,1.0,0.0,2.0,2,0.0,0.2445,24.45,0,MODERATE
GRID_S80_W160,-80,-160,2025,4,2025-04-01,0,0.0,0.0,0.0,0.0,0.0,1.0,1,0.0,0.2445,24.45,0,MODERATE
GRID_N30_E170,30,170,2025,2,2025-02-01,0,0.0,0.0,1.0,1.0,0.0,1.0,1,0.0,0.2444,24.44,0,MODERATE
GRID_N00_W090,0,-90,2025,4,2025-04-01,0,0.0,0.0,0.0,0.0,0.0,0.0,0,0.0,0.2443,24.43,0,MODERATE
GRID_N60_E010,60,10,2025,1,2025-01-01,0,0.0,0.0,0.0,0.0,0.0,2.0,2,0.0,0.2443,24.43,0,MODERATE
GRID_S70_E070,-70,70,2025,1,2025-01-01,0,0.0,0.0,0.0,0.0,0.0,3.0,3,0.0,0.2443,24.43,0,MODERATE
GRID_N30_E140,30,140,2025,1,2025-01-01,0,0.0,0.0,1.0,1.0,0.0,4.0,2,0.0,0.2442,24.42,0,MODERATE
GRID_S60_W070,-60,-70,2025,8,2025-08-01,0,0.0,0.0,0.0,0.0,0.0,0.0,0,0.0,0.2442,24.42,0,MODERATE
GRID_N50_E090,50,90,2025,11,2025-11-01,0,0.0,0.0,0.0,0.0,0.0,2.0,2,0.0,0.2441,24.41,0,MODERATE
GRID_S20_W040,-20,-40,2025,4,2025-04-01,0,0.0,0.0,0.0,0.0,0.0,0.0,0,0.0,0.2441,24.41,0,MODERATE
GRID_N00_E060,0,60,2025,10,2025-10-01,0,0.0,0.0,0.0,0.0,0.1,1.0,1,0.0,0.2437,24.37,0,MODERATE
GRID_N00_W180,0,-180,2025,9,2025-09-01,0,0.0,0.0,0.0,0.0,0.0,1.0,1,0.0,0.2437,24.37,0,MODERATE
GRID_S80_W120,-80,-120,2025,3,2025-03-01,0,0.0,0.0,0.0,0.0,0.0,2.0,2,0.0,0.2437,24.37,0,MODERATE
GRID_S80_W130,-80,-130,2025,10,2025-10-01,0,0.0,0.0,0.0,0.0,0.0,4.0,3,0.0,0.2437,24.37,0,MODERATE
GRID_N60_E000,60,0,2025,1,2025-01-01,0,0.0,0.0,0.0,0.0,0.0,2.0,2,0.0,0.2436,24.36,0,MODERATE
GRID_N60_E030,60,30,2025,10,2025-10-01,0,0.0,0.0,0.0,0.0,0.0,1.0,1,0.0,0.2435,24.35,0,MODERATE
GRID_N00_W030,0,-30,2025,2,2025-02-01,0,0.0,0.0,0.0,0.0,0.0,2.0,2,0.0,0.2434,24.34,0,MODERATE
GRID_N40_E080,40,80,2025,10,2025-10-01,0,0.0,0.0,0.0,0.0,0.0,1.0,1,0.0,0.2433,24.33,0,MODERATE
GRID_S70_E000,-70,0,2025,9,2025-09-01,0,0.0,0.0,0.0,0.0,0.0,1.0,1,0.0,0.2433,24.33,0,MODERATE
GRID_N50_W150,50,-150,2025,2,2025-02-01,0,0.0,0.0,0.0,1.0,0.0,1.0,1,0.0,0.2432,24.32,0,MODERATE
GRID_S80_W170,-80,-170,2025,5,2025-05-01,0,0.0,0.0,0.0,0.0,0.0,0.0,0,0.0,0.2431,24.31,0,MODERATE
GRID_N40_E140,40,140,2025,2,2025-02-01,0,0.0,0.0,0.0,0.0,0.0,1.0,1,0.0,0.2429,24.29,0,MODERATE
GRID_S70_E100,-70,100,2025,9,2025-09-01,0,0.0,0.0,0.0,0.0,0.0,4.0,1,0.0,0.2429,24.29,0,MODERATE
GRID_N00_W120,0,-120,2025,1,2025-01-01,0,0.0,0.0,0.0,1.0,0.0,2.0,2,0.0,0.2428,24.28,0,MODERATE
GRID_S40_W090,-40,-90,2025,9,2025-09-01,0,0.0,0.0,0.0,0.0,0.0,1.0,1,0.0,0.2426,24.26,0,MODERATE
GRID_S70_E110,-70,110,2025,10,2025-10-01,0,0.0,0.0,0.0,0.0,0.0,3.0,2,0.0,0.2425,24.25,0,MODERATE
GRID_N50_E040,50,40,2025,10,2025-10-01,0,0.0,0.0,0.0,0.0,0.0,1.0,1,0.0,0.2424,24.24,0,MODERATE
GRID_S10_W040,-10,-40,2025,3,2025-03-01,0,0.0,0.0,0.0,0.0,0.0,1.0,1,0.0,0.2424,24.24,0,MODERATE
GRID_S80_W180,-80,-180,2025,5,2025-05-01,0,0.0,0.0,0.0,0.0,0.0,0.0,0,0.0,0.2424,24.24,0,MODERATE
GRID_N50_W180,50,-180,2025,2,2025-02-01,0,0.0,0.0,0.0,0.0,0.0,2.0,2,0.0,0.2423,24.23,0,MODERATE
GRID_N00_E170,0,170,2025,10,2025-10-01,0,0.0,0.0,0.0,0.0,0.0,1.0,1,0.0,0.2422,24.22,0,MODERATE
GRID_S30_E010,-30,10,2025,3,2025-03-01,0,0.0,0.0,0.0,0.0,0.0,1.0,1,0.0,0.2422,24.22,0,MODERATE
GRID_S80_W060,-80,-60,2025,1,2025-01-01,0,0.0,0.0,0.0,0.0,0.2,7.0,3,0.0,0.242,24.2,0,MODERATE
GRID_S70_E060,-70,60,2025,4,2025-04-01,0,0.0,0.0,0.0,0.0,0.0,0.0,0,0.0,0.2419,24.19,0,MODERATE
GRID_N40_W130,40,-130,2025,10,2025-10-01,0,16.0,53.0,60.0,61.0,0.7,585.0,51,0.8548,0.2418,24.18,0,MODERATE
GRID_N10_W180,10,-180,2025,1,2025-01-01,0,0.0,0.0,0.0,0.0,0.0,3.0,3,0.0,0.2417,24.17,0,MODERATE
GRID_N30_E060,30,60,2025,10,2025-10-01,0,0.0,0.0,1.0,1.0,0.0,1.0,1,0.0,0.2415,24.15,0,MODERATE
GRID_N40_E100,40,100,2025,3,2025-03-01,0,0.0,0.0,0.0,0.0,0.0,0.0,0,0.0,0.2415,24.15,0,MODERATE
GRID_N20_E170,20,170,2025,2,2025-02-01,0,0.0,0.0,0.0,0.0,0.0,1.0,1,0.0,0.2413,24.13,0,MODERATE
GRID_S80_W060,-80,-60,2025,10,2025-10-01,0,0.0,0.0,0.0,0.0,0.0,7.0,3,0.0,0.2413,24.13,0,MODERATE
GRID_N30_E100,30,100,2025,11,2025-11-01,0,0.0,0.0,0.0,0.0,0.0,2.0,2,0.0,0.2412,24.12,0,MODERATE
GRID_N40_W040,40,-40,2025,9,2025-09-01,0,0.0,0.0,0.0,0.0,0.0,0.0,0,0.0,0.2411,24.11,0,MODERATE
GRID_N20_W120,20,-120,2025,2,2025-02-01,0,0.0,0.0,0.0,0.0,0.0,2.0,2,0.0,0.241,24.1,0,MODERATE
GRID_S80_W140,-80,-140,2025,9,2025-09-01,0,0.0,0.0,0.0,0.0,0.1,1.0,1,0.0,0.241,24.1,0,MODERATE
GRID_N30_E040,30,40,2025,1,2025-01-01,0,0.0,0.0,0.0,0.0,0.0,2.0,2,0.0,0.2409,24.09,0,MODERATE
GRID_S40_W060,-40,-60,2025,1,2025-01-01,0,0.0,0.0,0.0,0.0,0.0,3.0,3,0.0,0.2409,24.09,0,MODERATE
GRID_S80_W010,-80,-10,2025,9,2025-09-01,0,0.0,0.0,0.0,0.0,0.0,1.0,1,0.0,0.2409,24.09,0,MODERATE
GRID_S80_W070,-80,-70,2025,2,2025-02-01,0,0.0,0.0,0.0,0.0,0.0,5.0,3,0.0,0.2409,24.09,0,MODERATE
GRID_S60_E070,-60,70,2025,3,2025-03-01,0,0.0,0.0,0.0,0.0,0.0,1.0,1,0.0,0.2408,24.08,0,MODERATE
GRID_S70_W070,-70,-70,2025,11,2025-11-01,0,0.0,0.0,0.0,0.0,0.0,8.0,4,0.0,0.2408,24.08,0,MODERATE
GRID_N60_E010,60,10,2025,11,2025-11-01,0,0.0,0.0,0.0,0.0,0.0,2.0,2,0.0,0.2405,24.05,0,MODERATE
GRID_S70_E070,-70,70,2025,11,2025-11-01,0,0.0,0.0,0.0,0.0,0.0,3.0,3,0.0,0.2405,24.05,0,MODERATE
GRID_S10_E170,-10,170,2025,10,2025-10-01,0,0.0,0.0,0.0,0.0,0.0,1.0,1,0.0,0.2404,24.04,0,MODERATE
GRID_N50_E070,50,70,2025,2,2025-02-01,0,0.0,0.0,2.0,2.0,0.0,2.0,1,0.0,0.2402,24.02,0,MODERATE
GRID_S10_W050,-10,-50,2025,1,2025-01-01,0,0.0,5.0,68.0,68.0,0.0,68.0,5,0.0725,0.2402,24.02,0,MODERATE
GRID_N40_E110,40,110,2025,2,2025-02-01,0,0.0,0.0,3.0,3.0,0.0,3.0,1,0.0,0.2401,24.01,0,MODERATE
GRID_N60_E110,60,110,2025,1,2025-01-01,0,0.0,0.0,15.0,15.0,0.0,15.0,2,0.0,0.2401,24.01,0,MODERATE
GRID_N30_W030,30,-30,2025,9,2025-09-01,0,0.0,0.0,0.0,0.0,0.0,0.0,0,0.0,0.24,24.0,0,MODERATE
GRID_S20_W160,-20,-160,2025,2,2025-02-01,0,0.0,0.0,0.0,0.0,0.1,2.0,2,0.0,0.24,24.0,0,MODERATE
GRID_S70_W050,-70,-50,2025,9,2025-09-01,0,0.0,0.0,0.0,0.0,0.0,1.0,1,0.0,0.24,24.0,0,MODERATE
GRID_N60_E000,60,0,2025,11,2025-11-01,0,0.0,0.0,0.0,0.0,0.0,2.0,2,0.0,0.2398,23.98,0,MODERATE
GRID_S10_E130,-10,130,2025,1,2025-01-01,0,0.0,0.0,0.0,0.0,0.0,2.0,2,0.0,0.2398,23.98,0,MODERATE
GRID_S70_W050,-70,-50,2025,3,2025-03-01,0,0.0,0.0,0.0,0.0,0.1,1.0,1,0.0,0.2398,23.98,0,MODERATE
GRID_N30_E120,30,120,2025,2,2025-02-01,0,0.0,0.0,0.0,0.0,0.0,1.0,1,0.0,0.2397,23.97,0,MODERATE
GRID_N00_W110,0,-110,2025,3,2025-03-01,0,0.0,0.0,0.0,0.0,0.0,1.0,1,0.0,0.2395,23.95,0,MODERATE
GRID_N40_E070,40,70,2025,2,2025-02-01,0,0.0,0.0,1.0,1.0,0.0,1.0,1,0.0,0.2395,23.95,0,MODERATE
GRID_N60_E030,60,30,2025,2,2025-02-01,0,0.0,0.0,0.0,0.0,0.0,1.0,1,0.0,0.239,23.9,0,MODERATE
GRID_S30_W170,-30,-170,2025,9,2025-09-01,0,0.0,0.0,0.0,0.0,0.0,1.0,1,0.0,0.239,23.9,0,MODERATE
GRID_S80_W040,-80,-40,2025,9,2025-09-01,0,0.0,0.0,0.0,0.0,0.0,1.0,1,0.0,0.2389,23.89,0,MODERATE
GRID_N40_E080,40,80,2025,2,2025-02-01,0,0.0,0.0,0.0,0.0,0.0,1.0,1,0.0,0.2388,23.88,0,MODERATE
GRID_S70_E090,-70,90,2025,10,2025-10-01,0,0.0,0.0,0.0,0.0,0.0,4.0,2,0.0,0.2388,23.88,0,MODERATE
GRID_S80_W020,-80,-20,2025,2,2025-02-01,0,0.0,0.0,0.0,0.0,0.1,2.0,2,0.0,0.2387,23.87,0,MODERATE
GRID_S80_W040,-80,-40,2025,3,2025-03-01,0,0.0,0.0,0.0,0.0,0.1,1.0,1,0.0,0.2387,23.87,0,MODERATE
GRID_N50_E030,50,30,2025,3,2025-03-01,0,0.0,0.0,0.0,0.0,0.0,0.0,0,0.0,0.2386,23.86,0,MODERATE
GRID_N20_W050,20,-50,2025,11,2025-11-01,0,0.0,0.0,0.0,0.0,0.1,2.0,2,0.0,0.2382,23.82,0,MODERATE
GRID_N40_E050,40,50,2025,3,2025-03-01,0,0.0,0.0,0.0,0.0,0.0,0.0,0,0.0,0.2382,23.82,0,MODERATE
GRID_N00_W130,0,-130,2025,3,2025-03-01,0,0.0,0.0,0.0,0.0,0.0,1.0,1,0.0,0.2381,23.81,0,MODERATE
GRID_N60_W050,60,-50,2025,10,2025-10-01,0,0.0,0.0,0.0,0.0,0.0,1.0,1,0.0,0.2381,23.81,0,MODERATE
GRID_N10_W180,10,-180,2025,11,2025-11-01,0,0.0,0.0,0.0,0.0,0.0,3.0,3,0.0,0.238,23.8,0,MODERATE
GRID_S70_E110,-70,110,2025,2,2025-02-01,0,0.0,0.0,0.0,0.0,0.0,3.0,2,0.0,0.238,23.8,0,MODERATE
GRID_N50_E040,50,40,2025,2,2025-02-01,0,0.0,0.0,0.0,0.0,0.0,1.0,1,0.0,0.2379,23.79,0,MODERATE
GRID_N30_E070,30,70,2025,3,2025-03-01,0,0.0,0.0,0.0,0.0,0.0,0.0,0,0.0,0.2378,23.78,0,MODERATE
GRID_N00_E170,0,170,2025,2,2025-02-01,0,0.0,0.0,0.0,0.0,0.0,1.0,1,0.0,0.2377,23.77,0,MODERATE
GRID_N60_W060,60,-60,2025,10,2025-10-01,0,0.0,0.0,0.0,0.0,0.0,1.0,1,0.0,0.2375,23.75,0,MODERATE
GRID_N60_E110,60,110,2025,10,2025-10-01,0,0.0,0.0,0.0,0.0,0.0,15.0,2,0.0,0.2373,23.73,0,MODERATE
GRID_N30_E060,30,60,2025,3,2025-03-01,0,0.0,0.0,0.0,0.0,0.0,0.0,0,0.0,0.2371,23.71,0,MODERATE
GRID_N60_W020,60,-20,2025,3,2025-03-01,0,0.0,0.0,0.0,0.0,0.0,0.0,0,0.0,0.2371,23.71,0,MODERATE
GRID_S30_E170,-30,170,2025,10,2025-10-01,0,0.0,0.0,0.0,0.0,0.0,1.0,1,0.0,0.2369,23.69,0,MODERATE
GRID_N20_E080,20,80,2025,3,2025-03-01,0,0.0,0.0,0.0,0.0,0.0,0.0,0,0.0,0.2367,23.67,0,MODERATE
GRID_N60_E100,60,100,2025,10,2025-10-01,0,0.0,0.0,0.0,0.0,0.0,6.0,1,0.0,0.2364,23.64,0,MODERATE
GRID_N00_E050,0,50,2025,1,2025-01-01,0,0.0,0.0,0.0,0.0,0.0,2.0,2,0.0,0.2363,23.63,0,MODERATE
GRID_S70_E040,-70,40,2025,11,2025-11-01,0,0.0,0.0,0.0,0.0,0.0,4.0,3,0.0,0.2362,23.62,0,MODERATE
GRID_S30_W080,-30,-80,2025,3,2025-03-01,0,0.0,0.0,0.0,0.0,0.0,1.0,1,0.0,0.2361,23.61,0,MODERATE
GRID_N10_E050,10,50,2025,10,2025-10-01,0,0.0,0.0,0.0,0.0,0.0,1.0,1,0.0,0.236,23.6,0,MODERATE
GRID_S10_E170,-10,170,2025,2,2025-02-01,0,0.0,0.0,0.0,0.0,0.0,1.0,1,0.0,0.236,23.6,0,MODERATE
GRID_N10_W170,10,-170,2025,2,2025-02-01,0,0.0,0.0,0.0,0.0,0.0,2.0,2,0.0,0.2359,23.59,0,MODERATE
GRID_N40_W030,40,-30,2025,10,2025-10-01,0,0.0,0.0,0.0,0.0,0.0,1.0,1,0.0,0.2359,23.59,0,MODERATE
GRID_S40_E150,-40,150,2025,1,2025-01-01,0,0.0,0.0,0.0,0.0,0.0,2.0,2,0.0,0.2359,23.59,0,MODERATE
GRID_N50_W090,50,-90,2025,1,2025-01-01,0,0.0,0.0,0.0,0.0,0.0,2.0,2,0.0,0.2358,23.58,0,MODERATE
GRID_N60_W110,60,-110,2025,1,2025-01-01,0,0.0,0.0,5.0,5.0,0.0,5.0,2,0.0,0.2358,23.58,0,MODERATE
GRID_S20_W160,-20,-160,2025,10,2025-10-01,0,0.0,0.0,0.0,0.0,0.0,2.0,2,0.0,0.2357,23.57,0,MODERATE
GRID_S60_W030,-60,-30,2025,11,2025-11-01,0,0.0,0.0,0.0,0.0,0.0,3.0,3,0.0,0.2356,23.56,0,MODERATE
GRID_N50_E000,50,0,2025,2,2025-02-01,0,0.0,0.0,0.0,0.0,0.0,1.0,1,0.0,0.2353,23.53,0,MODERATE
GRID_S50_W070,-50,-70,2025,10,2025-10-01,0,0.0,0.0,0.0,1.0,0.0,1.0,1,0.0,0.2352,23.52,0,MODERATE
GRID_N00_E110,0,110,2025,3,2025-03-01,0,0.0,0.0,0.0,0.0,0.0,0.0,0,0.0,0.2351,23.51,0,MODERATE
GRID_S30_E010,-30,10,2025,10,2025-10-01,0,0.0,0.0,0.0,0.0,0.1,1.0,1,0.0,0.235,23.5,0,MODERATE
GRID_S60_W070,-60,-70,2025,4,2025-04-01,0,0.0,0.0,0.0,0.0,0.0,0.0,0,0.0,0.235,23.5,0,MODERATE
GRID_N00_E040,0,40,2025,10,2025-10-01,0,0.0,0.0,1.0,1.0,0.0,1.0,1,0.0,0.2349,23.49,0,MODERATE
GRID_N50_W180,50,-180,2025,11,2025-11-01,0,0.0,0.0,0.0,0.0,0.1,2.0,2,0.0,0.2349,23.49,0,MODERATE
GRID_N00_W180,0,-180,2025,3,2025-03-01,0,0.0,0.0,0.0,0.0,0.0,1.0,1,0.0,0.2348,23.48,0,MODERATE
GRID_N20_E050,20,50,2025,3,2025-03-01,0,0.0,0.0,0.0,0.0,0.0,0.0,0,0.0,0.2347,23.47,0,MODERATE
GRID_S70_E000,-70,0,2025,3,2025-03-01,0,0.0,0.0,0.0,0.0,0.0,1.0,1,0.0,0.2344,23.44,0,MODERATE
GRID_S80_W020,-80,-20,2025,10,2025-10-01,0,0.0,0.0,0.0,0.0,0.0,2.0,2,0.0,0.2344,23.44,0,MODERATE
GRID_N60_W140,60,-140,2025,1,2025-01-01,0,0.0,0.0,0.0,0.0,0.0,2.0,2,0.0,0.2343,23.43,0,MODERATE
GRID_S70_E090,-70,90,2025,2,2025-02-01,0,0.0,0.0,0.0,0.0,0.0,4.0,2,0.0,0.2343,23.43,0,MODERATE
GRID_S60_W080,-60,-80,2025,10,2025-10-01,0,0.0,0.0,0.0,0.0,0.0,2.0,2,0.0,0.2339,23.39,0,MODERATE
GRID_N60_W050,60,-50,2025,2,2025-02-01,0,0.0,0.0,0.0,0.0,0.0,1.0,1,0.0,0.2337,23.37,0,MODERATE
GRID_S40_W090,-40,-90,2025,3,2025-03-01,0,0.0,0.0,0.0,0.0,0.0,1.0,1,0.0,0.2337,23.37,0,MODERATE
GRID_S30_E160,-30,160,2025,11,2025-11-01,0,0.0,0.0,0.0,1.0,0.0,1.0,1,0.0,0.2335,23.35,0,MODERATE
GRID_S70_E010,-70,10,2025,10,2025-10-01,0,0.0,0.0,0.0,0.0,0.0,4.0,2,0.0,0.2335,23.35,0,MODERATE
GRID_S80_W180,-80,-180,2025,8,2025-08-01,0,0.0,0.0,0.0,0.0,0.0,0.0,0,0.0,0.2333,23.33,0,MODERATE
GRID_N20_W050,20,-50,2025,1,2025-01-01,0,0.0,0.0,0.0,0.0,0.0,2.0,2,0.0,0.2332,23.32,0,MODERATE
GRID_N30_W020,30,-20,2025,11,2025-11-01,0,0.0,0.0,0.0,0.0,0.0,2.0,2,0.0,0.2332,23.32,0,MODERATE
GRID_N60_W060,60,-60,2025,2,2025-02-01,0,0.0,0.0,0.0,0.0,0.0,1.0,1,0.0,0.2331,23.31,0,MODERATE
GRID_S10_E040,-10,40,2025,1,2025-01-01,0,0.0,0.0,0.0,1.0,0.0,1.0,1,0.0,0.2328,23.28,0,MODERATE
GRID_N50_W070,50,-70,2025,10,2025-10-01,0,0.0,0.0,0.0,0.0,0.0,2.0,1,0.0,0.2327,23.27,0,MODERATE
GRID_S50_E160,-50,160,2025,10,2025-10-01,0,0.0,0.0,0.0,0.0,0.0,1.0,1,0.0,0.2327,23.27,0,MODERATE
GRID_N00_E050,0,50,2025,11,2025-11-01,0,0.0,0.0,0.0,0.0,0.0,2.0,2,0.0,0.2326,23.26,0,MODERATE
GRID_N20_W030,20,-30,2025,10,2025-10-01,0,0.0,0.0,0.0,0.0,0.0,1.0,1,0.0,0.2325,23.25,0,MODERATE
GRID_S30_E170,-30,170,2025,2,2025-02-01,0,0.0,0.0,0.0,0.0,0.0,1.0,1,0.0,0.2325,23.25,0,MODERATE
GRID_N40_W040,40,-40,2025,3,2025-03-01,0,0.0,0.0,0.0,0.0,0.0,0.0,0,0.0,0.2323,23.23,0,MODERATE
GRID_N50_W080,50,-80,2025,10,2025-10-01,0,0.0,0.0,0.0,0.0,0.0,2.0,1,0.0,0.2321,23.21,0,MODERATE
GRID_S80_W120,-80,-120,2025,2,2025-02-01,0,0.0,0.0,0.0,0.0,0.1,2.0,2,0.0,0.2321,23.21,0,MODERATE
GRID_N30_E170,30,170,2025,1,2025-01-01,0,0.0,0.0,1.0,1.0,0.0,1.0,1,0.0,0.232,23.2,0,MODERATE
GRID_S80_W010,-80,-10,2025,3,2025-03-01,0,0.0,0.0,0.0,0.0,0.0,1.0,1,0.0,0.232,23.2,0,MODERATE
GRID_N20_W040,20,-40,2025,10,2025-10-01,0,0.0,0.0,0.0,0.0,0.0,1.0,1,0.0,0.2318,23.18,0,MODERATE
GRID_S40_E030,-40,30,2025,9,2025-09-01,0,0.0,0.0,0.0,0.0,0.0,0.0,0,0.0,0.2317,23.17,0,MODERATE
GRID_N10_E050,10,50,2025,2,2025-02-01,0,0.0,0.0,0.0,0.0,0.0,1.0,1,0.0,0.2316,23.16,0,MODERATE
GRID_N40_W030,40,-30,2025,2,2025-02-01,0,0.0,0.0,0.0,0.0,0.0,1.0,1,0.0,0.2316,23.16,0,MODERATE
GRID_S70_E030,-70,30,2025,1,2025-01-01,0,0.0,0.0,0.0,0.0,0.1,2.0,2,0.0,0.2314,23.14,0,MODERATE
GRID_N30_W030,30,-30,2025,3,2025-03-01,0,0.0,0.0,0.0,0.0,0.0,0.0,0,0.0,0.2312,23.12,0,MODERATE
GRID_N00_W030,0,-30,2025,1,2025-01-01,0,0.0,0.0,0.0,0.0,0.0,2.0,2,0.0,0.231,23.1,0,MODERATE
GRID_S80_W160,-80,-160,2025,9,2025-09-01,0,0.0,0.0,0.0,0.0,0.0,1.0,1,0.0,0.231,23.1,0,MODERATE
GRID_N50_E100,50,100,2025,1,2025-01-01,0,0.0,0.0,1.0,1.0,0.0,1.0,1,0.0,0.2309,23.09,0,MODERATE
GRID_S10_E050,-10,50,2025,11,2025-11-01,0,0.0,0.0,0.0,0.0,0.0,2.0,2,0.0,0.2309,23.09,0,MODERATE
GRID_N50_W150,50,-150,2025,1,2025-01-01,0,0.0,0.0,0.0,1.0,0.0,1.0,1,0.0,0.2308,23.08,0,MODERATE
GRID_S80_W160,-80,-160,2025,3,2025-03-01,0,0.0,0.0,0.0,0.0,0.1,1.0,1,0.0,0.2308,23.08,0,MODERATE
GRID_N00_E040,0,40,2025,3,2025-03-01,0,0.0,0.0,0.0,0.0,0.0,0.0,0,0.0,0.2306,23.06,0,MODERATE
GRID_N00_E060,0,60,2025,2,2025-02-01,0,0.0,0.0,0.0,0.0,0.0,1.0,1,0.0,0.2305,23.05,0,MODERATE
GRID_N40_E140,40,140,2025,1,2025-01-01,0,0.0,0.0,0.0,0.0,0.0,1.0,1,0.0,0.2305,23.05,0,MODERATE
GRID_N50_W080,50,-80,2025,2,2025-02-01,0,0.0,0.0,2.0,2.0,0.0,2.0,1,0.0,0.2303,23.03,0,MODERATE
GRID_S30_W170,-30,-170,2025,3,2025-03-01,0,0.0,0.0,0.0,0.0,0.0,1.0,1,0.0,0.2302,23.02,0,MODERATE
GRID_N50_W180,50,-180,2025,1,2025-01-01,0,0.0,0.0,0.0,0.0,0.0,2.0,2,0.0,0.2299,22.99,0,MODERATE
GRID_N50_W150,50,-150,2025,10,2025-10-01,0,0.0,0.0,0.0,0.0,0.0,1.0,1,0.0,0.2298,22.98,0,MODERATE
GRID_S30_E060,-30,60,2025,10,2025-10-01,0,0.0,0.0,0.0,0.0,0.0,1.0,1,0.0,0.2297,22.97,0,MODERATE
GRID_N00_W020,0,-20,2025,10,2025-10-01,0,0.0,0.0,0.0,0.0,0.0,1.0,1,0.0,0.2296,22.96,0,MODERATE
GRID_N40_W060,40,-60,2025,2,2025-02-01,0,0.0,0.0,0.0,0.0,0.0,1.0,1,0.0,0.2296,22.96,0,MODERATE
GRID_S60_W080,-60,-80,2025,2,2025-02-01,0,0.0,0.0,0.0,0.0,0.0,2.0,2,0.0,0.2296,22.96,0,MODERATE
GRID_S80_W130,-80,-130,2025,1,2025-01-01,0,0.0,0.0,2.0,2.0,0.0,4.0,3,0.0,0.2295,22.95,0,MODERATE
GRID_N60_E150,60,150,2025,11,2025-11-01,0,0.0,0.0,4.0,4.0,0.0,13.0,2,0.0,0.2294,22.94,0,MODERATE
GRID_S70_E010,-70,10,2025,2,2025-02-01,0,0.0,0.0,0.0,0.0,0.0,4.0,2,0.0,0.2291,22.91,0,MODERATE
GRID_N20_E170,20,170,2025,1,2025-01-01,0,0.0,0.0,0.0,0.0,0.0,1.0,1,0.0,0.229,22.9,0,MODERATE
GRID_S10_E170,-10,170,2025,11,2025-11-01,0,0.0,0.0,0.0,0.0,0.1,1.0,1,0.0,0.2287,22.87,0,MODERATE
GRID_N20_W120,20,-120,2025,1,2025-01-01,0,0.0,0.0,0.0,0.0,0.0,2.0,2,0.0,0.2286,22.86,0,MODERATE
GRID_S70_E150,-70,150,2025,10,2025-10-01,0,0.0,0.0,0.0,0.0,0.0,1.0,1,0.0,0.2286,22.86,0,MODERATE
GRID_S80_W070,-80,-70,2025,1,2025-01-01,0,0.0,0.0,0.0,0.0,0.0,5.0,3,0.0,0.2286,22.86,0,MODERATE
GRID_S70_E060,-70,60,2025,9,2025-09-01,0,0.0,0.0,0.0,0.0,0.0,0.0,0,0.0,0.2285,22.85,0,MODERATE
GRID_N60_E140,60,140,2025,11,2025-11-01,0,0.0,0.0,0.0,0.0,0.0,20.0,3,0.0,0.2284,22.84,0,MODERATE
GRID_S50_E160,-50,160,2025,2,2025-02-01,0,0.0,0.0,0.0,0.0,0.0,1.0,1,0.0,0.2284,22.84,0,MODERATE
GRID_N20_W030,20,-30,2025,2,2025-02-01,0,0.0,0.0,0.0,0.0,0.0,1.0,1,0.0,0.2281,22.81,0,MODERATE
GRID_S80_W120,-80,-120,2025,10,2025-10-01,0,0.0,0.0,0.0,0.0,0.0,2.0,2,0.0,0.2279,22.79,0,MODERATE
GRID_S80_W080,-80,-80,2025,11,2025-11-01,0,0.0,0.0,0.0,1.0,0.0,2.0,2,0.0,0.2278,22.78,0,MODERATE
GRID_S20_W160,-20,-160,2025,1,2025-01-01,0,0.0,0.0,0.0,0.0,0.1,2.0,2,0.0,0.2277,22.77,0,MODERATE
GRID_N60_E100,60,100,2025,1,2025-01-01,0,0.0,0.0,6.0,6.0,0.0,6.0,1,0.0,0.2276,22.76,0,MODERATE
GRID_N20_W040,20,-40,2025,2,2025-02-01,0,0.0,0.0,0.0,0.0,0.0,1.0,1,0.0,0.2275,22.75,0,MODERATE
GRID_N00_W030,0,-30,2025,11,2025-11-01,0,0.0,0.0,0.0,0.0,0.0,2.0,2,0.0,0.2274,22.74,0,MODERATE
GRID_N30_E120,30,120,2025,1,2025-01-01,0,0.0,0.0,0.0,0.0,0.0,1.0,1,0.0,0.2274,22.74,0,MODERATE
GRID_N30_E170,30,170,2025,11,2025-11-01,0,0.0,0.0,0.0,0.0,0.0,1.0,1,0.0,0.2271,22.71,0,MODERATE
GRID_N60_E160,60,160,2025,11,2025-11-01,0,0.0,0.0,0.0,0.0,0.0,3.0,1,0.0,0.227,22.7,0,MODERATE
GRID_N40_E140,40,140,2025,11,2025-11-01,0,0.0,0.0,0.0,0.0,0.0,1.0,1,0.0,0.2269,22.69,0,MODERATE
GRID_N60_E030,60,30,2025,1,2025-01-01,0,0.0,0.0,0.0,0.0,0.0,1.0,1,0.0,0.2268,22.68,0,MODERATE
GRID_N40_E080,40,80,2025,1,2025-01-01,0,0.0,0.0,0.0,0.0,0.0,1.0,1,0.0,0.2266,22.66,0,MODERATE
GRID_S60_W050,-60,-50,2025,11,2025-11-01,0,0.0,0.0,0.0,1.0,0.0,5.0,2,0.0,0.2263,22.63,0,MODERATE
GRID_S70_E110,-70,110,2025,1,2025-01-01,0,0.0,0.0,0.0,0.0,0.0,3.0,2,0.0,0.2258,22.58,0,MODERATE
GRID_N50_E040,50,40,2025,1,2025-01-01,0,0.0,0.0,0.0,0.0,0.0,1.0,1,0.0,0.2257,22.57,0,MODERATE
GRID_N00_E170,0,170,2025,1,2025-01-01,0,0.0,0.0,0.0,0.0,0.0,1.0,1,0.0,0.2255,22.55,0,MODERATE
GRID_N20_E170,20,170,2025,11,2025-11-01,0,0.0,0.0,0.0,0.0,0.0,1.0,1,0.0,0.2254,22.54,0,MODERATE
GRID_S30_E060,-30,60,2025,2,2025-02-01,0,0.0,0.0,0.0,0.0,0.0,1.0,1,0.0,0.2254,22.54,0,MODERATE
GRID_N00_W020,0,-20,2025,2,2025-02-01,0,0.0,0.0,0.0,0.0,0.0,1.0,1,0.0,0.2253,22.53,0,MODERATE
GRID_S60_E070,-60,70,2025,10,2025-10-01,0,0.0,0.0,0.0,0.0,0.0,1.0,1,0.0,0.2252,22.52,0,MODERATE
GRID_S70_E130,-70,130,2025,10,2025-10-01,0,0.0,0.0,0.0,0.0,0.0,2.0,1,0.0,0.2251,22.51,0,MODERATE
GRID_S80_W170,-80,-170,2025,4,2025-04-01,0,0.0,0.0,0.0,0.0,0.0,0.0,0,0.0,0.2251,22.51,0,MODERATE
GRID_N20_W120,20,-120,2025,11,2025-11-01,0,0.0,0.0,0.0,0.0,0.0,2.0,2,0.0,0.225,22.5,0,MODERATE
GRID_S80_W070,-80,-70,2025,11,2025-11-01,0,0.0,0.0,0.0,0.0,0.0,5.0,3,0.0,0.225,22.5,0,MODERATE
GRID_S10_W070,-10,-70,2025,1,2025-01-01,0,0.0,0.0,27.0,27.0,0.0,27.0,3,0.0,0.2249,22.49,0,MODERATE
GRID_N00_E020,0,20,2025,4,2025-04-01,0,7.0,139.0,245.0,245.0,0.0,245.0,5,0.565,0.2245,22.45,0,MODERATE
GRID_N10_E050,10,50,2025,11,2025-11-01,0,0.0,0.0,0.0,0.0,0.1,1.0,1,0.0,0.2244,22.44,0,MODERATE
GRID_S80_W180,-80,-180,2025,4,2025-04-01,0,0.0,0.0,0.0,0.0,0.0,0.0,0,0.0,0.2244,22.44,0,MODERATE
GRID_S70_E150,-70,150,2025,2,2025-02-01,0,0.0,0.0,0.0,0.0,0.0,1.0,1,0.0,0.2243,22.43,0,MODERATE
GRID_N00_W110,0,-110,2025,10,2025-10-01,0,0.0,0.0,0.0,0.0,0.0,1.0,1,0.0,0.2239,22.39,0,MODERATE
GRID_N20_W040,20,-40,2025,1,2025-01-01,0,0.0,0.0,0.0,0.0,0.1,1.0,1,0.0,0.2239,22.39,0,MODERATE
GRID_S10_E170,-10,170,2025,1,2025-01-01,0,0.0,0.0,0.0,0.0,0.0,1.0,1,0.0,0.2238,22.38,0,MODERATE
GRID_N10_W170,10,-170,2025,1,2025-01-01,0,0.0,0.0,0.0,0.0,0.0,2.0,2,0.0,0.2237,22.37,0,MODERATE
GRID_S80_W140,-80,-140,2025,3,2025-03-01,0,0.0,0.0,0.0,0.0,0.0,1.0,1,0.0,0.2236,22.36,0,MODERATE
GRID_S80_W130,-80,-130,2025,11,2025-11-01,0,0.0,0.0,0.0,0.0,0.0,4.0,3,0.0,0.2234,22.34,0,MODERATE
GRID_N50_E000,50,0,2025,1,2025-01-01,0,0.0,0.0,0.0,0.0,0.0,1.0,1,0.0,0.2232,22.32,0,MODERATE
GRID_N60_E030,60,30,2025,11,2025-11-01,0,0.0,0.0,0.0,0.0,0.0,1.0,1,0.0,0.2232,22.32,0,MODERATE
GRID_S40_E030,-40,30,2025,3,2025-03-01,0,0.0,0.0,0.0,0.0,0.0,0.0,0,0.0,0.2231,22.31,0,MODERATE
GRID_N40_E080,40,80,2025,11,2025-11-01,0,0.0,0.0,0.0,0.0,0.0,1.0,1,0.0,0.223,22.3,0,MODERATE
GRID_N40_E120,40,120,2025,2,2025-02-01,0,0.0,0.0,0.0,0.0,0.0,0.0,0,0.0,0.2229,22.29,0,MODERATE
GRID_N50_E030,50,30,2025,11,2025-11-01,0,0.0,0.0,1.0,1.0,0.0,1.0,1,0.0,0.2228,22.28,0,MODERATE
GRID_N00_W130,0,-130,2025,10,2025-10-01,0,0.0,0.0,0.0,0.0,0.0,1.0,1,0.0,0.2226,22.26,0,MODERATE
GRID_S10_W040,-10,-40,2025,2,2025-02-01,0,0.0,0.0,0.0,0.0,0.0,1.0,1,0.0,0.2224,22.24,0,MODERATE
GRID_S70_E090,-70,90,2025,1,2025-01-01,0,0.0,0.0,0.0,0.0,0.0,4.0,2,0.0,0.2223,22.23,0,MODERATE
GRID_N00_W090,0,-90,2025,3,2025-03-01,0,0.0,0.0,0.0,0.0,0.0,0.0,0,0.0,0.2222,22.22,0,MODERATE
GRID_N50_E040,50,40,2025,11,2025-11-01,0,0.0,0.0,0.0,0.0,0.0,1.0,1,0.0,0.2222,22.22,0,MODERATE
GRID_S30_E010,-30,10,2025,2,2025-02-01,0,0.0,0.0,0.0,0.0,0.0,1.0,1,0.0,0.2222,22.22,0,MODERATE
GRID_S70_E050,-70,50,2025,10,2025-10-01,0,0.0,0.0,0.0,0.0,0.0,1.0,1,0.0,0.2222,22.22,0,MODERATE
GRID_S70_E110,-70,110,2025,11,2025-11-01,0,0.0,0.0,0.0,0.0,0.0,3.0,2,0.0,0.2222,22.22,0,MODERATE
GRID_N50_W110,50,-110,2025,11,2025-11-01,0,0.0,8.0,130.0,130.0,0.0,211.0,16,0.0611,0.2221,22.21,0,MODERATE
GRID_N60_E120,60,120,2025,10,2025-10-01,0,0.0,0.0,0.0,0.0,0.0,31.0,3,0.0,0.2221,22.21,0,MODERATE
GRID_N00_E170,0,170,2025,11,2025-11-01,0,0.0,0.0,0.0,0.0,0.0,1.0,1,0.0,0.222,22.2,0,MODERATE
GRID_S20_W040,-20,-40,2025,3,2025-03-01,0,0.0,0.0,0.0,0.0,0.0,0.0,0,0.0,0.222,22.2,0,MODERATE
GRID_N50_E070,50,70,2025,11,2025-11-01,0,0.0,0.0,0.0,0.0,0.0,2.0,1,0.0,0.2218,22.18,0,MODERATE
GRID_S30_E060,-30,60,2025,1,2025-01-01,0,0.0,0.0,0.0,0.0,0.1,1.0,1,0.0,0.2218,22.18,0,MODERATE
GRID_S60_W070,-60,-70,2025,9,2025-09-01,0,0.0,0.0,0.0,0.0,0.0,0.0,0,0.0,0.2218,22.18,0,MODERATE
GRID_N60_W050,60,-50,2025,1,2025-01-01,0,0.0,0.0,0.0,0.0,0.0,1.0,1,0.0,0.2217,22.17,0,MODERATE
GRID_N40_E100,40,100,2025,2,2025-02-01,0,0.0,0.0,0.0,0.0,0.0,0.0,0,0.0,0.2216,22.16,0,MODERATE
GRID_N30_E060,30,60,2025,11,2025-11-01,0,0.0,0.0,1.0,1.0,0.0,1.0,1,0.0,0.2213,22.13,0,MODERATE
GRID_S50_E160,-50,160,2025,11,2025-11-01,0,0.0,0.0,0.0,0.0,0.1,1.0,1,0.0,0.2213,22.13,0,MODERATE
GRID_S80_W060,-80,-60,2025,11,2025-11-01,0,0.0,0.0,0.0,0.0,0.0,7.0,3,0.0,0.2211,22.11,0,MODERATE
GRID_N60_W060,60,-60,2025,1,2025-01-01,0,0.0,0.0,0.0,0.0,0.0,1.0,1,0.0,0.221,22.1,0,MODERATE
GRID_S60_E070,-60,70,2025,2,2025-02-01,0,0.0,0.0,0.0,0.0,0.0,1.0,1,0.0,0.2209,22.09,0,MODERATE
GRID_S70_E130,-70,130,2025,2,2025-02-01,0,0.0,0.0,0.0,0.0,0.0,2.0,1,0.0,0.2208,22.08,0,MODERATE
GRID_S30_W080,-30,-80,2025,10,2025-10-01,0,0.0,0.0,0.0,0.0,0.0,1.0,1,0.0,0.2207,22.07,0,MODERATE
GRID_S30_E170,-30,170,2025,1,2025-01-01,0,0.0,0.0,0.0,0.0,0.0,1.0,1,0.0,0.2205,22.05,0,MODERATE
GRID_N10_W170,10,-170,2025,11,2025-11-01,0,0.0,0.0,0.0,0.0,0.0,2.0,2,0.0,0.2202,22.02,0,MODERATE
GRID_S70_E060,-70,60,2025,3,2025-03-01,0,0.0,0.0,0.0,0.0,0.0,0.0,0,0.0,0.2199,21.99,0,MODERATE
GRID_N00_W110,0,-110,2025,2,2025-02-01,0,0.0,0.0,0.0,0.0,0.0,1.0,1,0.0,0.2196,21.96,0,MODERATE
GRID_N10_E050,10,50,2025,1,2025-01-01,0,0.0,0.0,0.0,0.0,0.0,1.0,1,0.0,0.2196,21.96,0,MODERATE
GRID_N40_W030,40,-30,2025,1,2025-01-01,0,0.0,0.0,0.0,0.0,0.0,1.0,1,0.0,0.2196,21.96,0,MODERATE
GRID_N00_W180,0,-180,2025,10,2025-10-01,0,0.0,0.0,0.0,0.0,0.0,1.0,1,0.0,0.2194,21.94,0,MODERATE
GRID_S30_W170,-30,-170,2025,2,2025-02-01,0,0.0,0.0,0.0,0.0,0.1,1.0,1,0.0,0.2191,21.91,0,MODERATE
GRID_S70_E000,-70,0,2025,10,2025-10-01,0,0.0,0.0,0.0,0.0,0.0,1.0,1,0.0,0.2191,21.91,0,MODERATE
GRID_N20_E050,20,50,2025,11,2025-11-01,0,0.0,0.0,1.0,1.0,0.0,1.0,1,0.0,0.219,21.9,0,MODERATE
GRID_N50_E030,50,30,2025,2,2025-02-01,0,0.0,0.0,0.0,0.0,0.0,0.0,0,0.0,0.2189,21.89,0,MODERATE
GRID_S70_E090,-70,90,2025,11,2025-11-01,0,0.0,0.0,0.0,0.0,0.0,4.0,2,0.0,0.2187,21.87,0,MODERATE
GRID_S70_E100,-70,100,2025,10,2025-10-01,0,0.0,0.0,0.0,0.0,0.0,4.0,1,0.0,0.2187,21.87,0,MODERATE
GRID_N00_E060,0,60,2025,1,2025-01-01,0,0.0,0.0,0.0,0.0,0.0,1.0,1,0.0,0.2186,21.86,0,MODERATE
GRID_N40_E050,40,50,2025,2,2025-02-01,0,0.0,0.0,0.0,0.0,0.0,0.0,0,0.0,0.2185,21.85,0,MODERATE
GRID_N00_W130,0,-130,2025,2,2025-02-01,0,0.0,0.0,0.0,0.0,0.0,1.0,1,0.0,0.2184,21.84,0,MODERATE
GRID_N50_W080,50,-80,2025,1,2025-01-01,0,0.0,0.0,2.0,2.0,0.0,2.0,1,0.0,0.2184,21.84,0,MODERATE
GRID_S40_W090,-40,-90,2025,10,2025-10-01,0,0.0,0.0,0.0,0.0,0.0,1.0,1,0.0,0.2184,21.84,0,MODERATE
GRID_N60_W050,60,-50,2025,11,2025-11-01,0,0.0,0.0,0.0,0.0,0.0,1.0,1,0.0,0.2182,21.82,0,MODERATE
GRID_S80_W020,-80,-20,2025,1,2025-01-01,0,0.0,0.0,0.0,0.0,0.0,2.0,2,0.0,0.2181,21.81,0,MODERATE
GRID_N30_E070,30,70,2025,2,2025-02-01,0,0.0,0.0,0.0,0.0,0.0,0.0,0,0.0,0.218,21.8,0,MODERATE
GRID_S70_E050,-70,50,2025,2,2025-02-01,0,0.0,0.0,0.0,0.0,0.0,1.0,1,0.0,0.218,21.8,0,MODERATE
GRID_N40_W060,40,-60,2025,1,2025-01-01,0,0.0,0.0,0.0,0.0,0.0,1.0,1,0.0,0.2177,21.77,0,MODERATE
GRID_S60_W080,-60,-80,2025,1,2025-01-01,0,0.0,0.0,0.0,0.0,0.0,2.0,2,0.0,0.2177,21.77,0,MODERATE
GRID_N60_W060,60,-60,2025,11,2025-11-01,0,0.0,0.0,0.0,0.0,0.0,1.0,1,0.0,0.2175,21.75,0,MODERATE
GRID_N30_E060,30,60,2025,2,2025-02-01,0,0.0,0.0,0.0,0.0,0.0,0.0,0,0.0,0.2174,21.74,0,MODERATE
GRID_N60_W020,60,-20,2025,2,2025-02-01,0,0.0,0.0,0.0,0.0,0.0,0.0,0,0.0,0.2174,21.74,0,MODERATE
GRID_N60_E110,60,110,2025,11,2025-11-01,0,0.0,0.0,0.0,0.0,0.0,15.0,2,0.0,0.2173,21.73,0,MODERATE
GRID_S70_E010,-70,10,2025,1,2025-01-01,0,0.0,0.0,0.0,0.0,0.0,4.0,2,0.0,0.2172,21.72,0,MODERATE
GRID_N50_E130,50,130,2025,11,2025-11-01,0,0.0,0.0,0.0,0.0,0.0,24.0,3,0.0,0.2171,21.71,0,MODERATE
GRID_N20_E080,20,80,2025,2,2025-02-01,0,0.0,0.0,0.0,0.0,0.0,0.0,0,0.0,0.217,21.7,0,MODERATE
GRID_S30_E170,-30,170,2025,11,2025-11-01,0,0.0,0.0,0.0,0.0,0.0,1.0,1,0.0,0.217,21.7,0,MODERATE
GRID_S80_W010,-80,-10,2025,10,2025-10-01,0,0.0,0.0,0.0,0.0,0.0,1.0,1,0.0,0.2168,21.68,0,MODERATE
GRID_N60_E100,60,100,2025,11,2025-11-01,0,0.0,0.0,0.0,0.0,0.0,6.0,1,0.0,0.2165,21.65,0,MODERATE
GRID_S30_W080,-30,-80,2025,2,2025-02-01,0,0.0,0.0,0.0,0.0,0.0,1.0,1,0.0,0.2165,21.65,0,MODERATE
GRID_S50_E160,-50,160,2025,1,2025-01-01,0,0.0,0.0,0.0,0.0,0.0,1.0,1,0.0,0.2165,21.65,0,MODERATE
GRID_N20_W030,20,-30,2025,1,2025-01-01,0,0.0,0.0,0.0,0.0,0.0,1.0,1,0.0,0.2163,21.63,0,MODERATE
GRID_N40_W030,40,-30,2025,11,2025-11-01,0,0.0,0.0,0.0,0.0,0.0,1.0,1,0.0,0.2161,21.61,0,MODERATE
GRID_S70_W050,-70,-50,2025,10,2025-10-01,0,0.0,0.0,0.0,0.0,0.0,1.0,1,0.0,0.2159,21.59,0,MODERATE
GRID_S20_W160,-20,-160,2025,11,2025-11-01,0,0.0,0.0,0.0,0.0,0.0,2.0,2,0.0,0.2158,21.58,0,MODERATE
GRID_N00_E110,0,110,2025,2,2025-02-01,0,0.0,0.0,0.0,0.0,0.0,0.0,0,0.0,0.2156,21.56,0,MODERATE
GRID_S50_W070,-50,-70,2025,11,2025-11-01,0,0.0,0.0,0.0,1.0,0.0,1.0,1,0.0,0.2154,21.54,0,MODERATE
GRID_N00_W180,0,-180,2025,2,2025-02-01,0,0.0,0.0,0.0,0.0,0.0,1.0,1,0.0,0.2153,21.53,0,MODERATE
GRID_N00_E040,0,40,2025,11,2025-11-01,0,0.0,0.0,1.0,1.0,0.0,1.0,1,0.0,0.2151,21.51,0,MODERATE
GRID_N00_E060,0,60,2025,11,2025-11-01,0,0.0,0.0,0.0,0.0,0.0,1.0,1,0.0,0.2151,21.51,0,MODERATE
GRID_N20_E050,20,50,2025,2,2025-02-01,0,0.0,0.0,0.0,0.0,0.0,0.0,0,0.0,0.2151,21.51,0,MODERATE
GRID_S30_W170,-30,-170,2025,10,2025-10-01,0,0.0,0.0,0.0,0.0,0.0,1.0,1,0.0,0.2151,21.51,0,MODERATE
GRID_S70_E000,-70,0,2025,2,2025-02-01,0,0.0,0.0,0.0,0.0,0.0,1.0,1,0.0,0.2149,21.49,0,MODERATE
GRID_S80_W040,-80,-40,2025,10,2025-10-01,0,0.0,0.0,0.0,0.0,0.0,1.0,1,0.0,0.2149,21.49,0,MODERATE
GRID_S20_W050,-20,-50,2025,1,2025-01-01,0,0.0,7.0,75.0,75.0,0.0,75.0,4,0.0921,0.2146,21.46,0,MODERATE
GRID_S80_W020,-80,-20,2025,11,2025-11-01,0,0.0,0.0,0.0,0.0,0.0,2.0,2,0.0,0.2146,21.46,0,MODERATE
GRID_S70_E100,-70,100,2025,2,2025-02-01,0,0.0,0.0,0.0,0.0,0.0,4.0,1,0.0,0.2145,21.45,0,MODERATE
GRID_S40_W090,-40,-90,2025,2,2025-02-01,0,0.0,0.0,0.0,0.0,0.0,1.0,1,0.0,0.2143,21.43,0,MODERATE
GRID_S60_W080,-60,-80,2025,11,2025-11-01,0,0.0,0.0,0.0,0.0,0.0,2.0,2,0.0,0.2142,21.42,0,MODERATE
GRID_S80_W050,-80,-50,2025,1,2025-01-01,0,0.0,0.0,0.0,0.0,0.0,3.0,2,0.0,0.214,21.4,0,MODERATE
GRID_S70_E010,-70,10,2025,11,2025-11-01,0,0.0,0.0,0.0,0.0,0.0,4.0,2,0.0,0.2138,21.38,0,MODERATE
GRID_N00_W020,0,-20,2025,1,2025-01-01,0,0.0,0.0,0.0,0.0,0.0,1.0,1,0.0,0.2136,21.36,0,MODERATE
GRID_S60_W070,-60,-70,2025,3,2025-03-01,0,0.0,0.0,0.0,0.0,0.0,0.0,0,0.0,0.2135,21.35,0,MODERATE
GRID_N50_W070,50,-70,2025,11,2025-11-01,0,0.0,0.0,0.0,0.0,0.0,2.0,1,0.0,0.2131,21.31,0,MODERATE
GRID_N40_W040,40,-40,2025,2,2025-02-01,0,0.0,0.0,0.0,0.0,0.0,0.0,0,0.0,0.2129,21.29,0,MODERATE
GRID_N20_W030,20,-30,2025,11,2025-11-01,0,0.0,0.0,0.0,0.0,0.0,1.0,1,0.0,0.2128,21.28,0,MODERATE
GRID_N00_W110,0,-110,2025,11,2025-11-01,0,0.0,0.0,0.0,0.0,0.1,1.0,1,0.0,0.2127,21.27,0,MODERATE
GRID_S70_E150,-70,150,2025,1,2025-01-01,0,0.0,0.0,0.0,0.0,0.0,1.0,1,0.0,0.2126,21.26,0,MODERATE
GRID_S80_W010,-80,-10,2025,2,2025-02-01,0,0.0,0.0,0.0,0.0,0.0,1.0,1,0.0,0.2126,21.26,0,MODERATE
GRID_N50_W080,50,-80,2025,11,2025-11-01,0,0.0,0.0,0.0,0.0,0.0,2.0,1,0.0,0.2125,21.25,0,MODERATE
GRID_N20_W040,20,-40,2025,11,2025-11-01,0,0.0,0.0,0.0,0.0,0.0,1.0,1,0.0,0.2122,21.22,0,MODERATE
GRID_N00_W180,0,-180,2025,1,2025-01-01,0,0.0,0.0,0.0,0.0,0.1,1.0,1,0.0,0.2119,21.19,0,MODERATE
GRID_N30_W030,30,-30,2025,2,2025-02-01,0,0.0,0.0,0.0,0.0,0.0,0.0,0,0.0,0.2119,21.19,0,MODERATE
GRID_S80_W120,-80,-120,2025,1,2025-01-01,0,0.0,0.0,0.0,0.0,0.0,2.0,2,0.0,0.2119,21.19,0,MODERATE
GRID_N40_E130,40,130,2025,1,2025-01-01,0,0.0,0.0,0.0,0.0,0.0,0.0,0,0.0,0.2118,21.18,0,MODERATE
GRID_S70_W050,-70,-50,2025,2,2025-02-01,0,0.0,0.0,0.0,0.0,0.0,1.0,1,0.0,0.2118,21.18,0,MODERATE
GRID_S70_E000,-70,0,2025,1,2025-01-01,0,0.0,0.0,0.0,0.0,0.1,1.0,1,0.0,0.2115,21.15,0,MODERATE
GRID_N00_E040,0,40,2025,2,2025-02-01,0,0.0,0.0,0.0,0.0,0.0,0.0,0,0.0,0.2113,21.13,0,MODERATE
GRID_N40_E120,40,120,2025,1,2025-01-01,0,0.0,0.0,0.0,0.0,0.0,0.0,0,0.0,0.2112,21.12,0,MODERATE
GRID_S80_W040,-80,-40,2025,2,2025-02-01,0,0.0,0.0,0.0,0.0,0.0,1.0,1,0.0,0.2108,21.08,0,MODERATE
GRID_S10_W040,-10,-40,2025,1,2025-01-01,0,0.0,0.0,0.0,0.0,0.0,1.0,1,0.0,0.2107,21.07,0,MODERATE
GRID_S30_E010,-30,10,2025,1,2025-01-01,0,0.0,0.0,0.0,0.0,0.0,1.0,1,0.0,0.2105,21.05,0,MODERATE
GRID_N50_W150,50,-150,2025,11,2025-11-01,0,0.0,0.0,0.0,0.0,0.0,1.0,1,0.0,0.2103,21.03,0,MODERATE
GRID_N00_W020,0,-20,2025,11,2025-11-01,0,0.0,0.0,0.0,0.0,0.0,1.0,1,0.0,0.2102,21.02,0,MODERATE
GRID_S30_E060,-30,60,2025,11,2025-11-01,0,0.0,0.0,0.0,0.0,0.0,1.0,1,0.0,0.2102,21.02,0,MODERATE
GRID_N40_E100,40,100,2025,1,2025-01-01,0,0.0,0.0,0.0,0.0,0.0,0.0,0,0.0,0.21,21.0,0,MODERATE
GRID_S60_E070,-60,70,2025,1,2025-01-01,0,0.0,0.0,0.0,0.0,0.0,1.0,1,0.0,0.2093,20.93,0,MODERATE
GRID_S70_E130,-70,130,2025,1,2025-01-01,0,0.0,0.0,0.0,0.0,0.0,2.0,1,0.0,0.2092,20.92,0,MODERATE
GRID_S70_E150,-70,150,2025,11,2025-11-01,0,0.0,0.0,0.0,0.0,0.0,1.0,1,0.0,0.2092,20.92,0,MODERATE
GRID_S40_E010,-40,10,2025,1,2025-01-01,0,0.0,0.0,0.0,0.0,0.0,1.0,1,0.0,0.2089,20.89,0,MODERATE
GRID_S80_W140,-80,-140,2025,10,2025-10-01,0,0.0,0.0,0.0,0.0,0.0,1.0,1,0.0,0.2088,20.88,0,MODERATE
GRID_S80_W120,-80,-120,2025,11,2025-11-01,0,0.0,0.0,0.0,0.0,0.0,2.0,2,0.0,0.2085,20.85,0,MODERATE
GRID_S40_E030,-40,30,2025,10,2025-10-01,0,0.0,0.0,0.0,0.0,0.0,0.0,0,0.0,0.2083,20.83,0,MODERATE
GRID_N00_W110,0,-110,2025,1,2025-01-01,0,0.0,0.0,0.0,0.0,0.0,1.0,1,0.0,0.2081,20.81,0,MODERATE
GRID_S80_W160,-80,-160,2025,10,2025-10-01,0,0.0,0.0,0.0,0.0,0.0,1.0,1,0.0,0.2076,20.76,0,MODERATE
GRID_N50_E030,50,30,2025,1,2025-01-01,0,0.0,0.0,0.0,0.0,0.0,0.0,0,0.0,0.2074,20.74,0,MODERATE
GRID_S30_E010,-30,10,2025,11,2025-11-01,0,0.0,0.0,0.0,0.0,0.0,1.0,1,0.0,0.2072,20.72,0,MODERATE
GRID_N40_E050,40,50,2025,1,2025-01-01,0,0.0,0.0,0.0,0.0,0.0,0.0,0,0.0,0.207,20.7,0,MODERATE
GRID_N00_W130,0,-130,2025,1,2025-01-01,0,0.0,0.0,0.0,0.0,0.0,1.0,1,0.0,0.2069,20.69,0,MODERATE
GRID_N30_E070,30,70,2025,1,2025-01-01,0,0.0,0.0,0.0,0.0,0.0,0.0,0,0.0,0.2066,20.66,0,MODERATE
GRID_S70_E050,-70,50,2025,1,2025-01-01,0,0.0,0.0,0.0,0.0,0.0,1.0,1,0.0,0.2065,20.65,0,MODERATE
GRID_N30_E060,30,60,2025,1,2025-01-01,0,0.0,0.0,0.0,0.0,0.0,0.0,0,0.0,0.206,20.6,0,MODERATE
GRID_N60_W020,60,-20,2025,1,2025-01-01,0,0.0,0.0,0.0,0.0,0.0,0.0,0,0.0,0.206,20.6,0,MODERATE
GRID_S60_E070,-60,70,2025,11,2025-11-01,0,0.0,0.0,0.0,0.0,0.0,1.0,1,0.0,0.206,20.6,0,MODERATE
GRID_S70_E130,-70,130,2025,11,2025-11-01,0,0.0,0.0,0.0,0.0,0.0,2.0,1,0.0,0.2059,20.59,0,MODERATE
GRID_N20_E080,20,80,2025,1,2025-01-01,0,0.0,0.0,0.0,0.0,0.0,0.0,0,0.0,0.2056,20.56,0,MODERATE
GRID_S30_W080,-30,-80,2025,1,2025-01-01,0,0.0,0.0,0.0,0.0,0.0,1.0,1,0.0,0.2051,20.51,0,MODERATE
GRID_S80_W140,-80,-140,2025,2,2025-02-01,0,0.0,0.0,0.0,0.0,0.0,1.0,1,0.0,0.2048,20.48,0,MODERATE
GRID_N00_E110,0,110,2025,1,2025-01-01,0,0.0,0.0,0.0,0.0,0.0,0.0,0,0.0,0.2042,20.42,0,MODERATE
GRID_S40_E030,-40,30,2025,2,2025-02-01,0,0.0,0.0,0.0,0.0,0.0,0.0,0,0.0,0.2042,20.42,0,MODERATE
GRID_S80_W170,-80,-170,2025,3,2025-03-01,0,0.0,0.0,0.0,0.0,0.0,0.0,0,0.0,0.2042,20.42,0,MODERATE
GRID_N20_E050,20,50,2025,1,2025-01-01,0,0.0,0.0,0.0,0.0,0.0,0.0,0,0.0,0.2038,20.38,0,MODERATE
GRID_N00_W130,0,-130,2025,11,2025-11-01,0,0.0,0.0,0.0,0.0,0.0,1.0,1,0.0,0.2036,20.36,0,MODERATE
GRID_S80_W160,-80,-160,2025,2,2025-02-01,0,0.0,0.0,0.0,0.0,0.0,1.0,1,0.0,0.2036,20.36,0,MODERATE
GRID_S80_W180,-80,-180,2025,3,2025-03-01,0,0.0,0.0,0.0,0.0,0.0,0.0,0,0.0,0.2036,20.36,0,MODERATE
GRID_N00_W090,0,-90,2025,2,2025-02-01,0,0.0,0.0,0.0,0.0,0.0,0.0,0,0.0,0.2034,20.34,0,MODERATE
GRID_N60_W130,60,-130,2025,1,2025-01-01,0,0.0,0.0,37.0,37.0,0.0,37.0,2,0.0,0.2033,20.33,0,MODERATE
GRID_S20_W040,-20,-40,2025,2,2025-02-01,0,0.0,0.0,0.0,0.0,0.0,0.0,0,0.0,0.2032,20.32,0,MODERATE
GRID_S70_E050,-70,50,2025,11,2025-11-01,0,0.0,0.0,0.0,0.0,0.0,1.0,1,0.0,0.2032,20.32,0,MODERATE
GRID_S70_E100,-70,100,2025,1,2025-01-01,0,0.0,0.0,0.0,0.0,0.0,4.0,1,0.0,0.2032,20.32,0,MODERATE
GRID_N60_E120,60,120,2025,11,2025-11-01,0,0.0,0.0,0.0,0.0,0.0,31.0,3,0.0,0.2031,20.31,0,MODERATE
GRID_S40_W090,-40,-90,2025,1,2025-01-01,0,0.0,0.0,0.0,0.0,0.0,1.0,1,0.0,0.2029,20.29,0,MODERATE
GRID_S30_E160,-30,160,2025,1,2025-01-01,0,0.0,0.0,0.0,0.0,0.0,0.0,0,0.0,0.2024,20.24,0,MODERATE
GRID_S30_W080,-30,-80,2025,11,2025-11-01,0,0.0,0.0,0.0,0.0,0.0,1.0,1,0.0,0.2018,20.18,0,MODERATE
GRID_N40_W040,40,-40,2025,1,2025-01-01,0,0.0,0.0,0.0,0.0,0.0,0.0,0,0.0,0.2016,20.16,0,MODERATE
GRID_S80_W010,-80,-10,2025,1,2025-01-01,0,0.0,0.0,0.0,0.0,0.0,1.0,1,0.0,0.2014,20.14,0,MODERATE
GRID_S70_E060,-70,60,2025,2,2025-02-01,0,0.0,0.0,0.0,0.0,0.0,0.0,0,0.0,0.2013,20.13,0,MODERATE
GRID_N00_W180,0,-180,2025,11,2025-11-01,0,0.0,0.0,0.0,0.0,0.0,1.0,1,0.0,0.2006,20.06,0,MODERATE
GRID_N30_W030,30,-30,2025,1,2025-01-01,0,0.0,0.0,0.0,0.0,0.0,0.0,0,0.0,0.2006,20.06,0,MODERATE
GRID_S70_W050,-70,-50,2025,1,2025-01-01,0,0.0,0.0,0.0,0.0,0.0,1.0,1,0.0,0.2006,20.06,0,MODERATE
GRID_S70_E000,-70,0,2025,11,2025-11-01,0,0.0,0.0,0.0,0.0,0.0,1.0,1,0.0,0.2003,20.03,0,MODERATE
GRID_N00_E040,0,40,2025,1,2025-01-01,0,0.0,0.0,0.0,0.0,0.0,0.0,0,0.0,0.2001,20.01,0,MODERATE
GRID_S70_E100,-70,100,2025,11,2025-11-01,0,0.0,0.0,0.0,0.0,0.0,4.0,1,0.0,0.1999,19.99,0,LOW
GRID_S30_W170,-30,-170,2025,1,2025-01-01,0,0.0,0.0,0.0,0.0,0.0,1.0,1,0.0,0.1998,19.98,0,LOW
GRID_S40_W090,-40,-90,2025,11,2025-11-01,0,0.0,0.0,0.0,0.0,0.0,1.0,1,0.0,0.1996,19.96,0,LOW
GRID_S80_W040,-80,-40,2025,1,2025-01-01,0,0.0,0.0,0.0,0.0,0.0,1.0,1,0.0,0.1996,19.96,0,LOW
GRID_S60_W070,-60,-70,2025,10,2025-10-01,0,0.0,0.0,0.0,0.0,0.0,0.0,0,0.0,0.1991,19.91,0,LOW
GRID_S50_E140,-50,140,2025,1,2025-01-01,0,0.0,0.0,0.0,0.0,0.0,0.0,0,0.0,0.1981,19.81,0,LOW
GRID_S80_W010,-80,-10,2025,11,2025-11-01,0,0.0,0.0,0.0,0.0,0.0,1.0,1,0.0,0.1981,19.81,0,LOW
GRID_S70_W050,-70,-50,2025,11,2025-11-01,0,0.0,0.0,0.0,0.0,0.0,1.0,1,0.0,0.1973,19.73,0,LOW
GRID_S30_W170,-30,-170,2025,11,2025-11-01,0,0.0,0.0,0.0,0.0,0.0,1.0,1,0.0,0.1965,19.65,0,LOW
GRID_S80_W040,-80,-40,2025,11,2025-11-01,0,0.0,0.0,0.0,0.0,0.0,1.0,1,0.0,0.1964,19.64,0,LOW
GRID_S60_W070,-60,-70,2025,2,2025-02-01,0,0.0,0.0,0.0,0.0,0.0,0.0,0,0.0,0.1953,19.53,0,LOW
GRID_S80_W140,-80,-140,2025,1,2025-01-01,0,0.0,0.0,0.0,0.0,0.0,1.0,1,0.0,0.1938,19.38,0,LOW
GRID_S40_E030,-40,30,2025,1,2025-01-01,0,0.0,0.0,0.0,0.0,0.0,0.0,0,0.0,0.1933,19.33,0,LOW
GRID_S80_W160,-80,-160,2025,1,2025-01-01,0,0.0,0.0,0.0,0.0,0.0,1.0,1,0.0,0.1927,19.27,0,LOW
GRID_N00_W090,0,-90,2025,1,2025-01-01,0,0.0,0.0,0.0,0.0,0.0,0.0,0,0.0,0.1925,19.25,0,LOW
GRID_S20_W040,-20,-40,2025,1,2025-01-01,0,0.0,0.0,0.0,0.0,0.0,0.0,0,0.0,0.1924,19.24,0,LOW
GRID_S10_W060,-10,-60,2025,1,2025-01-01,0,0.0,3.0,90.0,90.0,0.0,90.0,4,0.033,0.1916,19.16,0,LOW
GRID_S80_W140,-80,-140,2025,11,2025-11-01,0,0.0,0.0,0.0,0.0,0.0,1.0,1,0.0,0.1906,19.06,0,LOW
GRID_S70_E060,-70,60,2025,1,2025-01-01,0,0.0,0.0,0.0,0.0,0.0,0.0,0,0.0,0.1905,19.05,0,LOW
GRID_S40_E030,-40,30,2025,11,2025-11-01,0,0.0,0.0,0.0,0.0,0.0,0.0,0,0.0,0.1902,19.02,0,LOW
GRID_S80_W160,-80,-160,2025,11,2025-11-01,0,0.0,0.0,0.0,0.0,0.0,1.0,1,0.0,0.1895,18.95,0,LOW
GRID_S80_W170,-80,-170,2025,11,2025-11-01,0,0.0,0.0,2.0,2.0,0.0,2.0,1,0.0,0.1892,18.92,0,LOW
GRID_S80_W170,-80,-170,2025,2,2025-02-01,0,0.0,0.0,0.0,0.0,0.0,0.0,0,0.0,0.1866,18.66,0,LOW
GRID_S80_W180,-80,-180,2025,2,2025-02-01,0,0.0,0.0,0.0,0.0,0.0,0.0,0,0.0,0.186,18.6,0,LOW
GRID_S20_E010,-20,10,2025,10,2025-10-01,0,13.0,37.0,37.0,42.0,0.5,221.0,7,0.8605,0.1853,18.53,0,LOW
GRID_S60_W070,-60,-70,2025,1,2025-01-01,0,0.0,0.0,0.0,0.0,0.0,0.0,0,0.0,0.1847,18.47,0,LOW
GRID_S60_W070,-60,-70,2025,11,2025-11-01,0,0.0,0.0,0.0,0.0,0.0,0.0,0,0.0,0.1817,18.17,0,LOW
GRID_N00_E020,0,20,2025,6,2025-06-01,0,0.0,7.0,243.0,245.0,0.0,245.0,5,0.0285,0.1777,17.77,0,LOW
GRID_S80_W170,-80,-170,2025,1,2025-01-01,0,0.0,0.0,0.0,0.0,0.0,0.0,0,0.0,0.1764,17.64,0,LOW
GRID_S80_W180,-80,-180,2025,1,2025-01-01,0,0.0,0.0,0.0,0.0,0.0,0.0,0,0.0,0.1759,17.59,0,LOW
GRID_S20_E030,-20,30,2025,1,2025-01-01,0,0.0,10.0,180.0,181.0,0.0,182.0,6,0.0549,0.1687,16.87,0,LOW
GRID_N50_E120,50,120,2025,11,2025-11-01,0,0.0,0.0,10.0,10.0,0.0,102.0,8,0.0,0.1631,16.31,0,LOW
GRID_S10_E010,-10,10,2025,10,2025-10-01,0,2.0,61.0,64.0,64.0,0.0,229.0,10,0.9385,0.1621,16.21,0,LOW
GRID_S10_E020,-10,20,2025,10,2025-10-01,1,0.0,63.0,72.0,75.0,0.1,323.0,11,0.8289,0.1616,16.16,0,LOW
GRID_N00_E020,0,20,2025,5,2025-05-01,0,0.0,14.0,245.0,245.0,0.0,245.0,5,0.0569,0.1507,15.07,0,LOW
GRID_N50_E110,50,110,2025,9,2025-09-01,0,0.0,23.0,176.0,179.0,0.3,267.0,8,0.1278,0.1499,14.99,0,LOW
GRID_S10_E020,-10,20,2025,9,2025-09-01,0,22.0,70.0,72.0,79.0,0.4,323.0,11,0.875,0.147,14.7,0,LOW
GRID_S20_E020,-20,20,2025,10,2025-10-01,0,7.0,68.0,68.0,74.0,0.6,290.0,8,0.9067,0.1418,14.18,0,LOW
GRID_N40_W130,40,-130,2025,11,2025-11-01,0,0.0,30.0,59.0,60.0,0.3,585.0,51,0.4918,0.1406,14.06,0,LOW
GRID_S20_E020,-20,20,2025,1,2025-01-01,0,0.0,6.0,220.0,222.0,0.0,222.0,5,0.0269,0.1328,13.28,0,LOW
GRID_S20_E010,-20,10,2025,1,2025-01-01,0,0.0,5.0,184.0,184.0,0.0,184.0,4,0.027,0.123,12.3,0,LOW
GRID_S10_E020,-10,20,2025,11,2025-11-01,1,1.0,23.0,73.0,75.0,0.0,324.0,12,0.3026,0.0862,8.62,0,LOW
GRID_N50_E110,50,110,2025,10,2025-10-01,0,0.0,0.0,176.0,176.0,0.0,267.0,8,0.0,0.0788,7.88,0,LOW
GRID_S20_E020,-20,20,2025,11,2025-11-01,0,0.0,67.0,68.0,68.0,0.0,290.0,8,0.971,0.0621,6.21,0,LOW
GRID_S20_W060,-20,-60,2025,11,2025-11-01,0,2.0,30.0,32.0,34.0,0.2,332.0,11,0.8571,0.0453,4.53,0,LOW
GRID_N40_W120,40,-120,2025,11,2025-11-01,3,9.0,81.0,139.0,145.0,0.1,1033.0,54,0.5548,0.0218,2.18,0,LOW
